model_name,chunker,token_size,overlap,loss_total,ndcg_at_10,map_at_10,mrr_at_10,recall_at_20,precision_at_1,precision_at_10,loss_ndcg,loss_map,loss_mrr,loss_rec,loss_decay,loss_rob,loss_cost,nauc_ndcg_at_10_max,nauc_ndcg_at_10_std,cost_norm,rel_path
nomic_ai_nomic_embed_text_v1,fixed_token,448,0,0.552972,0.349270,0.233790,0.495464,0.555830,0.336130,0.255250,0.650730,0.766210,0.504536,0.444170,0.240621,0.000000,0.000000,0.288601,0.058402,1.000000,nomic_ai_nomic_embed_text_v1_fixed_token_c448_o0/results/nomic-ai__nomic-embed-text-v1_0759316f275aa0cb93a5b830973843ca66babcf5/nomic-ai__nomic-embed-text-v1/0759316f275aa0cb93a5b830973843ca66babcf5
nomic_ai_nomic_embed_text_v1,fixed_token,448,16,0.556671,0.345120,0.231530,0.501518,0.551170,0.347690,0.253470,0.654880,0.768470,0.498482,0.448830,0.270989,0.000000,0.000000,0.235871,0.051300,1.000000,nomic_ai_nomic_embed_text_v1_fixed_token_c448_o16/results/nomic-ai__nomic-embed-text-v1_0759316f275aa0cb93a5b830973843ca66babcf5/nomic-ai__nomic-embed-text-v1/0759316f275aa0cb93a5b830973843ca66babcf5
intfloat_e5_base,fixed_token,448,0,0.559826,0.341930,0.223440,0.488412,0.545560,0.324580,0.248110,0.658070,0.776560,0.511588,0.454440,0.235597,0.000000,0.000000,0.248710,0.060051,1.000000,intfloat_e5_base_fixed_token_c448_o0/results/intfloat__e5-base_b533fe4636f4a2507c08ddab40644d20b0006d6a/intfloat__e5-base/b533fe4636f4a2507c08ddab40644d20b0006d6a
nomic_ai_nomic_embed_text_v1,fixed_token,448,32,0.565146,0.332530,0.219640,0.479476,0.551630,0.325630,0.248630,0.667470,0.780360,0.520524,0.448370,0.236465,0.000000,0.000000,0.246949,0.046460,1.000000,nomic_ai_nomic_embed_text_v1_fixed_token_c448_o32/results/nomic-ai__nomic-embed-text-v1_0759316f275aa0cb93a5b830973843ca66babcf5/nomic-ai__nomic-embed-text-v1/0759316f275aa0cb93a5b830973843ca66babcf5
BAAI_bge_large_en_v1.5,fixed_token,448,0,0.565706,0.333590,0.216060,0.477946,0.547960,0.320380,0.245900,0.666410,0.783940,0.522054,0.452040,0.232474,0.000000,0.000000,0.254131,0.045082,1.000000,BAAI_bge_large_en_v1.5_fixed_token_c448_o0/results/BAAI__bge-large-en-v1.5_d4aa6901d3a41ba39fb536a557fa166f842b0e09/BAAI__bge-large-en-v1.5/d4aa6901d3a41ba39fb536a557fa166f842b0e09
nomic_ai_nomic_embed_text_v1,recursive_token,448,16,0.566833,0.334680,0.219850,0.483442,0.541260,0.330880,0.249680,0.665320,0.780150,0.516558,0.458740,0.245406,0.032188,0.000000,0.210035,0.032945,1.000000,nomic_ai_nomic_embed_text_v1_recursive_token_c448_o16/results/nomic-ai__nomic-embed-text-v1_0759316f275aa0cb93a5b830973843ca66babcf5/nomic-ai__nomic-embed-text-v1/0759316f275aa0cb93a5b830973843ca66babcf5
nomic_ai_nomic_embed_text_v1.5,fixed_token,448,0,0.567958,0.332780,0.221450,0.476011,0.526720,0.323530,0.244120,0.667220,0.778550,0.523989,0.473280,0.245449,0.000000,0.000000,0.302534,0.046176,1.000000,nomic_ai_nomic_embed_text_v1.5_fixed_token_c448_o0/results/nomic-ai__nomic-embed-text-v1.5_b0753ae76394dd36bcfb912a46018088bca48be0/nomic-ai__nomic-embed-text-v1.5/b0753ae76394dd36bcfb912a46018088bca48be0
nomic_ai_nomic_embed_text_v1,fixed_token,448,48,0.569081,0.328150,0.213140,0.485609,0.536640,0.321430,0.246850,0.671850,0.786860,0.514391,0.463360,0.232026,0.000000,0.000000,0.258742,0.025636,1.000000,nomic_ai_nomic_embed_text_v1_fixed_token_c448_o48/results/nomic-ai__nomic-embed-text-v1_0759316f275aa0cb93a5b830973843ca66babcf5/nomic-ai__nomic-embed-text-v1/0759316f275aa0cb93a5b830973843ca66babcf5
intfloat_e5_base,fixed_token,448,16,0.569183,0.332060,0.214670,0.485247,0.537380,0.325630,0.242330,0.667940,0.785330,0.514753,0.462620,0.255812,0.020325,0.000000,0.219152,0.046434,1.000000,intfloat_e5_base_fixed_token_c448_o16/results/intfloat__e5-base_b533fe4636f4a2507c08ddab40644d20b0006d6a/intfloat__e5-base/b533fe4636f4a2507c08ddab40644d20b0006d6a
BAAI_bge_large_en_v1.5,semantic_fixed,448,0,0.569590,0.330550,0.212630,0.498217,0.520810,0.345590,0.257350,0.669450,0.787370,0.501783,0.479190,0.255331,0.000000,0.000000,0.228811,0.027541,1.000000,BAAI_bge_large_en_v1.5_semantic_fixed_c448_o0/results/BAAI__bge-large-en-v1.5_d4aa6901d3a41ba39fb536a557fa166f842b0e09/BAAI__bge-large-en-v1.5/d4aa6901d3a41ba39fb536a557fa166f842b0e09
nomic_ai_nomic_embed_text_v1,recursive_token,448,48,0.569826,0.328530,0.212840,0.486715,0.528720,0.322480,0.246530,0.671470,0.787160,0.513285,0.471280,0.235519,0.000000,0.000000,0.220156,0.032552,1.000000,nomic_ai_nomic_embed_text_v1_recursive_token_c448_o48/results/nomic-ai__nomic-embed-text-v1_0759316f275aa0cb93a5b830973843ca66babcf5/nomic-ai__nomic-embed-text-v1/0759316f275aa0cb93a5b830973843ca66babcf5
nomic_ai_nomic_embed_text_v1,recursive_token,448,32,0.569844,0.328610,0.212800,0.482437,0.542480,0.324580,0.248110,0.671390,0.787200,0.517563,0.457520,0.235597,0.019810,0.000000,0.212736,0.033396,1.000000,nomic_ai_nomic_embed_text_v1_recursive_token_c448_o32/results/nomic-ai__nomic-embed-text-v1_0759316f275aa0cb93a5b830973843ca66babcf5/nomic-ai__nomic-embed-text-v1/0759316f275aa0cb93a5b830973843ca66babcf5
nomic_ai_nomic_embed_text_v1,recursive_token,448,0,0.570080,0.333770,0.218470,0.484497,0.542480,0.329830,0.251260,0.666230,0.781530,0.515503,0.457520,0.238214,0.095143,0.000000,0.190426,0.018909,1.000000,nomic_ai_nomic_embed_text_v1_recursive_token_c448_o0/results/nomic-ai__nomic-embed-text-v1_0759316f275aa0cb93a5b830973843ca66babcf5/nomic-ai__nomic-embed-text-v1/0759316f275aa0cb93a5b830973843ca66babcf5
nomic_ai_nomic_embed_text_v1.5,fixed_token,448,16,0.572233,0.328660,0.217410,0.482215,0.519950,0.331930,0.240130,0.671340,0.782590,0.517785,0.480050,0.276564,0.000000,0.000000,0.246996,0.037338,1.000000,nomic_ai_nomic_embed_text_v1.5_fixed_token_c448_o16/results/nomic-ai__nomic-embed-text-v1.5_b0753ae76394dd36bcfb912a46018088bca48be0/nomic-ai__nomic-embed-text-v1.5/b0753ae76394dd36bcfb912a46018088bca48be0
nomic_ai_nomic_embed_text_v1,fixed_token,448,64,0.572374,0.323760,0.209080,0.473243,0.527590,0.304620,0.243910,0.676240,0.790920,0.526757,0.472410,0.199298,0.000000,0.000000,0.237185,0.029225,1.000000,nomic_ai_nomic_embed_text_v1_fixed_token_c448_o64/results/nomic-ai__nomic-embed-text-v1_0759316f275aa0cb93a5b830973843ca66babcf5/nomic-ai__nomic-embed-text-v1/0759316f275aa0cb93a5b830973843ca66babcf5
intfloat_e5_base,fixed_token,448,32,0.574091,0.325100,0.207560,0.470991,0.535290,0.302520,0.243070,0.674900,0.792440,0.529009,0.464710,0.196516,0.054015,0.000000,0.222397,0.066400,1.000000,intfloat_e5_base_fixed_token_c448_o32/results/intfloat__e5-base_b533fe4636f4a2507c08ddab40644d20b0006d6a/intfloat__e5-base/b533fe4636f4a2507c08ddab40644d20b0006d6a
BAAI_bge_large_en_v1.5,semantic_fixed,448,32,0.574664,0.325020,0.206580,0.506002,0.508130,0.345590,0.256830,0.674980,0.793420,0.493998,0.491870,0.256836,0.016203,0.000000,0.200974,0.008429,1.000000,BAAI_bge_large_en_v1.5_semantic_fixed_c448_o32/results/BAAI__bge-large-en-v1.5_d4aa6901d3a41ba39fb536a557fa166f842b0e09/BAAI__bge-large-en-v1.5/d4aa6901d3a41ba39fb536a557fa166f842b0e09
nomic_ai_nomic_embed_text_v1,hierarchical_section,448,0,0.574936,0.321290,0.207720,0.481571,0.512370,0.311970,0.246740,0.678710,0.792280,0.518429,0.487630,0.209091,0.000000,0.000000,0.221523,0.027648,1.000000,nomic_ai_nomic_embed_text_v1_hierarchical_section_c448_o0/results/nomic-ai__nomic-embed-text-v1_0759316f275aa0cb93a5b830973843ca66babcf5/nomic-ai__nomic-embed-text-v1/0759316f275aa0cb93a5b830973843ca66babcf5
intfloat_e5_large,fixed_token,448,0,0.575206,0.324650,0.208000,0.467285,0.519090,0.307770,0.236760,0.675350,0.792000,0.532715,0.480910,0.230724,0.000000,0.000000,0.278238,0.039891,1.000000,intfloat_e5_large_fixed_token_c448_o0/results/intfloat__e5-large_4dc6d853a804b9c8886ede6dda8a073b7dc08a81/intfloat__e5-large/4dc6d853a804b9c8886ede6dda8a073b7dc08a81
BAAI_bge_large_en_v1.5,fixed_token,448,32,0.575693,0.320810,0.207570,0.474519,0.536320,0.320380,0.239290,0.679190,0.792430,0.525481,0.463680,0.253106,0.000000,0.000000,0.228247,0.037490,1.000000,BAAI_bge_large_en_v1.5_fixed_token_c448_o32/results/BAAI__bge-large-en-v1.5_d4aa6901d3a41ba39fb536a557fa166f842b0e09/BAAI__bge-large-en-v1.5/d4aa6901d3a41ba39fb536a557fa166f842b0e09
BAAI_bge_large_en_v1.5,fixed_token,448,16,0.575834,0.324230,0.211690,0.477480,0.538750,0.324580,0.235190,0.675770,0.788310,0.522520,0.461250,0.275402,0.038578,0.000000,0.216914,0.049259,1.000000,BAAI_bge_large_en_v1.5_fixed_token_c448_o16/results/BAAI__bge-large-en-v1.5_d4aa6901d3a41ba39fb536a557fa166f842b0e09/BAAI__bge-large-en-v1.5/d4aa6901d3a41ba39fb536a557fa166f842b0e09
intfloat_e5_base,fixed_token,448,64,0.576062,0.323150,0.207190,0.483778,0.519630,0.322480,0.236970,0.676850,0.792810,0.516222,0.480370,0.265164,0.000000,0.000000,0.239405,0.040577,1.000000,intfloat_e5_base_fixed_token_c448_o64/results/intfloat__e5-base_b533fe4636f4a2507c08ddab40644d20b0006d6a/intfloat__e5-base/b533fe4636f4a2507c08ddab40644d20b0006d6a
intfloat_e5_base,recursive_token,448,16,0.576365,0.319300,0.204000,0.465457,0.534760,0.301470,0.235920,0.680700,0.796000,0.534543,0.465240,0.217435,0.000000,0.000000,0.228158,0.044025,1.000000,intfloat_e5_base_recursive_token_c448_o16/results/intfloat__e5-base_b533fe4636f4a2507c08ddab40644d20b0006d6a/intfloat__e5-base/b533fe4636f4a2507c08ddab40644d20b0006d6a
intfloat_e5_base,recursive_token,448,0,0.576727,0.320860,0.205630,0.464546,0.527220,0.297270,0.240440,0.679140,0.794370,0.535454,0.472780,0.191173,0.037162,0.000000,0.210072,0.035009,1.000000,intfloat_e5_base_recursive_token_c448_o0/results/intfloat__e5-base_b533fe4636f4a2507c08ddab40644d20b0006d6a/intfloat__e5-base/b533fe4636f4a2507c08ddab40644d20b0006d6a
intfloat_e5_large,fixed_token,448,16,0.576876,0.320790,0.204940,0.471837,0.523090,0.303570,0.232460,0.679210,0.795060,0.528163,0.476910,0.234246,0.000000,0.000000,0.265220,0.047803,1.000000,intfloat_e5_large_fixed_token_c448_o16/results/intfloat__e5-large_4dc6d853a804b9c8886ede6dda8a073b7dc08a81/intfloat__e5-large/4dc6d853a804b9c8886ede6dda8a073b7dc08a81
nomic_ai_nomic_embed_text_v1,recursive_token,448,64,0.577001,0.318230,0.206250,0.468161,0.529570,0.307770,0.238660,0.681770,0.793750,0.531839,0.470430,0.224551,0.000000,0.000000,0.241008,0.045496,1.000000,nomic_ai_nomic_embed_text_v1_recursive_token_c448_o64/results/nomic-ai__nomic-embed-text-v1_0759316f275aa0cb93a5b830973843ca66babcf5/nomic-ai__nomic-embed-text-v1/0759316f275aa0cb93a5b830973843ca66babcf5
intfloat_e5_base,fixed_token,448,48,0.577041,0.321940,0.204800,0.481842,0.525500,0.321430,0.240340,0.678060,0.795200,0.518158,0.474500,0.252279,0.019878,0.000000,0.209008,0.025967,1.000000,intfloat_e5_base_fixed_token_c448_o48/results/intfloat__e5-base_b533fe4636f4a2507c08ddab40644d20b0006d6a/intfloat__e5-base/b533fe4636f4a2507c08ddab40644d20b0006d6a
intfloat_e5_large,recursive_token,448,16,0.577275,0.319430,0.202440,0.464180,0.522890,0.296220,0.235710,0.680570,0.797560,0.535820,0.477110,0.204274,0.000000,0.000000,0.223389,0.041950,1.000000,intfloat_e5_large_recursive_token_c448_o16/results/intfloat__e5-large_4dc6d853a804b9c8886ede6dda8a073b7dc08a81/intfloat__e5-large/4dc6d853a804b9c8886ede6dda8a073b7dc08a81
BAAI_bge_large_en_v1.5,hierarchical_section,448,0,0.578721,0.318050,0.204620,0.482651,0.519020,0.322480,0.243700,0.681950,0.795380,0.517349,0.480980,0.244294,0.014405,0.000000,0.199433,-0.004628,1.000000,BAAI_bge_large_en_v1.5_hierarchical_section_c448_o0/results/BAAI__bge-large-en-v1.5_d4aa6901d3a41ba39fb536a557fa166f842b0e09/BAAI__bge-large-en-v1.5/d4aa6901d3a41ba39fb536a557fa166f842b0e09
BAAI_bge_large_en_v1.5,semantic_fixed,448,16,0.578936,0.321750,0.206350,0.493281,0.509110,0.338240,0.251370,0.678250,0.793650,0.506719,0.490890,0.256829,0.047815,0.000000,0.197638,0.014402,1.000000,BAAI_bge_large_en_v1.5_semantic_fixed_c448_o16/results/BAAI__bge-large-en-v1.5_d4aa6901d3a41ba39fb536a557fa166f842b0e09/BAAI__bge-large-en-v1.5/d4aa6901d3a41ba39fb536a557fa166f842b0e09
intfloat_e5_base,recursive_token,448,48,0.578974,0.320130,0.204230,0.486062,0.521690,0.327730,0.234450,0.679870,0.795770,0.513938,0.478310,0.284625,0.008450,0.000000,0.228508,0.060396,1.000000,intfloat_e5_base_recursive_token_c448_o48/results/intfloat__e5-base_b533fe4636f4a2507c08ddab40644d20b0006d6a/intfloat__e5-base/b533fe4636f4a2507c08ddab40644d20b0006d6a
intfloat_e5_large,recursive_token,448,0,0.579228,0.318050,0.200300,0.468263,0.521640,0.298320,0.234870,0.681950,0.799700,0.531737,0.478360,0.212691,0.015315,0.000000,0.224311,0.054748,1.000000,intfloat_e5_large_recursive_token_c448_o0/results/intfloat__e5-large_4dc6d853a804b9c8886ede6dda8a073b7dc08a81/intfloat__e5-large/4dc6d853a804b9c8886ede6dda8a073b7dc08a81
nomic_ai_nomic_embed_text_v1,fixed_token,384,0,0.579327,0.316510,0.200090,0.468557,0.518070,0.300420,0.237710,0.683490,0.799910,0.531443,0.481930,0.208741,0.000000,0.000000,0.221466,0.003018,1.000000,nomic_ai_nomic_embed_text_v1_fixed_token_c384_o0/results/nomic-ai__nomic-embed-text-v1_0759316f275aa0cb93a5b830973843ca66babcf5/nomic-ai__nomic-embed-text-v1/0759316f275aa0cb93a5b830973843ca66babcf5
BAAI_bge_base_en_v1.5,fixed_token,448,0,0.579372,0.319960,0.208360,0.474688,0.512840,0.322480,0.233610,0.680040,0.791640,0.525312,0.487160,0.275583,0.000000,0.000000,0.224243,0.031134,1.000000,BAAI_bge_base_en_v1.5_fixed_token_c448_o0/results/BAAI__bge-base-en-v1.5_a5beb1e3e68b9ab74eb54cfd186867f64f240e1a/BAAI__bge-base-en-v1.5/a5beb1e3e68b9ab74eb54cfd186867f64f240e1a
intfloat_e5_large,fixed_token,448,32,0.579761,0.319180,0.202630,0.469249,0.518170,0.309870,0.231410,0.680820,0.797370,0.530751,0.481830,0.253203,0.000000,0.000000,0.244245,0.045251,1.000000,intfloat_e5_large_fixed_token_c448_o32/results/intfloat__e5-large_4dc6d853a804b9c8886ede6dda8a073b7dc08a81/intfloat__e5-large/4dc6d853a804b9c8886ede6dda8a073b7dc08a81
nomic_ai_nomic_embed_text_v1.5,fixed_token,448,32,0.580057,0.315630,0.206000,0.463219,0.518950,0.306720,0.236130,0.684370,0.794000,0.536781,0.481050,0.230145,0.000000,0.000000,0.272742,0.042739,1.000000,nomic_ai_nomic_embed_text_v1.5_fixed_token_c448_o32/results/nomic-ai__nomic-embed-text-v1.5_b0753ae76394dd36bcfb912a46018088bca48be0/nomic-ai__nomic-embed-text-v1.5/b0753ae76394dd36bcfb912a46018088bca48be0
nomic_ai_nomic_embed_text_v1.5,recursive_token,448,16,0.580233,0.316950,0.206030,0.463822,0.513700,0.308820,0.235820,0.683050,0.793970,0.536178,0.486300,0.236384,0.000000,0.000000,0.257206,0.031586,1.000000,nomic_ai_nomic_embed_text_v1.5_recursive_token_c448_o16/results/nomic-ai__nomic-embed-text-v1.5_b0753ae76394dd36bcfb912a46018088bca48be0/nomic-ai__nomic-embed-text-v1.5/b0753ae76394dd36bcfb912a46018088bca48be0
BAAI_bge_large_en_v1.5,recursive_token,448,16,0.580353,0.320990,0.207900,0.467314,0.534350,0.313030,0.240020,0.679010,0.792100,0.532686,0.465650,0.233236,0.097665,0.000000,0.203846,0.046758,1.000000,BAAI_bge_large_en_v1.5_recursive_token_c448_o16/results/BAAI__bge-large-en-v1.5_d4aa6901d3a41ba39fb536a557fa166f842b0e09/BAAI__bge-large-en-v1.5/d4aa6901d3a41ba39fb536a557fa166f842b0e09
nomic_ai_nomic_embed_text_v1,hierarchical_section,448,16,0.580499,0.319410,0.205310,0.474756,0.510720,0.306720,0.244330,0.680590,0.794690,0.525244,0.489280,0.203410,0.073445,0.000000,0.197378,0.024134,1.000000,nomic_ai_nomic_embed_text_v1_hierarchical_section_c448_o16/results/nomic-ai__nomic-embed-text-v1_0759316f275aa0cb93a5b830973843ca66babcf5/nomic-ai__nomic-embed-text-v1/0759316f275aa0cb93a5b830973843ca66babcf5
BAAI_bge_large_en_v1.5,recursive_token,448,0,0.580650,0.320370,0.205890,0.471837,0.533080,0.316180,0.241180,0.679630,0.794110,0.528163,0.466920,0.237207,0.092525,0.000000,0.208971,0.054952,1.000000,BAAI_bge_large_en_v1.5_recursive_token_c448_o0/results/BAAI__bge-large-en-v1.5_d4aa6901d3a41ba39fb536a557fa166f842b0e09/BAAI__bge-large-en-v1.5/d4aa6901d3a41ba39fb536a557fa166f842b0e09
nomic_ai_nomic_embed_text_v1.5,recursive_token,448,0,0.581383,0.315940,0.204920,0.468398,0.516150,0.319330,0.236340,0.684060,0.795080,0.531602,0.483850,0.259888,0.000000,0.000000,0.231125,0.026423,1.000000,nomic_ai_nomic_embed_text_v1.5_recursive_token_c448_o0/results/nomic-ai__nomic-embed-text-v1.5_b0753ae76394dd36bcfb912a46018088bca48be0/nomic-ai__nomic-embed-text-v1.5/b0753ae76394dd36bcfb912a46018088bca48be0
BAAI_bge_large_en_v1.5,hierarchical_section,448,16,0.582304,0.313440,0.200650,0.468308,0.513650,0.313030,0.239920,0.686560,0.799350,0.531692,0.486350,0.233556,0.000000,0.000000,0.205327,0.000122,1.000000,BAAI_bge_large_en_v1.5_hierarchical_section_c448_o16/results/BAAI__bge-large-en-v1.5_d4aa6901d3a41ba39fb536a557fa166f842b0e09/BAAI__bge-large-en-v1.5/d4aa6901d3a41ba39fb536a557fa166f842b0e09
BAAI_bge_large_en_v1.5,fixed_token,448,48,0.582323,0.315360,0.201150,0.478563,0.531210,0.330880,0.235610,0.684640,0.798850,0.521437,0.468790,0.287929,0.020920,0.000000,0.200685,0.009738,1.000000,BAAI_bge_large_en_v1.5_fixed_token_c448_o48/results/BAAI__bge-large-en-v1.5_d4aa6901d3a41ba39fb536a557fa166f842b0e09/BAAI__bge-large-en-v1.5/d4aa6901d3a41ba39fb536a557fa166f842b0e09
intfloat_e5_large,recursive_token,448,32,0.582726,0.313860,0.198290,0.461765,0.519390,0.302520,0.231510,0.686140,0.801710,0.538235,0.480610,0.234728,0.000000,0.000000,0.244467,0.045774,1.000000,intfloat_e5_large_recursive_token_c448_o32/results/intfloat__e5-large_4dc6d853a804b9c8886ede6dda8a073b7dc08a81/intfloat__e5-large/4dc6d853a804b9c8886ede6dda8a073b7dc08a81
intfloat_e5_small,fixed_token,448,0,0.582779,0.319690,0.206980,0.475979,0.496080,0.326680,0.227100,0.680310,0.793020,0.524021,0.503920,0.304824,0.000000,0.000000,0.257120,0.070616,1.000000,intfloat_e5_small_fixed_token_c448_o0/results/intfloat__e5-small_e272f3049e853b47cb5ca3952268c6662abda68f/intfloat__e5-small/e272f3049e853b47cb5ca3952268c6662abda68f
nomic_ai_nomic_embed_text_v1,fixed_token,384,16,0.582855,0.309430,0.197860,0.457199,0.515650,0.286760,0.235400,0.690570,0.802140,0.542801,0.484350,0.179105,0.000000,0.000000,0.220714,0.036736,1.000000,nomic_ai_nomic_embed_text_v1_fixed_token_c384_o16/results/nomic-ai__nomic-embed-text-v1_0759316f275aa0cb93a5b830973843ca66babcf5/nomic-ai__nomic-embed-text-v1/0759316f275aa0cb93a5b830973843ca66babcf5
intfloat_e5_base,recursive_token,448,32,0.583330,0.317330,0.198640,0.478898,0.531070,0.317230,0.236550,0.682670,0.801360,0.521102,0.468930,0.254327,0.082745,0.000000,0.223720,0.080538,1.000000,intfloat_e5_base_recursive_token_c448_o32/results/intfloat__e5-base_b533fe4636f4a2507c08ddab40644d20b0006d6a/intfloat__e5-base/b533fe4636f4a2507c08ddab40644d20b0006d6a
nomic_ai_nomic_embed_text_v1.5,recursive_token,448,32,0.583700,0.312990,0.199570,0.475711,0.516830,0.322480,0.234030,0.687010,0.800430,0.524289,0.483170,0.274281,0.000000,0.000000,0.238913,0.039961,1.000000,nomic_ai_nomic_embed_text_v1.5_recursive_token_c448_o32/results/nomic-ai__nomic-embed-text-v1.5_b0753ae76394dd36bcfb912a46018088bca48be0/nomic-ai__nomic-embed-text-v1.5/b0753ae76394dd36bcfb912a46018088bca48be0
intfloat_e5_large,fixed_token,448,48,0.583710,0.314060,0.199250,0.470809,0.511700,0.313030,0.230780,0.685940,0.800750,0.529191,0.488300,0.262754,0.000000,0.000000,0.246731,0.016172,1.000000,intfloat_e5_large_fixed_token_c448_o48/results/intfloat__e5-large_4dc6d853a804b9c8886ede6dda8a073b7dc08a81/intfloat__e5-large/4dc6d853a804b9c8886ede6dda8a073b7dc08a81
nomic_ai_nomic_embed_text_v1.5,fixed_token,448,48,0.584078,0.312610,0.202130,0.474427,0.509950,0.322480,0.234660,0.687390,0.797870,0.525573,0.490050,0.272327,0.000000,0.000000,0.277929,0.017823,1.000000,nomic_ai_nomic_embed_text_v1.5_fixed_token_c448_o48/results/nomic-ai__nomic-embed-text-v1.5_b0753ae76394dd36bcfb912a46018088bca48be0/nomic-ai__nomic-embed-text-v1.5/b0753ae76394dd36bcfb912a46018088bca48be0
nomic_ai_nomic_embed_text_v1,hierarchical_section,448,32,0.584460,0.320780,0.206530,0.487631,0.514660,0.328780,0.243910,0.679220,0.793470,0.512369,0.485340,0.258136,0.148780,0.000000,0.185947,0.031406,1.000000,nomic_ai_nomic_embed_text_v1_hierarchical_section_c448_o32/results/nomic-ai__nomic-embed-text-v1_0759316f275aa0cb93a5b830973843ca66babcf5/nomic-ai__nomic-embed-text-v1/0759316f275aa0cb93a5b830973843ca66babcf5
nomic_ai_nomic_embed_text_v1.5,hierarchical_section,448,0,0.584820,0.310820,0.200780,0.470502,0.493930,0.305670,0.236660,0.689180,0.799220,0.529498,0.506070,0.225766,0.000000,0.000000,0.236861,0.028303,1.000000,nomic_ai_nomic_embed_text_v1.5_hierarchical_section_c448_o0/results/nomic-ai__nomic-embed-text-v1.5_b0753ae76394dd36bcfb912a46018088bca48be0/nomic-ai__nomic-embed-text-v1.5/b0753ae76394dd36bcfb912a46018088bca48be0
nomic_ai_nomic_embed_text_v1.5,recursive_token,448,48,0.585958,0.311390,0.199800,0.469198,0.502710,0.315130,0.231720,0.688610,0.800200,0.530802,0.497290,0.264684,0.000000,0.000000,0.236557,0.032472,1.000000,nomic_ai_nomic_embed_text_v1.5_recursive_token_c448_o48/results/nomic-ai__nomic-embed-text-v1.5_b0753ae76394dd36bcfb912a46018088bca48be0/nomic-ai__nomic-embed-text-v1.5/b0753ae76394dd36bcfb912a46018088bca48be0
BAAI_bge_large_en_v1.5,recursive_token,448,32,0.586172,0.317200,0.202490,0.484470,0.530090,0.337180,0.236030,0.682800,0.797510,0.515530,0.469910,0.299988,0.117335,0.000000,0.193272,0.033478,1.000000,BAAI_bge_large_en_v1.5_recursive_token_c448_o32/results/BAAI__bge-large-en-v1.5_d4aa6901d3a41ba39fb536a557fa166f842b0e09/BAAI__bge-large-en-v1.5/d4aa6901d3a41ba39fb536a557fa166f842b0e09
intfloat_e5_small,semantic_fixed,448,0,0.586243,0.315670,0.202890,0.489059,0.473590,0.344540,0.240230,0.684330,0.797110,0.510941,0.526410,0.302752,0.000000,0.000000,0.219112,0.035102,1.000000,intfloat_e5_small_semantic_fixed_c448_o0/results/intfloat__e5-small_e272f3049e853b47cb5ca3952268c6662abda68f/intfloat__e5-small/e272f3049e853b47cb5ca3952268c6662abda68f
BAAI_bge_base_en_v1.5,semantic_fixed,448,0,0.586270,0.314100,0.199340,0.497935,0.490420,0.356090,0.240550,0.685900,0.800660,0.502065,0.509580,0.324469,0.001900,0.000000,0.203113,0.006986,1.000000,BAAI_bge_base_en_v1.5_semantic_fixed_c448_o0/results/BAAI__bge-base-en-v1.5_a5beb1e3e68b9ab74eb54cfd186867f64f240e1a/BAAI__bge-base-en-v1.5/a5beb1e3e68b9ab74eb54cfd186867f64f240e1a
intfloat_e5_large,recursive_token,448,48,0.586395,0.310380,0.195670,0.463882,0.511090,0.305670,0.228050,0.689620,0.804330,0.536118,0.488910,0.253934,0.000000,0.000000,0.248166,0.056044,1.000000,intfloat_e5_large_recursive_token_c448_o48/results/intfloat__e5-large_4dc6d853a804b9c8886ede6dda8a073b7dc08a81/intfloat__e5-large/4dc6d853a804b9c8886ede6dda8a073b7dc08a81
BAAI_bge_large_en_v1.5,recursive_token,448,48,0.586973,0.312700,0.200890,0.467451,0.517600,0.315130,0.233190,0.687300,0.799110,0.532549,0.482400,0.260020,0.067408,0.000000,0.203348,0.033659,1.000000,BAAI_bge_large_en_v1.5_recursive_token_c448_o48/results/BAAI__bge-large-en-v1.5_d4aa6901d3a41ba39fb536a557fa166f842b0e09/BAAI__bge-large-en-v1.5/d4aa6901d3a41ba39fb536a557fa166f842b0e09
intfloat_e5_base,recursive_token,448,64,0.587104,0.315570,0.200290,0.477597,0.517480,0.313030,0.232560,0.684430,0.799710,0.522403,0.482520,0.257068,0.116457,0.000000,0.205270,0.057123,1.000000,intfloat_e5_base_recursive_token_c448_o64/results/intfloat__e5-base_b533fe4636f4a2507c08ddab40644d20b0006d6a/intfloat__e5-base/b533fe4636f4a2507c08ddab40644d20b0006d6a
nomic_ai_nomic_embed_text_v1,hierarchical_section,448,48,0.587497,0.312920,0.200250,0.471363,0.504200,0.310920,0.241390,0.687080,0.799750,0.528637,0.495800,0.223627,0.094713,0.000000,0.196566,0.031017,1.000000,nomic_ai_nomic_embed_text_v1_hierarchical_section_c448_o48/results/nomic-ai__nomic-embed-text-v1_0759316f275aa0cb93a5b830973843ca66babcf5/nomic-ai__nomic-embed-text-v1/0759316f275aa0cb93a5b830973843ca66babcf5
nomic_ai_nomic_embed_text_v1.5,fixed_token,448,64,0.588298,0.307390,0.196890,0.459562,0.504300,0.305670,0.229940,0.692610,0.803110,0.540438,0.495700,0.247751,0.000000,0.000000,0.266790,0.029782,1.000000,nomic_ai_nomic_embed_text_v1.5_fixed_token_c448_o64/results/nomic-ai__nomic-embed-text-v1.5_b0753ae76394dd36bcfb912a46018088bca48be0/nomic-ai__nomic-embed-text-v1.5/b0753ae76394dd36bcfb912a46018088bca48be0
intfloat_e5_large,hierarchical_section,448,0,0.588395,0.307220,0.191850,0.462603,0.494770,0.300420,0.235820,0.692780,0.808150,0.537397,0.505230,0.215032,0.000000,0.000000,0.238956,0.033425,1.000000,intfloat_e5_large_hierarchical_section_c448_o0/results/intfloat__e5-large_4dc6d853a804b9c8886ede6dda8a073b7dc08a81/intfloat__e5-large/4dc6d853a804b9c8886ede6dda8a073b7dc08a81
BAAI_bge_large_en_v1.5,hierarchical_section,448,32,0.588709,0.314810,0.202090,0.469477,0.506810,0.307770,0.242440,0.685190,0.797910,0.530523,0.493190,0.212269,0.156135,0.000000,0.173811,0.010076,1.000000,BAAI_bge_large_en_v1.5_hierarchical_section_c448_o32/results/BAAI__bge-large-en-v1.5_d4aa6901d3a41ba39fb536a557fa166f842b0e09/BAAI__bge-large-en-v1.5/d4aa6901d3a41ba39fb536a557fa166f842b0e09
intfloat_e5_small,fixed_token,448,32,0.589333,0.310390,0.200750,0.470639,0.483980,0.317230,0.224470,0.689610,0.799250,0.529361,0.516020,0.292406,0.000000,0.000000,0.246908,0.081109,1.000000,intfloat_e5_small_fixed_token_c448_o32/results/intfloat__e5-small_e272f3049e853b47cb5ca3952268c6662abda68f/intfloat__e5-small/e272f3049e853b47cb5ca3952268c6662abda68f
BAAI_bge_large_en_v1.5,recursive_token,448,64,0.589558,0.305380,0.196660,0.457633,0.508100,0.299370,0.228150,0.694620,0.803340,0.542367,0.491900,0.237900,0.019778,0.000000,0.217057,0.042025,1.000000,BAAI_bge_large_en_v1.5_recursive_token_c448_o64/results/BAAI__bge-large-en-v1.5_d4aa6901d3a41ba39fb536a557fa166f842b0e09/BAAI__bge-large-en-v1.5/d4aa6901d3a41ba39fb536a557fa166f842b0e09
intfloat_e5_large,fixed_token,448,64,0.589720,0.306480,0.194150,0.460887,0.502050,0.302520,0.225320,0.693520,0.805850,0.539113,0.497950,0.255190,0.000000,0.000000,0.246827,0.050643,1.000000,intfloat_e5_large_fixed_token_c448_o64/results/intfloat__e5-large_4dc6d853a804b9c8886ede6dda8a073b7dc08a81/intfloat__e5-large/4dc6d853a804b9c8886ede6dda8a073b7dc08a81
BAAI_bge_base_en_v1.5,fixed_token,448,16,0.589777,0.310180,0.202060,0.461954,0.503640,0.307770,0.229520,0.689820,0.797940,0.538046,0.496360,0.254248,0.072342,0.000000,0.206401,0.041739,1.000000,BAAI_bge_base_en_v1.5_fixed_token_c448_o16/results/BAAI__bge-base-en-v1.5_a5beb1e3e68b9ab74eb54cfd186867f64f240e1a/BAAI__bge-base-en-v1.5/a5beb1e3e68b9ab74eb54cfd186867f64f240e1a
intfloat_e5_base,fixed_token,384,0,0.589812,0.306970,0.191480,0.467828,0.505990,0.305670,0.226160,0.693030,0.808520,0.532172,0.494010,0.260117,0.012400,0.000000,0.205080,0.015120,1.000000,intfloat_e5_base_fixed_token_c384_o0/results/intfloat__e5-base_b533fe4636f4a2507c08ddab40644d20b0006d6a/intfloat__e5-base/b533fe4636f4a2507c08ddab40644d20b0006d6a
intfloat_e5_large,semantic_fixed,448,0,0.589972,0.307640,0.194920,0.468698,0.478060,0.311970,0.236660,0.692360,0.805080,0.531302,0.521940,0.241401,0.000000,0.000000,0.255707,0.009902,1.000000,intfloat_e5_large_semantic_fixed_c448_o0/results/intfloat__e5-large_4dc6d853a804b9c8886ede6dda8a073b7dc08a81/intfloat__e5-large/4dc6d853a804b9c8886ede6dda8a073b7dc08a81
nomic_ai_nomic_embed_text_v1,recursive_token,384,16,0.589986,0.306800,0.196090,0.471441,0.500520,0.316180,0.232670,0.693200,0.803910,0.528559,0.499480,0.264122,0.025073,0.000000,0.203291,0.016611,1.000000,nomic_ai_nomic_embed_text_v1_recursive_token_c384_o16/results/nomic-ai__nomic-embed-text-v1_0759316f275aa0cb93a5b830973843ca66babcf5/nomic-ai__nomic-embed-text-v1/0759316f275aa0cb93a5b830973843ca66babcf5
BAAI_bge_base_en_v1.5,fixed_token,448,32,0.590087,0.306500,0.196410,0.470670,0.502330,0.323530,0.229100,0.693500,0.803590,0.529330,0.497670,0.291874,0.000000,0.000000,0.239072,0.055783,1.000000,BAAI_bge_base_en_v1.5_fixed_token_c448_o32/results/BAAI__bge-base-en-v1.5_a5beb1e3e68b9ab74eb54cfd186867f64f240e1a/BAAI__bge-base-en-v1.5/a5beb1e3e68b9ab74eb54cfd186867f64f240e1a
intfloat_e5_small,fixed_token,448,16,0.590308,0.316310,0.204720,0.484307,0.488850,0.331930,0.225630,0.683690,0.795280,0.515693,0.511150,0.320248,0.097888,0.000000,0.204144,0.047443,1.000000,intfloat_e5_small_fixed_token_c448_o16/results/intfloat__e5-small_e272f3049e853b47cb5ca3952268c6662abda68f/intfloat__e5-small/e272f3049e853b47cb5ca3952268c6662abda68f
nomic_ai_nomic_embed_text_v1.5,hierarchical_section,448,16,0.590583,0.306140,0.196400,0.457895,0.489730,0.301470,0.233930,0.693860,0.803600,0.542105,0.510270,0.224036,0.023735,0.000000,0.210607,0.030708,1.000000,nomic_ai_nomic_embed_text_v1.5_hierarchical_section_c448_o16/results/nomic-ai__nomic-embed-text-v1.5_b0753ae76394dd36bcfb912a46018088bca48be0/nomic-ai__nomic-embed-text-v1.5/b0753ae76394dd36bcfb912a46018088bca48be0
BAAI_bge_base_en_v1.5,hierarchical_section,448,0,0.590677,0.305370,0.194910,0.469833,0.490320,0.316180,0.233400,0.694630,0.805090,0.530167,0.509680,0.261813,0.000000,0.000000,0.210697,-0.011247,1.000000,BAAI_bge_base_en_v1.5_hierarchical_section_c448_o0/results/BAAI__bge-base-en-v1.5_a5beb1e3e68b9ab74eb54cfd186867f64f240e1a/BAAI__bge-base-en-v1.5/a5beb1e3e68b9ab74eb54cfd186867f64f240e1a
BAAI_bge_large_en_v1.5,hierarchical_section,448,48,0.590717,0.306660,0.195380,0.465551,0.501100,0.308820,0.236030,0.693340,0.804620,0.534449,0.498900,0.235704,0.053393,0.000000,0.189806,0.000969,1.000000,BAAI_bge_large_en_v1.5_hierarchical_section_c448_o48/results/BAAI__bge-large-en-v1.5_d4aa6901d3a41ba39fb536a557fa166f842b0e09/BAAI__bge-large-en-v1.5/d4aa6901d3a41ba39fb536a557fa166f842b0e09
nomic_ai_nomic_embed_text_v1.5,hierarchical_section,448,32,0.591552,0.308650,0.198380,0.477571,0.489630,0.324580,0.233090,0.691350,0.801620,0.522429,0.510370,0.281872,0.054945,0.000000,0.206784,0.035546,1.000000,nomic_ai_nomic_embed_text_v1.5_hierarchical_section_c448_o32/results/nomic-ai__nomic-embed-text-v1.5_b0753ae76394dd36bcfb912a46018088bca48be0/nomic-ai__nomic-embed-text-v1.5/b0753ae76394dd36bcfb912a46018088bca48be0
intfloat_e5_small,recursive_token,448,16,0.591597,0.311240,0.200390,0.467078,0.487370,0.304620,0.226260,0.688760,0.799610,0.532922,0.512630,0.257239,0.086310,0.000000,0.215003,0.064530,1.000000,intfloat_e5_small_recursive_token_c448_o16/results/intfloat__e5-small_e272f3049e853b47cb5ca3952268c6662abda68f/intfloat__e5-small/e272f3049e853b47cb5ca3952268c6662abda68f
nomic_ai_nomic_embed_text_v1,recursive_token,384,0,0.592033,0.309890,0.197150,0.472282,0.506070,0.309870,0.234450,0.690110,0.802850,0.527718,0.493930,0.243392,0.131580,0.000000,0.183008,0.018648,1.000000,nomic_ai_nomic_embed_text_v1_recursive_token_c384_o0/results/nomic-ai__nomic-embed-text-v1_0759316f275aa0cb93a5b830973843ca66babcf5/nomic-ai__nomic-embed-text-v1/0759316f275aa0cb93a5b830973843ca66babcf5
nomic_ai_nomic_embed_text_v1,fixed_token,384,32,0.592447,0.303440,0.190370,0.461797,0.507740,0.302520,0.233510,0.696560,0.809630,0.538203,0.492260,0.228117,0.052345,0.000000,0.205022,0.030982,1.000000,nomic_ai_nomic_embed_text_v1_fixed_token_c384_o32/results/nomic-ai__nomic-embed-text-v1_0759316f275aa0cb93a5b830973843ca66babcf5/nomic-ai__nomic-embed-text-v1/0759316f275aa0cb93a5b830973843ca66babcf5
BAAI_bge_large_en_v1.5,fixed_token,448,64,0.592688,0.310890,0.198800,0.470018,0.515250,0.322480,0.231510,0.689110,0.801200,0.529982,0.484750,0.282095,0.135402,0.000000,0.193012,0.040185,1.000000,BAAI_bge_large_en_v1.5_fixed_token_c448_o64/results/BAAI__bge-large-en-v1.5_d4aa6901d3a41ba39fb536a557fa166f842b0e09/BAAI__bge-large-en-v1.5/d4aa6901d3a41ba39fb536a557fa166f842b0e09
intfloat_e5_small,recursive_token,448,0,0.592935,0.310970,0.199520,0.479924,0.486000,0.327730,0.226370,0.689030,0.800480,0.520076,0.514000,0.309279,0.078080,0.000000,0.212597,0.056426,1.000000,intfloat_e5_small_recursive_token_c448_o0/results/intfloat__e5-small_e272f3049e853b47cb5ca3952268c6662abda68f/intfloat__e5-small/e272f3049e853b47cb5ca3952268c6662abda68f
nomic_ai_nomic_embed_text_v1.5,recursive_token,448,64,0.593074,0.301140,0.193190,0.455049,0.498480,0.301470,0.225630,0.698860,0.806810,0.544951,0.501520,0.251567,0.000000,0.000000,0.259079,0.064315,1.000000,nomic_ai_nomic_embed_text_v1.5_recursive_token_c448_o64/results/nomic-ai__nomic-embed-text-v1.5_b0753ae76394dd36bcfb912a46018088bca48be0/nomic-ai__nomic-embed-text-v1.5/b0753ae76394dd36bcfb912a46018088bca48be0
BAAI_bge_large_en_v1.5,semantic_fixed,448,48,0.593852,0.312480,0.196760,0.490711,0.498370,0.340340,0.247690,0.687520,0.803240,0.509289,0.501630,0.272228,0.182328,0.000000,0.164604,-0.002139,1.000000,BAAI_bge_large_en_v1.5_semantic_fixed_c448_o48/results/BAAI__bge-large-en-v1.5_d4aa6901d3a41ba39fb536a557fa166f842b0e09/BAAI__bge-large-en-v1.5/d4aa6901d3a41ba39fb536a557fa166f842b0e09
intfloat_e5_small,semantic_fixed,448,16,0.593907,0.305590,0.192230,0.484915,0.464920,0.327730,0.237820,0.694410,0.807770,0.515085,0.535080,0.274342,0.022698,0.000000,0.219348,0.047775,1.000000,intfloat_e5_small_semantic_fixed_c448_o16/results/intfloat__e5-small_e272f3049e853b47cb5ca3952268c6662abda68f/intfloat__e5-small/e272f3049e853b47cb5ca3952268c6662abda68f
intfloat_e5_large,hierarchical_section,448,16,0.593961,0.298700,0.185970,0.446133,0.494280,0.284660,0.229940,0.701300,0.814030,0.553867,0.505720,0.192229,0.000000,0.000000,0.224789,0.031451,1.000000,intfloat_e5_large_hierarchical_section_c448_o16/results/intfloat__e5-large_4dc6d853a804b9c8886ede6dda8a073b7dc08a81/intfloat__e5-large/4dc6d853a804b9c8886ede6dda8a073b7dc08a81
intfloat_e5_small,hierarchical_section,448,0,0.594271,0.303970,0.191390,0.473420,0.468570,0.311970,0.227520,0.696030,0.808610,0.526580,0.531430,0.270699,0.000000,0.000000,0.245092,0.030530,1.000000,intfloat_e5_small_hierarchical_section_c448_o0/results/intfloat__e5-small_e272f3049e853b47cb5ca3952268c6662abda68f/intfloat__e5-small/e272f3049e853b47cb5ca3952268c6662abda68f
intfloat_e5_large,semantic_fixed,448,16,0.594307,0.302140,0.190320,0.466655,0.467700,0.305670,0.233720,0.697860,0.809680,0.533345,0.532300,0.235385,0.000000,0.000000,0.211736,0.005545,1.000000,intfloat_e5_large_semantic_fixed_c448_o16/results/intfloat__e5-large_4dc6d853a804b9c8886ede6dda8a073b7dc08a81/intfloat__e5-large/4dc6d853a804b9c8886ede6dda8a073b7dc08a81
nomic_ai_nomic_embed_text_v1.5,fixed_token,384,0,0.594802,0.299650,0.188160,0.452258,0.492610,0.292020,0.223320,0.700350,0.811840,0.547742,0.507390,0.235258,0.000000,0.000000,0.244119,-0.003806,1.000000,nomic_ai_nomic_embed_text_v1.5_fixed_token_c384_o0/results/nomic-ai__nomic-embed-text-v1.5_b0753ae76394dd36bcfb912a46018088bca48be0/nomic-ai__nomic-embed-text-v1.5/b0753ae76394dd36bcfb912a46018088bca48be0
intfloat_e5_small,fixed_token,448,48,0.594948,0.303900,0.193170,0.471454,0.475510,0.315130,0.220380,0.696100,0.806830,0.528546,0.524490,0.300670,0.000000,0.000000,0.256648,0.077908,1.000000,intfloat_e5_small_fixed_token_c448_o48/results/intfloat__e5-small_e272f3049e853b47cb5ca3952268c6662abda68f/intfloat__e5-small/e272f3049e853b47cb5ca3952268c6662abda68f
BAAI_bge_base_en_v1.5,semantic_fixed,448,32,0.594972,0.300920,0.186630,0.482734,0.478830,0.329830,0.238660,0.699080,0.813370,0.517266,0.521170,0.276415,0.000960,0.000000,0.208976,0.018336,1.000000,BAAI_bge_base_en_v1.5_semantic_fixed_c448_o32/results/BAAI__bge-base-en-v1.5_a5beb1e3e68b9ab74eb54cfd186867f64f240e1a/BAAI__bge-base-en-v1.5/a5beb1e3e68b9ab74eb54cfd186867f64f240e1a
nomic_ai_nomic_embed_text_v1.5,fixed_token,384,16,0.595162,0.298010,0.189820,0.449406,0.491890,0.289920,0.224050,0.701990,0.810180,0.550594,0.508110,0.227201,0.000000,0.000000,0.230763,0.029464,1.000000,nomic_ai_nomic_embed_text_v1.5_fixed_token_c384_o16/results/nomic-ai__nomic-embed-text-v1.5_b0753ae76394dd36bcfb912a46018088bca48be0/nomic-ai__nomic-embed-text-v1.5/b0753ae76394dd36bcfb912a46018088bca48be0
intfloat_e5_large,recursive_token,448,64,0.595625,0.297450,0.186880,0.447642,0.498870,0.289920,0.223210,0.702550,0.813120,0.552358,0.501130,0.230098,0.000000,0.000000,0.240267,0.052555,1.000000,intfloat_e5_large_recursive_token_c448_o64/results/intfloat__e5-large_4dc6d853a804b9c8886ede6dda8a073b7dc08a81/intfloat__e5-large/4dc6d853a804b9c8886ede6dda8a073b7dc08a81
nomic_ai_nomic_embed_text_v1,hierarchical_section,448,64,0.596286,0.303400,0.192560,0.458000,0.500490,0.298320,0.235920,0.696600,0.807440,0.542000,0.499510,0.209171,0.134365,0.000000,0.178114,0.009974,1.000000,nomic_ai_nomic_embed_text_v1_hierarchical_section_c448_o64/results/nomic-ai__nomic-embed-text-v1_0759316f275aa0cb93a5b830973843ca66babcf5/nomic-ai__nomic-embed-text-v1/0759316f275aa0cb93a5b830973843ca66babcf5
BAAI_bge_base_en_v1.5,fixed_token,448,64,0.596334,0.299650,0.189980,0.453911,0.489480,0.300420,0.222900,0.700350,0.810020,0.546089,0.510520,0.258039,0.012188,0.000000,0.201995,0.008865,1.000000,BAAI_bge_base_en_v1.5_fixed_token_c448_o64/results/BAAI__bge-base-en-v1.5_a5beb1e3e68b9ab74eb54cfd186867f64f240e1a/BAAI__bge-base-en-v1.5/a5beb1e3e68b9ab74eb54cfd186867f64f240e1a
BAAI_bge_base_en_v1.5,recursive_token,448,0,0.596532,0.302260,0.193360,0.461112,0.500010,0.309870,0.226680,0.697740,0.806640,0.538888,0.499990,0.268467,0.078205,0.000000,0.203413,0.038108,1.000000,BAAI_bge_base_en_v1.5_recursive_token_c448_o0/results/BAAI__bge-base-en-v1.5_a5beb1e3e68b9ab74eb54cfd186867f64f240e1a/BAAI__bge-base-en-v1.5/a5beb1e3e68b9ab74eb54cfd186867f64f240e1a
intfloat_e5_small,recursive_token,448,32,0.596626,0.309710,0.196000,0.476714,0.483330,0.321430,0.225210,0.690290,0.804000,0.523286,0.516670,0.299350,0.124658,0.000000,0.213911,0.077685,1.000000,intfloat_e5_small_recursive_token_c448_o32/results/intfloat__e5-small_e272f3049e853b47cb5ca3952268c6662abda68f/intfloat__e5-small/e272f3049e853b47cb5ca3952268c6662abda68f
intfloat_multilingual_e5_base,semantic_fixed,448,16,0.596779,0.299340,0.186550,0.481467,0.466660,0.323530,0.235500,0.700660,0.813450,0.518533,0.533340,0.272092,0.000000,0.000000,0.208356,0.015945,1.000000,intfloat_multilingual_e5_base_semantic_fixed_c448_o16/results/intfloat__multilingual-e5-base_d13f1b27baf31030b7fd040960d60d909913633f/intfloat__multilingual-e5-base/d13f1b27baf31030b7fd040960d60d909913633f
intfloat_e5_small,recursive_token,448,64,0.596804,0.300870,0.189080,0.459638,0.470390,0.296220,0.219120,0.699130,0.810920,0.540362,0.529610,0.260280,0.000000,0.000000,0.257236,0.090157,1.000000,intfloat_e5_small_recursive_token_c448_o64/results/intfloat__e5-small_e272f3049e853b47cb5ca3952268c6662abda68f/intfloat__e5-small/e272f3049e853b47cb5ca3952268c6662abda68f
nomic_ai_nomic_embed_text_v1.5,hierarchical_section,448,48,0.597003,0.299810,0.190300,0.457816,0.483320,0.297270,0.230670,0.700190,0.809700,0.542184,0.516680,0.224039,0.057775,0.000000,0.202388,0.027886,1.000000,nomic_ai_nomic_embed_text_v1.5_hierarchical_section_c448_o48/results/nomic-ai__nomic-embed-text-v1.5_b0753ae76394dd36bcfb912a46018088bca48be0/nomic-ai__nomic-embed-text-v1.5/b0753ae76394dd36bcfb912a46018088bca48be0
intfloat_e5_large,hierarchical_section,448,32,0.597188,0.299690,0.187220,0.452955,0.489410,0.287820,0.231930,0.700310,0.812780,0.547045,0.510590,0.194184,0.080390,0.000000,0.206519,0.045194,1.000000,intfloat_e5_large_hierarchical_section_c448_o32/results/intfloat__e5-large_4dc6d853a804b9c8886ede6dda8a073b7dc08a81/intfloat__e5-large/4dc6d853a804b9c8886ede6dda8a073b7dc08a81
intfloat_e5_small,semantic_fixed,448,32,0.597206,0.304190,0.190460,0.496479,0.457380,0.345590,0.234350,0.695810,0.809540,0.503521,0.542620,0.321884,0.029500,0.000000,0.212557,0.036914,1.000000,intfloat_e5_small_semantic_fixed_c448_o32/results/intfloat__e5-small_e272f3049e853b47cb5ca3952268c6662abda68f/intfloat__e5-small/e272f3049e853b47cb5ca3952268c6662abda68f
intfloat_e5_base,fixed_token,384,16,0.597220,0.298240,0.185200,0.449652,0.499620,0.284660,0.225000,0.701760,0.814800,0.550348,0.500380,0.209583,0.058320,0.000000,0.213566,0.050460,1.000000,intfloat_e5_base_fixed_token_c384_o16/results/intfloat__e5-base_b533fe4636f4a2507c08ddab40644d20b0006d6a/intfloat__e5-base/b533fe4636f4a2507c08ddab40644d20b0006d6a
BAAI_bge_base_en_v1.5,recursive_token,448,16,0.597303,0.304910,0.195340,0.460486,0.498790,0.310920,0.228150,0.695090,0.804660,0.539514,0.501210,0.266210,0.123945,0.000000,0.195644,0.040866,1.000000,BAAI_bge_base_en_v1.5_recursive_token_c448_o16/results/BAAI__bge-base-en-v1.5_a5beb1e3e68b9ab74eb54cfd186867f64f240e1a/BAAI__bge-base-en-v1.5/a5beb1e3e68b9ab74eb54cfd186867f64f240e1a
BAAI_bge_base_en_v1.5,semantic_fixed,448,16,0.597306,0.303220,0.191880,0.484107,0.478610,0.330880,0.237180,0.696780,0.808120,0.515893,0.521390,0.283184,0.084873,0.000000,0.194128,0.022205,1.000000,BAAI_bge_base_en_v1.5_semantic_fixed_c448_o16/results/BAAI__bge-base-en-v1.5_a5beb1e3e68b9ab74eb54cfd186867f64f240e1a/BAAI__bge-base-en-v1.5/a5beb1e3e68b9ab74eb54cfd186867f64f240e1a
intfloat_e5_large,fixed_token,384,0,0.597348,0.294090,0.180230,0.441444,0.498520,0.273110,0.219960,0.705910,0.819770,0.558556,0.501480,0.194610,0.000000,0.000000,0.219757,0.020171,1.000000,intfloat_e5_large_fixed_token_c384_o0/results/intfloat__e5-large_4dc6d853a804b9c8886ede6dda8a073b7dc08a81/intfloat__e5-large/4dc6d853a804b9c8886ede6dda8a073b7dc08a81
BAAI_bge_large_en_v1.5,fixed_token,384,0,0.597935,0.299130,0.186990,0.457551,0.508400,0.300420,0.223740,0.700870,0.813010,0.542449,0.491600,0.255243,0.075490,0.000000,0.194206,0.018608,1.000000,BAAI_bge_large_en_v1.5_fixed_token_c384_o0/results/BAAI__bge-large-en-v1.5_d4aa6901d3a41ba39fb536a557fa166f842b0e09/BAAI__bge-large-en-v1.5/d4aa6901d3a41ba39fb536a557fa166f842b0e09
intfloat_e5_large,semantic_fixed,448,32,0.598148,0.295140,0.179680,0.460859,0.472860,0.293070,0.232880,0.704860,0.820320,0.539141,0.527140,0.205378,0.000000,0.000000,0.252138,0.026950,1.000000,intfloat_e5_large_semantic_fixed_c448_o32/results/intfloat__e5-large_4dc6d853a804b9c8886ede6dda8a073b7dc08a81/intfloat__e5-large/4dc6d853a804b9c8886ede6dda8a073b7dc08a81
nomic_ai_nomic_embed_text_v1,recursive_token,384,32,0.598204,0.300260,0.189130,0.463032,0.502800,0.309870,0.230150,0.699740,0.810870,0.536968,0.497200,0.257269,0.097342,0.000000,0.191116,0.021169,1.000000,nomic_ai_nomic_embed_text_v1_recursive_token_c384_o32/results/nomic-ai__nomic-embed-text-v1_0759316f275aa0cb93a5b830973843ca66babcf5/nomic-ai__nomic-embed-text-v1/0759316f275aa0cb93a5b830973843ca66babcf5
BAAI_bge_base_en_v1.5,hierarchical_section,448,16,0.598217,0.299390,0.188710,0.451213,0.488030,0.294120,0.228990,0.700610,0.811290,0.548787,0.511970,0.221440,0.070732,0.000000,0.187301,-0.002895,1.000000,BAAI_bge_base_en_v1.5_hierarchical_section_c448_o16/results/BAAI__bge-base-en-v1.5_a5beb1e3e68b9ab74eb54cfd186867f64f240e1a/BAAI__bge-base-en-v1.5/a5beb1e3e68b9ab74eb54cfd186867f64f240e1a
intfloat_e5_small,fixed_token,448,64,0.598389,0.306570,0.195310,0.459936,0.470250,0.302520,0.225420,0.693430,0.804690,0.540064,0.529750,0.254859,0.113668,0.000000,0.216672,0.078811,1.000000,intfloat_e5_small_fixed_token_c448_o64/results/intfloat__e5-small_e272f3049e853b47cb5ca3952268c6662abda68f/intfloat__e5-small/e272f3049e853b47cb5ca3952268c6662abda68f
BAAI_bge_base_en_v1.5,recursive_token,448,32,0.598860,0.304670,0.193480,0.472670,0.501780,0.328780,0.227940,0.695330,0.806520,0.527330,0.498220,0.306710,0.135345,0.000000,0.183956,0.022050,1.000000,BAAI_bge_base_en_v1.5_recursive_token_c448_o32/results/BAAI__bge-base-en-v1.5_a5beb1e3e68b9ab74eb54cfd186867f64f240e1a/BAAI__bge-base-en-v1.5/a5beb1e3e68b9ab74eb54cfd186867f64f240e1a
intfloat_multilingual_e5_base,semantic_fixed,448,0,0.599074,0.304360,0.190790,0.493536,0.471350,0.338240,0.237920,0.695640,0.809210,0.506464,0.528650,0.296594,0.117058,0.000000,0.186876,0.020575,1.000000,intfloat_multilingual_e5_base_semantic_fixed_c448_o0/results/intfloat__multilingual-e5-base_d13f1b27baf31030b7fd040960d60d909913633f/intfloat__multilingual-e5-base/d13f1b27baf31030b7fd040960d60d909913633f
BAAI_bge_base_en_v1.5,fixed_token,448,48,0.599149,0.305210,0.193870,0.468092,0.498850,0.317230,0.226260,0.694790,0.806130,0.531908,0.501150,0.286764,0.152475,0.000000,0.170199,0.001388,1.000000,BAAI_bge_base_en_v1.5_fixed_token_c448_o48/results/BAAI__bge-base-en-v1.5_a5beb1e3e68b9ab74eb54cfd186867f64f240e1a/BAAI__bge-base-en-v1.5/a5beb1e3e68b9ab74eb54cfd186867f64f240e1a
BAAI_bge_large_en_v1.5,hierarchical_section,448,64,0.599196,0.299350,0.188840,0.463232,0.497120,0.305670,0.231930,0.700650,0.811160,0.536768,0.502880,0.241241,0.112903,0.000000,0.177586,0.000333,1.000000,BAAI_bge_large_en_v1.5_hierarchical_section_c448_o64/results/BAAI__bge-large-en-v1.5_d4aa6901d3a41ba39fb536a557fa166f842b0e09/BAAI__bge-large-en-v1.5/d4aa6901d3a41ba39fb536a557fa166f842b0e09
intfloat_e5_large,fixed_token,384,16,0.599593,0.293030,0.180290,0.445240,0.494870,0.286760,0.221220,0.706970,0.819710,0.554760,0.505130,0.228554,0.001953,0.000000,0.212064,0.024909,1.000000,intfloat_e5_large_fixed_token_c384_o16/results/intfloat__e5-large_4dc6d853a804b9c8886ede6dda8a073b7dc08a81/intfloat__e5-large/4dc6d853a804b9c8886ede6dda8a073b7dc08a81
BAAI_bge_large_en_v1.5,semantic_fixed,448,64,0.599823,0.306230,0.191120,0.483105,0.492190,0.330880,0.243700,0.693770,0.808880,0.516895,0.507810,0.263479,0.204130,0.000000,0.174182,0.030016,1.000000,BAAI_bge_large_en_v1.5_semantic_fixed_c448_o64/results/BAAI__bge-large-en-v1.5_d4aa6901d3a41ba39fb536a557fa166f842b0e09/BAAI__bge-large-en-v1.5/d4aa6901d3a41ba39fb536a557fa166f842b0e09
intfloat_e5_small,recursive_token,448,48,0.600787,0.305150,0.194240,0.471059,0.469450,0.316180,0.220900,0.694850,0.805760,0.528941,0.530550,0.301347,0.118718,0.000000,0.213112,0.073711,1.000000,intfloat_e5_small_recursive_token_c448_o48/results/intfloat__e5-small_e272f3049e853b47cb5ca3952268c6662abda68f/intfloat__e5-small/e272f3049e853b47cb5ca3952268c6662abda68f
intfloat_multilingual_e5_base,fixed_token,448,16,0.600965,0.300030,0.191540,0.456430,0.493980,0.304620,0.218590,0.699970,0.808460,0.543570,0.506020,0.282417,0.104135,0.000000,0.199919,0.041492,1.000000,intfloat_multilingual_e5_base_fixed_token_c448_o16/results/intfloat__multilingual-e5-base_d13f1b27baf31030b7fd040960d60d909913633f/intfloat__multilingual-e5-base/d13f1b27baf31030b7fd040960d60d909913633f
BAAI_bge_base_en_v1.5,recursive_token,448,64,0.600991,0.299930,0.192700,0.453609,0.487040,0.300420,0.222690,0.700070,0.807300,0.546391,0.512960,0.258738,0.112553,0.000000,0.202043,0.049107,1.000000,BAAI_bge_base_en_v1.5_recursive_token_c448_o64/results/BAAI__bge-base-en-v1.5_a5beb1e3e68b9ab74eb54cfd186867f64f240e1a/BAAI__bge-base-en-v1.5/a5beb1e3e68b9ab74eb54cfd186867f64f240e1a
intfloat_multilingual_e5_base,fixed_token,448,0,0.601066,0.310550,0.198690,0.471351,0.501960,0.315130,0.221010,0.689450,0.801310,0.528649,0.498040,0.298670,0.258977,0.000000,0.163252,0.030095,1.000000,intfloat_multilingual_e5_base_fixed_token_c448_o0/results/intfloat__multilingual-e5-base_d13f1b27baf31030b7fd040960d60d909913633f/intfloat__multilingual-e5-base/d13f1b27baf31030b7fd040960d60d909913633f
nomic_ai_nomic_embed_text_v1.5,recursive_token,384,0,0.601368,0.293440,0.183410,0.448620,0.479550,0.284660,0.223210,0.706560,0.816590,0.551380,0.520450,0.215872,0.042425,0.000000,0.203089,0.023148,1.000000,nomic_ai_nomic_embed_text_v1.5_recursive_token_c384_o0/results/nomic-ai__nomic-embed-text-v1.5_b0753ae76394dd36bcfb912a46018088bca48be0/nomic-ai__nomic-embed-text-v1.5/b0753ae76394dd36bcfb912a46018088bca48be0
nomic_ai_nomic_embed_text_v1.5,recursive_token,384,16,0.601468,0.291860,0.184480,0.454020,0.475130,0.295170,0.220690,0.708140,0.815520,0.545980,0.524870,0.252329,0.000000,0.000000,0.218441,0.010784,1.000000,nomic_ai_nomic_embed_text_v1.5_recursive_token_c384_o16/results/nomic-ai__nomic-embed-text-v1.5_b0753ae76394dd36bcfb912a46018088bca48be0/nomic-ai__nomic-embed-text-v1.5/b0753ae76394dd36bcfb912a46018088bca48be0
intfloat_e5_base,hierarchical_section,448,0,0.601558,0.289620,0.180300,0.440429,0.469490,0.272060,0.223420,0.710380,0.819700,0.559571,0.530510,0.178784,0.000000,0.000000,0.239051,0.015279,1.000000,intfloat_e5_base_hierarchical_section_c448_o0/results/intfloat__e5-base_b533fe4636f4a2507c08ddab40644d20b0006d6a/intfloat__e5-base/b533fe4636f4a2507c08ddab40644d20b0006d6a
BAAI_bge_base_en_v1.5,recursive_token,448,48,0.601668,0.304540,0.194770,0.468311,0.489500,0.320380,0.226890,0.695460,0.805230,0.531689,0.510500,0.291810,0.177115,0.000000,0.181655,0.034156,1.000000,BAAI_bge_base_en_v1.5_recursive_token_c448_o48/results/BAAI__bge-base-en-v1.5_a5beb1e3e68b9ab74eb54cfd186867f64f240e1a/BAAI__bge-base-en-v1.5/a5beb1e3e68b9ab74eb54cfd186867f64f240e1a
BAAI_bge_base_en_v1.5,hierarchical_section,448,48,0.602172,0.296440,0.186440,0.458248,0.477540,0.302520,0.228990,0.703560,0.813560,0.541752,0.522460,0.243058,0.085680,0.000000,0.183446,-0.001164,1.000000,BAAI_bge_base_en_v1.5_hierarchical_section_c448_o48/results/BAAI__bge-base-en-v1.5_a5beb1e3e68b9ab74eb54cfd186867f64f240e1a/BAAI__bge-base-en-v1.5/a5beb1e3e68b9ab74eb54cfd186867f64f240e1a
BAAI_bge_large_en_v1.5,semantic_fixed,384,0,0.602367,0.294790,0.181540,0.459839,0.478110,0.294120,0.234240,0.705210,0.818460,0.540161,0.521890,0.203590,0.098913,0.000000,0.187017,0.013599,1.000000,BAAI_bge_large_en_v1.5_semantic_fixed_c384_o0/results/BAAI__bge-large-en-v1.5_d4aa6901d3a41ba39fb536a557fa166f842b0e09/BAAI__bge-large-en-v1.5/d4aa6901d3a41ba39fb536a557fa166f842b0e09
nomic_ai_nomic_embed_text_v1.5,fixed_token,384,32,0.602412,0.288690,0.179620,0.443396,0.479530,0.282560,0.223000,0.711310,0.820380,0.556604,0.520470,0.210787,0.000000,0.000000,0.228643,0.036332,1.000000,nomic_ai_nomic_embed_text_v1.5_fixed_token_c384_o32/results/nomic-ai__nomic-embed-text-v1.5_b0753ae76394dd36bcfb912a46018088bca48be0/nomic-ai__nomic-embed-text-v1.5/b0753ae76394dd36bcfb912a46018088bca48be0
intfloat_e5_large,hierarchical_section,448,48,0.602505,0.292300,0.180240,0.443962,0.482290,0.279410,0.227000,0.707700,0.819760,0.556038,0.517710,0.187574,0.066685,0.000000,0.202810,0.032294,1.000000,intfloat_e5_large_hierarchical_section_c448_o48/results/intfloat__e5-large_4dc6d853a804b9c8886ede6dda8a073b7dc08a81/intfloat__e5-large/4dc6d853a804b9c8886ede6dda8a073b7dc08a81
intfloat_e5_small,hierarchical_section,448,16,0.602611,0.299760,0.187970,0.464827,0.463490,0.307770,0.223950,0.700240,0.812030,0.535173,0.536510,0.272346,0.086220,0.000000,0.198189,0.030866,1.000000,intfloat_e5_small_hierarchical_section_c448_o16/results/intfloat__e5-small_e272f3049e853b47cb5ca3952268c6662abda68f/intfloat__e5-small/e272f3049e853b47cb5ca3952268c6662abda68f
intfloat_e5_large,semantic_fixed,448,48,0.602788,0.291450,0.179410,0.461417,0.466980,0.307770,0.229830,0.708550,0.820590,0.538583,0.533020,0.253241,0.000000,0.000000,0.233094,0.019511,1.000000,intfloat_e5_large_semantic_fixed_c448_o48/results/intfloat__e5-large_4dc6d853a804b9c8886ede6dda8a073b7dc08a81/intfloat__e5-large/4dc6d853a804b9c8886ede6dda8a073b7dc08a81
nomic_ai_nomic_embed_text_v1,recursive_token,384,48,0.602804,0.292750,0.182330,0.456973,0.485710,0.299370,0.229200,0.707250,0.817670,0.543027,0.514290,0.234392,0.071120,0.000000,0.186833,0.002114,1.000000,nomic_ai_nomic_embed_text_v1_recursive_token_c384_o48/results/nomic-ai__nomic-embed-text-v1_0759316f275aa0cb93a5b830973843ca66babcf5/nomic-ai__nomic-embed-text-v1/0759316f275aa0cb93a5b830973843ca66babcf5
nomic_ai_nomic_embed_text_v1,hierarchical_section,384,0,0.603279,0.297510,0.186300,0.459408,0.484500,0.295170,0.232250,0.702490,0.813700,0.540592,0.515500,0.213165,0.163023,0.000000,0.172207,0.009623,1.000000,nomic_ai_nomic_embed_text_v1_hierarchical_section_c384_o0/results/nomic-ai__nomic-embed-text-v1_0759316f275aa0cb93a5b830973843ca66babcf5/nomic-ai__nomic-embed-text-v1/0759316f275aa0cb93a5b830973843ca66babcf5
intfloat_e5_small,semantic_fixed,448,48,0.603770,0.292440,0.180900,0.471612,0.449380,0.318280,0.231410,0.707560,0.819100,0.528388,0.550620,0.272936,0.000000,0.000000,0.232036,0.063803,1.000000,intfloat_e5_small_semantic_fixed_c448_o48/results/intfloat__e5-small_e272f3049e853b47cb5ca3952268c6662abda68f/intfloat__e5-small/e272f3049e853b47cb5ca3952268c6662abda68f
nomic_ai_nomic_embed_text_v1,fixed_token,384,48,0.603896,0.289380,0.182520,0.447326,0.487910,0.290970,0.224580,0.710620,0.817480,0.552674,0.512090,0.228168,0.054715,0.000000,0.191418,-0.004722,1.000000,nomic_ai_nomic_embed_text_v1_fixed_token_c384_o48/results/nomic-ai__nomic-embed-text-v1_0759316f275aa0cb93a5b830973843ca66babcf5/nomic-ai__nomic-embed-text-v1/0759316f275aa0cb93a5b830973843ca66babcf5
intfloat_e5_base,fixed_token,384,32,0.603953,0.295660,0.182290,0.456011,0.490180,0.286760,0.223950,0.704340,0.817710,0.543989,0.509820,0.219033,0.142515,0.000000,0.188960,0.034926,1.000000,intfloat_e5_base_fixed_token_c384_o32/results/intfloat__e5-base_b533fe4636f4a2507c08ddab40644d20b0006d6a/intfloat__e5-base/b533fe4636f4a2507c08ddab40644d20b0006d6a
nomic_ai_nomic_embed_text_v1,hierarchical_section,384,16,0.604018,0.294670,0.182770,0.456375,0.481400,0.287820,0.230360,0.705330,0.817230,0.543625,0.518600,0.199639,0.139375,0.000000,0.187041,0.029832,1.000000,nomic_ai_nomic_embed_text_v1_hierarchical_section_c384_o16/results/nomic-ai__nomic-embed-text-v1_0759316f275aa0cb93a5b830973843ca66babcf5/nomic-ai__nomic-embed-text-v1/0759316f275aa0cb93a5b830973843ca66babcf5
intfloat_e5_base,recursive_token,384,32,0.604214,0.287300,0.176500,0.447717,0.485110,0.279410,0.221010,0.712700,0.823500,0.552283,0.514890,0.209012,0.032630,0.000000,0.223179,0.059410,1.000000,intfloat_e5_base_recursive_token_c384_o32/results/intfloat__e5-base_b533fe4636f4a2507c08ddab40644d20b0006d6a/intfloat__e5-base/b533fe4636f4a2507c08ddab40644d20b0006d6a
nomic_ai_nomic_embed_text_v1.5,hierarchical_section,448,64,0.604337,0.290550,0.182880,0.454726,0.481740,0.297270,0.224680,0.709450,0.817120,0.545274,0.518260,0.244189,0.061953,0.000000,0.196543,0.017867,1.000000,nomic_ai_nomic_embed_text_v1.5_hierarchical_section_c448_o64/results/nomic-ai__nomic-embed-text-v1.5_b0753ae76394dd36bcfb912a46018088bca48be0/nomic-ai__nomic-embed-text-v1.5/b0753ae76394dd36bcfb912a46018088bca48be0
BAAI_bge_large_en_v1.5,hierarchical_section,384,16,0.604691,0.288200,0.177410,0.457541,0.479510,0.303570,0.223740,0.711800,0.822590,0.542459,0.520490,0.262971,0.008400,0.000000,0.212109,0.027578,1.000000,BAAI_bge_large_en_v1.5_hierarchical_section_c384_o16/results/BAAI__bge-large-en-v1.5_d4aa6901d3a41ba39fb536a557fa166f842b0e09/BAAI__bge-large-en-v1.5/d4aa6901d3a41ba39fb536a557fa166f842b0e09
intfloat_e5_small,hierarchical_section,448,32,0.604766,0.300470,0.187640,0.467084,0.463450,0.315130,0.227310,0.699530,0.812360,0.532916,0.536550,0.278679,0.132500,0.000000,0.186573,0.026146,1.000000,intfloat_e5_small_hierarchical_section_c448_o32/results/intfloat__e5-small_e272f3049e853b47cb5ca3952268c6662abda68f/intfloat__e5-small/e272f3049e853b47cb5ca3952268c6662abda68f
BAAI_bge_base_en_v1.5,hierarchical_section,448,32,0.604856,0.300850,0.191040,0.457919,0.486590,0.305670,0.233300,0.699150,0.808960,0.542081,0.513410,0.236759,0.221198,0.000000,0.164077,0.016633,1.000000,BAAI_bge_base_en_v1.5_hierarchical_section_c448_o32/results/BAAI__bge-base-en-v1.5_a5beb1e3e68b9ab74eb54cfd186867f64f240e1a/BAAI__bge-base-en-v1.5/a5beb1e3e68b9ab74eb54cfd186867f64f240e1a
BAAI_bge_large_en_v1.5,recursive_token,384,16,0.604860,0.293760,0.185700,0.456106,0.480390,0.295170,0.220270,0.706240,0.814300,0.543894,0.519610,0.253752,0.103080,0.000000,0.180070,0.001372,1.000000,BAAI_bge_large_en_v1.5_recursive_token_c384_o16/results/BAAI__bge-large-en-v1.5_d4aa6901d3a41ba39fb536a557fa166f842b0e09/BAAI__bge-large-en-v1.5/d4aa6901d3a41ba39fb536a557fa166f842b0e09
intfloat_e5_base,fixed_token,384,48,0.604925,0.285390,0.173940,0.438836,0.484290,0.275210,0.219850,0.714610,0.826060,0.561164,0.515710,0.201156,0.007857,0.000000,0.202932,0.009007,1.000000,intfloat_e5_base_fixed_token_c384_o48/results/intfloat__e5-base_b533fe4636f4a2507c08ddab40644d20b0006d6a/intfloat__e5-base/b533fe4636f4a2507c08ddab40644d20b0006d6a
nomic_ai_nomic_embed_text_v1.5,recursive_token,384,32,0.605316,0.285760,0.177970,0.442011,0.474270,0.283610,0.220480,0.714240,0.822030,0.557989,0.525730,0.222594,0.000000,0.000000,0.235525,0.030431,1.000000,nomic_ai_nomic_embed_text_v1.5_recursive_token_c384_o32/results/nomic-ai__nomic-embed-text-v1.5_b0753ae76394dd36bcfb912a46018088bca48be0/nomic-ai__nomic-embed-text-v1.5/b0753ae76394dd36bcfb912a46018088bca48be0
intfloat_multilingual_e5_base,fixed_token,448,32,0.605335,0.299890,0.187740,0.469441,0.485870,0.314080,0.219850,0.700110,0.812260,0.530559,0.514130,0.300019,0.167270,0.000000,0.180893,0.028694,1.000000,intfloat_multilingual_e5_base_fixed_token_c448_o32/results/intfloat__multilingual-e5-base_d13f1b27baf31030b7fd040960d60d909913633f/intfloat__multilingual-e5-base/d13f1b27baf31030b7fd040960d60d909913633f
nomic_ai_nomic_embed_text_v1,fixed_token,384,64,0.605667,0.290250,0.180000,0.443720,0.501570,0.278360,0.228360,0.709750,0.820000,0.556280,0.498430,0.179624,0.156555,0.000000,0.184660,0.031942,1.000000,nomic_ai_nomic_embed_text_v1_fixed_token_c384_o64/results/nomic-ai__nomic-embed-text-v1_0759316f275aa0cb93a5b830973843ca66babcf5/nomic-ai__nomic-embed-text-v1/0759316f275aa0cb93a5b830973843ca66babcf5
intfloat_e5_large,recursive_token,384,0,0.605790,0.291880,0.180520,0.447191,0.491860,0.285710,0.217860,0.708120,0.819480,0.552809,0.508140,0.237479,0.105415,0.000000,0.190903,0.023972,1.000000,intfloat_e5_large_recursive_token_c384_o0/results/intfloat__e5-large_4dc6d853a804b9c8886ede6dda8a073b7dc08a81/intfloat__e5-large/4dc6d853a804b9c8886ede6dda8a073b7dc08a81
intfloat_e5_small,semantic_fixed,448,64,0.605991,0.292820,0.180040,0.469924,0.450510,0.314080,0.230040,0.707180,0.819960,0.530076,0.549490,0.267575,0.048648,0.000000,0.207724,0.034907,1.000000,intfloat_e5_small_semantic_fixed_c448_o64/results/intfloat__e5-small_e272f3049e853b47cb5ca3952268c6662abda68f/intfloat__e5-small/e272f3049e853b47cb5ca3952268c6662abda68f
intfloat_e5_base,recursive_token,384,16,0.606128,0.295180,0.183930,0.458826,0.484040,0.294120,0.221010,0.704820,0.816070,0.541174,0.515960,0.248572,0.152065,0.000000,0.188325,0.037476,1.000000,intfloat_e5_base_recursive_token_c384_o16/results/intfloat__e5-base_b533fe4636f4a2507c08ddab40644d20b0006d6a/intfloat__e5-base/b533fe4636f4a2507c08ddab40644d20b0006d6a
intfloat_e5_small,fixed_token,384,0,0.606233,0.296990,0.184320,0.457011,0.470790,0.299370,0.216390,0.703010,0.815680,0.542989,0.529210,0.277182,0.113263,0.000000,0.195773,0.036851,1.000000,intfloat_e5_small_fixed_token_c384_o0/results/intfloat__e5-small_e272f3049e853b47cb5ca3952268c6662abda68f/intfloat__e5-small/e272f3049e853b47cb5ca3952268c6662abda68f
BAAI_bge_large_en_v1.5,fixed_token,384,16,0.606240,0.299760,0.188620,0.449507,0.499360,0.286760,0.228150,0.700240,0.811380,0.550493,0.500640,0.204387,0.270470,0.000000,0.160036,0.028260,1.000000,BAAI_bge_large_en_v1.5_fixed_token_c384_o16/results/BAAI__bge-large-en-v1.5_d4aa6901d3a41ba39fb536a557fa166f842b0e09/BAAI__bge-large-en-v1.5/d4aa6901d3a41ba39fb536a557fa166f842b0e09
BAAI_bge_large_en_v1.5,hierarchical_section,384,0,0.606280,0.295170,0.183490,0.468254,0.479570,0.318280,0.228680,0.704830,0.816510,0.531746,0.520430,0.281513,0.130230,0.000000,0.187734,0.027560,1.000000,BAAI_bge_large_en_v1.5_hierarchical_section_c384_o0/results/BAAI__bge-large-en-v1.5_d4aa6901d3a41ba39fb536a557fa166f842b0e09/BAAI__bge-large-en-v1.5/d4aa6901d3a41ba39fb536a557fa166f842b0e09
BAAI_bge_base_en_v1.5,fixed_token,384,0,0.606404,0.292470,0.181600,0.448448,0.482080,0.285710,0.217440,0.707530,0.818400,0.551552,0.517920,0.238949,0.108820,0.000000,0.182772,-0.009072,1.000000,BAAI_bge_base_en_v1.5_fixed_token_c384_o0/results/BAAI__bge-base-en-v1.5_a5beb1e3e68b9ab74eb54cfd186867f64f240e1a/BAAI__bge-base-en-v1.5/a5beb1e3e68b9ab74eb54cfd186867f64f240e1a
intfloat_multilingual_e5_base,semantic_fixed,448,32,0.606514,0.291360,0.178890,0.472150,0.465550,0.314080,0.234870,0.708640,0.821110,0.527850,0.534450,0.252197,0.091280,0.000000,0.186371,0.009254,1.000000,intfloat_multilingual_e5_base_semantic_fixed_c448_o32/results/intfloat__multilingual-e5-base_d13f1b27baf31030b7fd040960d60d909913633f/intfloat__multilingual-e5-base/d13f1b27baf31030b7fd040960d60d909913633f
BAAI_bge_base_en_v1.5,semantic_fixed,448,64,0.606812,0.290560,0.180930,0.456150,0.466840,0.298320,0.230880,0.709440,0.819070,0.543850,0.533160,0.226066,0.094905,0.000000,0.181517,0.000996,1.000000,BAAI_bge_base_en_v1.5_semantic_fixed_c448_o64/results/BAAI__bge-base-en-v1.5_a5beb1e3e68b9ab74eb54cfd186867f64f240e1a/BAAI__bge-base-en-v1.5/a5beb1e3e68b9ab74eb54cfd186867f64f240e1a
BAAI_bge_large_en_v1.5,semantic_fixed,384,16,0.607400,0.293990,0.182960,0.460540,0.471110,0.294120,0.233720,0.706010,0.817040,0.539460,0.528890,0.205358,0.183685,0.000000,0.164475,0.002424,1.000000,BAAI_bge_large_en_v1.5_semantic_fixed_c384_o16/results/BAAI__bge-large-en-v1.5_d4aa6901d3a41ba39fb536a557fa166f842b0e09/BAAI__bge-large-en-v1.5/d4aa6901d3a41ba39fb536a557fa166f842b0e09
BAAI_bge_large_en_v1.5,recursive_token,384,0,0.607633,0.294150,0.185030,0.452580,0.483980,0.288870,0.221950,0.705850,0.814970,0.547420,0.516020,0.231661,0.181588,0.000000,0.166036,-0.004707,1.000000,BAAI_bge_large_en_v1.5_recursive_token_c384_o0/results/BAAI__bge-large-en-v1.5_d4aa6901d3a41ba39fb536a557fa166f842b0e09/BAAI__bge-large-en-v1.5/d4aa6901d3a41ba39fb536a557fa166f842b0e09
nomic_ai_nomic_embed_text_v1.5,hierarchical_section,384,16,0.607993,0.283410,0.174520,0.445923,0.459820,0.279410,0.221430,0.716590,0.825480,0.554077,0.540180,0.207509,0.012612,0.000000,0.211548,0.028141,1.000000,nomic_ai_nomic_embed_text_v1.5_hierarchical_section_c384_o16/results/nomic-ai__nomic-embed-text-v1.5_b0753ae76394dd36bcfb912a46018088bca48be0/nomic-ai__nomic-embed-text-v1.5/b0753ae76394dd36bcfb912a46018088bca48be0
intfloat_multilingual_e5_base,hierarchical_section,448,0,0.608208,0.294470,0.182910,0.461922,0.462920,0.302520,0.224470,0.705530,0.817090,0.538078,0.537080,0.257999,0.137718,0.000000,0.180414,0.015915,1.000000,intfloat_multilingual_e5_base_hierarchical_section_c448_o0/results/intfloat__multilingual-e5-base_d13f1b27baf31030b7fd040960d60d909913633f/intfloat__multilingual-e5-base/d13f1b27baf31030b7fd040960d60d909913633f
nomic_ai_nomic_embed_text_v1,fixed_token,320,0,0.608278,0.290040,0.178270,0.464815,0.483010,0.305670,0.223110,0.709960,0.821730,0.535185,0.516990,0.270095,0.114563,0.000000,0.189031,0.023887,1.000000,nomic_ai_nomic_embed_text_v1_fixed_token_c320_o0/results/nomic-ai__nomic-embed-text-v1_0759316f275aa0cb93a5b830973843ca66babcf5/nomic-ai__nomic-embed-text-v1/0759316f275aa0cb93a5b830973843ca66babcf5
intfloat_e5_large,recursive_token,384,32,0.608329,0.284150,0.175980,0.439956,0.477860,0.275210,0.216810,0.715850,0.824020,0.560044,0.522140,0.212202,0.051275,0.000000,0.207891,0.036292,1.000000,intfloat_e5_large_recursive_token_c384_o32/results/intfloat__e5-large_4dc6d853a804b9c8886ede6dda8a073b7dc08a81/intfloat__e5-large/4dc6d853a804b9c8886ede6dda8a073b7dc08a81
intfloat_e5_small,fixed_token,384,16,0.608335,0.289220,0.178790,0.453679,0.463970,0.298320,0.214080,0.710780,0.821210,0.546321,0.536030,0.282381,0.037760,0.000000,0.213310,0.041724,1.000000,intfloat_e5_small_fixed_token_c384_o16/results/intfloat__e5-small_e272f3049e853b47cb5ca3952268c6662abda68f/intfloat__e5-small/e272f3049e853b47cb5ca3952268c6662abda68f
nomic_ai_nomic_embed_text_v1.5,hierarchical_section,384,0,0.608508,0.283980,0.176990,0.445730,0.461120,0.281510,0.222580,0.716020,0.823010,0.554270,0.538880,0.209335,0.038310,0.000000,0.198394,0.012112,1.000000,nomic_ai_nomic_embed_text_v1.5_hierarchical_section_c384_o0/results/nomic-ai__nomic-embed-text-v1.5_b0753ae76394dd36bcfb912a46018088bca48be0/nomic-ai__nomic-embed-text-v1.5/b0753ae76394dd36bcfb912a46018088bca48be0
intfloat_e5_large,fixed_token,384,32,0.608768,0.288270,0.178760,0.441636,0.476460,0.282560,0.217860,0.711730,0.821240,0.558364,0.523540,0.228978,0.092038,0.000000,0.194771,0.026357,1.000000,intfloat_e5_large_fixed_token_c384_o32/results/intfloat__e5-large_4dc6d853a804b9c8886ede6dda8a073b7dc08a81/intfloat__e5-large/4dc6d853a804b9c8886ede6dda8a073b7dc08a81
intfloat_e5_base,recursive_token,384,48,0.608839,0.283970,0.175280,0.450313,0.480440,0.293070,0.217230,0.716030,0.824720,0.549687,0.519560,0.258778,0.036368,0.000000,0.205672,0.025891,1.000000,intfloat_e5_base_recursive_token_c384_o48/results/intfloat__e5-base_b533fe4636f4a2507c08ddab40644d20b0006d6a/intfloat__e5-base/b533fe4636f4a2507c08ddab40644d20b0006d6a
intfloat_e5_large,hierarchical_section,384,0,0.609196,0.284660,0.173600,0.441570,0.467730,0.281510,0.221010,0.715340,0.826400,0.558430,0.532270,0.214912,0.043945,0.000000,0.206198,0.029974,1.000000,intfloat_e5_large_hierarchical_section_c384_o0/results/intfloat__e5-large_4dc6d853a804b9c8886ede6dda8a073b7dc08a81/intfloat__e5-large/4dc6d853a804b9c8886ede6dda8a073b7dc08a81
intfloat_e5_large,recursive_token,384,16,0.609321,0.288450,0.178620,0.442379,0.487810,0.279410,0.216490,0.711550,0.821380,0.557621,0.512190,0.225189,0.132135,0.000000,0.188344,0.029542,1.000000,intfloat_e5_large_recursive_token_c384_o16/results/intfloat__e5-large_4dc6d853a804b9c8886ede6dda8a073b7dc08a81/intfloat__e5-large/4dc6d853a804b9c8886ede6dda8a073b7dc08a81
nomic_ai_nomic_embed_text_v1,recursive_token,384,64,0.609569,0.287300,0.178900,0.446167,0.487030,0.283610,0.225420,0.712700,0.821100,0.553833,0.512970,0.205176,0.153900,0.000000,0.175768,0.013096,1.000000,nomic_ai_nomic_embed_text_v1_recursive_token_c384_o64/results/nomic-ai__nomic-embed-text-v1_0759316f275aa0cb93a5b830973843ca66babcf5/nomic-ai__nomic-embed-text-v1/0759316f275aa0cb93a5b830973843ca66babcf5
intfloat_e5_large,recursive_token,384,48,0.609739,0.278870,0.170570,0.436766,0.471090,0.266810,0.212920,0.721130,0.829430,0.563234,0.528910,0.201979,0.000617,0.000000,0.208452,0.017151,1.000000,intfloat_e5_large_recursive_token_c384_o48/results/intfloat__e5-large_4dc6d853a804b9c8886ede6dda8a073b7dc08a81/intfloat__e5-large/4dc6d853a804b9c8886ede6dda8a073b7dc08a81
nomic_ai_nomic_embed_text_v1.5,recursive_token,384,48,0.610055,0.281520,0.173060,0.445730,0.468360,0.293070,0.218280,0.718480,0.826940,0.554270,0.531640,0.255195,0.000000,0.000000,0.215413,0.017478,1.000000,nomic_ai_nomic_embed_text_v1.5_recursive_token_c384_o48/results/nomic-ai__nomic-embed-text-v1.5_b0753ae76394dd36bcfb912a46018088bca48be0/nomic-ai__nomic-embed-text-v1.5/b0753ae76394dd36bcfb912a46018088bca48be0
intfloat_e5_small,semantic_fixed,384,0,0.610230,0.289660,0.175760,0.473073,0.445260,0.316180,0.223320,0.710340,0.824240,0.526927,0.554740,0.293693,0.057560,0.000000,0.203600,0.030224,1.000000,intfloat_e5_small_semantic_fixed_c384_o0/results/intfloat__e5-small_e272f3049e853b47cb5ca3952268c6662abda68f/intfloat__e5-small/e272f3049e853b47cb5ca3952268c6662abda68f
intfloat_e5_large,semantic_fixed,384,0,0.610324,0.282740,0.170590,0.453677,0.454760,0.294120,0.220480,0.717260,0.829410,0.546323,0.545240,0.250374,0.000000,0.000000,0.242478,0.023714,1.000000,intfloat_e5_large_semantic_fixed_c384_o0/results/intfloat__e5-large_4dc6d853a804b9c8886ede6dda8a073b7dc08a81/intfloat__e5-large/4dc6d853a804b9c8886ede6dda8a073b7dc08a81
BAAI_bge_base_en_v1.5,hierarchical_section,448,64,0.610555,0.287620,0.179260,0.443513,0.472520,0.283610,0.224370,0.712380,0.820740,0.556487,0.527480,0.208878,0.139907,0.000000,0.172163,-0.000289,1.000000,BAAI_bge_base_en_v1.5_hierarchical_section_c448_o64/results/BAAI__bge-base-en-v1.5_a5beb1e3e68b9ab74eb54cfd186867f64f240e1a/BAAI__bge-base-en-v1.5/a5beb1e3e68b9ab74eb54cfd186867f64f240e1a
BAAI_bge_base_en_v1.5,semantic_fixed,448,48,0.610598,0.289580,0.178600,0.466325,0.475510,0.310920,0.229620,0.710420,0.821400,0.533675,0.524490,0.261482,0.154775,0.000000,0.169548,-0.001006,1.000000,BAAI_bge_base_en_v1.5_semantic_fixed_c448_o48/results/BAAI__bge-base-en-v1.5_a5beb1e3e68b9ab74eb54cfd186867f64f240e1a/BAAI__bge-base-en-v1.5/a5beb1e3e68b9ab74eb54cfd186867f64f240e1a
intfloat_e5_small,hierarchical_section,448,48,0.610601,0.293570,0.182210,0.459238,0.457800,0.304620,0.222270,0.706430,0.817790,0.540762,0.542200,0.270337,0.146723,0.000000,0.182300,0.023289,1.000000,intfloat_e5_small_hierarchical_section_c448_o48/results/intfloat__e5-small_e272f3049e853b47cb5ca3952268c6662abda68f/intfloat__e5-small/e272f3049e853b47cb5ca3952268c6662abda68f
intfloat_e5_base,hierarchical_section,448,16,0.610713,0.286110,0.175360,0.435228,0.464410,0.273110,0.220590,0.713890,0.824640,0.564772,0.535590,0.192303,0.097670,0.000000,0.199972,0.039012,1.000000,intfloat_e5_base_hierarchical_section_c448_o16/results/intfloat__e5-base_b533fe4636f4a2507c08ddab40644d20b0006d6a/intfloat__e5-base/b533fe4636f4a2507c08ddab40644d20b0006d6a
BAAI_bge_base_en_v1.5,semantic_fixed,384,0,0.610792,0.286230,0.175280,0.452063,0.461780,0.287820,0.225000,0.713770,0.824720,0.547937,0.538220,0.218261,0.102457,0.000000,0.186199,0.013381,1.000000,BAAI_bge_base_en_v1.5_semantic_fixed_c384_o0/results/BAAI__bge-base-en-v1.5_a5beb1e3e68b9ab74eb54cfd186867f64f240e1a/BAAI__bge-base-en-v1.5/a5beb1e3e68b9ab74eb54cfd186867f64f240e1a
BAAI_bge_large_en_v1.5,recursive_token,384,32,0.611156,0.286890,0.177620,0.451553,0.481370,0.284660,0.219120,0.713110,0.822380,0.548447,0.518630,0.230240,0.151225,0.000000,0.173476,0.007442,1.000000,BAAI_bge_large_en_v1.5_recursive_token_c384_o32/results/BAAI__bge-large-en-v1.5_d4aa6901d3a41ba39fb536a557fa166f842b0e09/BAAI__bge-large-en-v1.5/d4aa6901d3a41ba39fb536a557fa166f842b0e09
intfloat_e5_base,recursive_token,384,0,0.611382,0.291840,0.180400,0.461974,0.482860,0.299370,0.217440,0.708160,0.819600,0.538026,0.517140,0.273675,0.191795,0.000000,0.182484,0.041686,1.000000,intfloat_e5_base_recursive_token_c384_o0/results/intfloat__e5-base_b533fe4636f4a2507c08ddab40644d20b0006d6a/intfloat__e5-base/b533fe4636f4a2507c08ddab40644d20b0006d6a
intfloat_e5_large,hierarchical_section,448,64,0.611449,0.285070,0.176220,0.440011,0.479100,0.278360,0.221110,0.714930,0.823780,0.559989,0.520900,0.205669,0.132035,0.000000,0.191868,0.036550,1.000000,intfloat_e5_large_hierarchical_section_c448_o64/results/intfloat__e5-large_4dc6d853a804b9c8886ede6dda8a073b7dc08a81/intfloat__e5-large/4dc6d853a804b9c8886ede6dda8a073b7dc08a81
nomic_ai_nomic_embed_text_v1.5,fixed_token,384,48,0.611813,0.278050,0.172860,0.431408,0.468170,0.279410,0.215340,0.721950,0.827140,0.568592,0.531830,0.229305,0.000000,0.000000,0.207642,0.001021,1.000000,nomic_ai_nomic_embed_text_v1.5_fixed_token_c384_o48/results/nomic-ai__nomic-embed-text-v1.5_b0753ae76394dd36bcfb912a46018088bca48be0/nomic-ai__nomic-embed-text-v1.5/b0753ae76394dd36bcfb912a46018088bca48be0
intfloat_multilingual_e5_base,hierarchical_section,448,48,0.612449,0.284590,0.175360,0.459135,0.454160,0.298320,0.215440,0.715410,0.824640,0.540865,0.545840,0.277822,0.060502,0.000000,0.189983,0.004167,1.000000,intfloat_multilingual_e5_base_hierarchical_section_c448_o48/results/intfloat__multilingual-e5-base_d13f1b27baf31030b7fd040960d60d909913633f/intfloat__multilingual-e5-base/d13f1b27baf31030b7fd040960d60d909913633f
nomic_ai_nomic_embed_text_v1,hierarchical_section,384,32,0.612449,0.283310,0.174640,0.445235,0.472460,0.279410,0.222160,0.716690,0.825360,0.554765,0.527540,0.204896,0.127830,0.000000,0.180578,0.012288,1.000000,nomic_ai_nomic_embed_text_v1_hierarchical_section_c384_o32/results/nomic-ai__nomic-embed-text-v1_0759316f275aa0cb93a5b830973843ca66babcf5/nomic-ai__nomic-embed-text-v1/0759316f275aa0cb93a5b830973843ca66babcf5
intfloat_multilingual_e5_base,hierarchical_section,448,16,0.613494,0.290420,0.181530,0.463997,0.455790,0.316180,0.220270,0.709580,0.818470,0.536003,0.544210,0.303340,0.146015,0.000000,0.174790,0.007986,1.000000,intfloat_multilingual_e5_base_hierarchical_section_c448_o16/results/intfloat__multilingual-e5-base_d13f1b27baf31030b7fd040960d60d909913633f/intfloat__multilingual-e5-base/d13f1b27baf31030b7fd040960d60d909913633f
intfloat_e5_small,fixed_token,384,32,0.613752,0.285090,0.175280,0.456138,0.459510,0.306720,0.212500,0.714910,0.824720,0.543862,0.540490,0.307186,0.066082,0.000000,0.209518,0.045469,1.000000,intfloat_e5_small_fixed_token_c384_o32/results/intfloat__e5-small_e272f3049e853b47cb5ca3952268c6662abda68f/intfloat__e5-small/e272f3049e853b47cb5ca3952268c6662abda68f
BAAI_bge_large_en_v1.5,fixed_token,384,48,0.613865,0.278590,0.172550,0.435716,0.473290,0.281510,0.215440,0.721410,0.827450,0.564284,0.526710,0.234699,0.058120,0.000000,0.189328,0.001904,1.000000,BAAI_bge_large_en_v1.5_fixed_token_c384_o48/results/BAAI__bge-large-en-v1.5_d4aa6901d3a41ba39fb536a557fa166f842b0e09/BAAI__bge-large-en-v1.5/d4aa6901d3a41ba39fb536a557fa166f842b0e09
intfloat_e5_large,hierarchical_section,384,16,0.614049,0.279140,0.167170,0.439000,0.459710,0.277310,0.215970,0.720860,0.832830,0.561000,0.540290,0.221197,0.038140,0.000000,0.210402,0.036060,1.000000,intfloat_e5_large_hierarchical_section_c384_o16/results/intfloat__e5-large_4dc6d853a804b9c8886ede6dda8a073b7dc08a81/intfloat__e5-large/4dc6d853a804b9c8886ede6dda8a073b7dc08a81
intfloat_e5_base,hierarchical_section,448,32,0.614199,0.282020,0.172860,0.435774,0.467560,0.277310,0.219120,0.717980,0.827140,0.564226,0.532440,0.209837,0.110428,0.000000,0.197355,0.038881,1.000000,intfloat_e5_base_hierarchical_section_c448_o32/results/intfloat__e5-base_b533fe4636f4a2507c08ddab40644d20b0006d6a/intfloat__e5-base/b533fe4636f4a2507c08ddab40644d20b0006d6a
intfloat_e5_large,fixed_token,384,48,0.614223,0.274340,0.169060,0.428941,0.469270,0.273110,0.211340,0.725660,0.830940,0.571059,0.530730,0.226173,0.000000,0.000000,0.214551,0.019797,1.000000,intfloat_e5_large_fixed_token_c384_o48/results/intfloat__e5-large_4dc6d853a804b9c8886ede6dda8a073b7dc08a81/intfloat__e5-large/4dc6d853a804b9c8886ede6dda8a073b7dc08a81
BAAI_bge_base_en_v1.5,recursive_token,384,16,0.614408,0.285190,0.178080,0.446168,0.472060,0.282560,0.214290,0.714810,0.821920,0.553832,0.527940,0.241612,0.162028,0.000000,0.171643,0.008097,1.000000,BAAI_bge_base_en_v1.5_recursive_token_c384_o16/results/BAAI__bge-base-en-v1.5_a5beb1e3e68b9ab74eb54cfd186867f64f240e1a/BAAI__bge-base-en-v1.5/a5beb1e3e68b9ab74eb54cfd186867f64f240e1a
intfloat_e5_large,semantic_fixed,384,16,0.614652,0.275680,0.166960,0.443778,0.450650,0.282560,0.217330,0.724320,0.833040,0.556222,0.549350,0.230854,0.000000,0.000000,0.205970,-0.003947,1.000000,intfloat_e5_large_semantic_fixed_c384_o16/results/intfloat__e5-large_4dc6d853a804b9c8886ede6dda8a073b7dc08a81/intfloat__e5-large/4dc6d853a804b9c8886ede6dda8a073b7dc08a81
BAAI_bge_large_en_v1.5,fixed_token,384,32,0.615446,0.288490,0.179420,0.443843,0.483370,0.280460,0.218800,0.711510,0.820580,0.556157,0.516630,0.219853,0.257575,0.000000,0.157371,0.017772,1.000000,BAAI_bge_large_en_v1.5_fixed_token_c384_o32/results/BAAI__bge-large-en-v1.5_d4aa6901d3a41ba39fb536a557fa166f842b0e09/BAAI__bge-large-en-v1.5/d4aa6901d3a41ba39fb536a557fa166f842b0e09
intfloat_multilingual_e5_base,hierarchical_section,448,32,0.615495,0.284460,0.176230,0.459822,0.451890,0.307770,0.215340,0.715540,0.823770,0.540178,0.548110,0.300322,0.098063,0.000000,0.188236,0.015697,1.000000,intfloat_multilingual_e5_base_hierarchical_section_c448_o32/results/intfloat__multilingual-e5-base_d13f1b27baf31030b7fd040960d60d909913633f/intfloat__multilingual-e5-base/d13f1b27baf31030b7fd040960d60d909913633f
BAAI_bge_base_en_v1.5,recursive_token,384,0,0.615795,0.284030,0.177180,0.437818,0.475770,0.274160,0.214600,0.715970,0.822820,0.562182,0.524230,0.217245,0.190823,0.000000,0.169375,-0.015079,1.000000,BAAI_bge_base_en_v1.5_recursive_token_c384_o0/results/BAAI__bge-base-en-v1.5_a5beb1e3e68b9ab74eb54cfd186867f64f240e1a/BAAI__bge-base-en-v1.5/a5beb1e3e68b9ab74eb54cfd186867f64f240e1a
intfloat_e5_large,hierarchical_section,384,32,0.616001,0.276470,0.165840,0.433885,0.460520,0.274160,0.213340,0.723530,0.834160,0.566115,0.539480,0.221841,0.038588,0.000000,0.209194,0.033823,1.000000,intfloat_e5_large_hierarchical_section_c384_o32/results/intfloat__e5-large_4dc6d853a804b9c8886ede6dda8a073b7dc08a81/intfloat__e5-large/4dc6d853a804b9c8886ede6dda8a073b7dc08a81
BAAI_bge_large_en_v1.5,hierarchical_section,384,32,0.616048,0.283500,0.173460,0.450661,0.467520,0.295170,0.220170,0.716500,0.826540,0.549339,0.532480,0.254091,0.148575,0.000000,0.170981,0.001392,1.000000,BAAI_bge_large_en_v1.5_hierarchical_section_c384_o32/results/BAAI__bge-large-en-v1.5_d4aa6901d3a41ba39fb536a557fa166f842b0e09/BAAI__bge-large-en-v1.5/d4aa6901d3a41ba39fb536a557fa166f842b0e09
nomic_ai_nomic_embed_text_v1.5,recursive_token,384,64,0.616075,0.275090,0.169910,0.429971,0.464630,0.271010,0.215440,0.724910,0.830090,0.570029,0.535370,0.205048,0.061097,0.000000,0.192230,0.008899,1.000000,nomic_ai_nomic_embed_text_v1.5_recursive_token_c384_o64/results/nomic-ai__nomic-embed-text-v1.5_b0753ae76394dd36bcfb912a46018088bca48be0/nomic-ai__nomic-embed-text-v1.5/b0753ae76394dd36bcfb912a46018088bca48be0
intfloat_e5_small,hierarchical_section,448,64,0.616091,0.288610,0.178340,0.453937,0.450300,0.296220,0.219750,0.711390,0.821660,0.546063,0.549700,0.258153,0.182993,0.000000,0.172029,0.017255,1.000000,intfloat_e5_small_hierarchical_section_c448_o64/results/intfloat__e5-small_e272f3049e853b47cb5ca3952268c6662abda68f/intfloat__e5-small/e272f3049e853b47cb5ca3952268c6662abda68f
intfloat_e5_base,fixed_token,384,64,0.617151,0.279540,0.168500,0.432211,0.480660,0.273110,0.220270,0.720460,0.831500,0.567789,0.519340,0.193475,0.165145,0.000000,0.192768,0.051594,1.000000,intfloat_e5_base_fixed_token_c384_o64/results/intfloat__e5-base_b533fe4636f4a2507c08ddab40644d20b0006d6a/intfloat__e5-base/b533fe4636f4a2507c08ddab40644d20b0006d6a
intfloat_multilingual_e5_base,hierarchical_section,384,0,0.617190,0.279520,0.168130,0.459567,0.429990,0.307770,0.212180,0.720480,0.831870,0.540433,0.570010,0.310589,0.000525,0.000000,0.203128,0.006466,1.000000,intfloat_multilingual_e5_base_hierarchical_section_c384_o0/results/intfloat__multilingual-e5-base_d13f1b27baf31030b7fd040960d60d909913633f/intfloat__multilingual-e5-base/d13f1b27baf31030b7fd040960d60d909913633f
intfloat_multilingual_e5_base,semantic_fixed,448,64,0.617316,0.281620,0.171510,0.464374,0.449820,0.313030,0.226890,0.718380,0.828490,0.535626,0.550180,0.275181,0.120143,0.000000,0.198018,0.044093,1.000000,intfloat_multilingual_e5_base_semantic_fixed_c448_o64/results/intfloat__multilingual-e5-base_d13f1b27baf31030b7fd040960d60d909913633f/intfloat__multilingual-e5-base/d13f1b27baf31030b7fd040960d60d909913633f
intfloat_e5_small,recursive_token,384,16,0.617493,0.287390,0.179060,0.458908,0.451990,0.298320,0.209660,0.712610,0.820940,0.541092,0.548010,0.297198,0.177208,0.000000,0.179328,0.029539,1.000000,intfloat_e5_small_recursive_token_c384_o16/results/intfloat__e5-small_e272f3049e853b47cb5ca3952268c6662abda68f/intfloat__e5-small/e272f3049e853b47cb5ca3952268c6662abda68f
nomic_ai_nomic_embed_text_v1,hierarchical_section,384,64,0.617503,0.279080,0.169090,0.435543,0.469640,0.264710,0.222790,0.720920,0.830910,0.564457,0.530360,0.158362,0.190138,0.000000,0.167134,0.010323,1.000000,nomic_ai_nomic_embed_text_v1_hierarchical_section_c384_o64/results/nomic-ai__nomic-embed-text-v1_0759316f275aa0cb93a5b830973843ca66babcf5/nomic-ai__nomic-embed-text-v1/0759316f275aa0cb93a5b830973843ca66babcf5
intfloat_e5_base,semantic_fixed,448,16,0.617506,0.275670,0.169660,0.431859,0.442780,0.271010,0.215230,0.724330,0.830340,0.568141,0.557220,0.205823,0.053238,0.000000,0.191560,-0.004415,1.000000,intfloat_e5_base_semantic_fixed_c448_o16/results/intfloat__e5-base_b533fe4636f4a2507c08ddab40644d20b0006d6a/intfloat__e5-base/b533fe4636f4a2507c08ddab40644d20b0006d6a
nomic_ai_nomic_embed_text_v1,hierarchical_section,384,48,0.617911,0.285140,0.175500,0.442556,0.473630,0.275210,0.224680,0.714860,0.824500,0.557444,0.526370,0.183605,0.275242,0.000000,0.154097,0.018291,1.000000,nomic_ai_nomic_embed_text_v1_hierarchical_section_c384_o48/results/nomic-ai__nomic-embed-text-v1_0759316f275aa0cb93a5b830973843ca66babcf5/nomic-ai__nomic-embed-text-v1/0759316f275aa0cb93a5b830973843ca66babcf5
intfloat_multilingual_e5_base,hierarchical_section,448,64,0.618030,0.277760,0.168480,0.449095,0.451510,0.292020,0.211240,0.722240,0.831520,0.550905,0.548490,0.276625,0.058953,0.000000,0.189972,0.003525,1.000000,intfloat_multilingual_e5_base_hierarchical_section_c448_o64/results/intfloat__multilingual-e5-base_d13f1b27baf31030b7fd040960d60d909913633f/intfloat__multilingual-e5-base/d13f1b27baf31030b7fd040960d60d909913633f
intfloat_e5_large,recursive_token,384,64,0.618107,0.272990,0.167630,0.424250,0.459640,0.259450,0.209980,0.727010,0.832370,0.575750,0.540360,0.190673,0.066685,0.000000,0.198778,0.024230,1.000000,intfloat_e5_large_recursive_token_c384_o64/results/intfloat__e5-large_4dc6d853a804b9c8886ede6dda8a073b7dc08a81/intfloat__e5-large/4dc6d853a804b9c8886ede6dda8a073b7dc08a81
BAAI_bge_base_en_v1.5,recursive_token,384,32,0.618154,0.281120,0.174040,0.438216,0.470960,0.273110,0.217440,0.718880,0.825960,0.561784,0.529040,0.203837,0.203835,0.000000,0.168288,0.018110,1.000000,BAAI_bge_base_en_v1.5_recursive_token_c384_o32/results/BAAI__bge-base-en-v1.5_a5beb1e3e68b9ab74eb54cfd186867f64f240e1a/BAAI__bge-base-en-v1.5/a5beb1e3e68b9ab74eb54cfd186867f64f240e1a
nomic_ai_nomic_embed_text_v1.5,fixed_token,384,64,0.618255,0.275090,0.168330,0.425983,0.468920,0.268910,0.215650,0.724910,0.831670,0.574017,0.531080,0.198059,0.105983,0.000000,0.198589,0.039571,1.000000,nomic_ai_nomic_embed_text_v1.5_fixed_token_c384_o64/results/nomic-ai__nomic-embed-text-v1.5_b0753ae76394dd36bcfb912a46018088bca48be0/nomic-ai__nomic-embed-text-v1.5/b0753ae76394dd36bcfb912a46018088bca48be0
nomic_ai_nomic_embed_text_v1.5,fixed_token,320,0,0.618284,0.275220,0.166980,0.445740,0.456590,0.289920,0.212080,0.724780,0.833020,0.554260,0.543410,0.268488,0.046760,0.000000,0.203193,0.025090,1.000000,nomic_ai_nomic_embed_text_v1.5_fixed_token_c320_o0/results/nomic-ai__nomic-embed-text-v1.5_b0753ae76394dd36bcfb912a46018088bca48be0/nomic-ai__nomic-embed-text-v1.5/b0753ae76394dd36bcfb912a46018088bca48be0
BAAI_bge_large_en_v1.5,hierarchical_section,384,48,0.618561,0.279200,0.169800,0.441920,0.463380,0.285710,0.217330,0.720800,0.830200,0.558080,0.536620,0.239334,0.134483,0.000000,0.180314,0.014421,1.000000,BAAI_bge_large_en_v1.5_hierarchical_section_c384_o48/results/BAAI__bge-large-en-v1.5_d4aa6901d3a41ba39fb536a557fa166f842b0e09/BAAI__bge-large-en-v1.5/d4aa6901d3a41ba39fb536a557fa166f842b0e09
intfloat_e5_small,recursive_token,384,0,0.618648,0.287180,0.178070,0.458474,0.453870,0.292020,0.209980,0.712820,0.821930,0.541526,0.546130,0.280940,0.213605,0.000000,0.179240,0.043922,1.000000,intfloat_e5_small_recursive_token_c384_o0/results/intfloat__e5-small_e272f3049e853b47cb5ca3952268c6662abda68f/intfloat__e5-small/e272f3049e853b47cb5ca3952268c6662abda68f
intfloat_multilingual_e5_base,semantic_fixed,448,48,0.618869,0.285470,0.175330,0.466613,0.458010,0.309870,0.230360,0.714530,0.824670,0.533387,0.541990,0.256591,0.240583,0.000000,0.155646,-0.007525,1.000000,intfloat_multilingual_e5_base_semantic_fixed_c448_o48/results/intfloat__multilingual-e5-base_d13f1b27baf31030b7fd040960d60d909913633f/intfloat__multilingual-e5-base/d13f1b27baf31030b7fd040960d60d909913633f
intfloat_e5_small,semantic_fixed,384,16,0.619293,0.279100,0.167230,0.459172,0.441450,0.306720,0.221220,0.720900,0.832770,0.540828,0.558550,0.278756,0.089165,0.000000,0.194917,0.025500,1.000000,intfloat_e5_small_semantic_fixed_c384_o16/results/intfloat__e5-small_e272f3049e853b47cb5ca3952268c6662abda68f/intfloat__e5-small/e272f3049e853b47cb5ca3952268c6662abda68f
nomic_ai_nomic_embed_text_v1,recursive_token,320,16,0.619718,0.270310,0.161550,0.426145,0.459160,0.263660,0.212710,0.729690,0.838450,0.573855,0.540840,0.193241,0.050710,0.000000,0.200039,0.020362,1.000000,nomic_ai_nomic_embed_text_v1_recursive_token_c320_o16/results/nomic-ai__nomic-embed-text-v1_0759316f275aa0cb93a5b830973843ca66babcf5/nomic-ai__nomic-embed-text-v1/0759316f275aa0cb93a5b830973843ca66babcf5
intfloat_e5_base,semantic_fixed,448,0,0.619813,0.285960,0.178400,0.444504,0.451320,0.293070,0.218590,0.714040,0.821600,0.555496,0.548680,0.254137,0.221013,0.000000,0.170459,-0.029323,1.000000,intfloat_e5_base_semantic_fixed_c448_o0/results/intfloat__e5-base_b533fe4636f4a2507c08ddab40644d20b0006d6a/intfloat__e5-base/b533fe4636f4a2507c08ddab40644d20b0006d6a
nomic_ai_nomic_embed_text_v1,fixed_token,320,16,0.619843,0.271580,0.163790,0.427373,0.464330,0.271010,0.213450,0.728420,0.836210,0.572627,0.535670,0.212391,0.067248,0.000000,0.212249,0.051397,1.000000,nomic_ai_nomic_embed_text_v1_fixed_token_c320_o16/results/nomic-ai__nomic-embed-text-v1_0759316f275aa0cb93a5b830973843ca66babcf5/nomic-ai__nomic-embed-text-v1/0759316f275aa0cb93a5b830973843ca66babcf5
nomic_ai_nomic_embed_text_v1.5,hierarchical_section,384,64,0.619843,0.267670,0.160470,0.416792,0.453210,0.238450,0.214080,0.732330,0.839530,0.583208,0.546790,0.102202,0.085575,0.000000,0.185911,0.006052,1.000000,nomic_ai_nomic_embed_text_v1.5_hierarchical_section_c384_o64/results/nomic-ai__nomic-embed-text-v1.5_b0753ae76394dd36bcfb912a46018088bca48be0/nomic-ai__nomic-embed-text-v1.5/b0753ae76394dd36bcfb912a46018088bca48be0
intfloat_e5_base,hierarchical_section,448,48,0.619869,0.279580,0.170470,0.430488,0.464300,0.272060,0.218170,0.720420,0.829530,0.569512,0.535700,0.198081,0.186978,0.000000,0.188714,0.052219,1.000000,intfloat_e5_base_hierarchical_section_c448_o48/results/intfloat__e5-base_b533fe4636f4a2507c08ddab40644d20b0006d6a/intfloat__e5-base/b533fe4636f4a2507c08ddab40644d20b0006d6a
BAAI_bge_large_en_v1.5,semantic_fixed,384,32,0.620010,0.281070,0.172190,0.448740,0.462320,0.287820,0.225320,0.718930,0.827810,0.551260,0.537680,0.217150,0.223558,0.000000,0.165806,0.021035,1.000000,BAAI_bge_large_en_v1.5_semantic_fixed_c384_o32/results/BAAI__bge-large-en-v1.5_d4aa6901d3a41ba39fb536a557fa166f842b0e09/BAAI__bge-large-en-v1.5/d4aa6901d3a41ba39fb536a557fa166f842b0e09
BAAI_bge_base_en_v1.5,fixed_token,384,16,0.620014,0.289770,0.179360,0.437843,0.483010,0.276260,0.219120,0.710230,0.820640,0.562157,0.516990,0.206834,0.360525,0.000000,0.136249,0.016708,1.000000,BAAI_bge_base_en_v1.5_fixed_token_c384_o16/results/BAAI__bge-base-en-v1.5_a5beb1e3e68b9ab74eb54cfd186867f64f240e1a/BAAI__bge-base-en-v1.5/a5beb1e3e68b9ab74eb54cfd186867f64f240e1a
intfloat_e5_large,fixed_token,384,64,0.620109,0.273310,0.166280,0.425594,0.467140,0.261550,0.209560,0.726690,0.833720,0.574406,0.532860,0.198777,0.113778,0.000000,0.193872,0.033255,1.000000,intfloat_e5_large_fixed_token_c384_o64/results/intfloat__e5-large_4dc6d853a804b9c8886ede6dda8a073b7dc08a81/intfloat__e5-large/4dc6d853a804b9c8886ede6dda8a073b7dc08a81
intfloat_multilingual_e5_base,recursive_token,448,16,0.620391,0.286320,0.177580,0.455016,0.468380,0.305670,0.208090,0.713680,0.822420,0.544984,0.531620,0.319233,0.222578,0.000000,0.163631,0.016293,1.000000,intfloat_multilingual_e5_base_recursive_token_c448_o16/results/intfloat__multilingual-e5-base_d13f1b27baf31030b7fd040960d60d909913633f/intfloat__multilingual-e5-base/d13f1b27baf31030b7fd040960d60d909913633f
nomic_ai_nomic_embed_text_v1,recursive_token,320,0,0.620414,0.267780,0.160370,0.422765,0.460090,0.254200,0.209240,0.732220,0.839630,0.577235,0.539910,0.176869,0.048623,0.000000,0.206770,0.032989,1.000000,nomic_ai_nomic_embed_text_v1_recursive_token_c320_o0/results/nomic-ai__nomic-embed-text-v1_0759316f275aa0cb93a5b830973843ca66babcf5/nomic-ai__nomic-embed-text-v1/0759316f275aa0cb93a5b830973843ca66babcf5
nomic_ai_nomic_embed_text_v1.5,hierarchical_section,384,32,0.620567,0.273610,0.167700,0.438169,0.451850,0.273110,0.213870,0.726390,0.832300,0.561831,0.548150,0.216909,0.107757,0.000000,0.184011,0.011125,1.000000,nomic_ai_nomic_embed_text_v1.5_hierarchical_section_c384_o32/results/nomic-ai__nomic-embed-text-v1.5_b0753ae76394dd36bcfb912a46018088bca48be0/nomic-ai__nomic-embed-text-v1.5/b0753ae76394dd36bcfb912a46018088bca48be0
BAAI_bge_base_en_v1.5,semantic_fixed,384,16,0.621111,0.278750,0.168730,0.444825,0.450350,0.287820,0.218590,0.721250,0.831270,0.555175,0.549650,0.240532,0.155718,0.000000,0.172712,-0.007711,1.000000,BAAI_bge_base_en_v1.5_semantic_fixed_c384_o16/results/BAAI__bge-base-en-v1.5_a5beb1e3e68b9ab74eb54cfd186867f64f240e1a/BAAI__bge-base-en-v1.5/a5beb1e3e68b9ab74eb54cfd186867f64f240e1a
BAAI_bge_large_en_v1.5,recursive_token,384,48,0.621350,0.284280,0.178710,0.453254,0.473310,0.295170,0.218170,0.715720,0.821290,0.546746,0.526690,0.260867,0.292623,0.000000,0.142155,0.001359,1.000000,BAAI_bge_large_en_v1.5_recursive_token_c384_o48/results/BAAI__bge-large-en-v1.5_d4aa6901d3a41ba39fb536a557fa166f842b0e09/BAAI__bge-large-en-v1.5/d4aa6901d3a41ba39fb536a557fa166f842b0e09
intfloat_e5_small,hierarchical_section,384,16,0.621832,0.281300,0.170510,0.462499,0.440720,0.308820,0.211660,0.718700,0.829490,0.537501,0.559280,0.314617,0.142195,0.000000,0.192517,0.041912,1.000000,intfloat_e5_small_hierarchical_section_c384_o16/results/intfloat__e5-small_e272f3049e853b47cb5ca3952268c6662abda68f/intfloat__e5-small/e272f3049e853b47cb5ca3952268c6662abda68f
intfloat_e5_base,recursive_token,384,64,0.622241,0.273310,0.166740,0.434846,0.467490,0.273110,0.211130,0.726690,0.833260,0.565154,0.532510,0.226942,0.149308,0.000000,0.185202,0.030127,1.000000,intfloat_e5_base_recursive_token_c384_o64/results/intfloat__e5-base_b533fe4636f4a2507c08ddab40644d20b0006d6a/intfloat__e5-base/b533fe4636f4a2507c08ddab40644d20b0006d6a
intfloat_e5_small,hierarchical_section,384,0,0.622402,0.283240,0.172770,0.458668,0.439490,0.305670,0.214920,0.716760,0.827230,0.541332,0.560510,0.296889,0.187715,0.000000,0.170103,0.015292,1.000000,intfloat_e5_small_hierarchical_section_c384_o0/results/intfloat__e5-small_e272f3049e853b47cb5ca3952268c6662abda68f/intfloat__e5-small/e272f3049e853b47cb5ca3952268c6662abda68f
BAAI_bge_base_en_v1.5,hierarchical_section,384,0,0.622475,0.284300,0.174470,0.455220,0.460810,0.302520,0.219540,0.715700,0.825530,0.544780,0.539190,0.274296,0.263853,0.000000,0.153777,-0.013095,1.000000,BAAI_bge_base_en_v1.5_hierarchical_section_c384_o0/results/BAAI__bge-base-en-v1.5_a5beb1e3e68b9ab74eb54cfd186867f64f240e1a/BAAI__bge-base-en-v1.5/a5beb1e3e68b9ab74eb54cfd186867f64f240e1a
intfloat_multilingual_e5_base,fixed_token,384,0,0.622534,0.278610,0.171050,0.443232,0.447850,0.293070,0.208510,0.721390,0.828950,0.556768,0.552150,0.288532,0.136010,0.000000,0.204170,0.062744,1.000000,intfloat_multilingual_e5_base_fixed_token_c384_o0/results/intfloat__multilingual-e5-base_d13f1b27baf31030b7fd040960d60d909913633f/intfloat__multilingual-e5-base/d13f1b27baf31030b7fd040960d60d909913633f
intfloat_multilingual_e5_base,fixed_token,448,48,0.622557,0.292640,0.184580,0.454050,0.480130,0.302520,0.218070,0.707360,0.815420,0.545950,0.519870,0.279155,0.412425,0.000000,0.141983,0.048936,1.000000,intfloat_multilingual_e5_base_fixed_token_c448_o48/results/intfloat__multilingual-e5-base_d13f1b27baf31030b7fd040960d60d909913633f/intfloat__multilingual-e5-base/d13f1b27baf31030b7fd040960d60d909913633f
nomic_ai_nomic_embed_text_v1.5,hierarchical_section,384,48,0.622639,0.274420,0.168050,0.431411,0.458110,0.268910,0.215230,0.725580,0.831950,0.568589,0.541890,0.199621,0.174175,0.000000,0.177849,0.025368,1.000000,nomic_ai_nomic_embed_text_v1.5_hierarchical_section_c384_o48/results/nomic-ai__nomic-embed-text-v1.5_b0753ae76394dd36bcfb912a46018088bca48be0/nomic-ai__nomic-embed-text-v1.5/b0753ae76394dd36bcfb912a46018088bca48be0
intfloat_multilingual_e5_base,fixed_token,448,64,0.622646,0.284140,0.177250,0.433997,0.467810,0.277310,0.213240,0.715860,0.822750,0.566003,0.532190,0.231041,0.291755,0.000000,0.176179,0.069060,1.000000,intfloat_multilingual_e5_base_fixed_token_c448_o64/results/intfloat__multilingual-e5-base_d13f1b27baf31030b7fd040960d60d909913633f/intfloat__multilingual-e5-base/d13f1b27baf31030b7fd040960d60d909913633f
intfloat_e5_large,hierarchical_section,384,48,0.622673,0.272950,0.162690,0.428926,0.460470,0.271010,0.211450,0.727050,0.837310,0.571074,0.539530,0.219771,0.119785,0.000000,0.193575,0.035064,1.000000,intfloat_e5_large_hierarchical_section_c384_o48/results/intfloat__e5-large_4dc6d853a804b9c8886ede6dda8a073b7dc08a81/intfloat__e5-large/4dc6d853a804b9c8886ede6dda8a073b7dc08a81
intfloat_e5_large,hierarchical_section,384,64,0.622674,0.266330,0.157020,0.415991,0.454330,0.248950,0.211450,0.733670,0.842980,0.584009,0.545670,0.150633,0.068530,0.000000,0.199697,0.026806,1.000000,intfloat_e5_large_hierarchical_section_c384_o64/results/intfloat__e5-large_4dc6d853a804b9c8886ede6dda8a073b7dc08a81/intfloat__e5-large/4dc6d853a804b9c8886ede6dda8a073b7dc08a81
intfloat_multilingual_e5_base,recursive_token,448,0,0.622977,0.289530,0.182150,0.455356,0.470750,0.307770,0.210500,0.710470,0.817850,0.544644,0.529250,0.316048,0.330080,0.000000,0.141982,0.015996,1.000000,intfloat_multilingual_e5_base_recursive_token_c448_o0/results/intfloat__multilingual-e5-base_d13f1b27baf31030b7fd040960d60d909913633f/intfloat__multilingual-e5-base/d13f1b27baf31030b7fd040960d60d909913633f
intfloat_e5_small,recursive_token,384,32,0.623028,0.279980,0.172770,0.447276,0.454380,0.282560,0.208190,0.720020,0.827230,0.552724,0.545620,0.263201,0.211577,0.000000,0.180485,0.045601,1.000000,intfloat_e5_small_recursive_token_c384_o32/results/intfloat__e5-small_e272f3049e853b47cb5ca3952268c6662abda68f/intfloat__e5-small/e272f3049e853b47cb5ca3952268c6662abda68f
intfloat_e5_base,hierarchical_section,448,64,0.623667,0.276190,0.167730,0.430710,0.457520,0.264710,0.216180,0.723810,0.832270,0.569290,0.542480,0.183333,0.223095,0.000000,0.169233,0.027704,1.000000,intfloat_e5_base_hierarchical_section_c448_o64/results/intfloat__e5-base_b533fe4636f4a2507c08ddab40644d20b0006d6a/intfloat__e5-base/b533fe4636f4a2507c08ddab40644d20b0006d6a
intfloat_e5_small,semantic_fixed,384,32,0.623817,0.272790,0.164080,0.451373,0.438950,0.295170,0.217020,0.727210,0.835920,0.548627,0.561050,0.264763,0.103660,0.000000,0.197020,0.035504,1.000000,intfloat_e5_small_semantic_fixed_c384_o32/results/intfloat__e5-small_e272f3049e853b47cb5ca3952268c6662abda68f/intfloat__e5-small/e272f3049e853b47cb5ca3952268c6662abda68f
intfloat_e5_base,fixed_token,320,0,0.624706,0.273400,0.164560,0.434998,0.460230,0.275210,0.211550,0.726600,0.835440,0.565002,0.539770,0.231314,0.172105,0.000000,0.182144,0.033130,1.000000,intfloat_e5_base_fixed_token_c320_o0/results/intfloat__e5-base_b533fe4636f4a2507c08ddab40644d20b0006d6a/intfloat__e5-base/b533fe4636f4a2507c08ddab40644d20b0006d6a
BAAI_bge_base_en_v1.5,hierarchical_section,384,16,0.625148,0.278130,0.169170,0.448732,0.454630,0.296220,0.213340,0.721870,0.830830,0.551268,0.545370,0.279792,0.209750,0.000000,0.166008,0.015916,1.000000,BAAI_bge_base_en_v1.5_hierarchical_section_c384_o16/results/BAAI__bge-base-en-v1.5_a5beb1e3e68b9ab74eb54cfd186867f64f240e1a/BAAI__bge-base-en-v1.5/a5beb1e3e68b9ab74eb54cfd186867f64f240e1a
intfloat_e5_small,fixed_token,384,48,0.625429,0.275870,0.171610,0.442870,0.444120,0.296220,0.204730,0.724130,0.828390,0.557130,0.555880,0.308858,0.142973,0.000000,0.176399,0.009987,1.000000,intfloat_e5_small_fixed_token_c384_o48/results/intfloat__e5-small_e272f3049e853b47cb5ca3952268c6662abda68f/intfloat__e5-small/e272f3049e853b47cb5ca3952268c6662abda68f
BAAI_bge_base_en_v1.5,fixed_token,384,32,0.625472,0.278600,0.171790,0.438169,0.467680,0.279410,0.209350,0.721400,0.828210,0.561831,0.532320,0.250743,0.264960,0.000000,0.155278,0.016540,1.000000,BAAI_bge_base_en_v1.5_fixed_token_c384_o32/results/BAAI__bge-base-en-v1.5_a5beb1e3e68b9ab74eb54cfd186867f64f240e1a/BAAI__bge-base-en-v1.5/a5beb1e3e68b9ab74eb54cfd186867f64f240e1a
intfloat_e5_large,semantic_fixed,384,48,0.625630,0.261690,0.157940,0.427368,0.433560,0.273110,0.212820,0.738310,0.842060,0.572632,0.566440,0.220754,0.000665,0.000000,0.209487,0.019240,1.000000,intfloat_e5_large_semantic_fixed_c384_o48/results/intfloat__e5-large_4dc6d853a804b9c8886ede6dda8a073b7dc08a81/intfloat__e5-large/4dc6d853a804b9c8886ede6dda8a073b7dc08a81
intfloat_e5_base,hierarchical_section,384,0,0.625681,0.271690,0.162770,0.435578,0.450930,0.267860,0.212920,0.728310,0.837230,0.564422,0.549070,0.205107,0.177815,0.000000,0.178232,0.027590,1.000000,intfloat_e5_base_hierarchical_section_c384_o0/results/intfloat__e5-base_b533fe4636f4a2507c08ddab40644d20b0006d6a/intfloat__e5-base/b533fe4636f4a2507c08ddab40644d20b0006d6a
nomic_ai_nomic_embed_text_v1,hierarchical_section,320,0,0.625854,0.271190,0.162870,0.439350,0.452650,0.271010,0.214080,0.728810,0.837130,0.560650,0.547350,0.210066,0.183213,0.000000,0.171917,0.017119,1.000000,nomic_ai_nomic_embed_text_v1_hierarchical_section_c320_o0/results/nomic-ai__nomic-embed-text-v1_0759316f275aa0cb93a5b830973843ca66babcf5/nomic-ai__nomic-embed-text-v1/0759316f275aa0cb93a5b830973843ca66babcf5
intfloat_e5_large,semantic_fixed,384,32,0.625931,0.269050,0.162480,0.438471,0.442100,0.284660,0.211870,0.730950,0.837520,0.561529,0.557900,0.255709,0.095433,0.000000,0.192842,0.023857,1.000000,intfloat_e5_large_semantic_fixed_c384_o32/results/intfloat__e5-large_4dc6d853a804b9c8886ede6dda8a073b7dc08a81/intfloat__e5-large/4dc6d853a804b9c8886ede6dda8a073b7dc08a81
intfloat_e5_base,semantic_fixed,448,32,0.626014,0.272600,0.164270,0.434765,0.443180,0.271010,0.214500,0.727400,0.835730,0.565235,0.556820,0.208516,0.178130,0.000000,0.175806,-0.022864,1.000000,intfloat_e5_base_semantic_fixed_c448_o32/results/intfloat__e5-base_b533fe4636f4a2507c08ddab40644d20b0006d6a/intfloat__e5-base/b533fe4636f4a2507c08ddab40644d20b0006d6a
BAAI_bge_large_en_v1.5,recursive_token,384,64,0.626277,0.279240,0.173050,0.441622,0.470850,0.286760,0.217120,0.720760,0.826950,0.558378,0.529150,0.242851,0.312993,0.000000,0.138105,-0.001407,1.000000,BAAI_bge_large_en_v1.5_recursive_token_c384_o64/results/BAAI__bge-large-en-v1.5_d4aa6901d3a41ba39fb536a557fa166f842b0e09/BAAI__bge-large-en-v1.5/d4aa6901d3a41ba39fb536a557fa166f842b0e09
intfloat_e5_base,hierarchical_section,384,16,0.626846,0.266360,0.157210,0.431724,0.442590,0.262610,0.206620,0.733640,0.842790,0.568276,0.557410,0.213206,0.098420,0.000000,0.201897,0.043162,1.000000,intfloat_e5_base_hierarchical_section_c384_o16/results/intfloat__e5-base_b533fe4636f4a2507c08ddab40644d20b0006d6a/intfloat__e5-base/b533fe4636f4a2507c08ddab40644d20b0006d6a
intfloat_e5_large,fixed_token,320,0,0.626983,0.273070,0.165730,0.438420,0.456920,0.284660,0.208190,0.726930,0.834270,0.561580,0.543080,0.268636,0.182260,0.000000,0.177959,0.028822,1.000000,intfloat_e5_large_fixed_token_c320_o0/results/intfloat__e5-large_4dc6d853a804b9c8886ede6dda8a073b7dc08a81/intfloat__e5-large/4dc6d853a804b9c8886ede6dda8a073b7dc08a81
intfloat_e5_small,hierarchical_section,384,32,0.627293,0.278270,0.168590,0.458019,0.434000,0.304620,0.208720,0.721730,0.831410,0.541981,0.566000,0.314818,0.193877,0.000000,0.171994,0.021539,1.000000,intfloat_e5_small_hierarchical_section_c384_o32/results/intfloat__e5-small_e272f3049e853b47cb5ca3952268c6662abda68f/intfloat__e5-small/e272f3049e853b47cb5ca3952268c6662abda68f
nomic_ai_nomic_embed_text_v1,fixed_token,320,32,0.627634,0.266160,0.162610,0.421183,0.447840,0.258400,0.209450,0.733840,0.837390,0.578817,0.552160,0.189435,0.147177,0.000000,0.171736,-0.002343,1.000000,nomic_ai_nomic_embed_text_v1_fixed_token_c320_o32/results/nomic-ai__nomic-embed-text-v1_0759316f275aa0cb93a5b830973843ca66babcf5/nomic-ai__nomic-embed-text-v1/0759316f275aa0cb93a5b830973843ca66babcf5
nomic_ai_nomic_embed_text_v1.5,fixed_token,320,16,0.627719,0.259360,0.155540,0.415769,0.439360,0.259450,0.202100,0.740640,0.844460,0.584231,0.560640,0.221045,0.000000,0.000000,0.221141,0.031823,1.000000,nomic_ai_nomic_embed_text_v1.5_fixed_token_c320_o16/results/nomic-ai__nomic-embed-text-v1.5_b0753ae76394dd36bcfb912a46018088bca48be0/nomic-ai__nomic-embed-text-v1.5/b0753ae76394dd36bcfb912a46018088bca48be0
nomic_ai_nomic_embed_text_v1,recursive_token,320,32,0.628380,0.264870,0.159070,0.424115,0.451550,0.263660,0.206090,0.735130,0.840930,0.575885,0.548450,0.218349,0.120695,0.000000,0.188400,0.025078,1.000000,nomic_ai_nomic_embed_text_v1_recursive_token_c320_o32/results/nomic-ai__nomic-embed-text-v1_0759316f275aa0cb93a5b830973843ca66babcf5/nomic-ai__nomic-embed-text-v1/0759316f275aa0cb93a5b830973843ca66babcf5
BAAI_bge_large_en_v1.5,semantic_recursive,448,32,0.628929,0.271880,0.164910,0.441848,0.439090,0.282560,0.216910,0.728120,0.835090,0.558152,0.560910,0.232340,0.214680,0.000000,0.159515,-0.004902,1.000000,BAAI_bge_large_en_v1.5_semantic_recursive_c448_o32/results/BAAI__bge-large-en-v1.5_d4aa6901d3a41ba39fb536a557fa166f842b0e09/BAAI__bge-large-en-v1.5/d4aa6901d3a41ba39fb536a557fa166f842b0e09
BAAI_bge_large_en_v1.5,semantic_fixed,384,64,0.629119,0.271390,0.164370,0.443650,0.454420,0.281510,0.222060,0.728610,0.835630,0.556350,0.545580,0.211183,0.267330,0.000000,0.150967,-0.008866,1.000000,BAAI_bge_large_en_v1.5_semantic_fixed_c384_o64/results/BAAI__bge-large-en-v1.5_d4aa6901d3a41ba39fb536a557fa166f842b0e09/BAAI__bge-large-en-v1.5/d4aa6901d3a41ba39fb536a557fa166f842b0e09
intfloat_e5_large,semantic_recursive,448,32,0.629119,0.259030,0.155380,0.418771,0.421550,0.255250,0.206200,0.740970,0.844620,0.581229,0.578450,0.192165,0.023652,0.000000,0.195476,-0.000413,1.000000,intfloat_e5_large_semantic_recursive_c448_o32/results/intfloat__e5-large_4dc6d853a804b9c8886ede6dda8a073b7dc08a81/intfloat__e5-large/4dc6d853a804b9c8886ede6dda8a073b7dc08a81
nomic_ai_nomic_embed_text_v1.5,recursive_token,320,16,0.629123,0.256720,0.152350,0.412480,0.436960,0.252100,0.201370,0.743280,0.847650,0.587520,0.563040,0.201230,0.000000,0.000000,0.215962,0.003896,1.000000,nomic_ai_nomic_embed_text_v1.5_recursive_token_c320_o16/results/nomic-ai__nomic-embed-text-v1.5_b0753ae76394dd36bcfb912a46018088bca48be0/nomic-ai__nomic-embed-text-v1.5/b0753ae76394dd36bcfb912a46018088bca48be0
intfloat_e5_base,semantic_fixed,448,48,0.629407,0.267700,0.162210,0.436137,0.436420,0.283610,0.211240,0.732300,0.837790,0.563863,0.563580,0.255174,0.136220,0.000000,0.176606,-0.007700,1.000000,intfloat_e5_base_semantic_fixed_c448_o48/results/intfloat__e5-base_b533fe4636f4a2507c08ddab40644d20b0006d6a/intfloat__e5-base/b533fe4636f4a2507c08ddab40644d20b0006d6a
BAAI_bge_large_en_v1.5,hierarchical_section,384,64,0.629763,0.272430,0.162070,0.430149,0.460310,0.271010,0.216180,0.727570,0.837930,0.569851,0.539690,0.202317,0.274005,0.000000,0.161624,0.032850,1.000000,BAAI_bge_large_en_v1.5_hierarchical_section_c384_o64/results/BAAI__bge-large-en-v1.5_d4aa6901d3a41ba39fb536a557fa166f842b0e09/BAAI__bge-large-en-v1.5/d4aa6901d3a41ba39fb536a557fa166f842b0e09
intfloat_multilingual_e5_base,recursive_token,448,48,0.629767,0.278000,0.170270,0.448968,0.443880,0.299370,0.203470,0.722000,0.829730,0.551032,0.556120,0.320339,0.243773,0.000000,0.166310,0.030129,1.000000,intfloat_multilingual_e5_base_recursive_token_c448_o48/results/intfloat__multilingual-e5-base_d13f1b27baf31030b7fd040960d60d909913633f/intfloat__multilingual-e5-base/d13f1b27baf31030b7fd040960d60d909913633f
intfloat_e5_small,semantic_fixed,384,64,0.629971,0.263620,0.157140,0.439846,0.427080,0.279410,0.212920,0.736380,0.842860,0.560154,0.572920,0.237966,0.096450,0.000000,0.182177,0.002934,1.000000,intfloat_e5_small_semantic_fixed_c384_o64/results/intfloat__e5-small_e272f3049e853b47cb5ca3952268c6662abda68f/intfloat__e5-small/e272f3049e853b47cb5ca3952268c6662abda68f
intfloat_e5_large,semantic_fixed,384,64,0.630066,0.258040,0.153450,0.422900,0.431420,0.266810,0.207880,0.741960,0.846550,0.577100,0.568580,0.220869,0.025248,0.000000,0.198176,0.006451,1.000000,intfloat_e5_large_semantic_fixed_c384_o64/results/intfloat__e5-large_4dc6d853a804b9c8886ede6dda8a073b7dc08a81/intfloat__e5-large/4dc6d853a804b9c8886ede6dda8a073b7dc08a81
intfloat_multilingual_e5_base,recursive_token,448,32,0.630135,0.279420,0.171590,0.443574,0.455600,0.298320,0.207350,0.720580,0.828410,0.556426,0.544400,0.304941,0.297245,0.000000,0.157666,0.034230,1.000000,intfloat_multilingual_e5_base_recursive_token_c448_o32/results/intfloat__multilingual-e5-base_d13f1b27baf31030b7fd040960d60d909913633f/intfloat__multilingual-e5-base/d13f1b27baf31030b7fd040960d60d909913633f
BAAI_bge_large_en_v1.5,semantic_fixed,384,48,0.630248,0.272090,0.165310,0.432844,0.461020,0.274160,0.221220,0.727910,0.834690,0.567156,0.538980,0.193099,0.309642,0.000000,0.145710,-0.015277,1.000000,BAAI_bge_large_en_v1.5_semantic_fixed_c384_o48/results/BAAI__bge-large-en-v1.5_d4aa6901d3a41ba39fb536a557fa166f842b0e09/BAAI__bge-large-en-v1.5/d4aa6901d3a41ba39fb536a557fa166f842b0e09
BAAI_bge_large_en_v1.5,fixed_token,320,0,0.630399,0.272070,0.163570,0.433275,0.456930,0.275210,0.211130,0.727930,0.836430,0.566725,0.543070,0.232840,0.258455,0.000000,0.148577,-0.000536,1.000000,BAAI_bge_large_en_v1.5_fixed_token_c320_o0/results/BAAI__bge-large-en-v1.5_d4aa6901d3a41ba39fb536a557fa166f842b0e09/BAAI__bge-large-en-v1.5/d4aa6901d3a41ba39fb536a557fa166f842b0e09
nomic_ai_nomic_embed_text_v1.5,recursive_token,320,0,0.630485,0.254650,0.151000,0.409796,0.434890,0.247900,0.199580,0.745350,0.849000,0.590204,0.565110,0.194917,0.000000,0.000000,0.224237,0.024468,1.000000,nomic_ai_nomic_embed_text_v1.5_recursive_token_c320_o0/results/nomic-ai__nomic-embed-text-v1.5_b0753ae76394dd36bcfb912a46018088bca48be0/nomic-ai__nomic-embed-text-v1.5/b0753ae76394dd36bcfb912a46018088bca48be0
intfloat_multilingual_e5_base,semantic_fixed,384,0,0.630572,0.272800,0.165540,0.452129,0.426530,0.305670,0.214600,0.727200,0.834460,0.547871,0.573470,0.297936,0.188178,0.000000,0.178746,0.032763,1.000000,intfloat_multilingual_e5_base_semantic_fixed_c384_o0/results/intfloat__multilingual-e5-base_d13f1b27baf31030b7fd040960d60d909913633f/intfloat__multilingual-e5-base/d13f1b27baf31030b7fd040960d60d909913633f
intfloat_e5_base,hierarchical_section,384,32,0.631018,0.264040,0.157230,0.425433,0.445500,0.260500,0.204830,0.735960,0.842770,0.574567,0.554500,0.213704,0.153800,0.000000,0.180652,0.022824,1.000000,intfloat_e5_base_hierarchical_section_c384_o32/results/intfloat__e5-base_b533fe4636f4a2507c08ddab40644d20b0006d6a/intfloat__e5-base/b533fe4636f4a2507c08ddab40644d20b0006d6a
BAAI_bge_base_en_v1.5,hierarchical_section,384,48,0.631106,0.270930,0.164540,0.437297,0.447710,0.285710,0.209030,0.729070,0.835460,0.562703,0.552290,0.268384,0.220275,0.000000,0.159691,0.007492,1.000000,BAAI_bge_base_en_v1.5_hierarchical_section_c384_o48/results/BAAI__bge-base-en-v1.5_a5beb1e3e68b9ab74eb54cfd186867f64f240e1a/BAAI__bge-base-en-v1.5/a5beb1e3e68b9ab74eb54cfd186867f64f240e1a
BAAI_bge_base_en_v1.5,fixed_token,384,48,0.631125,0.269350,0.165990,0.429652,0.458770,0.277310,0.207040,0.730650,0.834010,0.570348,0.541230,0.253399,0.234050,0.000000,0.156489,-0.006598,1.000000,BAAI_bge_base_en_v1.5_fixed_token_c384_o48/results/BAAI__bge-base-en-v1.5_a5beb1e3e68b9ab74eb54cfd186867f64f240e1a/BAAI__bge-base-en-v1.5/a5beb1e3e68b9ab74eb54cfd186867f64f240e1a
intfloat_e5_base,semantic_fixed,448,64,0.631556,0.267920,0.161540,0.428550,0.433010,0.273110,0.212500,0.732080,0.838460,0.571450,0.566990,0.221925,0.189763,0.000000,0.169730,-0.015365,1.000000,intfloat_e5_base_semantic_fixed_c448_o64/results/intfloat__e5-base_b533fe4636f4a2507c08ddab40644d20b0006d6a/intfloat__e5-base/b533fe4636f4a2507c08ddab40644d20b0006d6a
intfloat_e5_small,hierarchical_section,384,48,0.631567,0.274350,0.164540,0.446023,0.433800,0.295170,0.207350,0.725650,0.835460,0.553977,0.566200,0.297523,0.220765,0.000000,0.171310,0.030926,1.000000,intfloat_e5_small_hierarchical_section_c384_o48/results/intfloat__e5-small_e272f3049e853b47cb5ca3952268c6662abda68f/intfloat__e5-small/e272f3049e853b47cb5ca3952268c6662abda68f
intfloat_e5_small,semantic_fixed,384,48,0.631766,0.269240,0.162300,0.447441,0.428640,0.292020,0.214810,0.730760,0.837700,0.552559,0.571360,0.264400,0.195448,0.000000,0.174915,0.028009,1.000000,intfloat_e5_small_semantic_fixed_c384_o48/results/intfloat__e5-small_e272f3049e853b47cb5ca3952268c6662abda68f/intfloat__e5-small/e272f3049e853b47cb5ca3952268c6662abda68f
BAAI_bge_large_en_v1.5,semantic_recursive,448,16,0.631908,0.272610,0.166120,0.438844,0.437180,0.280460,0.218800,0.727390,0.833880,0.561156,0.562820,0.219853,0.288315,0.000000,0.145469,-0.006264,1.000000,BAAI_bge_large_en_v1.5_semantic_recursive_c448_o16/results/BAAI__bge-large-en-v1.5_d4aa6901d3a41ba39fb536a557fa166f842b0e09/BAAI__bge-large-en-v1.5/d4aa6901d3a41ba39fb536a557fa166f842b0e09
intfloat_e5_large,fixed_token,320,16,0.632064,0.257360,0.153250,0.411644,0.441640,0.258400,0.199790,0.742640,0.846750,0.588356,0.558360,0.226819,0.050270,0.000000,0.205566,0.031240,1.000000,intfloat_e5_large_fixed_token_c320_o16/results/intfloat__e5-large_4dc6d853a804b9c8886ede6dda8a073b7dc08a81/intfloat__e5-large/4dc6d853a804b9c8886ede6dda8a073b7dc08a81
nomic_ai_nomic_embed_text_v1.5,hierarchical_section,320,0,0.632118,0.261400,0.156300,0.421651,0.431270,0.259450,0.207980,0.738600,0.843700,0.578349,0.568730,0.198381,0.127622,0.000000,0.175855,0.002759,1.000000,nomic_ai_nomic_embed_text_v1.5_hierarchical_section_c320_o0/results/nomic-ai__nomic-embed-text-v1.5_b0753ae76394dd36bcfb912a46018088bca48be0/nomic-ai__nomic-embed-text-v1.5/b0753ae76394dd36bcfb912a46018088bca48be0
nomic_ai_nomic_embed_text_v1.5,fixed_token,320,32,0.632183,0.256190,0.154640,0.414825,0.429130,0.257350,0.201370,0.743810,0.845360,0.585175,0.570870,0.217525,0.038325,0.000000,0.196564,0.008458,1.000000,nomic_ai_nomic_embed_text_v1.5_fixed_token_c320_o32/results/nomic-ai__nomic-embed-text-v1.5_b0753ae76394dd36bcfb912a46018088bca48be0/nomic-ai__nomic-embed-text-v1.5/b0753ae76394dd36bcfb912a46018088bca48be0
intfloat_multilingual_e5_base,fixed_token,384,16,0.632251,0.270350,0.165620,0.435572,0.446950,0.294120,0.199890,0.729650,0.834380,0.564428,0.553050,0.320379,0.185310,0.000000,0.177473,0.029070,1.000000,intfloat_multilingual_e5_base_fixed_token_c384_o16/results/intfloat__multilingual-e5-base_d13f1b27baf31030b7fd040960d60d909913633f/intfloat__multilingual-e5-base/d13f1b27baf31030b7fd040960d60d909913633f
BAAI_bge_base_en_v1.5,semantic_fixed,384,32,0.632255,0.266160,0.159320,0.432313,0.446000,0.268910,0.211970,0.733840,0.840680,0.567687,0.554000,0.211744,0.222710,0.000000,0.160873,0.010830,1.000000,BAAI_bge_base_en_v1.5_semantic_fixed_c384_o32/results/BAAI__bge-base-en-v1.5_a5beb1e3e68b9ab74eb54cfd186867f64f240e1a/BAAI__bge-base-en-v1.5/a5beb1e3e68b9ab74eb54cfd186867f64f240e1a
BAAI_bge_large_en_v1.5,fixed_token,384,64,0.632454,0.271800,0.165650,0.425451,0.477910,0.263660,0.212920,0.728200,0.834350,0.574549,0.522090,0.192445,0.372148,0.000000,0.140096,0.029051,1.000000,BAAI_bge_large_en_v1.5_fixed_token_c384_o64/results/BAAI__bge-large-en-v1.5_d4aa6901d3a41ba39fb536a557fa166f842b0e09/BAAI__bge-large-en-v1.5/d4aa6901d3a41ba39fb536a557fa166f842b0e09
BAAI_bge_large_en_v1.5,semantic_recursive,448,64,0.632518,0.267210,0.162180,0.426333,0.434350,0.268910,0.216390,0.732790,0.837820,0.573667,0.565650,0.195307,0.230032,0.000000,0.154550,-0.001113,1.000000,BAAI_bge_large_en_v1.5_semantic_recursive_c448_o64/results/BAAI__bge-large-en-v1.5_d4aa6901d3a41ba39fb536a557fa166f842b0e09/BAAI__bge-large-en-v1.5/d4aa6901d3a41ba39fb536a557fa166f842b0e09
intfloat_e5_small,recursive_token,384,48,0.632715,0.275940,0.169320,0.454058,0.448440,0.298320,0.205670,0.724060,0.830680,0.545942,0.551560,0.310573,0.309460,0.000000,0.162494,0.048772,1.000000,intfloat_e5_small_recursive_token_c384_o48/results/intfloat__e5-small_e272f3049e853b47cb5ca3952268c6662abda68f/intfloat__e5-small/e272f3049e853b47cb5ca3952268c6662abda68f
BAAI_bge_large_en_v1.5,semantic_recursive,448,48,0.632818,0.269430,0.163660,0.434289,0.433390,0.281510,0.214920,0.730570,0.836340,0.565711,0.566610,0.236546,0.234680,0.000000,0.154786,0.003444,1.000000,BAAI_bge_large_en_v1.5_semantic_recursive_c448_o48/results/BAAI__bge-large-en-v1.5_d4aa6901d3a41ba39fb536a557fa166f842b0e09/BAAI__bge-large-en-v1.5/d4aa6901d3a41ba39fb536a557fa166f842b0e09
intfloat_e5_large,semantic_recursive,448,16,0.632841,0.261090,0.157360,0.419444,0.420290,0.256300,0.207460,0.738910,0.842640,0.580556,0.579710,0.190558,0.124990,0.000000,0.180544,-0.011084,1.000000,intfloat_e5_large_semantic_recursive_c448_o16/results/intfloat__e5-large_4dc6d853a804b9c8886ede6dda8a073b7dc08a81/intfloat__e5-large/4dc6d853a804b9c8886ede6dda8a073b7dc08a81
intfloat_e5_base,hierarchical_section,384,48,0.632900,0.261560,0.154180,0.417131,0.442220,0.248950,0.204310,0.738440,0.845820,0.582869,0.557780,0.179313,0.168140,0.000000,0.189334,0.045924,1.000000,intfloat_e5_base_hierarchical_section_c384_o48/results/intfloat__e5-base_b533fe4636f4a2507c08ddab40644d20b0006d6a/intfloat__e5-base/b533fe4636f4a2507c08ddab40644d20b0006d6a
intfloat_e5_small,hierarchical_section,384,64,0.632927,0.269260,0.159890,0.428867,0.424450,0.263660,0.210710,0.730740,0.840110,0.571133,0.575550,0.200827,0.227255,0.000000,0.172200,0.035302,1.000000,intfloat_e5_small_hierarchical_section_c384_o64/results/intfloat__e5-small_e272f3049e853b47cb5ca3952268c6662abda68f/intfloat__e5-small/e272f3049e853b47cb5ca3952268c6662abda68f
intfloat_e5_small,fixed_token,384,64,0.632983,0.266490,0.161560,0.426266,0.442830,0.267860,0.203680,0.733510,0.838440,0.573734,0.557170,0.239603,0.202907,0.000000,0.185813,0.052789,1.000000,intfloat_e5_small_fixed_token_c384_o64/results/intfloat__e5-small_e272f3049e853b47cb5ca3952268c6662abda68f/intfloat__e5-small/e272f3049e853b47cb5ca3952268c6662abda68f
BAAI_bge_large_en_v1.5,semantic_recursive,448,0,0.633010,0.273200,0.166810,0.439064,0.439170,0.279410,0.218280,0.726800,0.833190,0.560936,0.560830,0.218782,0.323932,0.000000,0.139854,-0.009281,1.000000,BAAI_bge_large_en_v1.5_semantic_recursive_c448_o0/results/BAAI__bge-large-en-v1.5_d4aa6901d3a41ba39fb536a557fa166f842b0e09/BAAI__bge-large-en-v1.5/d4aa6901d3a41ba39fb536a557fa166f842b0e09
BAAI_bge_base_en_v1.5,hierarchical_section,384,32,0.633760,0.272820,0.167240,0.439816,0.449640,0.288870,0.212080,0.727180,0.832760,0.560184,0.550360,0.265829,0.312633,0.000000,0.139549,0.004151,1.000000,BAAI_bge_base_en_v1.5_hierarchical_section_c384_o32/results/BAAI__bge-base-en-v1.5_a5beb1e3e68b9ab74eb54cfd186867f64f240e1a/BAAI__bge-base-en-v1.5/a5beb1e3e68b9ab74eb54cfd186867f64f240e1a
intfloat_e5_large,semantic_recursive,448,0,0.633773,0.260520,0.157220,0.419784,0.420590,0.259450,0.205880,0.739480,0.842780,0.580216,0.579410,0.206475,0.123285,0.000000,0.179964,-0.009242,1.000000,intfloat_e5_large_semantic_recursive_c448_o0/results/intfloat__e5-large_4dc6d853a804b9c8886ede6dda8a073b7dc08a81/intfloat__e5-large/4dc6d853a804b9c8886ede6dda8a073b7dc08a81
intfloat_e5_base,semantic_fixed,384,16,0.633864,0.255990,0.151660,0.416755,0.422340,0.255250,0.202630,0.744010,0.848340,0.583245,0.577660,0.206151,0.059870,0.000000,0.189594,-0.003136,1.000000,intfloat_e5_base_semantic_fixed_c384_o16/results/intfloat__e5-base_b533fe4636f4a2507c08ddab40644d20b0006d6a/intfloat__e5-base/b533fe4636f4a2507c08ddab40644d20b0006d6a
intfloat_e5_large,semantic_recursive,448,48,0.633961,0.257120,0.153090,0.421888,0.419670,0.263660,0.205460,0.742880,0.846910,0.578112,0.580330,0.220739,0.068043,0.000000,0.189291,0.005799,1.000000,intfloat_e5_large_semantic_recursive_c448_o48/results/intfloat__e5-large_4dc6d853a804b9c8886ede6dda8a073b7dc08a81/intfloat__e5-large/4dc6d853a804b9c8886ede6dda8a073b7dc08a81
intfloat_multilingual_e5_base,fixed_token,384,32,0.634193,0.269870,0.165570,0.439790,0.443580,0.294120,0.200840,0.730130,0.834430,0.560210,0.556420,0.317149,0.224557,0.000000,0.172658,0.035139,1.000000,intfloat_multilingual_e5_base_fixed_token_c384_o32/results/intfloat__multilingual-e5-base_d13f1b27baf31030b7fd040960d60d909913633f/intfloat__multilingual-e5-base/d13f1b27baf31030b7fd040960d60d909913633f
intfloat_e5_base,recursive_token,320,16,0.634233,0.257550,0.152570,0.423686,0.440170,0.257350,0.198320,0.742450,0.847430,0.576314,0.559830,0.229376,0.111230,0.000000,0.179755,0.004002,1.000000,intfloat_e5_base_recursive_token_c320_o16/results/intfloat__e5-base_b533fe4636f4a2507c08ddab40644d20b0006d6a/intfloat__e5-base/b533fe4636f4a2507c08ddab40644d20b0006d6a
intfloat_e5_large,semantic_recursive,448,64,0.634329,0.254380,0.152470,0.413079,0.417520,0.252100,0.204520,0.745620,0.847530,0.586921,0.582480,0.188735,0.058337,0.000000,0.191532,0.006399,1.000000,intfloat_e5_large_semantic_recursive_c448_o64/results/intfloat__e5-large_4dc6d853a804b9c8886ede6dda8a073b7dc08a81/intfloat__e5-large/4dc6d853a804b9c8886ede6dda8a073b7dc08a81
BAAI_bge_large_en_v1.5,hierarchical_section,320,0,0.634400,0.269090,0.159610,0.431839,0.438680,0.269960,0.213450,0.730910,0.840390,0.568161,0.561320,0.209327,0.279965,0.000000,0.155007,0.022000,1.000000,BAAI_bge_large_en_v1.5_hierarchical_section_c320_o0/results/BAAI__bge-large-en-v1.5_d4aa6901d3a41ba39fb536a557fa166f842b0e09/BAAI__bge-large-en-v1.5/d4aa6901d3a41ba39fb536a557fa166f842b0e09
intfloat_multilingual_e5_base,recursive_token,448,64,0.634761,0.271140,0.163570,0.429785,0.439620,0.275210,0.205460,0.728860,0.836430,0.570215,0.560380,0.253443,0.275125,0.000000,0.162487,0.035024,1.000000,intfloat_multilingual_e5_base_recursive_token_c448_o64/results/intfloat__multilingual-e5-base_d13f1b27baf31030b7fd040960d60d909913633f/intfloat__multilingual-e5-base/d13f1b27baf31030b7fd040960d60d909913633f
intfloat_multilingual_e5_base,semantic_fixed,384,16,0.634997,0.267130,0.160510,0.449729,0.424500,0.299370,0.211240,0.732870,0.839490,0.550271,0.575500,0.294385,0.200228,0.000000,0.176421,0.032933,1.000000,intfloat_multilingual_e5_base_semantic_fixed_c384_o16/results/intfloat__multilingual-e5-base_d13f1b27baf31030b7fd040960d60d909913633f/intfloat__multilingual-e5-base/d13f1b27baf31030b7fd040960d60d909913633f
BAAI_bge_base_en_v1.5,recursive_token,384,48,0.635011,0.274660,0.166600,0.442788,0.456000,0.292020,0.211130,0.725340,0.833400,0.557212,0.544000,0.277002,0.359130,0.000000,0.132206,-0.008064,1.000000,BAAI_bge_base_en_v1.5_recursive_token_c384_o48/results/BAAI__bge-base-en-v1.5_a5beb1e3e68b9ab74eb54cfd186867f64f240e1a/BAAI__bge-base-en-v1.5/a5beb1e3e68b9ab74eb54cfd186867f64f240e1a
intfloat_multilingual_e5_base,semantic_fixed,384,32,0.635087,0.263920,0.158100,0.447069,0.420980,0.299370,0.208510,0.736080,0.841900,0.552931,0.579020,0.303504,0.142020,0.000000,0.176881,0.010570,1.000000,intfloat_multilingual_e5_base_semantic_fixed_c384_o32/results/intfloat__multilingual-e5-base_d13f1b27baf31030b7fd040960d60d909913633f/intfloat__multilingual-e5-base/d13f1b27baf31030b7fd040960d60d909913633f
intfloat_e5_base,fixed_token,320,16,0.635127,0.256830,0.152070,0.411900,0.438210,0.251050,0.201680,0.743170,0.847930,0.588100,0.561790,0.196654,0.125865,0.000000,0.185072,0.020490,1.000000,intfloat_e5_base_fixed_token_c320_o16/results/intfloat__e5-base_b533fe4636f4a2507c08ddab40644d20b0006d6a/intfloat__e5-base/b533fe4636f4a2507c08ddab40644d20b0006d6a
intfloat_e5_small,semantic_fixed,320,0,0.635386,0.265850,0.158690,0.447943,0.419770,0.294120,0.209140,0.734150,0.841310,0.552057,0.580230,0.288930,0.181620,0.000000,0.166760,0.006168,1.000000,intfloat_e5_small_semantic_fixed_c320_o0/results/intfloat__e5-small_e272f3049e853b47cb5ca3952268c6662abda68f/intfloat__e5-small/e272f3049e853b47cb5ca3952268c6662abda68f
BAAI_bge_base_en_v1.5,recursive_token,384,64,0.635529,0.268060,0.165630,0.429955,0.452420,0.279410,0.206090,0.731940,0.834370,0.570045,0.547580,0.262410,0.287978,0.000000,0.147197,-0.009585,1.000000,BAAI_bge_base_en_v1.5_recursive_token_c384_o64/results/BAAI__bge-base-en-v1.5_a5beb1e3e68b9ab74eb54cfd186867f64f240e1a/BAAI__bge-base-en-v1.5/a5beb1e3e68b9ab74eb54cfd186867f64f240e1a
intfloat_e5_base,fixed_token,320,32,0.635671,0.252820,0.150600,0.413806,0.433080,0.257350,0.198840,0.747180,0.849400,0.586194,0.566920,0.227356,0.057618,0.000000,0.201178,0.025403,1.000000,intfloat_e5_base_fixed_token_c320_o32/results/intfloat__e5-base_b533fe4636f4a2507c08ddab40644d20b0006d6a/intfloat__e5-base/b533fe4636f4a2507c08ddab40644d20b0006d6a
intfloat_e5_large,hierarchical_section,320,0,0.636033,0.260450,0.153130,0.415856,0.431870,0.253150,0.206510,0.739550,0.846870,0.584144,0.568130,0.184239,0.188443,0.000000,0.172321,0.020019,1.000000,intfloat_e5_large_hierarchical_section_c320_o0/results/intfloat__e5-large_4dc6d853a804b9c8886ede6dda8a073b7dc08a81/intfloat__e5-large/4dc6d853a804b9c8886ede6dda8a073b7dc08a81
BAAI_bge_base_en_v1.5,semantic_fixed,384,48,0.636095,0.260940,0.155730,0.417551,0.443350,0.258400,0.212290,0.739060,0.844270,0.582449,0.556650,0.178444,0.236648,0.000000,0.153587,0.001833,1.000000,BAAI_bge_base_en_v1.5_semantic_fixed_c384_o48/results/BAAI__bge-base-en-v1.5_a5beb1e3e68b9ab74eb54cfd186867f64f240e1a/BAAI__bge-base-en-v1.5/a5beb1e3e68b9ab74eb54cfd186867f64f240e1a
intfloat_e5_base,semantic_fixed,384,0,0.636558,0.267210,0.159610,0.431642,0.427220,0.277310,0.207250,0.732790,0.840390,0.568358,0.572780,0.252641,0.239583,0.000000,0.160777,-0.017387,1.000000,intfloat_e5_base_semantic_fixed_c384_o0/results/intfloat__e5-base_b533fe4636f4a2507c08ddab40644d20b0006d6a/intfloat__e5-base/b533fe4636f4a2507c08ddab40644d20b0006d6a
BAAI_bge_base_en_v1.5,hierarchical_section,384,64,0.636648,0.262070,0.155710,0.416486,0.443430,0.259450,0.209240,0.737930,0.844290,0.583514,0.556570,0.193525,0.240733,0.000000,0.173114,0.042521,1.000000,BAAI_bge_base_en_v1.5_hierarchical_section_c384_o64/results/BAAI__bge-base-en-v1.5_a5beb1e3e68b9ab74eb54cfd186867f64f240e1a/BAAI__bge-base-en-v1.5/a5beb1e3e68b9ab74eb54cfd186867f64f240e1a
BAAI_bge_base_en_v1.5,fixed_token,384,64,0.637317,0.262670,0.158820,0.422175,0.455340,0.271010,0.206410,0.737330,0.841180,0.577825,0.544660,0.238368,0.262315,0.000000,0.176193,0.057312,1.000000,BAAI_bge_base_en_v1.5_fixed_token_c384_o64/results/BAAI__bge-base-en-v1.5_a5beb1e3e68b9ab74eb54cfd186867f64f240e1a/BAAI__bge-base-en-v1.5/a5beb1e3e68b9ab74eb54cfd186867f64f240e1a
BAAI_bge_large_en_v1.5,semantic_fixed,320,0,0.637661,0.265840,0.159160,0.434462,0.434270,0.273110,0.215020,0.734160,0.840840,0.565538,0.565730,0.212698,0.307180,0.000000,0.145279,-0.013430,1.000000,BAAI_bge_large_en_v1.5_semantic_fixed_c320_o0/results/BAAI__bge-large-en-v1.5_d4aa6901d3a41ba39fb536a557fa166f842b0e09/BAAI__bge-large-en-v1.5/d4aa6901d3a41ba39fb536a557fa166f842b0e09
intfloat_e5_large,recursive_token,320,0,0.637868,0.256320,0.152270,0.417031,0.439110,0.261550,0.197480,0.743680,0.847730,0.582969,0.560890,0.244963,0.140643,0.000000,0.185259,0.026775,1.000000,intfloat_e5_large_recursive_token_c320_o0/results/intfloat__e5-large_4dc6d853a804b9c8886ede6dda8a073b7dc08a81/intfloat__e5-large/4dc6d853a804b9c8886ede6dda8a073b7dc08a81
intfloat_e5_small,fixed_token,320,0,0.637919,0.269400,0.162740,0.444908,0.434730,0.296220,0.202210,0.730600,0.837260,0.555092,0.565270,0.317365,0.275855,0.000000,0.168776,0.047894,1.000000,intfloat_e5_small_fixed_token_c320_o0/results/intfloat__e5-small_e272f3049e853b47cb5ca3952268c6662abda68f/intfloat__e5-small/e272f3049e853b47cb5ca3952268c6662abda68f
intfloat_e5_large,semantic_fixed,320,0,0.637966,0.256600,0.150730,0.423495,0.424050,0.268910,0.204200,0.743400,0.849270,0.576505,0.575950,0.240638,0.126100,0.000000,0.185652,0.021744,1.000000,intfloat_e5_large_semantic_fixed_c320_o0/results/intfloat__e5-large_4dc6d853a804b9c8886ede6dda8a073b7dc08a81/intfloat__e5-large/4dc6d853a804b9c8886ede6dda8a073b7dc08a81
nomic_ai_nomic_embed_text_v1,fixed_token,320,48,0.638012,0.259240,0.156500,0.422306,0.446040,0.265760,0.204520,0.740760,0.843500,0.577694,0.553960,0.230434,0.225660,0.000000,0.171832,0.033928,1.000000,nomic_ai_nomic_embed_text_v1_fixed_token_c320_o48/results/nomic-ai__nomic-embed-text-v1_0759316f275aa0cb93a5b830973843ca66babcf5/nomic-ai__nomic-embed-text-v1/0759316f275aa0cb93a5b830973843ca66babcf5
intfloat_multilingual_e5_base,hierarchical_section,384,16,0.638065,0.270420,0.161550,0.449518,0.422590,0.301470,0.206830,0.729580,0.838450,0.550482,0.577410,0.313928,0.271560,0.000000,0.152063,0.012750,1.000000,intfloat_multilingual_e5_base_hierarchical_section_c384_o16/results/intfloat__multilingual-e5-base_d13f1b27baf31030b7fd040960d60d909913633f/intfloat__multilingual-e5-base/d13f1b27baf31030b7fd040960d60d909913633f
nomic_ai_nomic_embed_text_v1.5,recursive_token,320,32,0.638301,0.251290,0.149090,0.418165,0.427240,0.268910,0.192960,0.748710,0.850910,0.581835,0.572760,0.282437,0.032363,0.000000,0.203294,0.019533,1.000000,nomic_ai_nomic_embed_text_v1.5_recursive_token_c320_o32/results/nomic-ai__nomic-embed-text-v1.5_b0753ae76394dd36bcfb912a46018088bca48be0/nomic-ai__nomic-embed-text-v1.5/b0753ae76394dd36bcfb912a46018088bca48be0
intfloat_e5_base,recursive_token,320,0,0.638513,0.253550,0.150460,0.416689,0.434100,0.258400,0.195270,0.746450,0.849540,0.583311,0.565900,0.244311,0.111308,0.000000,0.180843,0.006209,1.000000,intfloat_e5_base_recursive_token_c320_o0/results/intfloat__e5-base_b533fe4636f4a2507c08ddab40644d20b0006d6a/intfloat__e5-base/b533fe4636f4a2507c08ddab40644d20b0006d6a
intfloat_e5_large,recursive_token,320,16,0.638558,0.257630,0.152100,0.418199,0.442340,0.263660,0.199790,0.742370,0.847900,0.581801,0.557660,0.242244,0.177055,0.000000,0.174307,0.019436,1.000000,intfloat_e5_large_recursive_token_c320_o16/results/intfloat__e5-large_4dc6d853a804b9c8886ede6dda8a073b7dc08a81/intfloat__e5-large/4dc6d853a804b9c8886ede6dda8a073b7dc08a81
intfloat_e5_base,hierarchical_section,384,64,0.638751,0.255280,0.149660,0.410639,0.439470,0.245800,0.202520,0.744720,0.850340,0.589361,0.560530,0.176078,0.195318,0.000000,0.176900,0.031927,1.000000,intfloat_e5_base_hierarchical_section_c384_o64/results/intfloat__e5-base_b533fe4636f4a2507c08ddab40644d20b0006d6a/intfloat__e5-base/b533fe4636f4a2507c08ddab40644d20b0006d6a
nomic_ai_nomic_embed_text_v1,hierarchical_section,320,32,0.639548,0.257420,0.154660,0.415547,0.438110,0.256300,0.206300,0.742580,0.845340,0.584453,0.561890,0.195084,0.238608,0.000000,0.155410,0.006263,1.000000,nomic_ai_nomic_embed_text_v1_hierarchical_section_c320_o32/results/nomic-ai__nomic-embed-text-v1_0759316f275aa0cb93a5b830973843ca66babcf5/nomic-ai__nomic-embed-text-v1/0759316f275aa0cb93a5b830973843ca66babcf5
nomic_ai_nomic_embed_text_v1,hierarchical_section,320,16,0.639652,0.260660,0.155510,0.422644,0.439260,0.263660,0.208400,0.739340,0.844490,0.577356,0.560740,0.209588,0.275235,0.000000,0.150913,0.011920,1.000000,nomic_ai_nomic_embed_text_v1_hierarchical_section_c320_o16/results/nomic-ai__nomic-embed-text-v1_0759316f275aa0cb93a5b830973843ca66babcf5/nomic-ai__nomic-embed-text-v1/0759316f275aa0cb93a5b830973843ca66babcf5
BAAI_bge_base_en_v1.5,hierarchical_section,320,0,0.639677,0.256630,0.151310,0.417466,0.421110,0.267860,0.203470,0.743370,0.848690,0.582534,0.578890,0.240387,0.145223,0.000000,0.181948,0.021985,1.000000,BAAI_bge_base_en_v1.5_hierarchical_section_c320_o0/results/BAAI__bge-base-en-v1.5_a5beb1e3e68b9ab74eb54cfd186867f64f240e1a/BAAI__bge-base-en-v1.5/a5beb1e3e68b9ab74eb54cfd186867f64f240e1a
BAAI_bge_base_en_v1.5,fixed_token,320,0,0.639882,0.256620,0.153030,0.418239,0.434050,0.262610,0.200110,0.743380,0.846970,0.581761,0.565950,0.237996,0.185915,0.000000,0.171507,0.017380,1.000000,BAAI_bge_base_en_v1.5_fixed_token_c320_o0/results/BAAI__bge-base-en-v1.5_a5beb1e3e68b9ab74eb54cfd186867f64f240e1a/BAAI__bge-base-en-v1.5/a5beb1e3e68b9ab74eb54cfd186867f64f240e1a
intfloat_e5_base,semantic_fixed,384,48,0.640370,0.250430,0.146640,0.406544,0.415650,0.247900,0.203050,0.749570,0.853360,0.593456,0.584350,0.180920,0.111290,0.000000,0.178202,0.000920,1.000000,intfloat_e5_base_semantic_fixed_c384_o48/results/intfloat__e5-base_b533fe4636f4a2507c08ddab40644d20b0006d6a/intfloat__e5-base/b533fe4636f4a2507c08ddab40644d20b0006d6a
intfloat_e5_base,semantic_fixed,384,32,0.641423,0.255850,0.150640,0.428240,0.418810,0.275210,0.202100,0.744150,0.849360,0.571760,0.581190,0.265652,0.162127,0.000000,0.172547,-0.009945,1.000000,intfloat_e5_base_semantic_fixed_c384_o32/results/intfloat__e5-base_b533fe4636f4a2507c08ddab40644d20b0006d6a/intfloat__e5-base/b533fe4636f4a2507c08ddab40644d20b0006d6a
intfloat_multilingual_e5_base,hierarchical_section,384,32,0.641648,0.263080,0.156150,0.432924,0.422010,0.277310,0.204310,0.736920,0.843850,0.567076,0.577990,0.263243,0.271898,0.000000,0.154951,0.018661,1.000000,intfloat_multilingual_e5_base_hierarchical_section_c384_o32/results/intfloat__multilingual-e5-base_d13f1b27baf31030b7fd040960d60d909913633f/intfloat__multilingual-e5-base/d13f1b27baf31030b7fd040960d60d909913633f
intfloat_e5_small,hierarchical_section,320,0,0.641759,0.260200,0.153530,0.421975,0.409940,0.261550,0.202520,0.739800,0.846470,0.578025,0.590060,0.225693,0.229228,0.000000,0.156911,0.005513,1.000000,intfloat_e5_small_hierarchical_section_c320_o0/results/intfloat__e5-small_e272f3049e853b47cb5ca3952268c6662abda68f/intfloat__e5-small/e272f3049e853b47cb5ca3952268c6662abda68f
intfloat_e5_large,semantic_fixed,320,16,0.642208,0.250260,0.147290,0.420558,0.409570,0.276260,0.200420,0.749740,0.852710,0.579442,0.590430,0.274524,0.071395,0.000000,0.189190,0.006938,1.000000,intfloat_e5_large_semantic_fixed_c320_o16/results/intfloat__e5-large_4dc6d853a804b9c8886ede6dda8a073b7dc08a81/intfloat__e5-large/4dc6d853a804b9c8886ede6dda8a073b7dc08a81
BAAI_bge_large_en_v1.5,recursive_token,320,0,0.642258,0.255610,0.153300,0.410532,0.441890,0.247900,0.196320,0.744390,0.846700,0.589468,0.558110,0.208068,0.255623,0.000000,0.149785,0.001819,1.000000,BAAI_bge_large_en_v1.5_recursive_token_c320_o0/results/BAAI__bge-large-en-v1.5_d4aa6901d3a41ba39fb536a557fa166f842b0e09/BAAI__bge-large-en-v1.5/d4aa6901d3a41ba39fb536a557fa166f842b0e09
intfloat_multilingual_e5_base,semantic_recursive,448,16,0.642557,0.265170,0.160520,0.440480,0.409550,0.284660,0.210080,0.734830,0.839480,0.559520,0.590450,0.261997,0.317823,0.000000,0.139917,-0.006963,1.000000,intfloat_multilingual_e5_base_semantic_recursive_c448_o16/results/intfloat__multilingual-e5-base_d13f1b27baf31030b7fd040960d60d909913633f/intfloat__multilingual-e5-base/d13f1b27baf31030b7fd040960d60d909913633f
intfloat_multilingual_e5_base,semantic_recursive,448,0,0.642560,0.265220,0.161130,0.442777,0.410660,0.289920,0.209560,0.734780,0.838870,0.557223,0.589340,0.277180,0.312390,0.000000,0.141384,-0.007724,1.000000,intfloat_multilingual_e5_base_semantic_recursive_c448_o0/results/intfloat__multilingual-e5-base_d13f1b27baf31030b7fd040960d60d909913633f/intfloat__multilingual-e5-base/d13f1b27baf31030b7fd040960d60d909913633f
intfloat_e5_small,recursive_token,384,64,0.642600,0.266060,0.161840,0.436224,0.441280,0.279410,0.200320,0.733940,0.838160,0.563776,0.558720,0.283061,0.365845,0.000000,0.143476,0.033290,1.000000,intfloat_e5_small_recursive_token_c384_o64/results/intfloat__e5-small_e272f3049e853b47cb5ca3952268c6662abda68f/intfloat__e5-small/e272f3049e853b47cb5ca3952268c6662abda68f
intfloat_e5_small,semantic_recursive,448,32,0.642847,0.260860,0.155860,0.430517,0.405980,0.269960,0.205040,0.739140,0.844140,0.569483,0.594020,0.240480,0.260625,0.000000,0.152930,0.010110,1.000000,intfloat_e5_small_semantic_recursive_c448_o32/results/intfloat__e5-small_e272f3049e853b47cb5ca3952268c6662abda68f/intfloat__e5-small/e272f3049e853b47cb5ca3952268c6662abda68f
intfloat_e5_large,fixed_token,320,32,0.642863,0.247740,0.146060,0.411117,0.433120,0.259450,0.194220,0.752260,0.853940,0.588883,0.566880,0.251416,0.108225,0.000000,0.187455,0.018200,1.000000,intfloat_e5_large_fixed_token_c320_o32/results/intfloat__e5-large_4dc6d853a804b9c8886ede6dda8a073b7dc08a81/intfloat__e5-large/4dc6d853a804b9c8886ede6dda8a073b7dc08a81
BAAI_bge_base_en_v1.5,recursive_token,320,0,0.643233,0.251890,0.149200,0.407330,0.428650,0.253150,0.197060,0.748110,0.850800,0.592670,0.571350,0.221568,0.178855,0.000000,0.166144,-0.003830,1.000000,BAAI_bge_base_en_v1.5_recursive_token_c320_o0/results/BAAI__bge-base-en-v1.5_a5beb1e3e68b9ab74eb54cfd186867f64f240e1a/BAAI__bge-base-en-v1.5/a5beb1e3e68b9ab74eb54cfd186867f64f240e1a
intfloat_e5_small,semantic_recursive,448,16,0.643292,0.263790,0.157550,0.435738,0.406090,0.275210,0.207670,0.736210,0.842450,0.564262,0.593910,0.245413,0.308398,0.000000,0.140945,0.005249,1.000000,intfloat_e5_small_semantic_recursive_c448_o16/results/intfloat__e5-small_e272f3049e853b47cb5ca3952268c6662abda68f/intfloat__e5-small/e272f3049e853b47cb5ca3952268c6662abda68f
intfloat_multilingual_e5_base,semantic_recursive,448,48,0.643647,0.262180,0.158520,0.439473,0.410980,0.285710,0.206720,0.737820,0.841480,0.560527,0.589020,0.276469,0.291068,0.000000,0.150941,0.018309,1.000000,intfloat_multilingual_e5_base_semantic_recursive_c448_o48/results/intfloat__multilingual-e5-base_d13f1b27baf31030b7fd040960d60d909913633f/intfloat__multilingual-e5-base/d13f1b27baf31030b7fd040960d60d909913633f
intfloat_e5_base,hierarchical_section,320,0,0.643696,0.246360,0.144770,0.404944,0.414490,0.239500,0.195590,0.753640,0.855230,0.595056,0.585510,0.183340,0.125768,0.000000,0.183253,0.016813,1.000000,intfloat_e5_base_hierarchical_section_c320_o0/results/intfloat__e5-base_b533fe4636f4a2507c08ddab40644d20b0006d6a/intfloat__e5-base/b533fe4636f4a2507c08ddab40644d20b0006d6a
nomic_ai_nomic_embed_text_v1.5,hierarchical_section,320,16,0.643827,0.251400,0.148600,0.411918,0.424630,0.254200,0.199790,0.748600,0.851400,0.588082,0.575370,0.214044,0.192598,0.000000,0.164121,0.005281,1.000000,nomic_ai_nomic_embed_text_v1.5_hierarchical_section_c320_o16/results/nomic-ai__nomic-embed-text-v1.5_b0753ae76394dd36bcfb912a46018088bca48be0/nomic-ai__nomic-embed-text-v1.5/b0753ae76394dd36bcfb912a46018088bca48be0
BAAI_bge_large_en_v1.5,recursive_token,320,16,0.643832,0.259770,0.156120,0.421700,0.442100,0.259450,0.200110,0.740230,0.843880,0.578300,0.557900,0.228715,0.337940,0.000000,0.133693,0.002562,1.000000,BAAI_bge_large_en_v1.5_recursive_token_c320_o16/results/BAAI__bge-large-en-v1.5_d4aa6901d3a41ba39fb536a557fa166f842b0e09/BAAI__bge-large-en-v1.5/d4aa6901d3a41ba39fb536a557fa166f842b0e09
intfloat_multilingual_e5_base,hierarchical_section,384,48,0.643942,0.256570,0.152850,0.425603,0.410630,0.280460,0.198110,0.743430,0.847150,0.574397,0.589370,0.293625,0.178203,0.000000,0.167518,0.006317,1.000000,intfloat_multilingual_e5_base_hierarchical_section_c384_o48/results/intfloat__multilingual-e5-base_d13f1b27baf31030b7fd040960d60d909913633f/intfloat__multilingual-e5-base/d13f1b27baf31030b7fd040960d60d909913633f
intfloat_e5_small,recursive_token,320,16,0.644112,0.259710,0.155250,0.427351,0.423800,0.261550,0.195170,0.740290,0.844750,0.572649,0.576200,0.253795,0.289130,0.000000,0.158217,0.032086,1.000000,intfloat_e5_small_recursive_token_c320_o16/results/intfloat__e5-small_e272f3049e853b47cb5ca3952268c6662abda68f/intfloat__e5-small/e272f3049e853b47cb5ca3952268c6662abda68f
intfloat_multilingual_e5_base,semantic_recursive,448,32,0.644225,0.262310,0.158390,0.438834,0.408790,0.280460,0.207140,0.737690,0.841610,0.561166,0.591210,0.261428,0.312668,0.000000,0.140348,-0.005763,1.000000,intfloat_multilingual_e5_base_semantic_recursive_c448_o32/results/intfloat__multilingual-e5-base_d13f1b27baf31030b7fd040960d60d909913633f/intfloat__multilingual-e5-base/d13f1b27baf31030b7fd040960d60d909913633f
intfloat_e5_small,fixed_token,320,32,0.644273,0.251010,0.150780,0.415344,0.414800,0.262610,0.193380,0.748990,0.849220,0.584656,0.585200,0.263623,0.144340,0.000000,0.184792,0.027320,1.000000,intfloat_e5_small_fixed_token_c320_o32/results/intfloat__e5-small_e272f3049e853b47cb5ca3952268c6662abda68f/intfloat__e5-small/e272f3049e853b47cb5ca3952268c6662abda68f
BAAI_bge_base_en_v1.5,recursive_token,320,16,0.644323,0.254330,0.149910,0.414975,0.423870,0.263660,0.200210,0.745670,0.850090,0.585025,0.576130,0.240651,0.212100,0.000000,0.163539,0.011918,1.000000,BAAI_bge_base_en_v1.5_recursive_token_c320_o16/results/BAAI__bge-base-en-v1.5_a5beb1e3e68b9ab74eb54cfd186867f64f240e1a/BAAI__bge-base-en-v1.5/a5beb1e3e68b9ab74eb54cfd186867f64f240e1a
nomic_ai_nomic_embed_text_v1.5,hierarchical_section,320,32,0.644332,0.246230,0.147550,0.401702,0.421370,0.241600,0.197060,0.753770,0.852450,0.598298,0.578630,0.184354,0.154705,0.000000,0.178292,0.018466,1.000000,nomic_ai_nomic_embed_text_v1.5_hierarchical_section_c320_o32/results/nomic-ai__nomic-embed-text-v1.5_b0753ae76394dd36bcfb912a46018088bca48be0/nomic-ai__nomic-embed-text-v1.5/b0753ae76394dd36bcfb912a46018088bca48be0
intfloat_multilingual_e5_base,semantic_recursive,448,64,0.644352,0.260300,0.157380,0.436286,0.412870,0.287820,0.207140,0.739700,0.842620,0.563714,0.587130,0.280314,0.277253,0.000000,0.150985,0.012871,1.000000,intfloat_multilingual_e5_base_semantic_recursive_c448_o64/results/intfloat__multilingual-e5-base_d13f1b27baf31030b7fd040960d60d909913633f/intfloat__multilingual-e5-base/d13f1b27baf31030b7fd040960d60d909913633f
BAAI_bge_base_en_v1.5,semantic_recursive,448,16,0.644393,0.262430,0.158710,0.439210,0.425300,0.284660,0.209560,0.737570,0.841290,0.560790,0.574700,0.263824,0.349758,0.000000,0.131128,-0.002159,1.000000,BAAI_bge_base_en_v1.5_semantic_recursive_c448_o16/results/BAAI__bge-base-en-v1.5_a5beb1e3e68b9ab74eb54cfd186867f64f240e1a/BAAI__bge-base-en-v1.5/a5beb1e3e68b9ab74eb54cfd186867f64f240e1a
intfloat_e5_large,hierarchical_section,320,16,0.644688,0.250130,0.146850,0.401756,0.424260,0.239500,0.198840,0.749870,0.853150,0.598244,0.575740,0.169770,0.214585,0.000000,0.162770,0.011374,1.000000,intfloat_e5_large_hierarchical_section_c320_o16/results/intfloat__e5-large_4dc6d853a804b9c8886ede6dda8a073b7dc08a81/intfloat__e5-large/4dc6d853a804b9c8886ede6dda8a073b7dc08a81
BAAI_bge_large_en_v1.5,hierarchical_section,320,32,0.644706,0.250720,0.148150,0.412212,0.422530,0.260500,0.199050,0.749280,0.851850,0.587788,0.577470,0.235893,0.176795,0.000000,0.185083,0.040884,1.000000,BAAI_bge_large_en_v1.5_hierarchical_section_c320_o32/results/BAAI__bge-large-en-v1.5_d4aa6901d3a41ba39fb536a557fa166f842b0e09/BAAI__bge-large-en-v1.5/d4aa6901d3a41ba39fb536a557fa166f842b0e09
BAAI_bge_base_en_v1.5,semantic_fixed,384,64,0.644835,0.252360,0.149830,0.422250,0.432820,0.268910,0.207040,0.747640,0.850170,0.577750,0.567180,0.230077,0.247327,0.000000,0.157531,0.013993,1.000000,BAAI_bge_base_en_v1.5_semantic_fixed_c384_o64/results/BAAI__bge-base-en-v1.5_a5beb1e3e68b9ab74eb54cfd186867f64f240e1a/BAAI__bge-base-en-v1.5/a5beb1e3e68b9ab74eb54cfd186867f64f240e1a
intfloat_e5_small,fixed_token,320,16,0.644873,0.259400,0.154140,0.423993,0.414960,0.273110,0.197270,0.740600,0.845860,0.576007,0.585040,0.277690,0.248835,0.000000,0.158930,0.017394,1.000000,intfloat_e5_small_fixed_token_c320_o16/results/intfloat__e5-small_e272f3049e853b47cb5ca3952268c6662abda68f/intfloat__e5-small/e272f3049e853b47cb5ca3952268c6662abda68f
nomic_ai_nomic_embed_text_v1.5,fixed_token,320,48,0.644876,0.246890,0.147620,0.408304,0.423660,0.251050,0.192330,0.753110,0.852380,0.591696,0.576340,0.233898,0.140050,0.000000,0.192795,0.041610,1.000000,nomic_ai_nomic_embed_text_v1.5_fixed_token_c320_o48/results/nomic-ai__nomic-embed-text-v1.5_b0753ae76394dd36bcfb912a46018088bca48be0/nomic-ai__nomic-embed-text-v1.5/b0753ae76394dd36bcfb912a46018088bca48be0
BAAI_bge_large_en_v1.5,fixed_token,320,32,0.644902,0.250230,0.150440,0.404218,0.426830,0.253150,0.199160,0.749770,0.849560,0.595782,0.573170,0.213273,0.200698,0.000000,0.160237,-0.000753,1.000000,BAAI_bge_large_en_v1.5_fixed_token_c320_o32/results/BAAI__bge-large-en-v1.5_d4aa6901d3a41ba39fb536a557fa166f842b0e09/BAAI__bge-large-en-v1.5/d4aa6901d3a41ba39fb536a557fa166f842b0e09
intfloat_multilingual_e5_base,recursive_token,384,0,0.645215,0.259320,0.156930,0.412830,0.427250,0.250000,0.198530,0.740680,0.843070,0.587170,0.572750,0.205880,0.340183,0.000000,0.152906,0.041885,1.000000,intfloat_multilingual_e5_base_recursive_token_c384_o0/results/intfloat__multilingual-e5-base_d13f1b27baf31030b7fd040960d60d909913633f/intfloat__multilingual-e5-base/d13f1b27baf31030b7fd040960d60d909913633f
intfloat_e5_small,semantic_recursive,448,0,0.646031,0.262880,0.157380,0.434686,0.407370,0.278360,0.206510,0.737120,0.842620,0.565314,0.592630,0.258119,0.342048,0.000000,0.131648,-0.000115,1.000000,intfloat_e5_small_semantic_recursive_c448_o0/results/intfloat__e5-small_e272f3049e853b47cb5ca3952268c6662abda68f/intfloat__e5-small/e272f3049e853b47cb5ca3952268c6662abda68f
intfloat_e5_small,semantic_recursive,448,48,0.646150,0.259170,0.153110,0.429079,0.403730,0.274160,0.204410,0.740830,0.846890,0.570921,0.596270,0.254414,0.279170,0.000000,0.151713,0.015094,1.000000,intfloat_e5_small_semantic_recursive_c448_o48/results/intfloat__e5-small_e272f3049e853b47cb5ca3952268c6662abda68f/intfloat__e5-small/e272f3049e853b47cb5ca3952268c6662abda68f
nomic_ai_nomic_embed_text_v1,recursive_token,320,64,0.646277,0.247360,0.146570,0.412460,0.419380,0.265760,0.198320,0.752640,0.853430,0.587540,0.580620,0.253763,0.147977,0.000000,0.172294,-0.003779,1.000000,nomic_ai_nomic_embed_text_v1_recursive_token_c320_o64/results/nomic-ai__nomic-embed-text-v1_0759316f275aa0cb93a5b830973843ca66babcf5/nomic-ai__nomic-embed-text-v1/0759316f275aa0cb93a5b830973843ca66babcf5
BAAI_bge_base_en_v1.5,semantic_recursive,448,48,0.646492,0.255470,0.154480,0.427731,0.422490,0.280460,0.204730,0.744530,0.845520,0.572269,0.577510,0.270021,0.277415,0.000000,0.148411,0.007788,1.000000,BAAI_bge_base_en_v1.5_semantic_recursive_c448_o48/results/BAAI__bge-base-en-v1.5_a5beb1e3e68b9ab74eb54cfd186867f64f240e1a/BAAI__bge-base-en-v1.5/a5beb1e3e68b9ab74eb54cfd186867f64f240e1a
intfloat_e5_large,hierarchical_section,320,32,0.646693,0.248280,0.146160,0.409402,0.423830,0.256300,0.195380,0.751720,0.853840,0.590598,0.576170,0.237690,0.181793,0.000000,0.181012,0.034741,1.000000,intfloat_e5_large_hierarchical_section_c320_o32/results/intfloat__e5-large_4dc6d853a804b9c8886ede6dda8a073b7dc08a81/intfloat__e5-large/4dc6d853a804b9c8886ede6dda8a073b7dc08a81
BAAI_bge_base_en_v1.5,semantic_recursive,448,0,0.646713,0.263970,0.159370,0.440933,0.427860,0.286760,0.210500,0.736030,0.840630,0.559067,0.572140,0.265937,0.419120,0.000000,0.118860,0.005368,1.000000,BAAI_bge_base_en_v1.5_semantic_recursive_c448_o0/results/BAAI__bge-base-en-v1.5_a5beb1e3e68b9ab74eb54cfd186867f64f240e1a/BAAI__bge-base-en-v1.5/a5beb1e3e68b9ab74eb54cfd186867f64f240e1a
BAAI_bge_base_en_v1.5,semantic_recursive,448,32,0.646783,0.259860,0.157510,0.435290,0.423630,0.284660,0.206200,0.740140,0.842490,0.564710,0.576370,0.275627,0.346650,0.000000,0.134111,-0.006882,1.000000,BAAI_bge_base_en_v1.5_semantic_recursive_c448_o32/results/BAAI__bge-base-en-v1.5_a5beb1e3e68b9ab74eb54cfd186867f64f240e1a/BAAI__bge-base-en-v1.5/a5beb1e3e68b9ab74eb54cfd186867f64f240e1a
nomic_ai_nomic_embed_text_v1,recursive_token,320,48,0.646945,0.249480,0.149060,0.413257,0.438990,0.257350,0.199050,0.750520,0.850940,0.586743,0.561010,0.226540,0.258423,0.000000,0.150054,-0.003477,1.000000,nomic_ai_nomic_embed_text_v1_recursive_token_c320_o48/results/nomic-ai__nomic-embed-text-v1_0759316f275aa0cb93a5b830973843ca66babcf5/nomic-ai__nomic-embed-text-v1/0759316f275aa0cb93a5b830973843ca66babcf5
BAAI_bge_base_en_v1.5,semantic_recursive,448,64,0.647035,0.255230,0.154610,0.421883,0.422330,0.271010,0.206830,0.744770,0.845390,0.578117,0.577670,0.236818,0.307825,0.000000,0.143330,0.009790,1.000000,BAAI_bge_base_en_v1.5_semantic_recursive_c448_o64/results/BAAI__bge-base-en-v1.5_a5beb1e3e68b9ab74eb54cfd186867f64f240e1a/BAAI__bge-base-en-v1.5/a5beb1e3e68b9ab74eb54cfd186867f64f240e1a
nomic_ai_nomic_embed_text_v1,fixed_token,320,64,0.647051,0.244400,0.143790,0.406593,0.421170,0.246850,0.198320,0.755600,0.856210,0.593407,0.578830,0.196597,0.174710,0.000000,0.172495,0.014874,1.000000,nomic_ai_nomic_embed_text_v1_fixed_token_c320_o64/results/nomic-ai__nomic-embed-text-v1_0759316f275aa0cb93a5b830973843ca66babcf5/nomic-ai__nomic-embed-text-v1/0759316f275aa0cb93a5b830973843ca66babcf5
intfloat_e5_small,recursive_token,320,0,0.647243,0.253680,0.150720,0.422751,0.418060,0.263660,0.190340,0.746320,0.849280,0.577249,0.581940,0.278085,0.234403,0.000000,0.171334,0.036429,1.000000,intfloat_e5_small_recursive_token_c320_o0/results/intfloat__e5-small_e272f3049e853b47cb5ca3952268c6662abda68f/intfloat__e5-small/e272f3049e853b47cb5ca3952268c6662abda68f
intfloat_multilingual_e5_base,recursive_token,384,16,0.647252,0.260660,0.158430,0.420202,0.422300,0.258400,0.195900,0.739340,0.841570,0.579798,0.577700,0.241873,0.367833,0.000000,0.143362,0.033857,1.000000,intfloat_multilingual_e5_base_recursive_token_c384_o16/results/intfloat__multilingual-e5-base_d13f1b27baf31030b7fd040960d60d909913633f/intfloat__multilingual-e5-base/d13f1b27baf31030b7fd040960d60d909913633f
BAAI_bge_large_en_v1.5,fixed_token,320,16,0.647655,0.258050,0.154710,0.426201,0.435920,0.277310,0.198530,0.741950,0.845290,0.573799,0.564080,0.284086,0.334547,0.000000,0.138673,-0.011165,1.000000,BAAI_bge_large_en_v1.5_fixed_token_c320_o16/results/BAAI__bge-large-en-v1.5_d4aa6901d3a41ba39fb536a557fa166f842b0e09/BAAI__bge-large-en-v1.5/d4aa6901d3a41ba39fb536a557fa166f842b0e09
intfloat_multilingual_e5_base,fixed_token,384,48,0.647991,0.256540,0.154340,0.429305,0.420570,0.280460,0.193590,0.743460,0.845660,0.570695,0.579430,0.309741,0.276053,0.000000,0.165591,0.041603,1.000000,intfloat_multilingual_e5_base_fixed_token_c384_o48/results/intfloat__multilingual-e5-base_d13f1b27baf31030b7fd040960d60d909913633f/intfloat__multilingual-e5-base/d13f1b27baf31030b7fd040960d60d909913633f
intfloat_multilingual_e5_base,hierarchical_section,320,16,0.648035,0.239840,0.141590,0.401712,0.386730,0.253150,0.190020,0.760160,0.858410,0.598288,0.613270,0.249378,0.013130,0.000000,0.204175,0.013602,1.000000,intfloat_multilingual_e5_base_hierarchical_section_c320_o16/results/intfloat__multilingual-e5-base_d13f1b27baf31030b7fd040960d60d909913633f/intfloat__multilingual-e5-base/d13f1b27baf31030b7fd040960d60d909913633f
intfloat_e5_base,recursive_token,320,32,0.648381,0.249000,0.146420,0.405878,0.429360,0.245800,0.192750,0.751000,0.853580,0.594122,0.570640,0.215826,0.248953,0.000000,0.158030,0.015641,1.000000,intfloat_e5_base_recursive_token_c320_o32/results/intfloat__e5-base_b533fe4636f4a2507c08ddab40644d20b0006d6a/intfloat__e5-base/b533fe4636f4a2507c08ddab40644d20b0006d6a
nomic_ai_nomic_embed_text_v1.5,recursive_token,320,48,0.648382,0.241850,0.143020,0.408375,0.416030,0.258400,0.193380,0.758150,0.856980,0.591625,0.583970,0.251625,0.113550,0.000000,0.177665,-0.000750,1.000000,nomic_ai_nomic_embed_text_v1.5_recursive_token_c320_o48/results/nomic-ai__nomic-embed-text-v1.5_b0753ae76394dd36bcfb912a46018088bca48be0/nomic-ai__nomic-embed-text-v1.5/b0753ae76394dd36bcfb912a46018088bca48be0
BAAI_bge_large_en_v1.5,hierarchical_section,320,16,0.648422,0.255830,0.150570,0.420269,0.433310,0.265760,0.204940,0.744170,0.849430,0.579731,0.566690,0.228853,0.351503,0.000000,0.142845,0.026291,1.000000,BAAI_bge_large_en_v1.5_hierarchical_section_c320_o16/results/BAAI__bge-large-en-v1.5_d4aa6901d3a41ba39fb536a557fa166f842b0e09/BAAI__bge-large-en-v1.5/d4aa6901d3a41ba39fb536a557fa166f842b0e09
intfloat_multilingual_e5_base,hierarchical_section,384,64,0.648515,0.252940,0.149530,0.428959,0.407350,0.284660,0.196640,0.747060,0.850470,0.571041,0.592650,0.309211,0.208295,0.000000,0.159217,0.001752,1.000000,intfloat_multilingual_e5_base_hierarchical_section_c384_o64/results/intfloat__multilingual-e5-base_d13f1b27baf31030b7fd040960d60d909913633f/intfloat__multilingual-e5-base/d13f1b27baf31030b7fd040960d60d909913633f
intfloat_e5_large,semantic_fixed,320,32,0.648666,0.238260,0.138750,0.403425,0.397650,0.248950,0.194120,0.761740,0.861250,0.596575,0.602350,0.220245,0.054555,0.000000,0.196058,0.013938,1.000000,intfloat_e5_large_semantic_fixed_c320_o32/results/intfloat__e5-large_4dc6d853a804b9c8886ede6dda8a073b7dc08a81/intfloat__e5-large/4dc6d853a804b9c8886ede6dda8a073b7dc08a81
intfloat_multilingual_e5_base,semantic_recursive,384,0,0.648743,0.249760,0.147290,0.429320,0.386190,0.284660,0.197480,0.750240,0.852710,0.570680,0.613810,0.306260,0.136625,0.000000,0.173456,0.001562,1.000000,intfloat_multilingual_e5_base_semantic_recursive_c384_o0/results/intfloat__multilingual-e5-base_d13f1b27baf31030b7fd040960d60d909913633f/intfloat__multilingual-e5-base/d13f1b27baf31030b7fd040960d60d909913633f
BAAI_bge_large_en_v1.5,fixed_token,320,48,0.648928,0.250190,0.148900,0.406630,0.415940,0.245800,0.198630,0.749810,0.851100,0.593370,0.584060,0.191904,0.279108,0.000000,0.156073,0.023789,1.000000,BAAI_bge_large_en_v1.5_fixed_token_c320_o48/results/BAAI__bge-large-en-v1.5_d4aa6901d3a41ba39fb536a557fa166f842b0e09/BAAI__bge-large-en-v1.5/d4aa6901d3a41ba39fb536a557fa166f842b0e09
intfloat_e5_small,semantic_fixed,320,16,0.648961,0.255990,0.150380,0.431764,0.411340,0.281510,0.203050,0.744010,0.849620,0.568236,0.588660,0.278711,0.292150,0.000000,0.145191,-0.007242,1.000000,intfloat_e5_small_semantic_fixed_c320_o16/results/intfloat__e5-small_e272f3049e853b47cb5ca3952268c6662abda68f/intfloat__e5-small/e272f3049e853b47cb5ca3952268c6662abda68f
BAAI_bge_base_en_v1.5,fixed_token,320,16,0.649067,0.249190,0.146850,0.405277,0.424680,0.248950,0.193800,0.750810,0.853150,0.594723,0.575320,0.221530,0.249827,0.000000,0.155253,0.010437,1.000000,BAAI_bge_base_en_v1.5_fixed_token_c320_o16/results/BAAI__bge-base-en-v1.5_a5beb1e3e68b9ab74eb54cfd186867f64f240e1a/BAAI__bge-base-en-v1.5/a5beb1e3e68b9ab74eb54cfd186867f64f240e1a
BAAI_bge_base_en_v1.5,hierarchical_section,320,16,0.649322,0.244620,0.143290,0.405200,0.410320,0.258400,0.195060,0.755380,0.856710,0.594800,0.589680,0.245124,0.147098,0.000000,0.175591,0.010021,1.000000,BAAI_bge_base_en_v1.5_hierarchical_section_c320_o16/results/BAAI__bge-base-en-v1.5_a5beb1e3e68b9ab74eb54cfd186867f64f240e1a/BAAI__bge-base-en-v1.5/a5beb1e3e68b9ab74eb54cfd186867f64f240e1a
BAAI_bge_base_en_v1.5,semantic_fixed,320,0,0.649455,0.245610,0.143860,0.414199,0.417740,0.263660,0.198950,0.754390,0.856140,0.585801,0.582260,0.245430,0.193483,0.000000,0.168109,0.013611,1.000000,BAAI_bge_base_en_v1.5_semantic_fixed_c320_o0/results/BAAI__bge-base-en-v1.5_a5beb1e3e68b9ab74eb54cfd186867f64f240e1a/BAAI__bge-base-en-v1.5/a5beb1e3e68b9ab74eb54cfd186867f64f240e1a
intfloat_multilingual_e5_base,semantic_fixed,384,48,0.649469,0.254800,0.151130,0.440863,0.408030,0.296220,0.205360,0.745200,0.848870,0.559137,0.591970,0.306732,0.278158,0.000000,0.150690,0.012643,1.000000,intfloat_multilingual_e5_base_semantic_fixed_c384_o48/results/intfloat__multilingual-e5-base_d13f1b27baf31030b7fd040960d60d909913633f/intfloat__multilingual-e5-base/d13f1b27baf31030b7fd040960d60d909913633f
intfloat_e5_small,semantic_recursive,448,64,0.649510,0.257000,0.152910,0.421304,0.401790,0.266810,0.204100,0.743000,0.847090,0.578696,0.598210,0.235036,0.325985,0.000000,0.136300,-0.002994,1.000000,intfloat_e5_small_semantic_recursive_c448_o64/results/intfloat__e5-small_e272f3049e853b47cb5ca3952268c6662abda68f/intfloat__e5-small/e272f3049e853b47cb5ca3952268c6662abda68f
BAAI_bge_large_en_v1.5,semantic_recursive,384,32,0.649671,0.251200,0.147270,0.426278,0.402840,0.275210,0.203150,0.748800,0.852730,0.573722,0.597160,0.261836,0.239700,0.000000,0.152266,0.000412,1.000000,BAAI_bge_large_en_v1.5_semantic_recursive_c384_o32/results/BAAI__bge-large-en-v1.5_d4aa6901d3a41ba39fb536a557fa166f842b0e09/BAAI__bge-large-en-v1.5/d4aa6901d3a41ba39fb536a557fa166f842b0e09
intfloat_multilingual_e5_base,recursive_token,384,32,0.649924,0.257110,0.155370,0.423536,0.418360,0.277310,0.191810,0.742890,0.844630,0.576464,0.581640,0.308319,0.309420,0.000000,0.161067,0.045902,1.000000,intfloat_multilingual_e5_base_recursive_token_c384_o32/results/intfloat__multilingual-e5-base_d13f1b27baf31030b7fd040960d60d909913633f/intfloat__multilingual-e5-base/d13f1b27baf31030b7fd040960d60d909913633f
BAAI_bge_large_en_v1.5,semantic_fixed,320,16,0.649970,0.252270,0.149470,0.420146,0.416790,0.267860,0.202520,0.747730,0.850530,0.579854,0.583210,0.243933,0.297655,0.000000,0.141302,-0.001666,1.000000,BAAI_bge_large_en_v1.5_semantic_fixed_c320_o16/results/BAAI__bge-large-en-v1.5_d4aa6901d3a41ba39fb536a557fa166f842b0e09/BAAI__bge-large-en-v1.5/d4aa6901d3a41ba39fb536a557fa166f842b0e09
intfloat_e5_large,hierarchical_section,320,48,0.650024,0.239280,0.137740,0.391653,0.408840,0.233190,0.190020,0.760720,0.862260,0.608347,0.591160,0.185128,0.120815,0.000000,0.183347,0.015020,1.000000,intfloat_e5_large_hierarchical_section_c320_o48/results/intfloat__e5-large_4dc6d853a804b9c8886ede6dda8a073b7dc08a81/intfloat__e5-large/4dc6d853a804b9c8886ede6dda8a073b7dc08a81
intfloat_e5_large,semantic_recursive,384,32,0.650145,0.241300,0.140050,0.413325,0.394300,0.260500,0.195800,0.758700,0.859950,0.586675,0.605700,0.248369,0.101673,0.000000,0.181660,0.003989,1.000000,intfloat_e5_large_semantic_recursive_c384_o32/results/intfloat__e5-large_4dc6d853a804b9c8886ede6dda8a073b7dc08a81/intfloat__e5-large/4dc6d853a804b9c8886ede6dda8a073b7dc08a81
BAAI_bge_large_en_v1.5,hierarchical_section,320,48,0.650175,0.243310,0.142690,0.397662,0.415420,0.246850,0.195060,0.756690,0.857310,0.602338,0.584580,0.209804,0.180405,0.000000,0.166613,-0.005388,1.000000,BAAI_bge_large_en_v1.5_hierarchical_section_c320_o48/results/BAAI__bge-large-en-v1.5_d4aa6901d3a41ba39fb536a557fa166f842b0e09/BAAI__bge-large-en-v1.5/d4aa6901d3a41ba39fb536a557fa166f842b0e09
intfloat_multilingual_e5_base,semantic_fixed,384,64,0.650412,0.251820,0.148750,0.422612,0.407180,0.266810,0.205990,0.748180,0.851250,0.577388,0.592820,0.227953,0.301243,0.000000,0.144782,0.010061,1.000000,intfloat_multilingual_e5_base_semantic_fixed_c384_o64/results/intfloat__multilingual-e5-base_d13f1b27baf31030b7fd040960d60d909913633f/intfloat__multilingual-e5-base/d13f1b27baf31030b7fd040960d60d909913633f
intfloat_multilingual_e5_base,semantic_recursive,384,16,0.650577,0.246920,0.144860,0.424517,0.383910,0.280460,0.195380,0.753080,0.855140,0.575483,0.616090,0.303359,0.126750,0.000000,0.175954,-0.002608,1.000000,intfloat_multilingual_e5_base_semantic_recursive_c384_o16/results/intfloat__multilingual-e5-base_d13f1b27baf31030b7fd040960d60d909913633f/intfloat__multilingual-e5-base/d13f1b27baf31030b7fd040960d60d909913633f
nomic_ai_nomic_embed_text_v1,hierarchical_section,320,48,0.650896,0.248730,0.147600,0.407491,0.421930,0.254200,0.198950,0.751270,0.852400,0.592509,0.578070,0.217349,0.288392,0.000000,0.143774,0.002905,1.000000,nomic_ai_nomic_embed_text_v1_hierarchical_section_c320_o48/results/nomic-ai__nomic-embed-text-v1_0759316f275aa0cb93a5b830973843ca66babcf5/nomic-ai__nomic-embed-text-v1/0759316f275aa0cb93a5b830973843ca66babcf5
intfloat_e5_large,recursive_token,320,32,0.651447,0.255260,0.152090,0.420491,0.433730,0.274160,0.192120,0.744740,0.847910,0.579509,0.566270,0.299241,0.343835,0.000000,0.135686,0.008906,1.000000,intfloat_e5_large_recursive_token_c320_o32/results/intfloat__e5-large_4dc6d853a804b9c8886ede6dda8a073b7dc08a81/intfloat__e5-large/4dc6d853a804b9c8886ede6dda8a073b7dc08a81
intfloat_e5_large,semantic_recursive,384,16,0.651569,0.241750,0.141400,0.411079,0.397540,0.259450,0.194220,0.758250,0.858600,0.588921,0.602460,0.251416,0.138543,0.000000,0.174630,-0.004677,1.000000,intfloat_e5_large_semantic_recursive_c384_o16/results/intfloat__e5-large_4dc6d853a804b9c8886ede6dda8a073b7dc08a81/intfloat__e5-large/4dc6d853a804b9c8886ede6dda8a073b7dc08a81
intfloat_e5_small,fixed_token,320,48,0.651793,0.245920,0.145060,0.410911,0.406660,0.261550,0.189500,0.754080,0.854940,0.589089,0.593340,0.275473,0.189052,0.000000,0.172545,0.020711,1.000000,intfloat_e5_small_fixed_token_c320_o48/results/intfloat__e5-small_e272f3049e853b47cb5ca3952268c6662abda68f/intfloat__e5-small/e272f3049e853b47cb5ca3952268c6662abda68f
BAAI_bge_large_en_v1.5,semantic_recursive,384,0,0.652078,0.251150,0.147350,0.420200,0.408920,0.271010,0.203470,0.748850,0.852650,0.579800,0.591080,0.249216,0.300340,0.000000,0.142208,-0.004552,1.000000,BAAI_bge_large_en_v1.5_semantic_recursive_c384_o0/results/BAAI__bge-large-en-v1.5_d4aa6901d3a41ba39fb536a557fa166f842b0e09/BAAI__bge-large-en-v1.5/d4aa6901d3a41ba39fb536a557fa166f842b0e09
nomic_ai_nomic_embed_text_v1.5,recursive_token,320,64,0.652133,0.234540,0.139160,0.396290,0.402010,0.251050,0.187710,0.765460,0.860840,0.603710,0.597990,0.252300,0.054460,0.000000,0.195673,-0.013130,1.000000,nomic_ai_nomic_embed_text_v1.5_recursive_token_c320_o64/results/nomic-ai__nomic-embed-text-v1.5_b0753ae76394dd36bcfb912a46018088bca48be0/nomic-ai__nomic-embed-text-v1.5/b0753ae76394dd36bcfb912a46018088bca48be0
BAAI_bge_large_en_v1.5,semantic_fixed,320,48,0.652281,0.242580,0.143680,0.402938,0.407930,0.244750,0.201160,0.757420,0.856320,0.597062,0.592070,0.178100,0.247195,0.000000,0.160253,0.019384,1.000000,BAAI_bge_large_en_v1.5_semantic_fixed_c320_o48/results/BAAI__bge-large-en-v1.5_d4aa6901d3a41ba39fb536a557fa166f842b0e09/BAAI__bge-large-en-v1.5/d4aa6901d3a41ba39fb536a557fa166f842b0e09
intfloat_e5_large,semantic_recursive,384,0,0.652307,0.243030,0.142130,0.416485,0.397670,0.266810,0.194750,0.756970,0.857870,0.583515,0.602330,0.270080,0.160155,0.000000,0.171632,-0.007326,1.000000,intfloat_e5_large_semantic_recursive_c384_o0/results/intfloat__e5-large_4dc6d853a804b9c8886ede6dda8a073b7dc08a81/intfloat__e5-large/4dc6d853a804b9c8886ede6dda8a073b7dc08a81
intfloat_e5_large,fixed_token,320,48,0.652440,0.238930,0.140680,0.399529,0.422150,0.250000,0.187610,0.761070,0.859320,0.600471,0.577850,0.249560,0.155680,0.000000,0.186760,0.035792,1.000000,intfloat_e5_large_fixed_token_c320_o48/results/intfloat__e5-large_4dc6d853a804b9c8886ede6dda8a073b7dc08a81/intfloat__e5-large/4dc6d853a804b9c8886ede6dda8a073b7dc08a81
BAAI_bge_large_en_v1.5,semantic_recursive,384,16,0.652510,0.251370,0.147890,0.421308,0.406620,0.274160,0.202840,0.748630,0.852110,0.578692,0.593380,0.260140,0.299810,0.000000,0.140121,0.000166,1.000000,BAAI_bge_large_en_v1.5_semantic_recursive_c384_o16/results/BAAI__bge-large-en-v1.5_d4aa6901d3a41ba39fb536a557fa166f842b0e09/BAAI__bge-large-en-v1.5/d4aa6901d3a41ba39fb536a557fa166f842b0e09
BAAI_bge_base_en_v1.5,hierarchical_section,320,32,0.652536,0.239000,0.140620,0.392309,0.408910,0.239500,0.191600,0.761000,0.859380,0.607691,0.591090,0.200000,0.166633,0.000000,0.178654,0.023961,1.000000,BAAI_bge_base_en_v1.5_hierarchical_section_c320_o32/results/BAAI__bge-base-en-v1.5_a5beb1e3e68b9ab74eb54cfd186867f64f240e1a/BAAI__bge-base-en-v1.5/a5beb1e3e68b9ab74eb54cfd186867f64f240e1a
intfloat_e5_small,semantic_fixed,320,32,0.652802,0.242060,0.140580,0.420990,0.397510,0.269960,0.194430,0.757940,0.859420,0.579010,0.602490,0.279782,0.154123,0.000000,0.176264,0.014177,1.000000,intfloat_e5_small_semantic_fixed_c320_o32/results/intfloat__e5-small_e272f3049e853b47cb5ca3952268c6662abda68f/intfloat__e5-small/e272f3049e853b47cb5ca3952268c6662abda68f
BAAI_bge_base_en_v1.5,fixed_token,320,32,0.653219,0.239960,0.142480,0.389440,0.406930,0.239500,0.191390,0.760040,0.857520,0.610560,0.593070,0.200877,0.185807,0.000000,0.166865,0.008053,1.000000,BAAI_bge_base_en_v1.5_fixed_token_c320_o32/results/BAAI__bge-base-en-v1.5_a5beb1e3e68b9ab74eb54cfd186867f64f240e1a/BAAI__bge-base-en-v1.5/a5beb1e3e68b9ab74eb54cfd186867f64f240e1a
intfloat_e5_base,semantic_fixed,384,64,0.653366,0.242280,0.141030,0.404805,0.412770,0.254200,0.199470,0.757720,0.858970,0.595195,0.587230,0.215303,0.231810,0.000000,0.157623,-0.007970,1.000000,intfloat_e5_base_semantic_fixed_c384_o64/results/intfloat__e5-base_b533fe4636f4a2507c08ddab40644d20b0006d6a/intfloat__e5-base/b533fe4636f4a2507c08ddab40644d20b0006d6a
nomic_ai_nomic_embed_text_v1.5,hierarchical_section,320,48,0.653589,0.241180,0.142520,0.394598,0.407840,0.239500,0.193070,0.758820,0.857480,0.605402,0.592160,0.193862,0.223492,0.000000,0.156580,0.002557,1.000000,nomic_ai_nomic_embed_text_v1.5_hierarchical_section_c320_o48/results/nomic-ai__nomic-embed-text-v1.5_b0753ae76394dd36bcfb912a46018088bca48be0/nomic-ai__nomic-embed-text-v1.5/b0753ae76394dd36bcfb912a46018088bca48be0
nomic_ai_nomic_embed_text_v1,hierarchical_section,320,64,0.653702,0.241250,0.142050,0.389172,0.420870,0.221640,0.197060,0.758750,0.857950,0.610828,0.579130,0.110901,0.322673,0.000000,0.137653,-0.004375,1.000000,nomic_ai_nomic_embed_text_v1_hierarchical_section_c320_o64/results/nomic-ai__nomic-embed-text-v1_0759316f275aa0cb93a5b830973843ca66babcf5/nomic-ai__nomic-embed-text-v1/0759316f275aa0cb93a5b830973843ca66babcf5
intfloat_multilingual_e5_base,semantic_fixed,320,16,0.653922,0.243440,0.142520,0.407993,0.391660,0.248950,0.197370,0.756560,0.857480,0.592007,0.608340,0.207190,0.231593,0.000000,0.156486,0.005609,1.000000,intfloat_multilingual_e5_base_semantic_fixed_c320_o16/results/intfloat__multilingual-e5-base_d13f1b27baf31030b7fd040960d60d909913633f/intfloat__multilingual-e5-base/d13f1b27baf31030b7fd040960d60d909913633f
BAAI_bge_large_en_v1.5,semantic_fixed,320,32,0.653991,0.239120,0.140420,0.395206,0.406970,0.234240,0.197790,0.760880,0.859580,0.604794,0.593030,0.155610,0.242327,0.000000,0.156760,0.010451,1.000000,BAAI_bge_large_en_v1.5_semantic_fixed_c320_o32/results/BAAI__bge-large-en-v1.5_d4aa6901d3a41ba39fb536a557fa166f842b0e09/BAAI__bge-large-en-v1.5/d4aa6901d3a41ba39fb536a557fa166f842b0e09
intfloat_multilingual_e5_base,fixed_token,384,64,0.654491,0.249770,0.150910,0.405170,0.417390,0.252100,0.189180,0.750230,0.849090,0.594830,0.582610,0.249584,0.336935,0.000000,0.141093,0.016960,1.000000,intfloat_multilingual_e5_base_fixed_token_c384_o64/results/intfloat__multilingual-e5-base_d13f1b27baf31030b7fd040960d60d909913633f/intfloat__multilingual-e5-base/d13f1b27baf31030b7fd040960d60d909913633f
nomic_ai_nomic_embed_text_v1.5,fixed_token,320,64,0.654985,0.233390,0.135430,0.398240,0.402060,0.247900,0.189290,0.766610,0.864570,0.601760,0.597940,0.236426,0.106095,0.000000,0.188374,0.019186,1.000000,nomic_ai_nomic_embed_text_v1.5_fixed_token_c320_o64/results/nomic-ai__nomic-embed-text-v1.5_b0753ae76394dd36bcfb912a46018088bca48be0/nomic-ai__nomic-embed-text-v1.5/b0753ae76394dd36bcfb912a46018088bca48be0
intfloat_e5_small,hierarchical_section,320,32,0.654991,0.245550,0.145100,0.414038,0.395750,0.267860,0.191180,0.754450,0.854900,0.585962,0.604250,0.286269,0.223480,0.000000,0.163784,0.016960,1.000000,intfloat_e5_small_hierarchical_section_c320_o32/results/intfloat__e5-small_e272f3049e853b47cb5ca3952268c6662abda68f/intfloat__e5-small/e272f3049e853b47cb5ca3952268c6662abda68f
intfloat_e5_small,semantic_fixed,320,48,0.655087,0.240130,0.138070,0.411128,0.394210,0.258400,0.191910,0.759870,0.861930,0.588872,0.605790,0.257314,0.168550,0.000000,0.173039,0.013498,1.000000,intfloat_e5_small_semantic_fixed_c320_o48/results/intfloat__e5-small_e272f3049e853b47cb5ca3952268c6662abda68f/intfloat__e5-small/e272f3049e853b47cb5ca3952268c6662abda68f
intfloat_multilingual_e5_base,semantic_recursive,384,32,0.655248,0.244800,0.144330,0.425965,0.381720,0.285710,0.193910,0.755200,0.855670,0.574035,0.618280,0.321305,0.179543,0.000000,0.169948,0.011713,1.000000,intfloat_multilingual_e5_base_semantic_recursive_c384_o32/results/intfloat__multilingual-e5-base_d13f1b27baf31030b7fd040960d60d909913633f/intfloat__multilingual-e5-base/d13f1b27baf31030b7fd040960d60d909913633f
intfloat_multilingual_e5_base,fixed_token,320,16,0.655335,0.243430,0.145830,0.395939,0.404820,0.241600,0.188550,0.756570,0.854170,0.604061,0.595180,0.219578,0.262833,0.000000,0.157049,0.019231,1.000000,intfloat_multilingual_e5_base_fixed_token_c320_o16/results/intfloat__multilingual-e5-base_d13f1b27baf31030b7fd040960d60d909913633f/intfloat__multilingual-e5-base/d13f1b27baf31030b7fd040960d60d909913633f
nomic_ai_nomic_embed_text_v1,fixed_token,256,0,0.655587,0.242490,0.138160,0.410021,0.414970,0.247900,0.196010,0.757510,0.861840,0.589979,0.585030,0.209318,0.287450,0.000000,0.154957,0.024894,1.000000,nomic_ai_nomic_embed_text_v1_fixed_token_c256_o0/results/nomic-ai__nomic-embed-text-v1_0759316f275aa0cb93a5b830973843ca66babcf5/nomic-ai__nomic-embed-text-v1/0759316f275aa0cb93a5b830973843ca66babcf5
intfloat_multilingual_e5_base,hierarchical_section,320,0,0.655706,0.248530,0.146340,0.424507,0.395510,0.274160,0.191910,0.751470,0.853660,0.575493,0.604490,0.300007,0.276280,0.000000,0.157260,0.025032,1.000000,intfloat_multilingual_e5_base_hierarchical_section_c320_o0/results/intfloat__multilingual-e5-base_d13f1b27baf31030b7fd040960d60d909913633f/intfloat__multilingual-e5-base/d13f1b27baf31030b7fd040960d60d909913633f
BAAI_bge_large_en_v1.5,recursive_token,320,32,0.655772,0.251300,0.150400,0.406966,0.431130,0.251050,0.194010,0.748700,0.849600,0.593034,0.568870,0.227206,0.427728,0.000000,0.118282,-0.007655,1.000000,BAAI_bge_large_en_v1.5_recursive_token_c320_o32/results/BAAI__bge-large-en-v1.5_d4aa6901d3a41ba39fb536a557fa166f842b0e09/BAAI__bge-large-en-v1.5/d4aa6901d3a41ba39fb536a557fa166f842b0e09
BAAI_bge_base_en_v1.5,semantic_fixed,320,16,0.655980,0.241330,0.140870,0.402789,0.401590,0.243700,0.193800,0.758670,0.859130,0.597211,0.598410,0.204760,0.259053,0.000000,0.156021,0.015663,1.000000,BAAI_bge_base_en_v1.5_semantic_fixed_c320_o16/results/BAAI__bge-base-en-v1.5_a5beb1e3e68b9ab74eb54cfd186867f64f240e1a/BAAI__bge-base-en-v1.5/a5beb1e3e68b9ab74eb54cfd186867f64f240e1a
intfloat_e5_large,semantic_fixed,320,48,0.656028,0.230670,0.134410,0.396641,0.392470,0.245800,0.187390,0.769330,0.865590,0.603359,0.607530,0.237632,0.074823,0.000000,0.192349,0.014627,1.000000,intfloat_e5_large_semantic_fixed_c320_o48/results/intfloat__e5-large_4dc6d853a804b9c8886ede6dda8a073b7dc08a81/intfloat__e5-large/4dc6d853a804b9c8886ede6dda8a073b7dc08a81
intfloat_e5_base,hierarchical_section,320,32,0.656082,0.235820,0.136780,0.395558,0.402390,0.241600,0.189080,0.764180,0.863220,0.604442,0.597610,0.217384,0.169655,0.000000,0.189586,0.047034,1.000000,intfloat_e5_base_hierarchical_section_c320_o32/results/intfloat__e5-base_b533fe4636f4a2507c08ddab40644d20b0006d6a/intfloat__e5-base/b533fe4636f4a2507c08ddab40644d20b0006d6a
intfloat_e5_small,semantic_recursive,384,16,0.656378,0.245160,0.143150,0.416216,0.385270,0.263660,0.194430,0.754840,0.856850,0.583784,0.614730,0.262573,0.246995,0.000000,0.153114,0.005026,1.000000,intfloat_e5_small_semantic_recursive_c384_o16/results/intfloat__e5-small_e272f3049e853b47cb5ca3952268c6662abda68f/intfloat__e5-small/e272f3049e853b47cb5ca3952268c6662abda68f
intfloat_e5_base,hierarchical_section,320,16,0.656534,0.234990,0.136240,0.394293,0.401370,0.239500,0.190440,0.765010,0.863760,0.605707,0.598630,0.204843,0.177035,0.000000,0.176663,0.024140,1.000000,intfloat_e5_base_hierarchical_section_c320_o16/results/intfloat__e5-base_b533fe4636f4a2507c08ddab40644d20b0006d6a/intfloat__e5-base/b533fe4636f4a2507c08ddab40644d20b0006d6a
intfloat_e5_large,fixed_token,256,0,0.656578,0.236120,0.135100,0.396916,0.402650,0.228990,0.190020,0.763880,0.864900,0.603084,0.597350,0.170182,0.225998,0.000000,0.163181,0.016761,1.000000,intfloat_e5_large_fixed_token_c256_o0/results/intfloat__e5-large_4dc6d853a804b9c8886ede6dda8a073b7dc08a81/intfloat__e5-large/4dc6d853a804b9c8886ede6dda8a073b7dc08a81
intfloat_e5_base,recursive_token,320,48,0.656592,0.242440,0.143200,0.404683,0.427840,0.248950,0.190970,0.757560,0.856800,0.595317,0.572160,0.232898,0.318757,0.000000,0.139832,0.007167,1.000000,intfloat_e5_base_recursive_token_c320_o48/results/intfloat__e5-base_b533fe4636f4a2507c08ddab40644d20b0006d6a/intfloat__e5-base/b533fe4636f4a2507c08ddab40644d20b0006d6a
intfloat_e5_large,recursive_token,320,48,0.656838,0.237550,0.138410,0.395931,0.417680,0.234240,0.188340,0.762450,0.861590,0.604069,0.582320,0.195953,0.259623,0.000000,0.150623,0.005095,1.000000,intfloat_e5_large_recursive_token_c320_o48/results/intfloat__e5-large_4dc6d853a804b9c8886ede6dda8a073b7dc08a81/intfloat__e5-large/4dc6d853a804b9c8886ede6dda8a073b7dc08a81
intfloat_e5_base,fixed_token,320,48,0.656940,0.246030,0.143630,0.412088,0.430130,0.264710,0.193070,0.753970,0.856370,0.587912,0.569870,0.270636,0.341382,0.000000,0.150461,0.037475,1.000000,intfloat_e5_base_fixed_token_c320_o48/results/intfloat__e5-base_b533fe4636f4a2507c08ddab40644d20b0006d6a/intfloat__e5-base/b533fe4636f4a2507c08ddab40644d20b0006d6a
intfloat_e5_large,recursive_token,320,64,0.657043,0.236140,0.138440,0.389070,0.406310,0.228990,0.190340,0.763860,0.861560,0.610930,0.593690,0.168785,0.241847,0.000000,0.153366,0.003471,1.000000,intfloat_e5_large_recursive_token_c320_o64/results/intfloat__e5-large_4dc6d853a804b9c8886ede6dda8a073b7dc08a81/intfloat__e5-large/4dc6d853a804b9c8886ede6dda8a073b7dc08a81
intfloat_multilingual_e5_base,semantic_recursive,384,48,0.657472,0.240560,0.140050,0.420877,0.378650,0.277310,0.191490,0.759440,0.859950,0.579123,0.621350,0.309473,0.164265,0.000000,0.169120,-0.003946,1.000000,intfloat_multilingual_e5_base_semantic_recursive_c384_o48/results/intfloat__multilingual-e5-base_d13f1b27baf31030b7fd040960d60d909913633f/intfloat__multilingual-e5-base/d13f1b27baf31030b7fd040960d60d909913633f
intfloat_e5_small,semantic_recursive,384,0,0.657584,0.245640,0.143130,0.419007,0.384900,0.264710,0.194220,0.754360,0.856870,0.580993,0.615100,0.266291,0.276477,0.000000,0.145818,0.002227,1.000000,intfloat_e5_small_semantic_recursive_c384_o0/results/intfloat__e5-small_e272f3049e853b47cb5ca3952268c6662abda68f/intfloat__e5-small/e272f3049e853b47cb5ca3952268c6662abda68f
BAAI_bge_base_en_v1.5,recursive_token,320,32,0.657719,0.247500,0.144950,0.411449,0.422630,0.257350,0.190020,0.752500,0.855050,0.588551,0.577370,0.261628,0.368200,0.000000,0.129162,-0.005604,1.000000,BAAI_bge_base_en_v1.5_recursive_token_c320_o32/results/BAAI__bge-base-en-v1.5_a5beb1e3e68b9ab74eb54cfd186867f64f240e1a/BAAI__bge-base-en-v1.5/a5beb1e3e68b9ab74eb54cfd186867f64f240e1a
nomic_ai_nomic_embed_text_v1,hierarchical_section,256,0,0.657771,0.236230,0.136330,0.394352,0.406390,0.228990,0.192750,0.763770,0.863670,0.605648,0.593610,0.158260,0.270042,0.000000,0.150712,-0.009441,1.000000,nomic_ai_nomic_embed_text_v1_hierarchical_section_c256_o0/results/nomic-ai__nomic-embed-text-v1_0759316f275aa0cb93a5b830973843ca66babcf5/nomic-ai__nomic-embed-text-v1/0759316f275aa0cb93a5b830973843ca66babcf5
intfloat_e5_small,semantic_recursive,384,32,0.657974,0.246400,0.144040,0.424084,0.383190,0.273110,0.194850,0.753600,0.855960,0.575916,0.616810,0.286551,0.281227,0.000000,0.150793,0.014077,1.000000,intfloat_e5_small_semantic_recursive_c384_o32/results/intfloat__e5-small_e272f3049e853b47cb5ca3952268c6662abda68f/intfloat__e5-small/e272f3049e853b47cb5ca3952268c6662abda68f
intfloat_e5_small,recursive_token,320,48,0.658121,0.237710,0.140210,0.393819,0.399090,0.236340,0.185920,0.762290,0.859790,0.606181,0.600910,0.213337,0.235138,0.000000,0.161131,0.016317,1.000000,intfloat_e5_small_recursive_token_c320_o48/results/intfloat__e5-small_e272f3049e853b47cb5ca3952268c6662abda68f/intfloat__e5-small/e272f3049e853b47cb5ca3952268c6662abda68f
nomic_ai_nomic_embed_text_v1,fixed_token,256,16,0.658205,0.238370,0.137790,0.409398,0.403950,0.256300,0.191070,0.761630,0.862210,0.590602,0.596050,0.254506,0.232783,0.000000,0.156092,0.005297,1.000000,nomic_ai_nomic_embed_text_v1_fixed_token_c256_o16/results/nomic-ai__nomic-embed-text-v1_0759316f275aa0cb93a5b830973843ca66babcf5/nomic-ai__nomic-embed-text-v1/0759316f275aa0cb93a5b830973843ca66babcf5
intfloat_e5_small,recursive_token,320,32,0.658241,0.251970,0.149180,0.430640,0.407570,0.282560,0.186870,0.748030,0.850820,0.569360,0.592430,0.338654,0.367043,0.000000,0.142905,0.032627,1.000000,intfloat_e5_small_recursive_token_c320_o32/results/intfloat__e5-small_e272f3049e853b47cb5ca3952268c6662abda68f/intfloat__e5-small/e272f3049e853b47cb5ca3952268c6662abda68f
BAAI_bge_base_en_v1.5,semantic_recursive,384,16,0.658642,0.235650,0.136980,0.395220,0.396370,0.246850,0.193800,0.764350,0.863020,0.604780,0.603630,0.214908,0.209890,0.000000,0.159779,0.003514,1.000000,BAAI_bge_base_en_v1.5_semantic_recursive_c384_o16/results/BAAI__bge-base-en-v1.5_a5beb1e3e68b9ab74eb54cfd186867f64f240e1a/BAAI__bge-base-en-v1.5/a5beb1e3e68b9ab74eb54cfd186867f64f240e1a
intfloat_multilingual_e5_base,fixed_token,320,0,0.658817,0.248630,0.146650,0.418680,0.406050,0.265760,0.188660,0.751370,0.853350,0.581320,0.593950,0.290111,0.359960,0.000000,0.130816,0.005616,1.000000,intfloat_multilingual_e5_base_fixed_token_c320_o0/results/intfloat__multilingual-e5-base_d13f1b27baf31030b7fd040960d60d909913633f/intfloat__multilingual-e5-base/d13f1b27baf31030b7fd040960d60d909913633f
intfloat_e5_small,hierarchical_section,320,16,0.658952,0.248400,0.146300,0.417249,0.402470,0.265760,0.192440,0.751600,0.853700,0.582751,0.597530,0.275888,0.363390,0.000000,0.139711,0.024778,1.000000,intfloat_e5_small_hierarchical_section_c320_o16/results/intfloat__e5-small_e272f3049e853b47cb5ca3952268c6662abda68f/intfloat__e5-small/e272f3049e853b47cb5ca3952268c6662abda68f
intfloat_e5_base,semantic_fixed,320,16,0.659503,0.229500,0.133210,0.382683,0.386130,0.230040,0.185400,0.770500,0.866790,0.617317,0.613870,0.194053,0.131968,0.000000,0.183780,0.020347,1.000000,intfloat_e5_base_semantic_fixed_c320_o16/results/intfloat__e5-base_b533fe4636f4a2507c08ddab40644d20b0006d6a/intfloat__e5-base/b533fe4636f4a2507c08ddab40644d20b0006d6a
BAAI_bge_base_en_v1.5,semantic_recursive,384,0,0.659623,0.235230,0.137340,0.393063,0.396790,0.241600,0.193490,0.764770,0.862660,0.606937,0.603210,0.199131,0.239475,0.000000,0.156649,0.009088,1.000000,BAAI_bge_base_en_v1.5_semantic_recursive_c384_o0/results/BAAI__bge-base-en-v1.5_a5beb1e3e68b9ab74eb54cfd186867f64f240e1a/BAAI__bge-base-en-v1.5/a5beb1e3e68b9ab74eb54cfd186867f64f240e1a
BAAI_bge_base_en_v1.5,semantic_fixed,320,32,0.659808,0.232430,0.135170,0.391773,0.390790,0.244750,0.192540,0.767570,0.864830,0.608227,0.609210,0.213320,0.180510,0.000000,0.177909,0.028022,1.000000,BAAI_bge_base_en_v1.5_semantic_fixed_c320_o32/results/BAAI__bge-base-en-v1.5_a5beb1e3e68b9ab74eb54cfd186867f64f240e1a/BAAI__bge-base-en-v1.5/a5beb1e3e68b9ab74eb54cfd186867f64f240e1a
BAAI_bge_base_en_v1.5,semantic_fixed,320,48,0.659879,0.229800,0.132430,0.396235,0.399990,0.245800,0.190020,0.770200,0.867570,0.603765,0.600010,0.226932,0.161020,0.000000,0.181589,0.027586,1.000000,BAAI_bge_base_en_v1.5_semantic_fixed_c320_o48/results/BAAI__bge-base-en-v1.5_a5beb1e3e68b9ab74eb54cfd186867f64f240e1a/BAAI__bge-base-en-v1.5/a5beb1e3e68b9ab74eb54cfd186867f64f240e1a
nomic_ai_nomic_embed_text_v1.5,fixed_token,256,0,0.660074,0.231590,0.131140,0.391937,0.395940,0.237390,0.186970,0.768410,0.868860,0.608063,0.604060,0.212393,0.173715,0.000000,0.182828,0.035142,1.000000,nomic_ai_nomic_embed_text_v1.5_fixed_token_c256_o0/results/nomic-ai__nomic-embed-text-v1.5_b0753ae76394dd36bcfb912a46018088bca48be0/nomic-ai__nomic-embed-text-v1.5/b0753ae76394dd36bcfb912a46018088bca48be0
intfloat_e5_small,hierarchical_section,320,48,0.660130,0.235440,0.136050,0.391251,0.391890,0.237390,0.186550,0.764560,0.863950,0.608749,0.608110,0.214162,0.217883,0.000000,0.163763,0.014679,1.000000,intfloat_e5_small_hierarchical_section_c320_o48/results/intfloat__e5-small_e272f3049e853b47cb5ca3952268c6662abda68f/intfloat__e5-small/e272f3049e853b47cb5ca3952268c6662abda68f
intfloat_multilingual_e5_base,recursive_token,384,64,0.660262,0.243610,0.144130,0.402732,0.404280,0.251050,0.189920,0.756390,0.855870,0.597268,0.595720,0.243497,0.344785,0.000000,0.157696,0.053306,1.000000,intfloat_multilingual_e5_base_recursive_token_c384_o64/results/intfloat__multilingual-e5-base_d13f1b27baf31030b7fd040960d60d909913633f/intfloat__multilingual-e5-base/d13f1b27baf31030b7fd040960d60d909913633f
intfloat_e5_large,hierarchical_section,256,0,0.660312,0.230980,0.132100,0.391031,0.400290,0.233190,0.188340,0.769020,0.867900,0.608969,0.599710,0.192332,0.203768,0.000000,0.161126,0.003759,1.000000,intfloat_e5_large_hierarchical_section_c256_o0/results/intfloat__e5-large_4dc6d853a804b9c8886ede6dda8a073b7dc08a81/intfloat__e5-large/4dc6d853a804b9c8886ede6dda8a073b7dc08a81
BAAI_bge_base_en_v1.5,hierarchical_section,320,48,0.661083,0.236200,0.138050,0.390211,0.397440,0.242650,0.190550,0.763800,0.861950,0.609789,0.602560,0.214713,0.260255,0.000000,0.157428,0.018958,1.000000,BAAI_bge_base_en_v1.5_hierarchical_section_c320_o48/results/BAAI__bge-base-en-v1.5_a5beb1e3e68b9ab74eb54cfd186867f64f240e1a/BAAI__bge-base-en-v1.5/a5beb1e3e68b9ab74eb54cfd186867f64f240e1a
intfloat_e5_base,semantic_fixed,320,0,0.661140,0.236570,0.137070,0.400456,0.398390,0.248950,0.191490,0.763430,0.862930,0.599544,0.601610,0.230809,0.267098,0.000000,0.156098,0.019035,1.000000,intfloat_e5_base_semantic_fixed_c320_o0/results/intfloat__e5-base_b533fe4636f4a2507c08ddab40644d20b0006d6a/intfloat__e5-base/b533fe4636f4a2507c08ddab40644d20b0006d6a
intfloat_e5_large,semantic_recursive,384,48,0.661164,0.233050,0.134210,0.400947,0.391520,0.246850,0.189500,0.766950,0.865790,0.599053,0.608480,0.232327,0.210180,0.000000,0.160315,-0.004702,1.000000,intfloat_e5_large_semantic_recursive_c384_o48/results/intfloat__e5-large_4dc6d853a804b9c8886ede6dda8a073b7dc08a81/intfloat__e5-large/4dc6d853a804b9c8886ede6dda8a073b7dc08a81
intfloat_e5_base,fixed_token,320,64,0.661249,0.234130,0.136230,0.405922,0.404990,0.252100,0.186450,0.765870,0.863770,0.594078,0.595010,0.260413,0.238473,0.000000,0.164007,0.023403,1.000000,intfloat_e5_base_fixed_token_c320_o64/results/intfloat__e5-base_b533fe4636f4a2507c08ddab40644d20b0006d6a/intfloat__e5-base/b533fe4636f4a2507c08ddab40644d20b0006d6a
intfloat_e5_large,hierarchical_section,320,64,0.661372,0.230420,0.134960,0.374440,0.401940,0.221640,0.187710,0.769580,0.865040,0.625560,0.598060,0.153086,0.240727,0.000000,0.155624,0.007539,1.000000,intfloat_e5_large_hierarchical_section_c320_o64/results/intfloat__e5-large_4dc6d853a804b9c8886ede6dda8a073b7dc08a81/intfloat__e5-large/4dc6d853a804b9c8886ede6dda8a073b7dc08a81
intfloat_multilingual_e5_base,semantic_fixed,320,0,0.661410,0.246950,0.146110,0.424083,0.396090,0.275210,0.196110,0.753050,0.853890,0.575917,0.603910,0.287417,0.388125,0.000000,0.130536,0.016322,1.000000,intfloat_multilingual_e5_base_semantic_fixed_c320_o0/results/intfloat__multilingual-e5-base_d13f1b27baf31030b7fd040960d60d909913633f/intfloat__multilingual-e5-base/d13f1b27baf31030b7fd040960d60d909913633f
intfloat_e5_base,hierarchical_section,320,48,0.661419,0.226590,0.129230,0.380735,0.391030,0.221640,0.184560,0.773410,0.870770,0.619265,0.608970,0.167298,0.160845,0.000000,0.182447,0.029232,1.000000,intfloat_e5_base_hierarchical_section_c320_o48/results/intfloat__e5-base_b533fe4636f4a2507c08ddab40644d20b0006d6a/intfloat__e5-base/b533fe4636f4a2507c08ddab40644d20b0006d6a
intfloat_multilingual_e5_base,recursive_token,384,48,0.661796,0.246580,0.147050,0.403893,0.410450,0.248950,0.187500,0.753420,0.852950,0.596107,0.589550,0.246837,0.425185,0.000000,0.124309,0.018692,1.000000,intfloat_multilingual_e5_base_recursive_token_c384_o48/results/intfloat__multilingual-e5-base_d13f1b27baf31030b7fd040960d60d909913633f/intfloat__multilingual-e5-base/d13f1b27baf31030b7fd040960d60d909913633f
intfloat_e5_large,fixed_token,320,64,0.661937,0.234410,0.136870,0.398176,0.404460,0.248950,0.185080,0.765590,0.863130,0.601824,0.595540,0.256558,0.244618,0.000000,0.159187,0.016221,1.000000,intfloat_e5_large_fixed_token_c320_o64/results/intfloat__e5-large_4dc6d853a804b9c8886ede6dda8a073b7dc08a81/intfloat__e5-large/4dc6d853a804b9c8886ede6dda8a073b7dc08a81
nomic_ai_nomic_embed_text_v1.5,hierarchical_section,320,64,0.662151,0.231290,0.135650,0.376751,0.402080,0.211130,0.190340,0.768710,0.864350,0.623249,0.597920,0.098470,0.326413,0.000000,0.141198,0.012961,1.000000,nomic_ai_nomic_embed_text_v1.5_hierarchical_section_c320_o64/results/nomic-ai__nomic-embed-text-v1.5_b0753ae76394dd36bcfb912a46018088bca48be0/nomic-ai__nomic-embed-text-v1.5/b0753ae76394dd36bcfb912a46018088bca48be0
BAAI_bge_base_en_v1.5,recursive_token,320,48,0.662565,0.234230,0.137670,0.401301,0.401060,0.248950,0.183510,0.765770,0.862330,0.598699,0.598940,0.262864,0.251905,0.000000,0.156115,0.012992,1.000000,BAAI_bge_base_en_v1.5_recursive_token_c320_o48/results/BAAI__bge-base-en-v1.5_a5beb1e3e68b9ab74eb54cfd186867f64f240e1a/BAAI__bge-base-en-v1.5/a5beb1e3e68b9ab74eb54cfd186867f64f240e1a
BAAI_bge_large_en_v1.5,semantic_recursive,384,48,0.662610,0.244270,0.142530,0.419577,0.402810,0.269960,0.198420,0.755730,0.857470,0.580423,0.597190,0.265002,0.400525,0.000000,0.125462,-0.011134,1.000000,BAAI_bge_large_en_v1.5_semantic_recursive_c384_o48/results/BAAI__bge-large-en-v1.5_d4aa6901d3a41ba39fb536a557fa166f842b0e09/BAAI__bge-large-en-v1.5/d4aa6901d3a41ba39fb536a557fa166f842b0e09
BAAI_bge_large_en_v1.5,recursive_token,320,48,0.662844,0.242230,0.143140,0.403537,0.417300,0.240550,0.191810,0.757770,0.856860,0.596463,0.582700,0.202619,0.448563,0.000000,0.111023,0.001471,1.000000,BAAI_bge_large_en_v1.5_recursive_token_c320_o48/results/BAAI__bge-large-en-v1.5_d4aa6901d3a41ba39fb536a557fa166f842b0e09/BAAI__bge-large-en-v1.5/d4aa6901d3a41ba39fb536a557fa166f842b0e09
BAAI_bge_large_en_v1.5,hierarchical_section,320,64,0.663103,0.235160,0.139000,0.385904,0.407640,0.226890,0.191910,0.764840,0.861000,0.614096,0.592360,0.154172,0.367425,0.000000,0.128212,0.003394,1.000000,BAAI_bge_large_en_v1.5_hierarchical_section_c320_o64/results/BAAI__bge-large-en-v1.5_d4aa6901d3a41ba39fb536a557fa166f842b0e09/BAAI__bge-large-en-v1.5/d4aa6901d3a41ba39fb536a557fa166f842b0e09
intfloat_e5_small,recursive_token,320,64,0.663187,0.231410,0.134360,0.394216,0.384640,0.243700,0.182460,0.768590,0.865640,0.605784,0.615360,0.251293,0.190287,0.000000,0.169965,0.016045,1.000000,intfloat_e5_small_recursive_token_c320_o64/results/intfloat__e5-small_e272f3049e853b47cb5ca3952268c6662abda68f/intfloat__e5-small/e272f3049e853b47cb5ca3952268c6662abda68f
nomic_ai_nomic_embed_text_v1,fixed_token,256,32,0.663230,0.223480,0.129230,0.383083,0.391080,0.240550,0.181410,0.776520,0.870770,0.616917,0.608920,0.245853,0.095318,0.000000,0.187283,0.012693,1.000000,nomic_ai_nomic_embed_text_v1_fixed_token_c256_o32/results/nomic-ai__nomic-embed-text-v1_0759316f275aa0cb93a5b830973843ca66babcf5/nomic-ai__nomic-embed-text-v1/0759316f275aa0cb93a5b830973843ca66babcf5
BAAI_bge_base_en_v1.5,semantic_recursive,384,32,0.663292,0.234030,0.136320,0.395701,0.391650,0.246850,0.192230,0.765970,0.863680,0.604299,0.608350,0.221268,0.270833,0.000000,0.153036,0.014405,1.000000,BAAI_bge_base_en_v1.5_semantic_recursive_c384_o32/results/BAAI__bge-base-en-v1.5_a5beb1e3e68b9ab74eb54cfd186867f64f240e1a/BAAI__bge-base-en-v1.5/a5beb1e3e68b9ab74eb54cfd186867f64f240e1a
BAAI_bge_large_en_v1.5,fixed_token,320,64,0.663541,0.233240,0.135750,0.394313,0.398920,0.248950,0.188760,0.766760,0.864250,0.605687,0.601080,0.241775,0.257668,0.000000,0.160162,0.023391,1.000000,BAAI_bge_large_en_v1.5_fixed_token_c320_o64/results/BAAI__bge-large-en-v1.5_d4aa6901d3a41ba39fb536a557fa166f842b0e09/BAAI__bge-large-en-v1.5/d4aa6901d3a41ba39fb536a557fa166f842b0e09
nomic_ai_nomic_embed_text_v1,hierarchical_section,256,16,0.663745,0.224130,0.128690,0.387561,0.378490,0.230040,0.182140,0.775870,0.871310,0.612439,0.621510,0.208225,0.130713,0.000000,0.175495,0.003275,1.000000,nomic_ai_nomic_embed_text_v1_hierarchical_section_c256_o16/results/nomic-ai__nomic-embed-text-v1_0759316f275aa0cb93a5b830973843ca66babcf5/nomic-ai__nomic-embed-text-v1/0759316f275aa0cb93a5b830973843ca66babcf5
intfloat_e5_small,semantic_recursive,384,48,0.663879,0.239740,0.139980,0.407035,0.382440,0.256300,0.193170,0.760260,0.860020,0.592965,0.617560,0.246313,0.327803,0.000000,0.137352,0.005825,1.000000,intfloat_e5_small_semantic_recursive_c384_o48/results/intfloat__e5-small_e272f3049e853b47cb5ca3952268c6662abda68f/intfloat__e5-small/e272f3049e853b47cb5ca3952268c6662abda68f
intfloat_e5_base,semantic_recursive,448,32,0.663907,0.239010,0.141300,0.401546,0.391270,0.247900,0.188340,0.760990,0.858700,0.598454,0.608730,0.240258,0.339803,0.000000,0.139827,-0.015575,1.000000,intfloat_e5_base_semantic_recursive_c448_o32/results/intfloat__e5-base_b533fe4636f4a2507c08ddab40644d20b0006d6a/intfloat__e5-base/b533fe4636f4a2507c08ddab40644d20b0006d6a
nomic_ai_nomic_embed_text_v1.5,hierarchical_section,256,0,0.664110,0.227270,0.130050,0.384064,0.389450,0.223740,0.186130,0.772730,0.869950,0.615936,0.610550,0.168097,0.226752,0.000000,0.154681,0.000063,1.000000,nomic_ai_nomic_embed_text_v1.5_hierarchical_section_c256_o0/results/nomic-ai__nomic-embed-text-v1.5_b0753ae76394dd36bcfb912a46018088bca48be0/nomic-ai__nomic-embed-text-v1.5/b0753ae76394dd36bcfb912a46018088bca48be0
BAAI_bge_base_en_v1.5,fixed_token,320,48,0.664225,0.234760,0.137280,0.400738,0.410060,0.254200,0.183400,0.765240,0.862720,0.599262,0.589940,0.278521,0.289538,0.000000,0.153065,0.021945,1.000000,BAAI_bge_base_en_v1.5_fixed_token_c320_o48/results/BAAI__bge-base-en-v1.5_a5beb1e3e68b9ab74eb54cfd186867f64f240e1a/BAAI__bge-base-en-v1.5/a5beb1e3e68b9ab74eb54cfd186867f64f240e1a
intfloat_e5_large,semantic_recursive,384,64,0.664413,0.231100,0.132290,0.393221,0.389450,0.244750,0.190650,0.768900,0.867710,0.606779,0.610550,0.221042,0.241623,0.000000,0.154004,0.004657,1.000000,intfloat_e5_large_semantic_recursive_c384_o64/results/intfloat__e5-large_4dc6d853a804b9c8886ede6dda8a073b7dc08a81/intfloat__e5-large/4dc6d853a804b9c8886ede6dda8a073b7dc08a81
nomic_ai_nomic_embed_text_v1.5,fixed_token,256,16,0.664628,0.223450,0.127450,0.388541,0.382920,0.244750,0.178260,0.776550,0.872550,0.611459,0.617080,0.271665,0.084665,0.000000,0.185177,0.004220,1.000000,nomic_ai_nomic_embed_text_v1.5_fixed_token_c256_o16/results/nomic-ai__nomic-embed-text-v1.5_b0753ae76394dd36bcfb912a46018088bca48be0/nomic-ai__nomic-embed-text-v1.5/b0753ae76394dd36bcfb912a46018088bca48be0
intfloat_e5_base,semantic_recursive,448,16,0.665231,0.239780,0.142110,0.405493,0.392160,0.255250,0.188550,0.760220,0.857890,0.594507,0.607840,0.261312,0.365067,0.000000,0.139464,-0.024955,1.000000,intfloat_e5_base_semantic_recursive_c448_o16/results/intfloat__e5-base_b533fe4636f4a2507c08ddab40644d20b0006d6a/intfloat__e5-base/b533fe4636f4a2507c08ddab40644d20b0006d6a
intfloat_e5_base,recursive_token,320,64,0.665307,0.235210,0.137340,0.405791,0.405430,0.264710,0.186130,0.764790,0.862660,0.594209,0.594570,0.296853,0.297973,0.000000,0.140528,-0.000245,1.000000,intfloat_e5_base_recursive_token_c320_o64/results/intfloat__e5-base_b533fe4636f4a2507c08ddab40644d20b0006d6a/intfloat__e5-base/b533fe4636f4a2507c08ddab40644d20b0006d6a
intfloat_multilingual_e5_base,hierarchical_section,320,32,0.665350,0.234140,0.135680,0.396882,0.381280,0.244750,0.184770,0.765860,0.864320,0.603118,0.618720,0.245066,0.268233,0.000000,0.153143,0.013579,1.000000,intfloat_multilingual_e5_base_hierarchical_section_c320_o32/results/intfloat__multilingual-e5-base_d13f1b27baf31030b7fd040960d60d909913633f/intfloat__multilingual-e5-base/d13f1b27baf31030b7fd040960d60d909913633f
intfloat_e5_base,semantic_recursive,448,0,0.665412,0.243300,0.144380,0.410801,0.393120,0.261550,0.190970,0.756700,0.855620,0.589199,0.606880,0.269853,0.413455,0.000000,0.131103,-0.027588,1.000000,intfloat_e5_base_semantic_recursive_c448_o0/results/intfloat__e5-base_b533fe4636f4a2507c08ddab40644d20b0006d6a/intfloat__e5-base/b533fe4636f4a2507c08ddab40644d20b0006d6a
intfloat_multilingual_e5_base,hierarchical_section,320,48,0.665533,0.226770,0.130350,0.384200,0.376980,0.228990,0.182460,0.773230,0.869650,0.615800,0.623020,0.203197,0.192148,0.000000,0.170009,0.016877,1.000000,intfloat_multilingual_e5_base_hierarchical_section_c320_o48/results/intfloat__multilingual-e5-base_d13f1b27baf31030b7fd040960d60d909913633f/intfloat__multilingual-e5-base/d13f1b27baf31030b7fd040960d60d909913633f
BAAI_bge_large_en_v1.5,semantic_recursive,384,64,0.666241,0.242150,0.139950,0.412590,0.402200,0.260500,0.197370,0.757850,0.860050,0.587410,0.597800,0.242342,0.451200,0.000000,0.123337,-0.027154,1.000000,BAAI_bge_large_en_v1.5_semantic_recursive_c384_o64/results/BAAI__bge-large-en-v1.5_d4aa6901d3a41ba39fb536a557fa166f842b0e09/BAAI__bge-large-en-v1.5/d4aa6901d3a41ba39fb536a557fa166f842b0e09
nomic_ai_nomic_embed_text_v1,recursive_token,256,16,0.666999,0.227770,0.129670,0.388067,0.394370,0.239500,0.181830,0.772230,0.870330,0.611933,0.605630,0.240793,0.232670,0.000000,0.153919,0.000906,1.000000,nomic_ai_nomic_embed_text_v1_recursive_token_c256_o16/results/nomic-ai__nomic-embed-text-v1_0759316f275aa0cb93a5b830973843ca66babcf5/nomic-ai__nomic-embed-text-v1/0759316f275aa0cb93a5b830973843ca66babcf5
intfloat_e5_small,fixed_token,320,64,0.667344,0.232890,0.135310,0.402468,0.390470,0.254200,0.181410,0.767110,0.864690,0.597532,0.609530,0.286349,0.283655,0.000000,0.156973,0.027408,1.000000,intfloat_e5_small_fixed_token_c320_o64/results/intfloat__e5-small_e272f3049e853b47cb5ca3952268c6662abda68f/intfloat__e5-small/e272f3049e853b47cb5ca3952268c6662abda68f
BAAI_bge_large_en_v1.5,recursive_token,320,64,0.667603,0.230810,0.136210,0.386016,0.404330,0.236340,0.185610,0.769190,0.863790,0.613984,0.595670,0.214648,0.340235,0.000000,0.143334,-0.022762,1.000000,BAAI_bge_large_en_v1.5_recursive_token_c320_o64/results/BAAI__bge-large-en-v1.5_d4aa6901d3a41ba39fb536a557fa166f842b0e09/BAAI__bge-large-en-v1.5/d4aa6901d3a41ba39fb536a557fa166f842b0e09
intfloat_e5_base,fixed_token,256,0,0.667636,0.226670,0.129210,0.400190,0.397090,0.245800,0.179940,0.773330,0.870790,0.599810,0.602910,0.267941,0.236208,0.000000,0.162525,0.019533,1.000000,intfloat_e5_base_fixed_token_c256_o0/results/intfloat__e5-base_b533fe4636f4a2507c08ddab40644d20b0006d6a/intfloat__e5-base/b533fe4636f4a2507c08ddab40644d20b0006d6a
nomic_ai_nomic_embed_text_v1,recursive_token,256,32,0.667733,0.221960,0.126470,0.375629,0.377640,0.218490,0.179620,0.778040,0.873530,0.624371,0.622360,0.177903,0.186820,0.000000,0.164006,-0.002740,1.000000,nomic_ai_nomic_embed_text_v1_recursive_token_c256_o32/results/nomic-ai__nomic-embed-text-v1_0759316f275aa0cb93a5b830973843ca66babcf5/nomic-ai__nomic-embed-text-v1/0759316f275aa0cb93a5b830973843ca66babcf5
intfloat_e5_base,semantic_recursive,448,48,0.667743,0.235880,0.138800,0.391797,0.391410,0.235290,0.186970,0.764120,0.861200,0.608203,0.608590,0.205364,0.394040,0.000000,0.127809,-0.013234,1.000000,intfloat_e5_base_semantic_recursive_c448_o48/results/intfloat__e5-base_b533fe4636f4a2507c08ddab40644d20b0006d6a/intfloat__e5-base/b533fe4636f4a2507c08ddab40644d20b0006d6a
intfloat_e5_large,semantic_fixed,320,64,0.667903,0.222080,0.126120,0.387551,0.374150,0.237390,0.183930,0.777920,0.873880,0.612449,0.625850,0.225199,0.159465,0.000000,0.170836,-0.005458,1.000000,intfloat_e5_large_semantic_fixed_c320_o64/results/intfloat__e5-large_4dc6d853a804b9c8886ede6dda8a073b7dc08a81/intfloat__e5-large/4dc6d853a804b9c8886ede6dda8a073b7dc08a81
BAAI_bge_large_en_v1.5,fixed_token,256,0,0.668114,0.230930,0.131760,0.398751,0.391340,0.241600,0.185080,0.769070,0.868240,0.601249,0.608660,0.233940,0.313935,0.000000,0.144764,0.015102,1.000000,BAAI_bge_large_en_v1.5_fixed_token_c256_o0/results/BAAI__bge-large-en-v1.5_d4aa6901d3a41ba39fb536a557fa166f842b0e09/BAAI__bge-large-en-v1.5/d4aa6901d3a41ba39fb536a557fa166f842b0e09
intfloat_e5_small,semantic_recursive,384,64,0.668422,0.234760,0.135650,0.401720,0.381400,0.251050,0.190340,0.765240,0.864350,0.598280,0.618600,0.241824,0.348305,0.000000,0.130420,-0.000162,1.000000,intfloat_e5_small_semantic_recursive_c384_o64/results/intfloat__e5-small_e272f3049e853b47cb5ca3952268c6662abda68f/intfloat__e5-small/e272f3049e853b47cb5ca3952268c6662abda68f
intfloat_multilingual_e5_base,semantic_recursive,384,64,0.668466,0.236240,0.136030,0.416418,0.377100,0.275210,0.189180,0.763760,0.863970,0.583582,0.622900,0.312598,0.314035,0.000000,0.143302,-0.012218,1.000000,intfloat_multilingual_e5_base_semantic_recursive_c384_o64/results/intfloat__multilingual-e5-base_d13f1b27baf31030b7fd040960d60d909913633f/intfloat__multilingual-e5-base/d13f1b27baf31030b7fd040960d60d909913633f
intfloat_e5_base,hierarchical_section,320,64,0.668553,0.223400,0.128990,0.372676,0.392840,0.218490,0.182350,0.776600,0.871010,0.627324,0.607160,0.165408,0.263253,0.000000,0.154199,0.013699,1.000000,intfloat_e5_base_hierarchical_section_c320_o64/results/intfloat__e5-base_b533fe4636f4a2507c08ddab40644d20b0006d6a/intfloat__e5-base/b533fe4636f4a2507c08ddab40644d20b0006d6a
nomic_ai_nomic_embed_text_v1.5,hierarchical_section,256,16,0.669045,0.217990,0.124590,0.378247,0.369210,0.233190,0.178050,0.782010,0.875410,0.621753,0.630790,0.236460,0.099615,0.000000,0.180672,0.001190,1.000000,nomic_ai_nomic_embed_text_v1.5_hierarchical_section_c256_o16/results/nomic-ai__nomic-embed-text-v1.5_b0753ae76394dd36bcfb912a46018088bca48be0/nomic-ai__nomic-embed-text-v1.5/b0753ae76394dd36bcfb912a46018088bca48be0
BAAI_bge_large_en_v1.5,hierarchical_section,256,0,0.669337,0.230050,0.132680,0.392239,0.396730,0.240550,0.186450,0.769950,0.867320,0.607761,0.603270,0.224901,0.340950,0.000000,0.140615,0.017610,1.000000,BAAI_bge_large_en_v1.5_hierarchical_section_c256_o0/results/BAAI__bge-large-en-v1.5_d4aa6901d3a41ba39fb536a557fa166f842b0e09/BAAI__bge-large-en-v1.5/d4aa6901d3a41ba39fb536a557fa166f842b0e09
intfloat_multilingual_e5_base,fixed_token,320,32,0.669338,0.237180,0.138190,0.407691,0.395000,0.257350,0.184870,0.762820,0.861810,0.592309,0.605000,0.281640,0.397872,0.000000,0.143511,0.046171,1.000000,intfloat_multilingual_e5_base_fixed_token_c320_o32/results/intfloat__multilingual-e5-base_d13f1b27baf31030b7fd040960d60d909913633f/intfloat__multilingual-e5-base/d13f1b27baf31030b7fd040960d60d909913633f
nomic_ai_nomic_embed_text_v1.5,recursive_token,256,32,0.669726,0.216090,0.122670,0.375985,0.366050,0.225840,0.174680,0.783910,0.877330,0.624015,0.633950,0.226532,0.087550,0.000000,0.192540,0.020100,1.000000,nomic_ai_nomic_embed_text_v1.5_recursive_token_c256_o32/results/nomic-ai__nomic-embed-text-v1.5_b0753ae76394dd36bcfb912a46018088bca48be0/nomic-ai__nomic-embed-text-v1.5/b0753ae76394dd36bcfb912a46018088bca48be0
intfloat_e5_small,semantic_fixed,320,64,0.670034,0.229860,0.131680,0.399732,0.372740,0.250000,0.186870,0.770140,0.868320,0.600268,0.627260,0.252520,0.288563,0.000000,0.142669,-0.000763,1.000000,intfloat_e5_small_semantic_fixed_c320_o64/results/intfloat__e5-small_e272f3049e853b47cb5ca3952268c6662abda68f/intfloat__e5-small/e272f3049e853b47cb5ca3952268c6662abda68f
BAAI_bge_base_en_v1.5,hierarchical_section,320,64,0.670245,0.223440,0.129680,0.374672,0.392820,0.218490,0.184350,0.776560,0.870320,0.625328,0.607180,0.156254,0.313312,0.000000,0.149518,0.024361,1.000000,BAAI_bge_base_en_v1.5_hierarchical_section_c320_o64/results/BAAI__bge-base-en-v1.5_a5beb1e3e68b9ab74eb54cfd186867f64f240e1a/BAAI__bge-base-en-v1.5/a5beb1e3e68b9ab74eb54cfd186867f64f240e1a
nomic_ai_nomic_embed_text_v1.5,fixed_token,256,32,0.670249,0.212050,0.121700,0.369289,0.370450,0.228990,0.172270,0.787950,0.878300,0.630711,0.629550,0.247696,0.032003,0.000000,0.203916,0.020633,1.000000,nomic_ai_nomic_embed_text_v1.5_fixed_token_c256_o32/results/nomic-ai__nomic-embed-text-v1.5_b0753ae76394dd36bcfb912a46018088bca48be0/nomic-ai__nomic-embed-text-v1.5/b0753ae76394dd36bcfb912a46018088bca48be0
BAAI_bge_base_en_v1.5,semantic_recursive,384,64,0.670618,0.228410,0.131540,0.385425,0.386910,0.239500,0.190130,0.771590,0.868460,0.614575,0.613090,0.206138,0.332750,0.000000,0.133673,0.000446,1.000000,BAAI_bge_base_en_v1.5_semantic_recursive_c384_o64/results/BAAI__bge-base-en-v1.5_a5beb1e3e68b9ab74eb54cfd186867f64f240e1a/BAAI__bge-base-en-v1.5/a5beb1e3e68b9ab74eb54cfd186867f64f240e1a
nomic_ai_nomic_embed_text_v1.5,recursive_token,256,16,0.670985,0.215530,0.121970,0.370144,0.376550,0.224790,0.172160,0.784470,0.878030,0.629856,0.623450,0.234130,0.106615,0.000000,0.180383,0.003412,1.000000,nomic_ai_nomic_embed_text_v1.5_recursive_token_c256_o16/results/nomic-ai__nomic-embed-text-v1.5_b0753ae76394dd36bcfb912a46018088bca48be0/nomic-ai__nomic-embed-text-v1.5/b0753ae76394dd36bcfb912a46018088bca48be0
BAAI_bge_base_en_v1.5,hierarchical_section,256,0,0.671152,0.220440,0.124570,0.376597,0.381920,0.223740,0.181720,0.779560,0.875430,0.623403,0.618080,0.187807,0.234513,0.000000,0.164656,0.023117,1.000000,BAAI_bge_base_en_v1.5_hierarchical_section_c256_o0/results/BAAI__bge-base-en-v1.5_a5beb1e3e68b9ab74eb54cfd186867f64f240e1a/BAAI__bge-base-en-v1.5/a5beb1e3e68b9ab74eb54cfd186867f64f240e1a
intfloat_multilingual_e5_base,semantic_fixed,320,32,0.671840,0.234180,0.133760,0.415879,0.388550,0.272060,0.190340,0.765820,0.866240,0.584121,0.611450,0.300375,0.387953,0.000000,0.132160,0.019501,1.000000,intfloat_multilingual_e5_base_semantic_fixed_c320_o32/results/intfloat__multilingual-e5-base_d13f1b27baf31030b7fd040960d60d909913633f/intfloat__multilingual-e5-base/d13f1b27baf31030b7fd040960d60d909913633f
intfloat_multilingual_e5_base,semantic_fixed,320,48,0.671878,0.226570,0.127940,0.393949,0.368470,0.239500,0.188660,0.773430,0.872060,0.606051,0.631530,0.212276,0.301010,0.000000,0.144376,0.009156,1.000000,intfloat_multilingual_e5_base_semantic_fixed_c320_o48/results/intfloat__multilingual-e5-base_d13f1b27baf31030b7fd040960d60d909913633f/intfloat__multilingual-e5-base/d13f1b27baf31030b7fd040960d60d909913633f
BAAI_bge_base_en_v1.5,fixed_token,320,64,0.672075,0.221850,0.127330,0.380021,0.386710,0.232140,0.179200,0.778150,0.872670,0.619979,0.613290,0.228052,0.252888,0.000000,0.154106,0.009367,1.000000,BAAI_bge_base_en_v1.5_fixed_token_c320_o64/results/BAAI__bge-base-en-v1.5_a5beb1e3e68b9ab74eb54cfd186867f64f240e1a/BAAI__bge-base-en-v1.5/a5beb1e3e68b9ab74eb54cfd186867f64f240e1a
BAAI_bge_base_en_v1.5,recursive_token,320,64,0.672181,0.226840,0.132260,0.390990,0.389110,0.250000,0.182040,0.773160,0.867740,0.609010,0.610890,0.271840,0.302583,0.000000,0.142142,0.005317,1.000000,BAAI_bge_base_en_v1.5_recursive_token_c320_o64/results/BAAI__bge-base-en-v1.5_a5beb1e3e68b9ab74eb54cfd186867f64f240e1a/BAAI__bge-base-en-v1.5/a5beb1e3e68b9ab74eb54cfd186867f64f240e1a
intfloat_e5_large,hierarchical_section,256,16,0.672437,0.218890,0.124550,0.378338,0.375260,0.230040,0.177310,0.781110,0.875450,0.621662,0.624740,0.229221,0.194915,0.000000,0.168935,0.015836,1.000000,intfloat_e5_large_hierarchical_section_c256_o16/results/intfloat__e5-large_4dc6d853a804b9c8886ede6dda8a073b7dc08a81/intfloat__e5-large/4dc6d853a804b9c8886ede6dda8a073b7dc08a81
intfloat_e5_base,semantic_recursive,448,64,0.672465,0.234710,0.138030,0.395486,0.389930,0.242650,0.186760,0.765290,0.861970,0.604514,0.610070,0.230332,0.454310,0.000000,0.120689,-0.023102,1.000000,intfloat_e5_base_semantic_recursive_c448_o64/results/intfloat__e5-base_b533fe4636f4a2507c08ddab40644d20b0006d6a/intfloat__e5-base/b533fe4636f4a2507c08ddab40644d20b0006d6a
BAAI_bge_base_en_v1.5,semantic_recursive,384,48,0.672490,0.228520,0.132190,0.392223,0.385120,0.250000,0.187610,0.771480,0.867810,0.607777,0.614880,0.249560,0.340373,0.000000,0.132895,0.001939,1.000000,BAAI_bge_base_en_v1.5_semantic_recursive_c384_o48/results/BAAI__bge-base-en-v1.5_a5beb1e3e68b9ab74eb54cfd186867f64f240e1a/BAAI__bge-base-en-v1.5/a5beb1e3e68b9ab74eb54cfd186867f64f240e1a
intfloat_e5_base,recursive_token,256,16,0.672681,0.215420,0.121300,0.368487,0.373560,0.210080,0.172900,0.784580,0.878700,0.631513,0.626440,0.176980,0.184717,0.000000,0.169470,0.012827,1.000000,intfloat_e5_base_recursive_token_c256_o16/results/intfloat__e5-base_b533fe4636f4a2507c08ddab40644d20b0006d6a/intfloat__e5-base/b533fe4636f4a2507c08ddab40644d20b0006d6a
intfloat_e5_small,hierarchical_section,320,64,0.672910,0.231230,0.134430,0.382950,0.389550,0.231090,0.186240,0.768770,0.865570,0.617050,0.610450,0.194080,0.427900,0.000000,0.124128,0.019416,1.000000,intfloat_e5_small_hierarchical_section_c320_o64/results/intfloat__e5-small_e272f3049e853b47cb5ca3952268c6662abda68f/intfloat__e5-small/e272f3049e853b47cb5ca3952268c6662abda68f
BAAI_bge_large_en_v1.5,semantic_fixed,320,64,0.673070,0.227850,0.128990,0.393361,0.386520,0.245800,0.192650,0.772150,0.871010,0.606639,0.613480,0.216233,0.371537,0.000000,0.128142,0.004899,1.000000,BAAI_bge_large_en_v1.5_semantic_fixed_c320_o64/results/BAAI__bge-large-en-v1.5_d4aa6901d3a41ba39fb536a557fa166f842b0e09/BAAI__bge-large-en-v1.5/d4aa6901d3a41ba39fb536a557fa166f842b0e09
intfloat_e5_base,semantic_fixed,320,32,0.673296,0.222280,0.128370,0.384538,0.376070,0.231090,0.179620,0.777720,0.871630,0.615462,0.623930,0.222727,0.278407,0.000000,0.148537,0.008437,1.000000,intfloat_e5_base_semantic_fixed_c320_o32/results/intfloat__e5-base_b533fe4636f4a2507c08ddab40644d20b0006d6a/intfloat__e5-base/b533fe4636f4a2507c08ddab40644d20b0006d6a
intfloat_e5_large,semantic_fixed,256,0,0.673445,0.225340,0.127220,0.391341,0.379680,0.236340,0.186340,0.774660,0.872780,0.608659,0.620320,0.211560,0.336330,0.000000,0.136709,-0.007950,1.000000,intfloat_e5_large_semantic_fixed_c256_o0/results/intfloat__e5-large_4dc6d853a804b9c8886ede6dda8a073b7dc08a81/intfloat__e5-large/4dc6d853a804b9c8886ede6dda8a073b7dc08a81
intfloat_e5_base,semantic_recursive,384,32,0.673976,0.223000,0.127430,0.391697,0.369290,0.246850,0.179100,0.777000,0.872570,0.608303,0.630710,0.274458,0.243755,0.000000,0.152427,0.002356,1.000000,intfloat_e5_base_semantic_recursive_c384_o32/results/intfloat__e5-base_b533fe4636f4a2507c08ddab40644d20b0006d6a/intfloat__e5-base/b533fe4636f4a2507c08ddab40644d20b0006d6a
intfloat_e5_base,fixed_token,256,16,0.674071,0.220710,0.125200,0.386576,0.382480,0.238450,0.176260,0.779290,0.874800,0.613424,0.617520,0.260809,0.245915,0.000000,0.155818,-0.010002,1.000000,intfloat_e5_base_fixed_token_c256_o16/results/intfloat__e5-base_b533fe4636f4a2507c08ddab40644d20b0006d6a/intfloat__e5-base/b533fe4636f4a2507c08ddab40644d20b0006d6a
intfloat_e5_base,hierarchical_section,256,0,0.674184,0.216850,0.123500,0.374673,0.375410,0.216390,0.175210,0.783150,0.876500,0.625327,0.624590,0.190305,0.239182,0.000000,0.158965,0.013603,1.000000,intfloat_e5_base_hierarchical_section_c256_o0/results/intfloat__e5-base_b533fe4636f4a2507c08ddab40644d20b0006d6a/intfloat__e5-base/b533fe4636f4a2507c08ddab40644d20b0006d6a
intfloat_multilingual_e5_base,recursive_token,320,0,0.674248,0.232460,0.133040,0.406012,0.379730,0.255250,0.178050,0.767540,0.866960,0.593988,0.620270,0.302449,0.378295,0.000000,0.137246,0.025810,1.000000,intfloat_multilingual_e5_base_recursive_token_c320_o0/results/intfloat__multilingual-e5-base_d13f1b27baf31030b7fd040960d60d909913633f/intfloat__multilingual-e5-base/d13f1b27baf31030b7fd040960d60d909913633f
intfloat_e5_base,semantic_recursive,384,0,0.674439,0.223420,0.126870,0.383460,0.372920,0.227940,0.179100,0.776580,0.873130,0.616540,0.627080,0.214267,0.305528,0.000000,0.139479,-0.001169,1.000000,intfloat_e5_base_semantic_recursive_c384_o0/results/intfloat__e5-base_b533fe4636f4a2507c08ddab40644d20b0006d6a/intfloat__e5-base/b533fe4636f4a2507c08ddab40644d20b0006d6a
intfloat_e5_base,fixed_token,256,32,0.675031,0.210800,0.119030,0.364352,0.368030,0.215340,0.171010,0.789200,0.880970,0.635648,0.631970,0.205861,0.132845,0.000000,0.173536,-0.000210,1.000000,intfloat_e5_base_fixed_token_c256_o32/results/intfloat__e5-base_b533fe4636f4a2507c08ddab40644d20b0006d6a/intfloat__e5-base/b533fe4636f4a2507c08ddab40644d20b0006d6a
intfloat_e5_large,fixed_token,256,16,0.675443,0.225360,0.127970,0.384961,0.390210,0.228990,0.179200,0.774640,0.872030,0.615039,0.609790,0.217433,0.381888,0.000000,0.126861,0.006477,1.000000,intfloat_e5_large_fixed_token_c256_o16/results/intfloat__e5-large_4dc6d853a804b9c8886ede6dda8a073b7dc08a81/intfloat__e5-large/4dc6d853a804b9c8886ede6dda8a073b7dc08a81
intfloat_multilingual_e5_base,fixed_token,320,48,0.675491,0.227690,0.130720,0.390337,0.374070,0.246850,0.180040,0.772310,0.869280,0.609663,0.625930,0.270650,0.340083,0.000000,0.148963,0.033959,1.000000,intfloat_multilingual_e5_base_fixed_token_c320_o48/results/intfloat__multilingual-e5-base_d13f1b27baf31030b7fd040960d60d909913633f/intfloat__multilingual-e5-base/d13f1b27baf31030b7fd040960d60d909913633f
nomic_ai_nomic_embed_text_v1.5,hierarchical_section,256,32,0.675589,0.206360,0.116610,0.357663,0.355080,0.210080,0.170800,0.793640,0.883390,0.642337,0.644920,0.186976,0.073972,0.000000,0.192507,-0.014603,1.000000,nomic_ai_nomic_embed_text_v1.5_hierarchical_section_c256_o32/results/nomic-ai__nomic-embed-text-v1.5_b0753ae76394dd36bcfb912a46018088bca48be0/nomic-ai__nomic-embed-text-v1.5/b0753ae76394dd36bcfb912a46018088bca48be0
intfloat_multilingual_e5_base,recursive_token,320,32,0.675589,0.228410,0.130320,0.402808,0.374220,0.253150,0.176260,0.771590,0.869680,0.597192,0.625780,0.303733,0.339082,0.000000,0.152861,0.041355,1.000000,intfloat_multilingual_e5_base_recursive_token_c320_o32/results/intfloat__multilingual-e5-base_d13f1b27baf31030b7fd040960d60d909913633f/intfloat__multilingual-e5-base/d13f1b27baf31030b7fd040960d60d909913633f
nomic_ai_nomic_embed_text_v1,recursive_token,256,0,0.675874,0.227520,0.130770,0.395950,0.394600,0.253150,0.177000,0.772480,0.869230,0.604050,0.605400,0.300810,0.368535,0.000000,0.134074,-0.015562,1.000000,nomic_ai_nomic_embed_text_v1_recursive_token_c256_o0/results/nomic-ai__nomic-embed-text-v1_0759316f275aa0cb93a5b830973843ca66babcf5/nomic-ai__nomic-embed-text-v1/0759316f275aa0cb93a5b830973843ca66babcf5
BAAI_bge_large_en_v1.5,hierarchical_section,256,16,0.675907,0.224130,0.128400,0.394393,0.379190,0.248950,0.182350,0.775870,0.871600,0.605607,0.620810,0.267524,0.328550,0.000000,0.147589,0.026598,1.000000,BAAI_bge_large_en_v1.5_hierarchical_section_c256_o16/results/BAAI__bge-large-en-v1.5_d4aa6901d3a41ba39fb536a557fa166f842b0e09/BAAI__bge-large-en-v1.5/d4aa6901d3a41ba39fb536a557fa166f842b0e09
intfloat_e5_base,semantic_recursive,384,16,0.676127,0.221940,0.125710,0.380516,0.371240,0.227940,0.178470,0.778060,0.874290,0.619484,0.628760,0.217031,0.309315,0.000000,0.138488,0.000702,1.000000,intfloat_e5_base_semantic_recursive_c384_o16/results/intfloat__e5-base_b533fe4636f4a2507c08ddab40644d20b0006d6a/intfloat__e5-base/b533fe4636f4a2507c08ddab40644d20b0006d6a
intfloat_e5_large,fixed_token,256,32,0.676349,0.215880,0.122280,0.366110,0.376370,0.215340,0.175530,0.784120,0.877720,0.633890,0.623630,0.184870,0.259115,0.000000,0.153572,0.010790,1.000000,intfloat_e5_large_fixed_token_c256_o32/results/intfloat__e5-large_4dc6d853a804b9c8886ede6dda8a073b7dc08a81/intfloat__e5-large/4dc6d853a804b9c8886ede6dda8a073b7dc08a81
intfloat_multilingual_e5_base,semantic_recursive,320,0,0.676466,0.223050,0.125800,0.402816,0.349010,0.261550,0.179200,0.776950,0.874200,0.597184,0.650990,0.314854,0.228773,0.000000,0.154528,0.000565,1.000000,intfloat_multilingual_e5_base_semantic_recursive_c320_o0/results/intfloat__multilingual-e5-base_d13f1b27baf31030b7fd040960d60d909913633f/intfloat__multilingual-e5-base/d13f1b27baf31030b7fd040960d60d909913633f
nomic_ai_nomic_embed_text_v1.5,recursive_token,256,0,0.676652,0.215150,0.123620,0.375564,0.372660,0.236340,0.167440,0.784850,0.876380,0.624436,0.627340,0.291529,0.168787,0.000000,0.166614,0.000743,1.000000,nomic_ai_nomic_embed_text_v1.5_recursive_token_c256_o0/results/nomic-ai__nomic-embed-text-v1.5_b0753ae76394dd36bcfb912a46018088bca48be0/nomic-ai__nomic-embed-text-v1.5/b0753ae76394dd36bcfb912a46018088bca48be0
intfloat_e5_small,hierarchical_section,256,0,0.676890,0.224050,0.128730,0.385038,0.372530,0.234240,0.180460,0.775950,0.871270,0.614962,0.627470,0.229594,0.354705,0.000000,0.136511,0.014904,1.000000,intfloat_e5_small_hierarchical_section_c256_o0/results/intfloat__e5-small_e272f3049e853b47cb5ca3952268c6662abda68f/intfloat__e5-small/e272f3049e853b47cb5ca3952268c6662abda68f
intfloat_multilingual_e5_base,recursive_token,320,48,0.676981,0.220670,0.123510,0.381276,0.365840,0.227940,0.174260,0.779330,0.876490,0.618724,0.634160,0.235501,0.278418,0.000000,0.153132,0.017631,1.000000,intfloat_multilingual_e5_base_recursive_token_c320_o48/results/intfloat__multilingual-e5-base_d13f1b27baf31030b7fd040960d60d909913633f/intfloat__multilingual-e5-base/d13f1b27baf31030b7fd040960d60d909913633f
intfloat_e5_base,semantic_fixed,320,48,0.677425,0.218640,0.123430,0.384551,0.373560,0.231090,0.177420,0.781360,0.876570,0.615449,0.626440,0.232247,0.293953,0.000000,0.147751,0.013083,1.000000,intfloat_e5_base_semantic_fixed_c320_o48/results/intfloat__e5-base_b533fe4636f4a2507c08ddab40644d20b0006d6a/intfloat__e5-base/b533fe4636f4a2507c08ddab40644d20b0006d6a
BAAI_bge_base_en_v1.5,fixed_token,256,0,0.677576,0.220820,0.123670,0.384041,0.384690,0.227940,0.179410,0.779180,0.876330,0.615959,0.615310,0.212907,0.358137,0.000000,0.138685,0.020625,1.000000,BAAI_bge_base_en_v1.5_fixed_token_c256_o0/results/BAAI__bge-base-en-v1.5_a5beb1e3e68b9ab74eb54cfd186867f64f240e1a/BAAI__bge-base-en-v1.5/a5beb1e3e68b9ab74eb54cfd186867f64f240e1a
BAAI_bge_large_en_v1.5,semantic_fixed,256,0,0.677637,0.224040,0.126440,0.392414,0.377390,0.241600,0.185190,0.775960,0.873560,0.607586,0.622610,0.233485,0.380975,0.000000,0.126933,0.006256,1.000000,BAAI_bge_large_en_v1.5_semantic_fixed_c256_o0/results/BAAI__bge-large-en-v1.5_d4aa6901d3a41ba39fb536a557fa166f842b0e09/BAAI__bge-large-en-v1.5/d4aa6901d3a41ba39fb536a557fa166f842b0e09
intfloat_multilingual_e5_base,fixed_token,320,64,0.677787,0.225010,0.128420,0.394636,0.371110,0.248950,0.177000,0.774990,0.871580,0.605364,0.628890,0.289014,0.336997,0.000000,0.146911,0.028621,1.000000,intfloat_multilingual_e5_base_fixed_token_c320_o64/results/intfloat__multilingual-e5-base_d13f1b27baf31030b7fd040960d60d909913633f/intfloat__multilingual-e5-base/d13f1b27baf31030b7fd040960d60d909913633f
intfloat_e5_small,fixed_token,256,0,0.677789,0.231520,0.131420,0.399664,0.380310,0.251050,0.180880,0.768480,0.868580,0.600336,0.619690,0.279506,0.445590,0.000000,0.121381,0.020998,1.000000,intfloat_e5_small_fixed_token_c256_o0/results/intfloat__e5-small_e272f3049e853b47cb5ca3952268c6662abda68f/intfloat__e5-small/e272f3049e853b47cb5ca3952268c6662abda68f
intfloat_multilingual_e5_base,semantic_recursive,320,16,0.677936,0.221980,0.124780,0.398488,0.349100,0.254200,0.178570,0.778020,0.875220,0.601512,0.650900,0.297522,0.253313,0.000000,0.152744,0.006813,1.000000,intfloat_multilingual_e5_base_semantic_recursive_c320_o16/results/intfloat__multilingual-e5-base_d13f1b27baf31030b7fd040960d60d909913633f/intfloat__multilingual-e5-base/d13f1b27baf31030b7fd040960d60d909913633f
nomic_ai_nomic_embed_text_v1,fixed_token,256,48,0.677986,0.210890,0.118790,0.361100,0.372000,0.209030,0.176050,0.789110,0.881210,0.638900,0.628000,0.157776,0.241310,0.000000,0.152047,0.000618,1.000000,nomic_ai_nomic_embed_text_v1_fixed_token_c256_o48/results/nomic-ai__nomic-embed-text-v1_0759316f275aa0cb93a5b830973843ca66babcf5/nomic-ai__nomic-embed-text-v1/0759316f275aa0cb93a5b830973843ca66babcf5
intfloat_e5_small,fixed_token,256,16,0.678976,0.224420,0.129480,0.399336,0.366640,0.252100,0.175320,0.775580,0.870520,0.600664,0.633360,0.304562,0.344605,0.000000,0.132251,-0.002344,1.000000,intfloat_e5_small_fixed_token_c256_o16/results/intfloat__e5-small_e272f3049e853b47cb5ca3952268c6662abda68f/intfloat__e5-small/e272f3049e853b47cb5ca3952268c6662abda68f
intfloat_multilingual_e5_base,recursive_token,320,16,0.679407,0.229590,0.133210,0.397048,0.374130,0.251050,0.175530,0.770410,0.866790,0.602952,0.625870,0.300817,0.428837,0.000000,0.131419,0.034373,1.000000,intfloat_multilingual_e5_base_recursive_token_c320_o16/results/intfloat__multilingual-e5-base_d13f1b27baf31030b7fd040960d60d909913633f/intfloat__multilingual-e5-base/d13f1b27baf31030b7fd040960d60d909913633f
intfloat_e5_large,semantic_recursive,320,0,0.679716,0.218150,0.122480,0.389481,0.360800,0.245800,0.178570,0.781850,0.877520,0.610519,0.639200,0.273515,0.274645,0.000000,0.146884,-0.003626,1.000000,intfloat_e5_large_semantic_recursive_c320_o0/results/intfloat__e5-large_4dc6d853a804b9c8886ede6dda8a073b7dc08a81/intfloat__e5-large/4dc6d853a804b9c8886ede6dda8a073b7dc08a81
intfloat_e5_large,semantic_recursive,320,16,0.679760,0.219230,0.123280,0.388473,0.359830,0.247900,0.178990,0.780770,0.876720,0.611527,0.640170,0.277975,0.280027,0.000000,0.144106,-0.000223,1.000000,intfloat_e5_large_semantic_recursive_c320_o16/results/intfloat__e5-large_4dc6d853a804b9c8886ede6dda8a073b7dc08a81/intfloat__e5-large/4dc6d853a804b9c8886ede6dda8a073b7dc08a81
intfloat_multilingual_e5_base,semantic_recursive,320,32,0.679931,0.221940,0.125380,0.394130,0.345770,0.250000,0.179520,0.778060,0.874620,0.605870,0.654230,0.281920,0.295475,0.000000,0.143197,0.004584,1.000000,intfloat_multilingual_e5_base_semantic_recursive_c320_o32/results/intfloat__multilingual-e5-base_d13f1b27baf31030b7fd040960d60d909913633f/intfloat__multilingual-e5-base/d13f1b27baf31030b7fd040960d60d909913633f
intfloat_multilingual_e5_base,hierarchical_section,320,64,0.679974,0.221300,0.125860,0.386039,0.360590,0.240550,0.178680,0.778700,0.874140,0.613961,0.639410,0.257202,0.330678,0.000000,0.134233,0.000737,1.000000,intfloat_multilingual_e5_base_hierarchical_section_c320_o64/results/intfloat__multilingual-e5-base_d13f1b27baf31030b7fd040960d60d909913633f/intfloat__multilingual-e5-base/d13f1b27baf31030b7fd040960d60d909913633f
BAAI_bge_base_en_v1.5,semantic_fixed,320,64,0.680116,0.215690,0.121040,0.375503,0.372420,0.228990,0.181300,0.784310,0.878960,0.624497,0.627580,0.208262,0.315275,0.000000,0.148251,0.022612,1.000000,BAAI_bge_base_en_v1.5_semantic_fixed_c320_o64/results/BAAI__bge-base-en-v1.5_a5beb1e3e68b9ab74eb54cfd186867f64f240e1a/BAAI__bge-base-en-v1.5/a5beb1e3e68b9ab74eb54cfd186867f64f240e1a
intfloat_e5_large,semantic_fixed,256,16,0.680264,0.219670,0.123730,0.390419,0.372510,0.240550,0.179830,0.780330,0.876270,0.609581,0.627490,0.252422,0.350665,0.000000,0.143006,0.026278,1.000000,intfloat_e5_large_semantic_fixed_c256_o16/results/intfloat__e5-large_4dc6d853a804b9c8886ede6dda8a073b7dc08a81/intfloat__e5-large/4dc6d853a804b9c8886ede6dda8a073b7dc08a81
intfloat_e5_large,semantic_recursive,320,32,0.680298,0.219100,0.124810,0.388349,0.357420,0.252100,0.176890,0.780900,0.875190,0.611651,0.642580,0.298334,0.270298,0.000000,0.150814,-0.009747,1.000000,intfloat_e5_large_semantic_recursive_c320_o32/results/intfloat__e5-large_4dc6d853a804b9c8886ede6dda8a073b7dc08a81/intfloat__e5-large/4dc6d853a804b9c8886ede6dda8a073b7dc08a81
intfloat_e5_large,semantic_recursive,320,48,0.680407,0.210000,0.118240,0.374724,0.351850,0.231090,0.172480,0.790000,0.881760,0.625276,0.648150,0.253624,0.170632,0.000000,0.169011,-0.006275,1.000000,intfloat_e5_large_semantic_recursive_c320_o48/results/intfloat__e5-large_4dc6d853a804b9c8886ede6dda8a073b7dc08a81/intfloat__e5-large/4dc6d853a804b9c8886ede6dda8a073b7dc08a81
nomic_ai_nomic_embed_text_v1,hierarchical_section,256,32,0.680584,0.212930,0.121530,0.369323,0.369630,0.222690,0.173950,0.787070,0.878470,0.630677,0.630370,0.218869,0.273200,0.000000,0.157777,-0.024834,1.000000,nomic_ai_nomic_embed_text_v1_hierarchical_section_c256_o32/results/nomic-ai__nomic-embed-text-v1_0759316f275aa0cb93a5b830973843ca66babcf5/nomic-ai__nomic-embed-text-v1/0759316f275aa0cb93a5b830973843ca66babcf5
nomic_ai_nomic_embed_text_v1.5,fixed_token,256,48,0.680960,0.203760,0.114290,0.359532,0.356170,0.217440,0.167750,0.796240,0.885710,0.640468,0.643830,0.228523,0.113088,0.000000,0.186306,0.017847,1.000000,nomic_ai_nomic_embed_text_v1.5_fixed_token_c256_o48/results/nomic-ai__nomic-embed-text-v1.5_b0753ae76394dd36bcfb912a46018088bca48be0/nomic-ai__nomic-embed-text-v1.5/b0753ae76394dd36bcfb912a46018088bca48be0
intfloat_e5_large,hierarchical_section,256,32,0.681914,0.212570,0.122320,0.367981,0.360530,0.225840,0.172900,0.787430,0.877680,0.632019,0.639470,0.234414,0.263305,0.000000,0.152891,0.011104,1.000000,intfloat_e5_large_hierarchical_section_c256_o32/results/intfloat__e5-large_4dc6d853a804b9c8886ede6dda8a073b7dc08a81/intfloat__e5-large/4dc6d853a804b9c8886ede6dda8a073b7dc08a81
intfloat_e5_base,hierarchical_section,256,16,0.681982,0.204880,0.114260,0.367820,0.359730,0.215340,0.166070,0.795120,0.885740,0.632180,0.640270,0.228801,0.166892,0.000000,0.181945,0.030647,1.000000,intfloat_e5_base_hierarchical_section_c256_o16/results/intfloat__e5-base_b533fe4636f4a2507c08ddab40644d20b0006d6a/intfloat__e5-base/b533fe4636f4a2507c08ddab40644d20b0006d6a
intfloat_multilingual_e5_base,hierarchical_section,256,0,0.682089,0.212110,0.117290,0.380483,0.352750,0.228990,0.172790,0.787890,0.882710,0.619517,0.647250,0.245426,0.240970,0.000000,0.156056,0.008500,1.000000,intfloat_multilingual_e5_base_hierarchical_section_c256_o0/results/intfloat__multilingual-e5-base_d13f1b27baf31030b7fd040960d60d909913633f/intfloat__multilingual-e5-base/d13f1b27baf31030b7fd040960d60d909913633f
intfloat_e5_small,hierarchical_section,256,16,0.682301,0.214350,0.123400,0.377680,0.357310,0.234240,0.172900,0.785650,0.876600,0.622320,0.642690,0.261868,0.276885,0.000000,0.159452,0.029658,1.000000,intfloat_e5_small_hierarchical_section_c256_o16/results/intfloat__e5-small_e272f3049e853b47cb5ca3952268c6662abda68f/intfloat__e5-small/e272f3049e853b47cb5ca3952268c6662abda68f
intfloat_e5_base,semantic_recursive,384,48,0.682396,0.213510,0.120090,0.371341,0.365230,0.218490,0.174580,0.786490,0.879910,0.628659,0.634770,0.200970,0.322040,0.000000,0.136691,-0.002198,1.000000,intfloat_e5_base_semantic_recursive_c384_o48/results/intfloat__e5-base_b533fe4636f4a2507c08ddab40644d20b0006d6a/intfloat__e5-base/b533fe4636f4a2507c08ddab40644d20b0006d6a
BAAI_bge_base_en_v1.5,hierarchical_section,256,16,0.682427,0.209750,0.118760,0.375779,0.359480,0.231090,0.173950,0.790250,0.881240,0.624221,0.640520,0.247263,0.234580,0.000000,0.161024,0.015880,1.000000,BAAI_bge_base_en_v1.5_hierarchical_section_c256_o16/results/BAAI__bge-base-en-v1.5_a5beb1e3e68b9ab74eb54cfd186867f64f240e1a/BAAI__bge-base-en-v1.5/a5beb1e3e68b9ab74eb54cfd186867f64f240e1a
intfloat_e5_small,semantic_fixed,256,0,0.682839,0.219900,0.123300,0.387954,0.363900,0.236340,0.176370,0.780100,0.876700,0.612046,0.636100,0.253745,0.379053,0.000000,0.130196,0.012013,1.000000,intfloat_e5_small_semantic_fixed_c256_o0/results/intfloat__e5-small_e272f3049e853b47cb5ca3952268c6662abda68f/intfloat__e5-small/e272f3049e853b47cb5ca3952268c6662abda68f
intfloat_multilingual_e5_base,semantic_fixed,320,64,0.682849,0.217630,0.121530,0.393448,0.358150,0.238450,0.180040,0.782370,0.878470,0.606552,0.641850,0.244957,0.360010,0.000000,0.129157,0.002318,1.000000,intfloat_multilingual_e5_base_semantic_fixed_c320_o64/results/intfloat__multilingual-e5-base_d13f1b27baf31030b7fd040960d60d909913633f/intfloat__multilingual-e5-base/d13f1b27baf31030b7fd040960d60d909913633f
intfloat_e5_small,fixed_token,256,32,0.682879,0.211080,0.119980,0.371870,0.353590,0.221640,0.166390,0.788920,0.880020,0.628130,0.646410,0.249278,0.238853,0.000000,0.158929,0.013399,1.000000,intfloat_e5_small_fixed_token_c256_o32/results/intfloat__e5-small_e272f3049e853b47cb5ca3952268c6662abda68f/intfloat__e5-small/e272f3049e853b47cb5ca3952268c6662abda68f
nomic_ai_nomic_embed_text_v1.5,recursive_token,256,48,0.683488,0.207950,0.117120,0.365067,0.352860,0.214290,0.169430,0.792050,0.882880,0.634933,0.647140,0.209343,0.236305,0.000000,0.153831,-0.002184,1.000000,nomic_ai_nomic_embed_text_v1.5_recursive_token_c256_o48/results/nomic-ai__nomic-embed-text-v1.5_b0753ae76394dd36bcfb912a46018088bca48be0/nomic-ai__nomic-embed-text-v1.5/b0753ae76394dd36bcfb912a46018088bca48be0
BAAI_bge_large_en_v1.5,fixed_token,256,16,0.683593,0.227180,0.130400,0.396765,0.387600,0.244750,0.180880,0.772820,0.869600,0.603235,0.612400,0.260960,0.545848,0.000000,0.104265,-0.026869,1.000000,BAAI_bge_large_en_v1.5_fixed_token_c256_o16/results/BAAI__bge-large-en-v1.5_d4aa6901d3a41ba39fb536a557fa166f842b0e09/BAAI__bge-large-en-v1.5/d4aa6901d3a41ba39fb536a557fa166f842b0e09
intfloat_e5_large,recursive_token,256,16,0.683653,0.219460,0.124020,0.378896,0.379520,0.228990,0.173320,0.780540,0.875980,0.621104,0.620480,0.243111,0.417995,0.000000,0.123098,0.013394,1.000000,intfloat_e5_large_recursive_token_c256_o16/results/intfloat__e5-large_4dc6d853a804b9c8886ede6dda8a073b7dc08a81/intfloat__e5-large/4dc6d853a804b9c8886ede6dda8a073b7dc08a81
intfloat_e5_large,semantic_fixed,256,32,0.683684,0.211770,0.118650,0.376770,0.355780,0.224790,0.172580,0.788230,0.881350,0.623230,0.644220,0.232261,0.287048,0.000000,0.145347,0.005513,1.000000,intfloat_e5_large_semantic_fixed_c256_o32/results/intfloat__e5-large_4dc6d853a804b9c8886ede6dda8a073b7dc08a81/intfloat__e5-large/4dc6d853a804b9c8886ede6dda8a073b7dc08a81
intfloat_e5_base,hierarchical_section,256,32,0.683760,0.199570,0.111890,0.357048,0.343500,0.214290,0.163240,0.800430,0.888110,0.642952,0.656500,0.238229,0.081750,0.000000,0.184789,0.002278,1.000000,intfloat_e5_base_hierarchical_section_c256_o32/results/intfloat__e5-base_b533fe4636f4a2507c08ddab40644d20b0006d6a/intfloat__e5-base/b533fe4636f4a2507c08ddab40644d20b0006d6a
intfloat_multilingual_e5_base,fixed_token,256,0,0.683848,0.215520,0.124340,0.382606,0.364030,0.236340,0.168280,0.784480,0.875660,0.617394,0.635970,0.287975,0.319302,0.000000,0.154819,0.037359,1.000000,intfloat_multilingual_e5_base_fixed_token_c256_o0/results/intfloat__multilingual-e5-base_d13f1b27baf31030b7fd040960d60d909913633f/intfloat__multilingual-e5-base/d13f1b27baf31030b7fd040960d60d909913633f
BAAI_bge_base_en_v1.5,fixed_token,256,16,0.683999,0.217560,0.123470,0.391460,0.370910,0.253150,0.174470,0.782440,0.876530,0.608540,0.629090,0.310804,0.345835,0.000000,0.135694,-0.009722,1.000000,BAAI_bge_base_en_v1.5_fixed_token_c256_o16/results/BAAI__bge-base-en-v1.5_a5beb1e3e68b9ab74eb54cfd186867f64f240e1a/BAAI__bge-base-en-v1.5/a5beb1e3e68b9ab74eb54cfd186867f64f240e1a
BAAI_bge_large_en_v1.5,recursive_token,256,16,0.684149,0.217180,0.123940,0.371150,0.367060,0.217440,0.174790,0.782820,0.876060,0.628850,0.632940,0.196146,0.413643,0.000000,0.123986,0.013429,1.000000,BAAI_bge_large_en_v1.5_recursive_token_c256_o16/results/BAAI__bge-large-en-v1.5_d4aa6901d3a41ba39fb536a557fa166f842b0e09/BAAI__bge-large-en-v1.5/d4aa6901d3a41ba39fb536a557fa166f842b0e09
intfloat_e5_base,recursive_token,256,0,0.684169,0.216210,0.122440,0.374404,0.374250,0.220590,0.168490,0.783790,0.877560,0.625596,0.625750,0.236185,0.380153,0.000000,0.124493,-0.001047,1.000000,intfloat_e5_base_recursive_token_c256_o0/results/intfloat__e5-base_b533fe4636f4a2507c08ddab40644d20b0006d6a/intfloat__e5-base/b533fe4636f4a2507c08ddab40644d20b0006d6a
intfloat_e5_base,recursive_token,256,32,0.684228,0.212670,0.119140,0.374583,0.369160,0.228990,0.170170,0.787330,0.880860,0.625417,0.630840,0.256867,0.305773,0.000000,0.141274,-0.004857,1.000000,intfloat_e5_base_recursive_token_c256_o32/results/intfloat__e5-base_b533fe4636f4a2507c08ddab40644d20b0006d6a/intfloat__e5-base/b533fe4636f4a2507c08ddab40644d20b0006d6a
intfloat_e5_large,recursive_token,256,0,0.684235,0.225200,0.128920,0.398441,0.375870,0.253150,0.172370,0.774800,0.871080,0.601559,0.624130,0.319099,0.456705,0.000000,0.117453,-0.017588,1.000000,intfloat_e5_large_recursive_token_c256_o0/results/intfloat__e5-large_4dc6d853a804b9c8886ede6dda8a073b7dc08a81/intfloat__e5-large/4dc6d853a804b9c8886ede6dda8a073b7dc08a81
BAAI_bge_large_en_v1.5,recursive_token,256,0,0.684297,0.219770,0.127050,0.380076,0.373690,0.228990,0.170800,0.780230,0.872950,0.619924,0.626310,0.254116,0.425480,0.000000,0.115279,-0.000750,1.000000,BAAI_bge_large_en_v1.5_recursive_token_c256_o0/results/BAAI__bge-large-en-v1.5_d4aa6901d3a41ba39fb536a557fa166f842b0e09/BAAI__bge-large-en-v1.5/d4aa6901d3a41ba39fb536a557fa166f842b0e09
nomic_ai_nomic_embed_text_v1,recursive_token,256,48,0.684398,0.217120,0.123660,0.375716,0.367360,0.220590,0.174680,0.782880,0.876340,0.624284,0.632640,0.208124,0.414705,0.000000,0.126570,-0.019022,1.000000,nomic_ai_nomic_embed_text_v1_recursive_token_c256_o48/results/nomic-ai__nomic-embed-text-v1_0759316f275aa0cb93a5b830973843ca66babcf5/nomic-ai__nomic-embed-text-v1/0759316f275aa0cb93a5b830973843ca66babcf5
BAAI_bge_base_en_v1.5,semantic_fixed,256,0,0.684903,0.213550,0.118620,0.377391,0.371430,0.230040,0.176580,0.786450,0.881380,0.622609,0.628570,0.232394,0.359737,0.000000,0.135574,0.015043,1.000000,BAAI_bge_base_en_v1.5_semantic_fixed_c256_o0/results/BAAI__bge-base-en-v1.5_a5beb1e3e68b9ab74eb54cfd186867f64f240e1a/BAAI__bge-base-en-v1.5/a5beb1e3e68b9ab74eb54cfd186867f64f240e1a
intfloat_multilingual_e5_base,semantic_recursive,320,48,0.684945,0.213240,0.119800,0.378223,0.337140,0.234240,0.173950,0.786760,0.880200,0.621777,0.662860,0.257386,0.270605,0.000000,0.156712,0.021666,1.000000,intfloat_multilingual_e5_base_semantic_recursive_c320_o48/results/intfloat__multilingual-e5-base_d13f1b27baf31030b7fd040960d60d909913633f/intfloat__multilingual-e5-base/d13f1b27baf31030b7fd040960d60d909913633f
intfloat_e5_small,semantic_recursive,320,0,0.685149,0.215750,0.121720,0.383770,0.349130,0.233190,0.173320,0.784250,0.878280,0.616230,0.650870,0.256743,0.340658,0.000000,0.135533,0.007329,1.000000,intfloat_e5_small_semantic_recursive_c320_o0/results/intfloat__e5-small_e272f3049e853b47cb5ca3952268c6662abda68f/intfloat__e5-small/e272f3049e853b47cb5ca3952268c6662abda68f
intfloat_e5_small,semantic_recursive,320,16,0.685277,0.213200,0.119980,0.375601,0.347960,0.225840,0.172480,0.786800,0.880020,0.624399,0.652040,0.236274,0.315113,0.000000,0.143920,0.013885,1.000000,intfloat_e5_small_semantic_recursive_c320_o16/results/intfloat__e5-small_e272f3049e853b47cb5ca3952268c6662abda68f/intfloat__e5-small/e272f3049e853b47cb5ca3952268c6662abda68f
intfloat_e5_large,fixed_token,256,48,0.685386,0.206600,0.115440,0.360636,0.363580,0.207980,0.169220,0.793400,0.884560,0.639364,0.636420,0.186364,0.290950,0.000000,0.143906,0.004192,1.000000,intfloat_e5_large_fixed_token_c256_o48/results/intfloat__e5-large_4dc6d853a804b9c8886ede6dda8a073b7dc08a81/intfloat__e5-large/4dc6d853a804b9c8886ede6dda8a073b7dc08a81
intfloat_e5_large,recursive_token,256,32,0.685446,0.219520,0.123630,0.379745,0.368860,0.231090,0.175000,0.780480,0.876370,0.620255,0.631140,0.242719,0.433620,0.000000,0.121543,-0.016534,1.000000,intfloat_e5_large_recursive_token_c256_o32/results/intfloat__e5-large_4dc6d853a804b9c8886ede6dda8a073b7dc08a81/intfloat__e5-large/4dc6d853a804b9c8886ede6dda8a073b7dc08a81
intfloat_multilingual_e5_base,semantic_fixed,256,0,0.685871,0.216180,0.120510,0.391410,0.354240,0.253150,0.174790,0.783820,0.879490,0.608590,0.645760,0.309540,0.326847,0.000000,0.147350,0.025439,1.000000,intfloat_multilingual_e5_base_semantic_fixed_c256_o0/results/intfloat__multilingual-e5-base_d13f1b27baf31030b7fd040960d60d909913633f/intfloat__multilingual-e5-base/d13f1b27baf31030b7fd040960d60d909913633f
intfloat_e5_base,semantic_fixed,256,0,0.686182,0.210100,0.116780,0.382025,0.355370,0.237390,0.169330,0.789900,0.883220,0.617975,0.644630,0.286701,0.269748,0.000000,0.154510,-0.016919,1.000000,intfloat_e5_base_semantic_fixed_c256_o0/results/intfloat__e5-base_b533fe4636f4a2507c08ddab40644d20b0006d6a/intfloat__e5-base/b533fe4636f4a2507c08ddab40644d20b0006d6a
intfloat_e5_base,semantic_recursive,384,64,0.686335,0.213760,0.119890,0.369298,0.365510,0.214290,0.176680,0.786240,0.880110,0.630702,0.634490,0.175510,0.424215,0.000000,0.117966,-0.005618,1.000000,intfloat_e5_base_semantic_recursive_c384_o64/results/intfloat__e5-base_b533fe4636f4a2507c08ddab40644d20b0006d6a/intfloat__e5-base/b533fe4636f4a2507c08ddab40644d20b0006d6a
BAAI_bge_large_en_v1.5,fixed_token,256,32,0.686506,0.212650,0.121840,0.367303,0.370030,0.223740,0.171640,0.787350,0.878160,0.632697,0.629970,0.232860,0.373130,0.000000,0.131680,0.012612,1.000000,BAAI_bge_large_en_v1.5_fixed_token_c256_o32/results/BAAI__bge-large-en-v1.5_d4aa6901d3a41ba39fb536a557fa166f842b0e09/BAAI__bge-large-en-v1.5/d4aa6901d3a41ba39fb536a557fa166f842b0e09
BAAI_bge_large_en_v1.5,semantic_recursive,320,0,0.686646,0.220870,0.124350,0.387685,0.369520,0.235290,0.181200,0.779130,0.875650,0.612315,0.630480,0.229887,0.502675,0.000000,0.102676,-0.006422,1.000000,BAAI_bge_large_en_v1.5_semantic_recursive_c320_o0/results/BAAI__bge-large-en-v1.5_d4aa6901d3a41ba39fb536a557fa166f842b0e09/BAAI__bge-large-en-v1.5/d4aa6901d3a41ba39fb536a557fa166f842b0e09
nomic_ai_nomic_embed_text_v1,hierarchical_section,256,48,0.686851,0.211870,0.120560,0.374053,0.366090,0.231090,0.173320,0.788130,0.879440,0.625947,0.633910,0.249989,0.356393,0.000000,0.129575,0.001707,1.000000,nomic_ai_nomic_embed_text_v1_hierarchical_section_c256_o48/results/nomic-ai__nomic-embed-text-v1_0759316f275aa0cb93a5b830973843ca66babcf5/nomic-ai__nomic-embed-text-v1/0759316f275aa0cb93a5b830973843ca66babcf5
intfloat_e5_large,semantic_fixed,256,48,0.686878,0.201260,0.109850,0.354193,0.349220,0.202730,0.169330,0.798740,0.890150,0.645807,0.650780,0.164751,0.230365,0.000000,0.157052,0.006250,1.000000,intfloat_e5_large_semantic_fixed_c256_o48/results/intfloat__e5-large_4dc6d853a804b9c8886ede6dda8a073b7dc08a81/intfloat__e5-large/4dc6d853a804b9c8886ede6dda8a073b7dc08a81
intfloat_e5_base,semantic_fixed,320,64,0.687029,0.208830,0.117680,0.376391,0.361340,0.228990,0.172160,0.791170,0.882320,0.623609,0.638660,0.248177,0.318060,0.000000,0.136473,-0.000170,1.000000,intfloat_e5_base_semantic_fixed_c320_o64/results/intfloat__e5-base_b533fe4636f4a2507c08ddab40644d20b0006d6a/intfloat__e5-base/b533fe4636f4a2507c08ddab40644d20b0006d6a
BAAI_bge_base_en_v1.5,recursive_token,256,16,0.687550,0.209070,0.116540,0.357700,0.368140,0.202730,0.171740,0.790930,0.883460,0.642300,0.631860,0.152863,0.397608,0.000000,0.134231,0.027505,1.000000,BAAI_bge_base_en_v1.5_recursive_token_c256_o16/results/BAAI__bge-base-en-v1.5_a5beb1e3e68b9ab74eb54cfd186867f64f240e1a/BAAI__bge-base-en-v1.5/a5beb1e3e68b9ab74eb54cfd186867f64f240e1a
intfloat_e5_small,recursive_token,256,0,0.687739,0.218130,0.125310,0.383571,0.355420,0.238450,0.165130,0.781870,0.874690,0.616429,0.644580,0.307486,0.389695,0.000000,0.126865,0.009608,1.000000,intfloat_e5_small_recursive_token_c256_o0/results/intfloat__e5-small_e272f3049e853b47cb5ca3952268c6662abda68f/intfloat__e5-small/e272f3049e853b47cb5ca3952268c6662abda68f
BAAI_bge_base_en_v1.5,recursive_token,256,0,0.687850,0.209300,0.118690,0.369552,0.363290,0.218490,0.165760,0.790700,0.881310,0.630448,0.636710,0.241338,0.339808,0.000000,0.136641,0.009205,1.000000,BAAI_bge_base_en_v1.5_recursive_token_c256_o0/results/BAAI__bge-base-en-v1.5_a5beb1e3e68b9ab74eb54cfd186867f64f240e1a/BAAI__bge-base-en-v1.5/a5beb1e3e68b9ab74eb54cfd186867f64f240e1a
BAAI_bge_large_en_v1.5,hierarchical_section,256,32,0.687975,0.212640,0.120990,0.369738,0.365580,0.225840,0.175320,0.787360,0.879010,0.630262,0.634420,0.223698,0.404162,0.000000,0.126310,0.014285,1.000000,BAAI_bge_large_en_v1.5_hierarchical_section_c256_o32/results/BAAI__bge-large-en-v1.5_d4aa6901d3a41ba39fb536a557fa166f842b0e09/BAAI__bge-large-en-v1.5/d4aa6901d3a41ba39fb536a557fa166f842b0e09
intfloat_e5_base,fixed_token,256,48,0.688528,0.203300,0.112210,0.364035,0.356880,0.218490,0.167540,0.796700,0.887790,0.635965,0.643120,0.233191,0.257740,0.000000,0.154787,0.012670,1.000000,intfloat_e5_base_fixed_token_c256_o48/results/intfloat__e5-base_b533fe4636f4a2507c08ddab40644d20b0006d6a/intfloat__e5-base/b533fe4636f4a2507c08ddab40644d20b0006d6a
BAAI_bge_large_en_v1.5,semantic_fixed,256,16,0.688656,0.224240,0.128170,0.396072,0.376050,0.243700,0.182980,0.775760,0.871830,0.603928,0.623950,0.249159,0.599052,0.000000,0.088221,-0.016063,1.000000,BAAI_bge_large_en_v1.5_semantic_fixed_c256_o16/results/BAAI__bge-large-en-v1.5_d4aa6901d3a41ba39fb536a557fa166f842b0e09/BAAI__bge-large-en-v1.5/d4aa6901d3a41ba39fb536a557fa166f842b0e09
intfloat_e5_small,recursive_token,256,16,0.689024,0.214350,0.121270,0.371133,0.349330,0.223740,0.166810,0.785650,0.878730,0.628867,0.650670,0.254447,0.381193,0.000000,0.139266,0.031009,1.000000,intfloat_e5_small_recursive_token_c256_o16/results/intfloat__e5-small_e272f3049e853b47cb5ca3952268c6662abda68f/intfloat__e5-small/e272f3049e853b47cb5ca3952268c6662abda68f
BAAI_bge_base_en_v1.5,semantic_recursive,320,16,0.689159,0.212900,0.119810,0.373662,0.358770,0.231090,0.174370,0.787100,0.880190,0.626338,0.641230,0.245446,0.397935,0.000000,0.126120,-0.011414,1.000000,BAAI_bge_base_en_v1.5_semantic_recursive_c320_o16/results/BAAI__bge-base-en-v1.5_a5beb1e3e68b9ab74eb54cfd186867f64f240e1a/BAAI__bge-base-en-v1.5/a5beb1e3e68b9ab74eb54cfd186867f64f240e1a
intfloat_e5_small,semantic_fixed,256,16,0.689187,0.215290,0.121540,0.391468,0.354840,0.239500,0.172270,0.784710,0.878460,0.608532,0.645160,0.280710,0.419408,0.000000,0.120666,0.009095,1.000000,intfloat_e5_small_semantic_fixed_c256_o16/results/intfloat__e5-small_e272f3049e853b47cb5ca3952268c6662abda68f/intfloat__e5-small/e272f3049e853b47cb5ca3952268c6662abda68f
intfloat_e5_small,semantic_recursive,320,32,0.689445,0.212680,0.121210,0.375748,0.345950,0.231090,0.173000,0.787320,0.878790,0.624252,0.654050,0.251374,0.379883,0.000000,0.130653,0.013259,1.000000,intfloat_e5_small_semantic_recursive_c320_o32/results/intfloat__e5-small_e272f3049e853b47cb5ca3952268c6662abda68f/intfloat__e5-small/e272f3049e853b47cb5ca3952268c6662abda68f
BAAI_bge_base_en_v1.5,semantic_recursive,320,0,0.689461,0.213690,0.120200,0.375804,0.358730,0.234240,0.174580,0.786310,0.879800,0.624196,0.641270,0.254696,0.407610,0.000000,0.124410,-0.011864,1.000000,BAAI_bge_base_en_v1.5_semantic_recursive_c320_o0/results/BAAI__bge-base-en-v1.5_a5beb1e3e68b9ab74eb54cfd186867f64f240e1a/BAAI__bge-base-en-v1.5/a5beb1e3e68b9ab74eb54cfd186867f64f240e1a
intfloat_multilingual_e5_base,semantic_recursive,320,64,0.689517,0.211510,0.119490,0.376609,0.338630,0.233190,0.174160,0.788490,0.880510,0.623391,0.661370,0.253141,0.349217,0.000000,0.134768,0.009223,1.000000,intfloat_multilingual_e5_base_semantic_recursive_c320_o64/results/intfloat__multilingual-e5-base_d13f1b27baf31030b7fd040960d60d909913633f/intfloat__multilingual-e5-base/d13f1b27baf31030b7fd040960d60d909913633f
BAAI_bge_base_en_v1.5,semantic_recursive,320,48,0.689755,0.203900,0.113480,0.364442,0.347550,0.220590,0.169010,0.796100,0.886520,0.635558,0.652450,0.233827,0.274277,0.000000,0.148813,-0.007337,1.000000,BAAI_bge_base_en_v1.5_semantic_recursive_c320_o48/results/BAAI__bge-base-en-v1.5_a5beb1e3e68b9ab74eb54cfd186867f64f240e1a/BAAI__bge-base-en-v1.5/a5beb1e3e68b9ab74eb54cfd186867f64f240e1a
intfloat_e5_base,recursive_token,256,48,0.689806,0.207650,0.117030,0.370786,0.352500,0.232140,0.166810,0.792350,0.882970,0.629214,0.647500,0.281425,0.298238,0.000000,0.146366,0.012027,1.000000,intfloat_e5_base_recursive_token_c256_o48/results/intfloat__e5-base_b533fe4636f4a2507c08ddab40644d20b0006d6a/intfloat__e5-base/b533fe4636f4a2507c08ddab40644d20b0006d6a
BAAI_bge_large_en_v1.5,semantic_recursive,320,16,0.689832,0.219830,0.123370,0.386197,0.366890,0.234240,0.180250,0.780170,0.876630,0.613803,0.633110,0.230490,0.544283,0.000000,0.093917,-0.005547,1.000000,BAAI_bge_large_en_v1.5_semantic_recursive_c320_o16/results/BAAI__bge-large-en-v1.5_d4aa6901d3a41ba39fb536a557fa166f842b0e09/BAAI__bge-large-en-v1.5/d4aa6901d3a41ba39fb536a557fa166f842b0e09
intfloat_e5_small,hierarchical_section,256,32,0.689834,0.203400,0.116010,0.361966,0.339590,0.221640,0.164080,0.796600,0.883990,0.638034,0.660410,0.259700,0.234738,0.000000,0.159294,0.012483,1.000000,intfloat_e5_small_hierarchical_section_c256_o32/results/intfloat__e5-small_e272f3049e853b47cb5ca3952268c6662abda68f/intfloat__e5-small/e272f3049e853b47cb5ca3952268c6662abda68f
intfloat_e5_large,hierarchical_section,256,48,0.689912,0.209640,0.118850,0.359490,0.358490,0.221640,0.171430,0.790360,0.881150,0.640510,0.641510,0.226539,0.369830,0.000000,0.139619,0.027170,1.000000,intfloat_e5_large_hierarchical_section_c256_o48/results/intfloat__e5-large_4dc6d853a804b9c8886ede6dda8a073b7dc08a81/intfloat__e5-large/4dc6d853a804b9c8886ede6dda8a073b7dc08a81
intfloat_e5_base,semantic_fixed,256,32,0.690517,0.196570,0.108590,0.348733,0.337730,0.204830,0.162920,0.803430,0.891410,0.651267,0.662270,0.204609,0.182137,0.000000,0.165975,-0.004805,1.000000,intfloat_e5_base_semantic_fixed_c256_o32/results/intfloat__e5-base_b533fe4636f4a2507c08ddab40644d20b0006d6a/intfloat__e5-base/b533fe4636f4a2507c08ddab40644d20b0006d6a
intfloat_e5_large,recursive_token,256,48,0.690597,0.214510,0.123060,0.376466,0.360090,0.232140,0.169430,0.785490,0.876940,0.623534,0.639910,0.270139,0.437740,0.000000,0.116051,-0.007198,1.000000,intfloat_e5_large_recursive_token_c256_o48/results/intfloat__e5-large_4dc6d853a804b9c8886ede6dda8a073b7dc08a81/intfloat__e5-large/4dc6d853a804b9c8886ede6dda8a073b7dc08a81
BAAI_bge_base_en_v1.5,fixed_token,256,32,0.690876,0.205920,0.116450,0.360935,0.360420,0.223740,0.168590,0.794080,0.883550,0.639065,0.639580,0.246491,0.332818,0.000000,0.134119,-0.001365,1.000000,BAAI_bge_base_en_v1.5_fixed_token_c256_o32/results/BAAI__bge-base-en-v1.5_a5beb1e3e68b9ab74eb54cfd186867f64f240e1a/BAAI__bge-base-en-v1.5/a5beb1e3e68b9ab74eb54cfd186867f64f240e1a
nomic_ai_nomic_embed_text_v1.5,hierarchical_section,256,48,0.691158,0.202870,0.114220,0.354316,0.356540,0.206930,0.167860,0.797130,0.885780,0.645684,0.643460,0.188808,0.338777,0.000000,0.143052,0.021615,1.000000,nomic_ai_nomic_embed_text_v1.5_hierarchical_section_c256_o48/results/nomic-ai__nomic-embed-text-v1.5_b0753ae76394dd36bcfb912a46018088bca48be0/nomic-ai__nomic-embed-text-v1.5/b0753ae76394dd36bcfb912a46018088bca48be0
BAAI_bge_large_en_v1.5,fixed_token,256,48,0.691534,0.207800,0.117320,0.362823,0.351770,0.206930,0.171640,0.792200,0.882680,0.637177,0.648230,0.170541,0.428800,0.000000,0.122504,0.016528,1.000000,BAAI_bge_large_en_v1.5_fixed_token_c256_o48/results/BAAI__bge-large-en-v1.5_d4aa6901d3a41ba39fb536a557fa166f842b0e09/BAAI__bge-large-en-v1.5/d4aa6901d3a41ba39fb536a557fa166f842b0e09
BAAI_bge_base_en_v1.5,semantic_recursive,320,32,0.691671,0.210430,0.117750,0.373830,0.351210,0.234240,0.172790,0.789570,0.882250,0.626170,0.648790,0.262338,0.386033,0.000000,0.127308,-0.009029,1.000000,BAAI_bge_base_en_v1.5_semantic_recursive_c320_o32/results/BAAI__bge-base-en-v1.5_a5beb1e3e68b9ab74eb54cfd186867f64f240e1a/BAAI__bge-base-en-v1.5/a5beb1e3e68b9ab74eb54cfd186867f64f240e1a
intfloat_e5_small,semantic_fixed,256,32,0.692311,0.204170,0.113660,0.367408,0.343720,0.219540,0.167330,0.795830,0.886340,0.632592,0.656280,0.237815,0.322827,0.000000,0.140461,0.010053,1.000000,intfloat_e5_small_semantic_fixed_c256_o32/results/intfloat__e5-small_e272f3049e853b47cb5ca3952268c6662abda68f/intfloat__e5-small/e272f3049e853b47cb5ca3952268c6662abda68f
BAAI_bge_large_en_v1.5,semantic_fixed,256,32,0.692315,0.210610,0.118860,0.371512,0.361960,0.224790,0.173210,0.789390,0.881140,0.628488,0.638040,0.229459,0.454715,0.000000,0.109405,0.000696,1.000000,BAAI_bge_large_en_v1.5_semantic_fixed_c256_o32/results/BAAI__bge-large-en-v1.5_d4aa6901d3a41ba39fb536a557fa166f842b0e09/BAAI__bge-large-en-v1.5/d4aa6901d3a41ba39fb536a557fa166f842b0e09
BAAI_bge_large_en_v1.5,recursive_token,256,32,0.692349,0.212200,0.118760,0.373760,0.363150,0.222690,0.172790,0.787800,0.881240,0.626240,0.636850,0.224078,0.481557,0.000000,0.105545,0.003713,1.000000,BAAI_bge_large_en_v1.5_recursive_token_c256_o32/results/BAAI__bge-large-en-v1.5_d4aa6901d3a41ba39fb536a557fa166f842b0e09/BAAI__bge-large-en-v1.5/d4aa6901d3a41ba39fb536a557fa166f842b0e09
BAAI_bge_large_en_v1.5,recursive_token,256,48,0.692472,0.209880,0.119250,0.376755,0.358510,0.226890,0.166490,0.790120,0.880750,0.623245,0.641490,0.266208,0.419687,0.000000,0.119239,0.006353,1.000000,BAAI_bge_large_en_v1.5_recursive_token_c256_o48/results/BAAI__bge-large-en-v1.5_d4aa6901d3a41ba39fb536a557fa166f842b0e09/BAAI__bge-large-en-v1.5/d4aa6901d3a41ba39fb536a557fa166f842b0e09
BAAI_bge_base_en_v1.5,recursive_token,256,32,0.692562,0.207610,0.116030,0.360279,0.357120,0.212180,0.171010,0.792390,0.883970,0.639721,0.642880,0.194033,0.424615,0.000000,0.123357,0.016560,1.000000,BAAI_bge_base_en_v1.5_recursive_token_c256_o32/results/BAAI__bge-base-en-v1.5_a5beb1e3e68b9ab74eb54cfd186867f64f240e1a/BAAI__bge-base-en-v1.5/a5beb1e3e68b9ab74eb54cfd186867f64f240e1a
BAAI_bge_large_en_v1.5,semantic_fixed,256,48,0.692988,0.203540,0.112490,0.367390,0.345410,0.214290,0.172690,0.796460,0.887510,0.632610,0.654590,0.194129,0.373050,0.000000,0.126432,0.002084,1.000000,BAAI_bge_large_en_v1.5_semantic_fixed_c256_o48/results/BAAI__bge-large-en-v1.5_d4aa6901d3a41ba39fb536a557fa166f842b0e09/BAAI__bge-large-en-v1.5/d4aa6901d3a41ba39fb536a557fa166f842b0e09
intfloat_e5_base,hierarchical_section,256,48,0.692996,0.196880,0.109960,0.352090,0.341560,0.206930,0.159770,0.803120,0.890040,0.647910,0.658440,0.227903,0.231077,0.000000,0.174158,0.040747,1.000000,intfloat_e5_base_hierarchical_section_c256_o48/results/intfloat__e5-base_b533fe4636f4a2507c08ddab40644d20b0006d6a/intfloat__e5-base/b533fe4636f4a2507c08ddab40644d20b0006d6a
intfloat_e5_small,fixed_token,256,48,0.693010,0.206840,0.116340,0.369246,0.345380,0.218490,0.168910,0.793160,0.883660,0.630754,0.654620,0.226921,0.389443,0.000000,0.133073,0.021923,1.000000,intfloat_e5_small_fixed_token_c256_o48/results/intfloat__e5-small_e272f3049e853b47cb5ca3952268c6662abda68f/intfloat__e5-small/e272f3049e853b47cb5ca3952268c6662abda68f
BAAI_bge_large_en_v1.5,semantic_recursive,320,48,0.693011,0.213140,0.119970,0.379885,0.359200,0.230040,0.176260,0.786860,0.880030,0.620115,0.640800,0.233785,0.502740,0.000000,0.105863,-0.012822,1.000000,BAAI_bge_large_en_v1.5_semantic_recursive_c320_o48/results/BAAI__bge-large-en-v1.5_d4aa6901d3a41ba39fb536a557fa166f842b0e09/BAAI__bge-large-en-v1.5/d4aa6901d3a41ba39fb536a557fa166f842b0e09
intfloat_e5_base,semantic_fixed,256,16,0.693024,0.202850,0.113140,0.373605,0.352170,0.234240,0.162390,0.797150,0.886860,0.626395,0.647830,0.306737,0.283500,0.000000,0.144659,0.002718,1.000000,intfloat_e5_base_semantic_fixed_c256_o16/results/intfloat__e5-base_b533fe4636f4a2507c08ddab40644d20b0006d6a/intfloat__e5-base/b533fe4636f4a2507c08ddab40644d20b0006d6a
BAAI_bge_base_en_v1.5,hierarchical_section,256,32,0.693174,0.203020,0.116040,0.364284,0.351640,0.230040,0.166390,0.796980,0.883960,0.635716,0.648360,0.276691,0.309980,0.000000,0.142664,0.009320,1.000000,BAAI_bge_base_en_v1.5_hierarchical_section_c256_o32/results/BAAI__bge-base-en-v1.5_a5beb1e3e68b9ab74eb54cfd186867f64f240e1a/BAAI__bge-base-en-v1.5/a5beb1e3e68b9ab74eb54cfd186867f64f240e1a
nomic_ai_nomic_embed_text_v1,fixed_token,256,64,0.693248,0.199860,0.111120,0.348219,0.351660,0.205880,0.167020,0.800140,0.888880,0.651781,0.648340,0.188751,0.319192,0.000000,0.143712,-0.015101,1.000000,nomic_ai_nomic_embed_text_v1_fixed_token_c256_o64/results/nomic-ai__nomic-embed-text-v1_0759316f275aa0cb93a5b830973843ca66babcf5/nomic-ai__nomic-embed-text-v1/0759316f275aa0cb93a5b830973843ca66babcf5
BAAI_bge_base_en_v1.5,semantic_fixed,256,16,0.693317,0.210180,0.117240,0.379240,0.356590,0.240550,0.173210,0.789820,0.882760,0.620760,0.643410,0.279942,0.418645,0.000000,0.125658,0.018774,1.000000,BAAI_bge_base_en_v1.5_semantic_fixed_c256_o16/results/BAAI__bge-base-en-v1.5_a5beb1e3e68b9ab74eb54cfd186867f64f240e1a/BAAI__bge-base-en-v1.5/a5beb1e3e68b9ab74eb54cfd186867f64f240e1a
BAAI_bge_large_en_v1.5,hierarchical_section,256,48,0.693608,0.207480,0.116670,0.363521,0.357590,0.214290,0.171320,0.792520,0.883330,0.636479,0.642410,0.200523,0.447850,0.000000,0.117722,0.014584,1.000000,BAAI_bge_large_en_v1.5_hierarchical_section_c256_o48/results/BAAI__bge-large-en-v1.5_d4aa6901d3a41ba39fb536a557fa166f842b0e09/BAAI__bge-large-en-v1.5/d4aa6901d3a41ba39fb536a557fa166f842b0e09
intfloat_e5_small,recursive_token,256,32,0.693942,0.210530,0.117860,0.373886,0.346020,0.225840,0.165860,0.789470,0.882140,0.626114,0.653980,0.265586,0.419283,0.000000,0.120011,0.007735,1.000000,intfloat_e5_small_recursive_token_c256_o32/results/intfloat__e5-small_e272f3049e853b47cb5ca3952268c6662abda68f/intfloat__e5-small/e272f3049e853b47cb5ca3952268c6662abda68f
intfloat_multilingual_e5_base,hierarchical_section,256,16,0.694174,0.207190,0.116140,0.368176,0.335050,0.222690,0.167330,0.792810,0.883860,0.631824,0.664950,0.248597,0.370598,0.000000,0.138052,0.024343,1.000000,intfloat_multilingual_e5_base_hierarchical_section_c256_o16/results/intfloat__multilingual-e5-base_d13f1b27baf31030b7fd040960d60d909913633f/intfloat__multilingual-e5-base/d13f1b27baf31030b7fd040960d60d909913633f
intfloat_multilingual_e5_base,semantic_fixed,256,16,0.694338,0.208170,0.115580,0.379457,0.344770,0.234240,0.168700,0.791830,0.884420,0.620543,0.655230,0.279799,0.391262,0.000000,0.132007,0.020519,1.000000,intfloat_multilingual_e5_base_semantic_fixed_c256_o16/results/intfloat__multilingual-e5-base_d13f1b27baf31030b7fd040960d60d909913633f/intfloat__multilingual-e5-base/d13f1b27baf31030b7fd040960d60d909913633f
intfloat_multilingual_e5_base,fixed_token,256,16,0.694499,0.210400,0.117910,0.376439,0.355960,0.234240,0.168070,0.789600,0.882090,0.623561,0.644040,0.282488,0.437538,0.000000,0.124090,0.023195,1.000000,intfloat_multilingual_e5_base_fixed_token_c256_o16/results/intfloat__multilingual-e5-base_d13f1b27baf31030b7fd040960d60d909913633f/intfloat__multilingual-e5-base/d13f1b27baf31030b7fd040960d60d909913633f
BAAI_bge_large_en_v1.5,semantic_recursive,320,32,0.694520,0.219140,0.123880,0.382172,0.363870,0.231090,0.180150,0.780860,0.876120,0.617828,0.636130,0.220434,0.629835,0.000000,0.080260,-0.012454,1.000000,BAAI_bge_large_en_v1.5_semantic_recursive_c320_o32/results/BAAI__bge-large-en-v1.5_d4aa6901d3a41ba39fb536a557fa166f842b0e09/BAAI__bge-large-en-v1.5/d4aa6901d3a41ba39fb536a557fa166f842b0e09
intfloat_e5_small,semantic_recursive,320,48,0.694887,0.207390,0.117160,0.367627,0.342230,0.222690,0.169430,0.792610,0.882840,0.632373,0.657770,0.239167,0.413435,0.000000,0.118717,-0.002808,1.000000,intfloat_e5_small_semantic_recursive_c320_o48/results/intfloat__e5-small_e272f3049e853b47cb5ca3952268c6662abda68f/intfloat__e5-small/e272f3049e853b47cb5ca3952268c6662abda68f
intfloat_e5_base,fixed_token,256,64,0.694989,0.191390,0.105940,0.343892,0.341610,0.207980,0.159240,0.808610,0.894060,0.656108,0.658390,0.234349,0.182710,0.000000,0.172298,0.017680,1.000000,intfloat_e5_base_fixed_token_c256_o64/results/intfloat__e5-base_b533fe4636f4a2507c08ddab40644d20b0006d6a/intfloat__e5-base/b533fe4636f4a2507c08ddab40644d20b0006d6a
intfloat_e5_small,semantic_recursive,320,64,0.695323,0.207220,0.116780,0.365171,0.343850,0.217440,0.172060,0.792780,0.883220,0.634829,0.656150,0.208701,0.447893,0.000000,0.112210,0.003577,1.000000,intfloat_e5_small_semantic_recursive_c320_o64/results/intfloat__e5-small_e272f3049e853b47cb5ca3952268c6662abda68f/intfloat__e5-small/e272f3049e853b47cb5ca3952268c6662abda68f
nomic_ai_nomic_embed_text_v1,hierarchical_section,192,0,0.696134,0.193960,0.105900,0.346313,0.338530,0.193280,0.161450,0.806040,0.894100,0.653687,0.661470,0.164683,0.296920,0.000000,0.142362,0.003492,1.000000,nomic_ai_nomic_embed_text_v1_hierarchical_section_c192_o0/results/nomic-ai__nomic-embed-text-v1_0759316f275aa0cb93a5b830973843ca66babcf5/nomic-ai__nomic-embed-text-v1/0759316f275aa0cb93a5b830973843ca66babcf5
nomic_ai_nomic_embed_text_v1,hierarchical_section,256,64,0.696248,0.203560,0.115730,0.349840,0.357510,0.201680,0.169220,0.796440,0.884270,0.650160,0.642490,0.160948,0.473678,0.000000,0.114456,-0.018383,1.000000,nomic_ai_nomic_embed_text_v1_hierarchical_section_c256_o64/results/nomic-ai__nomic-embed-text-v1_0759316f275aa0cb93a5b830973843ca66babcf5/nomic-ai__nomic-embed-text-v1/0759316f275aa0cb93a5b830973843ca66babcf5
intfloat_e5_large,hierarchical_section,256,64,0.697277,0.198870,0.110050,0.342582,0.353180,0.196430,0.166600,0.801130,0.889950,0.657418,0.646820,0.151861,0.415243,0.000000,0.119241,-0.004579,1.000000,intfloat_e5_large_hierarchical_section_c256_o64/results/intfloat__e5-large_4dc6d853a804b9c8886ede6dda8a073b7dc08a81/intfloat__e5-large/4dc6d853a804b9c8886ede6dda8a073b7dc08a81
intfloat_e5_base,semantic_recursive,320,16,0.697327,0.199950,0.109960,0.358423,0.337890,0.214290,0.163340,0.800050,0.890040,0.641577,0.662110,0.237762,0.340793,0.000000,0.132252,-0.000821,1.000000,intfloat_e5_base_semantic_recursive_c320_o16/results/intfloat__e5-base_b533fe4636f4a2507c08ddab40644d20b0006d6a/intfloat__e5-base/b533fe4636f4a2507c08ddab40644d20b0006d6a
BAAI_bge_base_en_v1.5,semantic_fixed,256,32,0.697375,0.203610,0.113890,0.368635,0.345630,0.231090,0.168700,0.796390,0.886110,0.631365,0.654370,0.269981,0.394105,0.000000,0.129376,0.016394,1.000000,BAAI_bge_base_en_v1.5_semantic_fixed_c256_o32/results/BAAI__bge-base-en-v1.5_a5beb1e3e68b9ab74eb54cfd186867f64f240e1a/BAAI__bge-base-en-v1.5/a5beb1e3e68b9ab74eb54cfd186867f64f240e1a
intfloat_e5_base,semantic_recursive,320,0,0.697607,0.200400,0.109920,0.357728,0.339440,0.215340,0.164600,0.799600,0.890080,0.642272,0.660560,0.235627,0.354133,0.000000,0.131717,0.005087,1.000000,intfloat_e5_base_semantic_recursive_c320_o0/results/intfloat__e5-base_b533fe4636f4a2507c08ddab40644d20b0006d6a/intfloat__e5-base/b533fe4636f4a2507c08ddab40644d20b0006d6a
BAAI_bge_base_en_v1.5,semantic_recursive,320,64,0.697978,0.205450,0.115090,0.369399,0.348230,0.227940,0.170480,0.794550,0.884910,0.630601,0.651770,0.252084,0.452140,0.000000,0.122275,-0.025406,1.000000,BAAI_bge_base_en_v1.5_semantic_recursive_c320_o64/results/BAAI__bge-base-en-v1.5_a5beb1e3e68b9ab74eb54cfd186867f64f240e1a/BAAI__bge-base-en-v1.5/a5beb1e3e68b9ab74eb54cfd186867f64f240e1a
intfloat_e5_base,fixed_token,192,0,0.698884,0.186280,0.102730,0.328616,0.320500,0.182770,0.153570,0.813720,0.897270,0.671384,0.679500,0.159764,0.203583,0.000000,0.161436,-0.004305,1.000000,intfloat_e5_base_fixed_token_c192_o0/results/intfloat__e5-base_b533fe4636f4a2507c08ddab40644d20b0006d6a/intfloat__e5-base/b533fe4636f4a2507c08ddab40644d20b0006d6a
intfloat_e5_small,semantic_fixed,256,48,0.699284,0.193370,0.106750,0.356549,0.330270,0.210080,0.161450,0.806630,0.893250,0.643451,0.669730,0.231483,0.295170,0.000000,0.155586,0.029240,1.000000,intfloat_e5_small_semantic_fixed_c256_o48/results/intfloat__e5-small_e272f3049e853b47cb5ca3952268c6662abda68f/intfloat__e5-small/e272f3049e853b47cb5ca3952268c6662abda68f
intfloat_multilingual_e5_base,recursive_token,320,64,0.699427,0.205970,0.117680,0.362542,0.350080,0.221640,0.163340,0.794030,0.882320,0.637458,0.649920,0.263039,0.475185,0.000000,0.125087,0.040248,1.000000,intfloat_multilingual_e5_base_recursive_token_c320_o64/results/intfloat__multilingual-e5-base_d13f1b27baf31030b7fd040960d60d909913633f/intfloat__multilingual-e5-base/d13f1b27baf31030b7fd040960d60d909913633f
nomic_ai_nomic_embed_text_v1.5,hierarchical_section,192,0,0.699670,0.189910,0.103220,0.337226,0.326040,0.183820,0.159240,0.810090,0.896780,0.662774,0.673960,0.133718,0.308280,0.000000,0.145429,-0.014170,1.000000,nomic_ai_nomic_embed_text_v1.5_hierarchical_section_c192_o0/results/nomic-ai__nomic-embed-text-v1.5_b0753ae76394dd36bcfb912a46018088bca48be0/nomic-ai__nomic-embed-text-v1.5/b0753ae76394dd36bcfb912a46018088bca48be0
BAAI_bge_large_en_v1.5,fixed_token,256,64,0.699800,0.191070,0.104870,0.337996,0.338460,0.190130,0.162710,0.808930,0.895130,0.662004,0.661540,0.144217,0.343808,0.000000,0.132068,0.001659,1.000000,BAAI_bge_large_en_v1.5_fixed_token_c256_o64/results/BAAI__bge-large-en-v1.5_d4aa6901d3a41ba39fb536a557fa166f842b0e09/BAAI__bge-large-en-v1.5/d4aa6901d3a41ba39fb536a557fa166f842b0e09
BAAI_bge_base_en_v1.5,hierarchical_section,256,48,0.700394,0.197050,0.109680,0.354931,0.347290,0.221640,0.164390,0.802950,0.890320,0.645069,0.652710,0.258302,0.366190,0.000000,0.146856,0.040188,1.000000,BAAI_bge_base_en_v1.5_hierarchical_section_c256_o48/results/BAAI__bge-base-en-v1.5_a5beb1e3e68b9ab74eb54cfd186867f64f240e1a/BAAI__bge-base-en-v1.5/a5beb1e3e68b9ab74eb54cfd186867f64f240e1a
BAAI_bge_base_en_v1.5,fixed_token,256,48,0.700985,0.200710,0.112820,0.365416,0.347400,0.225840,0.164390,0.799290,0.887180,0.634584,0.652600,0.272095,0.430905,0.000000,0.138610,0.049582,1.000000,BAAI_bge_base_en_v1.5_fixed_token_c256_o48/results/BAAI__bge-base-en-v1.5_a5beb1e3e68b9ab74eb54cfd186867f64f240e1a/BAAI__bge-base-en-v1.5/a5beb1e3e68b9ab74eb54cfd186867f64f240e1a
nomic_ai_nomic_embed_text_v1,recursive_token,256,64,0.701559,0.203040,0.113760,0.357189,0.353260,0.215340,0.164810,0.796960,0.886240,0.642811,0.646740,0.234652,0.499823,0.000000,0.107641,-0.015211,1.000000,nomic_ai_nomic_embed_text_v1_recursive_token_c256_o64/results/nomic-ai__nomic-embed-text-v1_0759316f275aa0cb93a5b830973843ca66babcf5/nomic-ai__nomic-embed-text-v1/0759316f275aa0cb93a5b830973843ca66babcf5
BAAI_bge_large_en_v1.5,semantic_recursive,320,64,0.702052,0.210180,0.118510,0.376621,0.355400,0.231090,0.173840,0.789820,0.881490,0.623379,0.644600,0.247739,0.623010,0.000000,0.084710,-0.018624,1.000000,BAAI_bge_large_en_v1.5_semantic_recursive_c320_o64/results/BAAI__bge-large-en-v1.5_d4aa6901d3a41ba39fb536a557fa166f842b0e09/BAAI__bge-large-en-v1.5/d4aa6901d3a41ba39fb536a557fa166f842b0e09
intfloat_multilingual_e5_base,fixed_token,256,32,0.702197,0.195620,0.107020,0.350416,0.337520,0.204830,0.160190,0.804380,0.892980,0.649584,0.662480,0.217937,0.390540,0.000000,0.131674,0.019564,1.000000,intfloat_multilingual_e5_base_fixed_token_c256_o32/results/intfloat__multilingual-e5-base_d13f1b27baf31030b7fd040960d60d909913633f/intfloat__multilingual-e5-base/d13f1b27baf31030b7fd040960d60d909913633f
BAAI_bge_base_en_v1.5,recursive_token,256,48,0.702664,0.203270,0.115220,0.368087,0.346010,0.222690,0.161450,0.796730,0.884780,0.631913,0.653990,0.275001,0.496785,0.000000,0.108765,0.016244,1.000000,BAAI_bge_base_en_v1.5_recursive_token_c256_o48/results/BAAI__bge-base-en-v1.5_a5beb1e3e68b9ab74eb54cfd186867f64f240e1a/BAAI__bge-base-en-v1.5/a5beb1e3e68b9ab74eb54cfd186867f64f240e1a
intfloat_multilingual_e5_base,semantic_fixed,256,48,0.702829,0.184430,0.099150,0.332067,0.315900,0.186970,0.155990,0.815570,0.900850,0.667933,0.684100,0.165695,0.243285,0.000000,0.172930,0.043174,1.000000,intfloat_multilingual_e5_base_semantic_fixed_c256_o48/results/intfloat__multilingual-e5-base_d13f1b27baf31030b7fd040960d60d909913633f/intfloat__multilingual-e5-base/d13f1b27baf31030b7fd040960d60d909913633f
intfloat_e5_small,recursive_token,256,48,0.702926,0.205050,0.115600,0.374936,0.339180,0.236340,0.159980,0.794950,0.884400,0.625064,0.660820,0.323094,0.471505,0.000000,0.116483,0.021568,1.000000,intfloat_e5_small_recursive_token_c256_o48/results/intfloat__e5-small_e272f3049e853b47cb5ca3952268c6662abda68f/intfloat__e5-small/e272f3049e853b47cb5ca3952268c6662abda68f
intfloat_e5_large,fixed_token,256,64,0.702963,0.191750,0.105370,0.338607,0.340600,0.195380,0.159450,0.808250,0.894630,0.661393,0.659400,0.183898,0.381015,0.000000,0.132458,0.017322,1.000000,intfloat_e5_large_fixed_token_c256_o64/results/intfloat__e5-large_4dc6d853a804b9c8886ede6dda8a073b7dc08a81/intfloat__e5-large/4dc6d853a804b9c8886ede6dda8a073b7dc08a81
intfloat_e5_large,recursive_token,256,64,0.703059,0.197540,0.108160,0.346945,0.338990,0.201680,0.161870,0.802460,0.891840,0.653055,0.661010,0.197392,0.446168,0.000000,0.111389,-0.001245,1.000000,intfloat_e5_large_recursive_token_c256_o64/results/intfloat__e5-large_4dc6d853a804b9c8886ede6dda8a073b7dc08a81/intfloat__e5-large/4dc6d853a804b9c8886ede6dda8a073b7dc08a81
intfloat_e5_base,hierarchical_section,256,64,0.703109,0.190820,0.106000,0.337362,0.337340,0.197480,0.157670,0.809180,0.894000,0.662638,0.662660,0.201590,0.351368,0.000000,0.136619,0.013785,1.000000,intfloat_e5_base_hierarchical_section_c256_o64/results/intfloat__e5-base_b533fe4636f4a2507c08ddab40644d20b0006d6a/intfloat__e5-base/b533fe4636f4a2507c08ddab40644d20b0006d6a
intfloat_e5_large,fixed_token,192,0,0.703207,0.193590,0.108010,0.335303,0.335520,0.185920,0.158820,0.806410,0.891990,0.664697,0.664480,0.145762,0.434370,0.000000,0.115769,-0.005286,1.000000,intfloat_e5_large_fixed_token_c192_o0/results/intfloat__e5-large_4dc6d853a804b9c8886ede6dda8a073b7dc08a81/intfloat__e5-large/4dc6d853a804b9c8886ede6dda8a073b7dc08a81
intfloat_e5_small,hierarchical_section,256,48,0.703301,0.200820,0.114150,0.358429,0.341470,0.219540,0.160500,0.799180,0.885850,0.641571,0.658530,0.268926,0.460880,0.000000,0.112291,0.008934,1.000000,intfloat_e5_small_hierarchical_section_c256_o48/results/intfloat__e5-small_e272f3049e853b47cb5ca3952268c6662abda68f/intfloat__e5-small/e272f3049e853b47cb5ca3952268c6662abda68f
intfloat_e5_large,hierarchical_section,192,0,0.703560,0.192140,0.104260,0.347188,0.332050,0.196430,0.161340,0.807860,0.895740,0.652812,0.667950,0.178639,0.397343,0.000000,0.126278,0.011493,1.000000,intfloat_e5_large_hierarchical_section_c192_o0/results/intfloat__e5-large_4dc6d853a804b9c8886ede6dda8a073b7dc08a81/intfloat__e5-large/4dc6d853a804b9c8886ede6dda8a073b7dc08a81
nomic_ai_nomic_embed_text_v1.5,hierarchical_section,256,64,0.703566,0.194980,0.110620,0.339565,0.345900,0.194330,0.161240,0.805020,0.889380,0.660435,0.654100,0.170277,0.469275,0.000000,0.116029,-0.019768,1.000000,nomic_ai_nomic_embed_text_v1.5_hierarchical_section_c256_o64/results/nomic-ai__nomic-embed-text-v1.5_b0753ae76394dd36bcfb912a46018088bca48be0/nomic-ai__nomic-embed-text-v1.5/b0753ae76394dd36bcfb912a46018088bca48be0
intfloat_e5_base,hierarchical_section,192,0,0.703651,0.178420,0.095850,0.326408,0.313020,0.185920,0.148630,0.821580,0.904150,0.673592,0.686980,0.200570,0.140493,0.000000,0.186317,0.028831,1.000000,intfloat_e5_base_hierarchical_section_c192_o0/results/intfloat__e5-base_b533fe4636f4a2507c08ddab40644d20b0006d6a/intfloat__e5-base/b533fe4636f4a2507c08ddab40644d20b0006d6a
nomic_ai_nomic_embed_text_v1.5,fixed_token,256,64,0.703656,0.190770,0.105720,0.338593,0.338480,0.202730,0.158820,0.809230,0.894280,0.661407,0.661520,0.216594,0.350480,0.000000,0.136807,-0.013806,1.000000,nomic_ai_nomic_embed_text_v1.5_fixed_token_c256_o64/results/nomic-ai__nomic-embed-text-v1.5_b0753ae76394dd36bcfb912a46018088bca48be0/nomic-ai__nomic-embed-text-v1.5/b0753ae76394dd36bcfb912a46018088bca48be0
intfloat_multilingual_e5_base,hierarchical_section,256,32,0.703991,0.198020,0.109890,0.358318,0.332280,0.216390,0.159870,0.801980,0.890110,0.641682,0.667720,0.261195,0.421567,0.000000,0.129509,0.027645,1.000000,intfloat_multilingual_e5_base_hierarchical_section_c256_o32/results/intfloat__multilingual-e5-base_d13f1b27baf31030b7fd040960d60d909913633f/intfloat__multilingual-e5-base/d13f1b27baf31030b7fd040960d60d909913633f
intfloat_e5_base,semantic_recursive,320,48,0.704085,0.193150,0.106210,0.345522,0.332240,0.198530,0.160610,0.806850,0.893790,0.654478,0.667760,0.191004,0.409408,0.000000,0.130025,-0.023813,1.000000,intfloat_e5_base_semantic_recursive_c320_o48/results/intfloat__e5-base_b533fe4636f4a2507c08ddab40644d20b0006d6a/intfloat__e5-base/b533fe4636f4a2507c08ddab40644d20b0006d6a
nomic_ai_nomic_embed_text_v1,fixed_token,192,0,0.704536,0.196640,0.107460,0.338801,0.343840,0.188030,0.162390,0.803360,0.892540,0.661199,0.656160,0.136361,0.519250,0.000000,0.114443,-0.036586,1.000000,nomic_ai_nomic_embed_text_v1_fixed_token_c192_o0/results/nomic-ai__nomic-embed-text-v1_0759316f275aa0cb93a5b830973843ca66babcf5/nomic-ai__nomic-embed-text-v1/0759316f275aa0cb93a5b830973843ca66babcf5
intfloat_e5_small,fixed_token,256,64,0.704587,0.192300,0.105730,0.345443,0.325730,0.204830,0.157880,0.807700,0.894270,0.654557,0.674270,0.229215,0.358485,0.000000,0.129183,0.001760,1.000000,intfloat_e5_small_fixed_token_c256_o64/results/intfloat__e5-small_e272f3049e853b47cb5ca3952268c6662abda68f/intfloat__e5-small/e272f3049e853b47cb5ca3952268c6662abda68f
intfloat_e5_small,hierarchical_section,256,64,0.704887,0.195810,0.109000,0.351561,0.335610,0.205880,0.159870,0.804190,0.891000,0.648439,0.664390,0.223480,0.446893,0.000000,0.122788,0.024333,1.000000,intfloat_e5_small_hierarchical_section_c256_o64/results/intfloat__e5-small_e272f3049e853b47cb5ca3952268c6662abda68f/intfloat__e5-small/e272f3049e853b47cb5ca3952268c6662abda68f
intfloat_e5_large,semantic_fixed,256,64,0.705085,0.185780,0.100990,0.336886,0.324110,0.195380,0.157880,0.814220,0.899010,0.663114,0.675890,0.191934,0.307748,0.000000,0.148416,0.019931,1.000000,intfloat_e5_large_semantic_fixed_c256_o64/results/intfloat__e5-large_4dc6d853a804b9c8886ede6dda8a073b7dc08a81/intfloat__e5-large/4dc6d853a804b9c8886ede6dda8a073b7dc08a81
intfloat_e5_base,recursive_token,256,64,0.705101,0.189280,0.102720,0.341476,0.333480,0.202730,0.154730,0.810720,0.897280,0.658524,0.666520,0.236768,0.329565,0.000000,0.148112,0.028050,1.000000,intfloat_e5_base_recursive_token_c256_o64/results/intfloat__e5-base_b533fe4636f4a2507c08ddab40644d20b0006d6a/intfloat__e5-base/b533fe4636f4a2507c08ddab40644d20b0006d6a
BAAI_bge_base_en_v1.5,semantic_fixed,256,48,0.705244,0.196280,0.107420,0.355502,0.340920,0.211130,0.165970,0.803720,0.892580,0.644498,0.659080,0.213897,0.480030,0.000000,0.124094,0.040200,1.000000,BAAI_bge_base_en_v1.5_semantic_fixed_c256_o48/results/BAAI__bge-base-en-v1.5_a5beb1e3e68b9ab74eb54cfd186867f64f240e1a/BAAI__bge-base-en-v1.5/a5beb1e3e68b9ab74eb54cfd186867f64f240e1a
nomic_ai_nomic_embed_text_v1.5,fixed_token,192,0,0.705364,0.186710,0.101040,0.322754,0.329840,0.172270,0.154830,0.813290,0.898960,0.677246,0.670160,0.101236,0.395785,0.000000,0.137947,-0.034208,1.000000,nomic_ai_nomic_embed_text_v1.5_fixed_token_c192_o0/results/nomic-ai__nomic-embed-text-v1.5_b0753ae76394dd36bcfb912a46018088bca48be0/nomic-ai__nomic-embed-text-v1.5/b0753ae76394dd36bcfb912a46018088bca48be0
intfloat_multilingual_e5_base,semantic_fixed,256,32,0.705430,0.193560,0.106120,0.352300,0.328450,0.210080,0.160820,0.806440,0.893880,0.647700,0.671550,0.234482,0.402133,0.000000,0.120314,0.001481,1.000000,intfloat_multilingual_e5_base_semantic_fixed_c256_o32/results/intfloat__multilingual-e5-base_d13f1b27baf31030b7fd040960d60d909913633f/intfloat__multilingual-e5-base/d13f1b27baf31030b7fd040960d60d909913633f
intfloat_multilingual_e5_base,semantic_recursive,256,16,0.705651,0.189800,0.102670,0.343880,0.312820,0.195380,0.159030,0.810200,0.897330,0.656120,0.687180,0.186048,0.359248,0.000000,0.135463,0.014625,1.000000,intfloat_multilingual_e5_base_semantic_recursive_c256_o16/results/intfloat__multilingual-e5-base_d13f1b27baf31030b7fd040960d60d909913633f/intfloat__multilingual-e5-base/d13f1b27baf31030b7fd040960d60d909913633f
nomic_ai_nomic_embed_text_v1.5,recursive_token,256,64,0.705959,0.193840,0.107480,0.346485,0.335610,0.214290,0.157460,0.806160,0.892520,0.653515,0.664390,0.265201,0.392657,0.000000,0.123101,-0.003265,1.000000,nomic_ai_nomic_embed_text_v1.5_recursive_token_c256_o64/results/nomic-ai__nomic-embed-text-v1.5_b0753ae76394dd36bcfb912a46018088bca48be0/nomic-ai__nomic-embed-text-v1.5/b0753ae76394dd36bcfb912a46018088bca48be0
BAAI_bge_base_en_v1.5,hierarchical_section,256,64,0.706024,0.189980,0.104190,0.339675,0.343850,0.194330,0.160920,0.810020,0.895810,0.660325,0.656150,0.171924,0.442185,0.000000,0.117787,0.012448,1.000000,BAAI_bge_base_en_v1.5_hierarchical_section_c256_o64/results/BAAI__bge-base-en-v1.5_a5beb1e3e68b9ab74eb54cfd186867f64f240e1a/BAAI__bge-base-en-v1.5/a5beb1e3e68b9ab74eb54cfd186867f64f240e1a
intfloat_e5_large,semantic_recursive,256,32,0.706171,0.188660,0.101570,0.344804,0.317400,0.202730,0.158190,0.811340,0.898430,0.655196,0.682600,0.219701,0.332345,0.000000,0.136823,-0.006584,1.000000,intfloat_e5_large_semantic_recursive_c256_o32/results/intfloat__e5-large_4dc6d853a804b9c8886ede6dda8a073b7dc08a81/intfloat__e5-large/4dc6d853a804b9c8886ede6dda8a073b7dc08a81
BAAI_bge_base_en_v1.5,semantic_recursive,256,16,0.706323,0.181960,0.098020,0.334323,0.317380,0.194330,0.153680,0.818040,0.901980,0.665677,0.682620,0.209180,0.250413,0.000000,0.154251,0.008667,1.000000,BAAI_bge_base_en_v1.5_semantic_recursive_c256_o16/results/BAAI__bge-base-en-v1.5_a5beb1e3e68b9ab74eb54cfd186867f64f240e1a/BAAI__bge-base-en-v1.5/a5beb1e3e68b9ab74eb54cfd186867f64f240e1a
intfloat_multilingual_e5_base,semantic_recursive,256,32,0.706592,0.185500,0.099910,0.337855,0.304300,0.193280,0.155360,0.814500,0.900090,0.662145,0.695700,0.196192,0.289102,0.000000,0.146510,0.008661,1.000000,intfloat_multilingual_e5_base_semantic_recursive_c256_o32/results/intfloat__multilingual-e5-base_d13f1b27baf31030b7fd040960d60d909913633f/intfloat__multilingual-e5-base/d13f1b27baf31030b7fd040960d60d909913633f
intfloat_e5_base,semantic_fixed,256,48,0.706726,0.186220,0.100870,0.351003,0.330080,0.217440,0.154410,0.813780,0.899130,0.648997,0.669920,0.289873,0.286268,0.000000,0.146878,0.008263,1.000000,intfloat_e5_base_semantic_fixed_c256_o48/results/intfloat__e5-base_b533fe4636f4a2507c08ddab40644d20b0006d6a/intfloat__e5-base/b533fe4636f4a2507c08ddab40644d20b0006d6a
BAAI_bge_large_en_v1.5,hierarchical_section,256,64,0.706804,0.201490,0.112360,0.362731,0.353330,0.215340,0.166390,0.798510,0.887640,0.637269,0.646670,0.227315,0.603740,0.000000,0.091398,0.024292,1.000000,BAAI_bge_large_en_v1.5_hierarchical_section_c256_o64/results/BAAI__bge-large-en-v1.5_d4aa6901d3a41ba39fb536a557fa166f842b0e09/BAAI__bge-large-en-v1.5/d4aa6901d3a41ba39fb536a557fa166f842b0e09
BAAI_bge_large_en_v1.5,fixed_token,192,0,0.706891,0.189520,0.104200,0.339130,0.324170,0.194330,0.156720,0.810480,0.895800,0.660870,0.675830,0.193537,0.393358,0.000000,0.123001,-0.003345,1.000000,BAAI_bge_large_en_v1.5_fixed_token_c192_o0/results/BAAI__bge-large-en-v1.5_d4aa6901d3a41ba39fb536a557fa166f842b0e09/BAAI__bge-large-en-v1.5/d4aa6901d3a41ba39fb536a557fa166f842b0e09
intfloat_e5_base,semantic_recursive,320,32,0.707069,0.198140,0.109730,0.352083,0.334860,0.207980,0.162180,0.801860,0.890270,0.647917,0.665140,0.220214,0.517228,0.000000,0.101321,-0.009533,1.000000,intfloat_e5_base_semantic_recursive_c320_o32/results/intfloat__e5-base_b533fe4636f4a2507c08ddab40644d20b0006d6a/intfloat__e5-base/b533fe4636f4a2507c08ddab40644d20b0006d6a
BAAI_bge_large_en_v1.5,hierarchical_section,192,0,0.707272,0.189010,0.101490,0.345523,0.327130,0.201680,0.158820,0.810990,0.898510,0.654477,0.672870,0.212515,0.385273,0.000000,0.133034,0.020177,1.000000,BAAI_bge_large_en_v1.5_hierarchical_section_c192_o0/results/BAAI__bge-large-en-v1.5_d4aa6901d3a41ba39fb536a557fa166f842b0e09/BAAI__bge-large-en-v1.5/d4aa6901d3a41ba39fb536a557fa166f842b0e09
intfloat_e5_small,hierarchical_section,192,0,0.707493,0.187750,0.101250,0.347862,0.306590,0.203780,0.153360,0.812250,0.898750,0.652138,0.693410,0.247424,0.306085,0.000000,0.148907,0.020248,1.000000,intfloat_e5_small_hierarchical_section_c192_o0/results/intfloat__e5-small_e272f3049e853b47cb5ca3952268c6662abda68f/intfloat__e5-small/e272f3049e853b47cb5ca3952268c6662abda68f
intfloat_multilingual_e5_base,hierarchical_section,256,48,0.707812,0.188820,0.103970,0.340667,0.325960,0.196430,0.154830,0.811180,0.896030,0.659333,0.674040,0.211780,0.392983,0.000000,0.145373,0.047939,1.000000,intfloat_multilingual_e5_base_hierarchical_section_c256_o48/results/intfloat__multilingual-e5-base_d13f1b27baf31030b7fd040960d60d909913633f/intfloat__multilingual-e5-base/d13f1b27baf31030b7fd040960d60d909913633f
intfloat_multilingual_e5_base,semantic_recursive,256,0,0.707851,0.187950,0.101230,0.341277,0.312590,0.194330,0.156720,0.812050,0.898770,0.658723,0.687410,0.193537,0.367690,0.000000,0.128986,0.005048,1.000000,intfloat_multilingual_e5_base_semantic_recursive_c256_o0/results/intfloat__multilingual-e5-base_d13f1b27baf31030b7fd040960d60d909913633f/intfloat__multilingual-e5-base/d13f1b27baf31030b7fd040960d60d909913633f
intfloat_e5_large,semantic_fixed,192,0,0.708733,0.184160,0.099660,0.336860,0.320930,0.182770,0.151050,0.815840,0.900340,0.663140,0.679070,0.173552,0.372765,0.000000,0.125628,-0.000362,1.000000,intfloat_e5_large_semantic_fixed_c192_o0/results/intfloat__e5-large_4dc6d853a804b9c8886ede6dda8a073b7dc08a81/intfloat__e5-large/4dc6d853a804b9c8886ede6dda8a073b7dc08a81
nomic_ai_nomic_embed_text_v1,fixed_token,192,16,0.709013,0.181550,0.097430,0.324905,0.325230,0.177520,0.152940,0.818450,0.902570,0.675095,0.674770,0.138463,0.365733,0.000000,0.136512,0.019317,1.000000,nomic_ai_nomic_embed_text_v1_fixed_token_c192_o16/results/nomic-ai__nomic-embed-text-v1_0759316f275aa0cb93a5b830973843ca66babcf5/nomic-ai__nomic-embed-text-v1/0759316f275aa0cb93a5b830973843ca66babcf5
intfloat_e5_large,semantic_recursive,256,16,0.709109,0.191680,0.104190,0.346075,0.321340,0.201680,0.159980,0.808320,0.895810,0.653925,0.678660,0.206763,0.452125,0.000000,0.114196,-0.009242,1.000000,intfloat_e5_large_semantic_recursive_c256_o16/results/intfloat__e5-large_4dc6d853a804b9c8886ede6dda8a073b7dc08a81/intfloat__e5-large/4dc6d853a804b9c8886ede6dda8a073b7dc08a81
BAAI_bge_base_en_v1.5,fixed_token,256,64,0.709818,0.186030,0.102300,0.331334,0.329790,0.194330,0.157670,0.813970,0.897700,0.668666,0.670210,0.188648,0.413432,0.000000,0.117644,0.000661,1.000000,BAAI_bge_base_en_v1.5_fixed_token_c256_o64/results/BAAI__bge-base-en-v1.5_a5beb1e3e68b9ab74eb54cfd186867f64f240e1a/BAAI__bge-base-en-v1.5/a5beb1e3e68b9ab74eb54cfd186867f64f240e1a
intfloat_multilingual_e5_base,semantic_recursive,256,64,0.710204,0.179110,0.098050,0.327225,0.302780,0.179620,0.152100,0.820890,0.901950,0.672775,0.697220,0.153212,0.315060,0.000000,0.150292,0.026608,1.000000,intfloat_multilingual_e5_base_semantic_recursive_c256_o64/results/intfloat__multilingual-e5-base_d13f1b27baf31030b7fd040960d60d909913633f/intfloat__multilingual-e5-base/d13f1b27baf31030b7fd040960d60d909913633f
intfloat_multilingual_e5_base,recursive_token,256,0,0.710504,0.193500,0.106770,0.348810,0.325850,0.209030,0.153470,0.806500,0.893230,0.651190,0.674150,0.265799,0.462173,0.000000,0.116766,0.018401,1.000000,intfloat_multilingual_e5_base_recursive_token_c256_o0/results/intfloat__multilingual-e5-base_d13f1b27baf31030b7fd040960d60d909913633f/intfloat__multilingual-e5-base/d13f1b27baf31030b7fd040960d60d909913633f
BAAI_bge_base_en_v1.5,hierarchical_section,192,0,0.710843,0.183210,0.097190,0.339949,0.326810,0.195380,0.154940,0.816790,0.902810,0.660051,0.673190,0.206981,0.381040,0.000000,0.138270,0.028956,1.000000,BAAI_bge_base_en_v1.5_hierarchical_section_c192_o0/results/BAAI__bge-base-en-v1.5_a5beb1e3e68b9ab74eb54cfd186867f64f240e1a/BAAI__bge-base-en-v1.5/a5beb1e3e68b9ab74eb54cfd186867f64f240e1a
intfloat_e5_base,semantic_fixed,192,0,0.710912,0.178420,0.095610,0.330567,0.296190,0.192230,0.144960,0.821580,0.904390,0.669433,0.703810,0.245903,0.214072,0.000000,0.160082,-0.005793,1.000000,intfloat_e5_base_semantic_fixed_c192_o0/results/intfloat__e5-base_b533fe4636f4a2507c08ddab40644d20b0006d6a/intfloat__e5-base/b533fe4636f4a2507c08ddab40644d20b0006d6a
BAAI_bge_large_en_v1.5,recursive_token,256,64,0.711512,0.193820,0.106120,0.346787,0.334510,0.194330,0.159140,0.806180,0.893880,0.653213,0.665490,0.181084,0.580615,0.000000,0.085586,0.003418,1.000000,BAAI_bge_large_en_v1.5_recursive_token_c256_o64/results/BAAI__bge-large-en-v1.5_d4aa6901d3a41ba39fb536a557fa166f842b0e09/BAAI__bge-large-en-v1.5/d4aa6901d3a41ba39fb536a557fa166f842b0e09
intfloat_multilingual_e5_base,semantic_recursive,256,48,0.711738,0.182250,0.099390,0.331475,0.306790,0.189080,0.153050,0.817750,0.900610,0.668525,0.693210,0.190554,0.358540,0.000000,0.134234,0.011884,1.000000,intfloat_multilingual_e5_base_semantic_recursive_c256_o48/results/intfloat__multilingual-e5-base_d13f1b27baf31030b7fd040960d60d909913633f/intfloat__multilingual-e5-base/d13f1b27baf31030b7fd040960d60d909913633f
intfloat_e5_small,semantic_fixed,256,64,0.711744,0.191740,0.104000,0.358432,0.322380,0.222690,0.159660,0.808260,0.896000,0.641568,0.677620,0.283039,0.455118,0.000000,0.113039,0.008125,1.000000,intfloat_e5_small_semantic_fixed_c256_o64/results/intfloat__e5-small_e272f3049e853b47cb5ca3952268c6662abda68f/intfloat__e5-small/e272f3049e853b47cb5ca3952268c6662abda68f
nomic_ai_nomic_embed_text_v1.5,fixed_token,192,32,0.711902,0.167710,0.090230,0.306527,0.299230,0.164920,0.143380,0.832290,0.909770,0.693473,0.700770,0.130609,0.189248,0.000000,0.173607,0.022913,1.000000,nomic_ai_nomic_embed_text_v1.5_fixed_token_c192_o32/results/nomic-ai__nomic-embed-text-v1.5_b0753ae76394dd36bcfb912a46018088bca48be0/nomic-ai__nomic-embed-text-v1.5/b0753ae76394dd36bcfb912a46018088bca48be0
BAAI_bge_base_en_v1.5,semantic_recursive,256,0,0.712054,0.182380,0.098220,0.338044,0.317900,0.198530,0.153050,0.817620,0.901780,0.661956,0.682100,0.229084,0.358180,0.000000,0.133411,-0.010094,1.000000,BAAI_bge_base_en_v1.5_semantic_recursive_c256_o0/results/BAAI__bge-base-en-v1.5_a5beb1e3e68b9ab74eb54cfd186867f64f240e1a/BAAI__bge-base-en-v1.5/a5beb1e3e68b9ab74eb54cfd186867f64f240e1a
intfloat_e5_base,semantic_recursive,320,64,0.712336,0.191060,0.104430,0.346233,0.331070,0.198530,0.159140,0.808940,0.895570,0.653767,0.668930,0.198408,0.540183,0.000000,0.108576,-0.033225,1.000000,intfloat_e5_base_semantic_recursive_c320_o64/results/intfloat__e5-base_b533fe4636f4a2507c08ddab40644d20b0006d6a/intfloat__e5-base/b533fe4636f4a2507c08ddab40644d20b0006d6a
intfloat_e5_large,semantic_recursive,256,48,0.712595,0.187910,0.102560,0.342652,0.315750,0.205880,0.156300,0.812090,0.897440,0.657348,0.684250,0.240820,0.429315,0.000000,0.117708,-0.007142,1.000000,intfloat_e5_large_semantic_recursive_c256_o48/results/intfloat__e5-large_4dc6d853a804b9c8886ede6dda8a073b7dc08a81/intfloat__e5-large/4dc6d853a804b9c8886ede6dda8a073b7dc08a81
nomic_ai_nomic_embed_text_v1,hierarchical_section,192,32,0.713032,0.177670,0.094570,0.324015,0.312020,0.177520,0.148320,0.822330,0.905430,0.675985,0.687980,0.164489,0.345538,0.000000,0.130904,-0.000023,1.000000,nomic_ai_nomic_embed_text_v1_hierarchical_section_c192_o32/results/nomic-ai__nomic-embed-text-v1_0759316f275aa0cb93a5b830973843ca66babcf5/nomic-ai__nomic-embed-text-v1/0759316f275aa0cb93a5b830973843ca66babcf5
intfloat_e5_small,fixed_token,192,0,0.713791,0.185940,0.101370,0.333305,0.314710,0.189080,0.149580,0.814060,0.898630,0.666695,0.685290,0.208906,0.441883,0.000000,0.112084,-0.000921,1.000000,intfloat_e5_small_fixed_token_c192_o0/results/intfloat__e5-small_e272f3049e853b47cb5ca3952268c6662abda68f/intfloat__e5-small/e272f3049e853b47cb5ca3952268c6662abda68f
intfloat_multilingual_e5_base,fixed_token,256,48,0.713866,0.184130,0.101340,0.332662,0.322420,0.190130,0.149890,0.815870,0.898660,0.667338,0.677580,0.211645,0.438365,0.000000,0.139146,0.053638,1.000000,intfloat_multilingual_e5_base_fixed_token_c256_o48/results/intfloat__multilingual-e5-base_d13f1b27baf31030b7fd040960d60d909913633f/intfloat__multilingual-e5-base/d13f1b27baf31030b7fd040960d60d909913633f
intfloat_e5_small,semantic_recursive,256,0,0.714644,0.180540,0.095810,0.333776,0.303100,0.195380,0.150210,0.819460,0.904190,0.666224,0.696900,0.231191,0.343533,0.000000,0.139405,0.016223,1.000000,intfloat_e5_small_semantic_recursive_c256_o0/results/intfloat__e5-small_e272f3049e853b47cb5ca3952268c6662abda68f/intfloat__e5-small/e272f3049e853b47cb5ca3952268c6662abda68f
BAAI_bge_base_en_v1.5,fixed_token,192,0,0.714645,0.181610,0.098020,0.321484,0.320810,0.175420,0.152520,0.818390,0.901980,0.678516,0.679190,0.130544,0.473507,0.000000,0.109003,0.007409,1.000000,BAAI_bge_base_en_v1.5_fixed_token_c192_o0/results/BAAI__bge-base-en-v1.5_a5beb1e3e68b9ab74eb54cfd186867f64f240e1a/BAAI__bge-base-en-v1.5/a5beb1e3e68b9ab74eb54cfd186867f64f240e1a
intfloat_e5_large,semantic_recursive,256,0,0.714683,0.189890,0.103620,0.344425,0.317890,0.202730,0.157460,0.810110,0.896380,0.655575,0.682110,0.223302,0.518487,0.000000,0.103682,-0.014759,1.000000,intfloat_e5_large_semantic_recursive_c256_o0/results/intfloat__e5-large_4dc6d853a804b9c8886ede6dda8a073b7dc08a81/intfloat__e5-large/4dc6d853a804b9c8886ede6dda8a073b7dc08a81
intfloat_multilingual_e5_base,recursive_token,256,16,0.715057,0.190020,0.104850,0.342892,0.319980,0.196430,0.152630,0.809980,0.895150,0.657108,0.680020,0.222980,0.533485,0.000000,0.116096,0.045586,1.000000,intfloat_multilingual_e5_base_recursive_token_c256_o16/results/intfloat__multilingual-e5-base_d13f1b27baf31030b7fd040960d60d909913633f/intfloat__multilingual-e5-base/d13f1b27baf31030b7fd040960d60d909913633f
nomic_ai_nomic_embed_text_v1,hierarchical_section,192,16,0.715162,0.184450,0.099610,0.333161,0.325270,0.189080,0.153570,0.815550,0.900390,0.666839,0.674730,0.187804,0.490780,0.000000,0.109363,-0.015038,1.000000,nomic_ai_nomic_embed_text_v1_hierarchical_section_c192_o16/results/nomic-ai__nomic-embed-text-v1_0759316f275aa0cb93a5b830973843ca66babcf5/nomic-ai__nomic-embed-text-v1/0759316f275aa0cb93a5b830973843ca66babcf5
intfloat_e5_small,semantic_recursive,256,16,0.715185,0.179150,0.095500,0.333647,0.303370,0.193280,0.149050,0.820850,0.904500,0.666353,0.696630,0.228839,0.343238,0.000000,0.149416,0.036127,1.000000,intfloat_e5_small_semantic_recursive_c256_o16/results/intfloat__e5-small_e272f3049e853b47cb5ca3952268c6662abda68f/intfloat__e5-small/e272f3049e853b47cb5ca3952268c6662abda68f
BAAI_bge_large_en_v1.5,semantic_fixed,256,64,0.715285,0.190420,0.104810,0.345375,0.328110,0.199580,0.162180,0.809580,0.895190,0.654625,0.671890,0.187394,0.598288,0.000000,0.081915,-0.003145,1.000000,BAAI_bge_large_en_v1.5_semantic_fixed_c256_o64/results/BAAI__bge-large-en-v1.5_d4aa6901d3a41ba39fb536a557fa166f842b0e09/BAAI__bge-large-en-v1.5/d4aa6901d3a41ba39fb536a557fa166f842b0e09
BAAI_bge_base_en_v1.5,semantic_recursive,256,32,0.715295,0.178880,0.096600,0.328418,0.314480,0.189080,0.150950,0.821120,0.903400,0.671582,0.685520,0.201661,0.386363,0.000000,0.128901,-0.012347,1.000000,BAAI_bge_base_en_v1.5_semantic_recursive_c256_o32/results/BAAI__bge-base-en-v1.5_a5beb1e3e68b9ab74eb54cfd186867f64f240e1a/BAAI__bge-base-en-v1.5/a5beb1e3e68b9ab74eb54cfd186867f64f240e1a
nomic_ai_nomic_embed_text_v1,fixed_token,192,32,0.715312,0.172250,0.093670,0.314651,0.310210,0.173320,0.146110,0.827750,0.906330,0.685349,0.689790,0.156993,0.323897,0.000000,0.136442,0.002443,1.000000,nomic_ai_nomic_embed_text_v1_fixed_token_c192_o32/results/nomic-ai__nomic-embed-text-v1_0759316f275aa0cb93a5b830973843ca66babcf5/nomic-ai__nomic-embed-text-v1/0759316f275aa0cb93a5b830973843ca66babcf5
intfloat_e5_base,semantic_fixed,256,64,0.715372,0.177010,0.095110,0.332886,0.313610,0.198530,0.148210,0.822990,0.904890,0.667114,0.686390,0.253463,0.320505,0.000000,0.136413,-0.001028,1.000000,intfloat_e5_base_semantic_fixed_c256_o64/results/intfloat__e5-base_b533fe4636f4a2507c08ddab40644d20b0006d6a/intfloat__e5-base/b533fe4636f4a2507c08ddab40644d20b0006d6a
intfloat_multilingual_e5_base,recursive_token,256,32,0.715435,0.187550,0.101150,0.342663,0.314090,0.209030,0.151160,0.812450,0.898850,0.657337,0.685910,0.276850,0.437903,0.000000,0.137564,0.050289,1.000000,intfloat_multilingual_e5_base_recursive_token_c256_o32/results/intfloat__multilingual-e5-base_d13f1b27baf31030b7fd040960d60d909913633f/intfloat__multilingual-e5-base/d13f1b27baf31030b7fd040960d60d909913633f
BAAI_bge_base_en_v1.5,semantic_fixed,256,64,0.715532,0.180140,0.097640,0.327006,0.319290,0.191180,0.155250,0.819860,0.902360,0.672994,0.680710,0.187938,0.427110,0.000000,0.116434,-0.003712,1.000000,BAAI_bge_base_en_v1.5_semantic_fixed_c256_o64/results/BAAI__bge-base-en-v1.5_a5beb1e3e68b9ab74eb54cfd186867f64f240e1a/BAAI__bge-base-en-v1.5/a5beb1e3e68b9ab74eb54cfd186867f64f240e1a
BAAI_bge_base_en_v1.5,semantic_recursive,256,48,0.716205,0.182190,0.099290,0.338914,0.314640,0.199580,0.152630,0.817810,0.900710,0.661086,0.685360,0.235244,0.432825,0.000000,0.113682,0.000494,1.000000,BAAI_bge_base_en_v1.5_semantic_recursive_c256_o48/results/BAAI__bge-base-en-v1.5_a5beb1e3e68b9ab74eb54cfd186867f64f240e1a/BAAI__bge-base-en-v1.5/a5beb1e3e68b9ab74eb54cfd186867f64f240e1a
nomic_ai_nomic_embed_text_v1.5,recursive_token,192,16,0.716604,0.172320,0.091140,0.323635,0.298580,0.184870,0.142750,0.827680,0.908860,0.676365,0.701420,0.227836,0.264110,0.000000,0.157299,0.020242,1.000000,nomic_ai_nomic_embed_text_v1.5_recursive_token_c192_o16/results/nomic-ai__nomic-embed-text-v1.5_b0753ae76394dd36bcfb912a46018088bca48be0/nomic-ai__nomic-embed-text-v1.5/b0753ae76394dd36bcfb912a46018088bca48be0
BAAI_bge_base_en_v1.5,semantic_recursive,256,64,0.717108,0.175910,0.094970,0.322070,0.306070,0.186970,0.150110,0.824090,0.905030,0.677930,0.693930,0.197144,0.364360,0.000000,0.131542,0.008828,1.000000,BAAI_bge_base_en_v1.5_semantic_recursive_c256_o64/results/BAAI__bge-base-en-v1.5_a5beb1e3e68b9ab74eb54cfd186867f64f240e1a/BAAI__bge-base-en-v1.5/a5beb1e3e68b9ab74eb54cfd186867f64f240e1a
intfloat_e5_small,fixed_token,192,16,0.717843,0.175180,0.093420,0.326119,0.293590,0.188030,0.142120,0.824820,0.906580,0.673881,0.706410,0.244163,0.302420,0.000000,0.148508,0.017984,1.000000,intfloat_e5_small_fixed_token_c192_o16/results/intfloat__e5-small_e272f3049e853b47cb5ca3952268c6662abda68f/intfloat__e5-small/e272f3049e853b47cb5ca3952268c6662abda68f
nomic_ai_nomic_embed_text_v1.5,hierarchical_section,192,16,0.717949,0.180010,0.096280,0.329654,0.315850,0.190130,0.150000,0.819990,0.903720,0.670346,0.684150,0.211066,0.444135,0.000000,0.117590,-0.012834,1.000000,nomic_ai_nomic_embed_text_v1.5_hierarchical_section_c192_o16/results/nomic-ai__nomic-embed-text-v1.5_b0753ae76394dd36bcfb912a46018088bca48be0/nomic-ai__nomic-embed-text-v1.5/b0753ae76394dd36bcfb912a46018088bca48be0
intfloat_e5_small,recursive_token,256,64,0.718257,0.189970,0.103780,0.348404,0.316220,0.215340,0.151370,0.810030,0.896220,0.651596,0.683780,0.297065,0.522175,0.000000,0.100788,0.010446,1.000000,intfloat_e5_small_recursive_token_c256_o64/results/intfloat__e5-small_e272f3049e853b47cb5ca3952268c6662abda68f/intfloat__e5-small/e272f3049e853b47cb5ca3952268c6662abda68f
nomic_ai_nomic_embed_text_v1.5,hierarchical_section,192,32,0.718354,0.172770,0.091890,0.328524,0.302440,0.188030,0.142330,0.827230,0.908110,0.671476,0.697560,0.243046,0.308460,0.000000,0.141252,-0.005888,1.000000,nomic_ai_nomic_embed_text_v1.5_hierarchical_section_c192_o32/results/nomic-ai__nomic-embed-text-v1.5_b0753ae76394dd36bcfb912a46018088bca48be0/nomic-ai__nomic-embed-text-v1.5/b0753ae76394dd36bcfb912a46018088bca48be0
BAAI_bge_large_en_v1.5,semantic_fixed,192,0,0.718375,0.184690,0.100270,0.339323,0.310260,0.190130,0.151260,0.815310,0.899730,0.660677,0.689740,0.204439,0.525508,0.000000,0.095724,-0.001651,1.000000,BAAI_bge_large_en_v1.5_semantic_fixed_c192_o0/results/BAAI__bge-large-en-v1.5_d4aa6901d3a41ba39fb536a557fa166f842b0e09/BAAI__bge-large-en-v1.5/d4aa6901d3a41ba39fb536a557fa166f842b0e09
intfloat_e5_small,semantic_recursive,256,32,0.718592,0.178000,0.094430,0.334176,0.301720,0.193280,0.149050,0.822000,0.905570,0.665824,0.698280,0.228839,0.394515,0.000000,0.139000,0.035806,1.000000,intfloat_e5_small_semantic_recursive_c256_o32/results/intfloat__e5-small_e272f3049e853b47cb5ca3952268c6662abda68f/intfloat__e5-small/e272f3049e853b47cb5ca3952268c6662abda68f
intfloat_multilingual_e5_base,fixed_token,256,64,0.718714,0.177700,0.095130,0.330710,0.310990,0.190130,0.148110,0.822300,0.904870,0.669290,0.689010,0.221007,0.416502,0.000000,0.126657,0.019915,1.000000,intfloat_multilingual_e5_base_fixed_token_c256_o64/results/intfloat__multilingual-e5-base_d13f1b27baf31030b7fd040960d60d909913633f/intfloat__multilingual-e5-base/d13f1b27baf31030b7fd040960d60d909913633f
nomic_ai_nomic_embed_text_v1.5,recursive_token,192,0,0.719013,0.171300,0.090740,0.318212,0.295390,0.180670,0.140020,0.828700,0.909260,0.681788,0.704610,0.224996,0.287128,0.000000,0.143124,-0.001099,1.000000,nomic_ai_nomic_embed_text_v1.5_recursive_token_c192_o0/results/nomic-ai__nomic-embed-text-v1.5_b0753ae76394dd36bcfb912a46018088bca48be0/nomic-ai__nomic-embed-text-v1.5/b0753ae76394dd36bcfb912a46018088bca48be0
intfloat_multilingual_e5_base,hierarchical_section,256,64,0.719079,0.183980,0.101060,0.335100,0.313790,0.195380,0.152520,0.816020,0.898940,0.664900,0.686210,0.219367,0.520055,0.000000,0.105098,0.018218,1.000000,intfloat_multilingual_e5_base_hierarchical_section_c256_o64/results/intfloat__multilingual-e5-base_d13f1b27baf31030b7fd040960d60d909913633f/intfloat__multilingual-e5-base/d13f1b27baf31030b7fd040960d60d909913633f
nomic_ai_nomic_embed_text_v1.5,recursive_token,192,32,0.719182,0.167620,0.088830,0.311520,0.293850,0.170170,0.141490,0.832380,0.911170,0.688480,0.706150,0.168537,0.289740,0.000000,0.143576,0.003048,1.000000,nomic_ai_nomic_embed_text_v1.5_recursive_token_c192_o32/results/nomic-ai__nomic-embed-text-v1.5_b0753ae76394dd36bcfb912a46018088bca48be0/nomic-ai__nomic-embed-text-v1.5/b0753ae76394dd36bcfb912a46018088bca48be0
intfloat_e5_base,semantic_recursive,256,16,0.719621,0.171920,0.091700,0.323254,0.294870,0.189080,0.144330,0.828080,0.908300,0.676746,0.705130,0.236672,0.306080,0.000000,0.139141,-0.000714,1.000000,intfloat_e5_base_semantic_recursive_c256_o16/results/intfloat__e5-base_b533fe4636f4a2507c08ddab40644d20b0006d6a/intfloat__e5-base/b533fe4636f4a2507c08ddab40644d20b0006d6a
nomic_ai_nomic_embed_text_v1,recursive_token,192,32,0.720120,0.172920,0.093130,0.318528,0.308670,0.179620,0.143590,0.827080,0.906870,0.681472,0.691330,0.200590,0.385003,0.000000,0.125320,-0.004641,1.000000,nomic_ai_nomic_embed_text_v1_recursive_token_c192_o32/results/nomic-ai__nomic-embed-text-v1_0759316f275aa0cb93a5b830973843ca66babcf5/nomic-ai__nomic-embed-text-v1/0759316f275aa0cb93a5b830973843ca66babcf5
BAAI_bge_large_en_v1.5,semantic_recursive,256,16,0.720849,0.189420,0.103480,0.347131,0.322320,0.206930,0.159140,0.810580,0.896520,0.652869,0.677680,0.230948,0.643638,0.000000,0.082204,-0.021863,1.000000,BAAI_bge_large_en_v1.5_semantic_recursive_c256_o16/results/BAAI__bge-large-en-v1.5_d4aa6901d3a41ba39fb536a557fa166f842b0e09/BAAI__bge-large-en-v1.5/d4aa6901d3a41ba39fb536a557fa166f842b0e09
intfloat_multilingual_e5_base,hierarchical_section,192,0,0.721073,0.178370,0.095510,0.325644,0.297330,0.184870,0.146530,0.821630,0.904490,0.674356,0.702670,0.207389,0.447398,0.000000,0.128786,0.036531,1.000000,intfloat_multilingual_e5_base_hierarchical_section_c192_o0/results/intfloat__multilingual-e5-base_d13f1b27baf31030b7fd040960d60d909913633f/intfloat__multilingual-e5-base/d13f1b27baf31030b7fd040960d60d909913633f
BAAI_bge_large_en_v1.5,semantic_recursive,256,48,0.721133,0.185720,0.100880,0.340304,0.319250,0.200630,0.156510,0.814280,0.899120,0.659696,0.680750,0.219907,0.596860,0.000000,0.083890,-0.006524,1.000000,BAAI_bge_large_en_v1.5_semantic_recursive_c256_o48/results/BAAI__bge-large-en-v1.5_d4aa6901d3a41ba39fb536a557fa166f842b0e09/BAAI__bge-large-en-v1.5/d4aa6901d3a41ba39fb536a557fa166f842b0e09
nomic_ai_nomic_embed_text_v1.5,fixed_token,192,16,0.721317,0.175070,0.093690,0.324853,0.311490,0.191180,0.144010,0.824930,0.906310,0.675147,0.688510,0.246731,0.402695,0.000000,0.126861,0.014800,1.000000,nomic_ai_nomic_embed_text_v1.5_fixed_token_c192_o16/results/nomic-ai__nomic-embed-text-v1.5_b0753ae76394dd36bcfb912a46018088bca48be0/nomic-ai__nomic-embed-text-v1.5/b0753ae76394dd36bcfb912a46018088bca48be0
BAAI_bge_base_en_v1.5,semantic_fixed,192,0,0.721373,0.178030,0.094630,0.324269,0.310080,0.182770,0.149470,0.821970,0.905370,0.675731,0.689920,0.182196,0.494755,0.000000,0.102695,0.003292,1.000000,BAAI_bge_base_en_v1.5_semantic_fixed_c192_o0/results/BAAI__bge-base-en-v1.5_a5beb1e3e68b9ab74eb54cfd186867f64f240e1a/BAAI__bge-base-en-v1.5/a5beb1e3e68b9ab74eb54cfd186867f64f240e1a
intfloat_multilingual_e5_base,semantic_fixed,256,64,0.721421,0.177760,0.093950,0.336915,0.309280,0.202730,0.150530,0.822240,0.906050,0.663085,0.690720,0.257485,0.438970,0.000000,0.118701,0.012990,1.000000,intfloat_multilingual_e5_base_semantic_fixed_c256_o64/results/intfloat__multilingual-e5-base_d13f1b27baf31030b7fd040960d60d909913633f/intfloat__multilingual-e5-base/d13f1b27baf31030b7fd040960d60d909913633f
intfloat_multilingual_e5_base,recursive_token,256,48,0.721930,0.176560,0.094210,0.328280,0.299130,0.184870,0.144960,0.823440,0.905790,0.671720,0.700870,0.215881,0.443423,0.000000,0.131691,0.040751,1.000000,intfloat_multilingual_e5_base_recursive_token_c256_o48/results/intfloat__multilingual-e5-base_d13f1b27baf31030b7fd040960d60d909913633f/intfloat__multilingual-e5-base/d13f1b27baf31030b7fd040960d60d909913633f
intfloat_e5_base,fixed_token,192,16,0.722202,0.173470,0.091410,0.332465,0.300830,0.198530,0.140650,0.826530,0.908590,0.667535,0.699170,0.291543,0.345965,0.000000,0.152911,0.044208,1.000000,intfloat_e5_base_fixed_token_c192_o16/results/intfloat__e5-base_b533fe4636f4a2507c08ddab40644d20b0006d6a/intfloat__e5-base/b533fe4636f4a2507c08ddab40644d20b0006d6a
intfloat_e5_large,hierarchical_section,192,32,0.722305,0.176700,0.093610,0.322083,0.310290,0.179620,0.147900,0.823300,0.906390,0.677917,0.689710,0.176595,0.498990,0.000000,0.105717,0.011030,1.000000,intfloat_e5_large_hierarchical_section_c192_o32/results/intfloat__e5-large_4dc6d853a804b9c8886ede6dda8a073b7dc08a81/intfloat__e5-large/4dc6d853a804b9c8886ede6dda8a073b7dc08a81
intfloat_e5_small,semantic_fixed,192,0,0.722450,0.183940,0.099560,0.343565,0.303250,0.205880,0.147580,0.816060,0.900440,0.656435,0.696750,0.283175,0.513165,0.000000,0.100012,0.005290,1.000000,intfloat_e5_small_semantic_fixed_c192_o0/results/intfloat__e5-small_e272f3049e853b47cb5ca3952268c6662abda68f/intfloat__e5-small/e272f3049e853b47cb5ca3952268c6662abda68f
BAAI_bge_base_en_v1.5,recursive_token,256,64,0.722840,0.186300,0.100930,0.340985,0.331940,0.203780,0.154200,0.813700,0.899070,0.659015,0.668060,0.243302,0.639768,0.000000,0.075475,-0.006857,1.000000,BAAI_bge_base_en_v1.5_recursive_token_c256_o64/results/BAAI__bge-base-en-v1.5_a5beb1e3e68b9ab74eb54cfd186867f64f240e1a/BAAI__bge-base-en-v1.5/a5beb1e3e68b9ab74eb54cfd186867f64f240e1a
intfloat_e5_base,semantic_recursive,256,32,0.722844,0.168570,0.088650,0.320413,0.294180,0.185920,0.142540,0.831430,0.911350,0.679587,0.705820,0.233326,0.324465,0.000000,0.139528,0.008842,1.000000,intfloat_e5_base_semantic_recursive_c256_o32/results/intfloat__e5-base_b533fe4636f4a2507c08ddab40644d20b0006d6a/intfloat__e5-base/b533fe4636f4a2507c08ddab40644d20b0006d6a
intfloat_e5_large,semantic_recursive,256,64,0.723275,0.182170,0.098920,0.338559,0.305990,0.203780,0.152940,0.817830,0.901080,0.661441,0.694010,0.249485,0.540315,0.000000,0.104322,-0.024770,1.000000,intfloat_e5_large_semantic_recursive_c256_o64/results/intfloat__e5-large_4dc6d853a804b9c8886ede6dda8a073b7dc08a81/intfloat__e5-large/4dc6d853a804b9c8886ede6dda8a073b7dc08a81
BAAI_bge_large_en_v1.5,hierarchical_section,192,32,0.723313,0.174010,0.091190,0.317372,0.304180,0.176470,0.147060,0.825990,0.908810,0.682628,0.695820,0.166657,0.473562,0.000000,0.125206,0.039837,1.000000,BAAI_bge_large_en_v1.5_hierarchical_section_c192_o32/results/BAAI__bge-large-en-v1.5_d4aa6901d3a41ba39fb536a557fa166f842b0e09/BAAI__bge-large-en-v1.5/d4aa6901d3a41ba39fb536a557fa166f842b0e09
intfloat_e5_large,fixed_token,192,16,0.723418,0.178510,0.097160,0.334147,0.310340,0.196430,0.145170,0.821490,0.902840,0.665853,0.689660,0.260958,0.491613,0.000000,0.106816,0.010277,1.000000,intfloat_e5_large_fixed_token_c192_o16/results/intfloat__e5-large_4dc6d853a804b9c8886ede6dda8a073b7dc08a81/intfloat__e5-large/4dc6d853a804b9c8886ede6dda8a073b7dc08a81
BAAI_bge_large_en_v1.5,semantic_recursive,256,32,0.723480,0.187100,0.100760,0.343231,0.321790,0.201680,0.158610,0.812900,0.899240,0.656769,0.678210,0.213556,0.673023,0.000000,0.073457,-0.016123,1.000000,BAAI_bge_large_en_v1.5_semantic_recursive_c256_o32/results/BAAI__bge-large-en-v1.5_d4aa6901d3a41ba39fb536a557fa166f842b0e09/BAAI__bge-large-en-v1.5/d4aa6901d3a41ba39fb536a557fa166f842b0e09
intfloat_e5_base,recursive_token,192,0,0.723589,0.169380,0.089360,0.316123,0.294690,0.177520,0.139290,0.830620,0.910640,0.683877,0.705310,0.215356,0.359912,0.000000,0.136559,0.017083,1.000000,intfloat_e5_base_recursive_token_c192_o0/results/intfloat__e5-base_b533fe4636f4a2507c08ddab40644d20b0006d6a/intfloat__e5-base/b533fe4636f4a2507c08ddab40644d20b0006d6a
intfloat_e5_large,recursive_token,192,16,0.724019,0.177780,0.094290,0.330449,0.306630,0.188030,0.145480,0.822220,0.905710,0.669551,0.693370,0.226294,0.505423,0.000000,0.111689,0.025547,1.000000,intfloat_e5_large_recursive_token_c192_o16/results/intfloat__e5-large_4dc6d853a804b9c8886ede6dda8a073b7dc08a81/intfloat__e5-large/4dc6d853a804b9c8886ede6dda8a073b7dc08a81
BAAI_bge_large_en_v1.5,semantic_recursive,256,0,0.724438,0.187810,0.101510,0.346254,0.319610,0.204830,0.157040,0.812190,0.898490,0.653746,0.680390,0.233315,0.683507,0.000000,0.076185,-0.025773,1.000000,BAAI_bge_large_en_v1.5_semantic_recursive_c256_o0/results/BAAI__bge-large-en-v1.5_d4aa6901d3a41ba39fb536a557fa166f842b0e09/BAAI__bge-large-en-v1.5/d4aa6901d3a41ba39fb536a557fa166f842b0e09
intfloat_multilingual_e5_base,fixed_token,192,0,0.724470,0.176020,0.092660,0.333346,0.305170,0.195380,0.143700,0.823980,0.907340,0.666654,0.694830,0.264510,0.456735,0.000000,0.129150,0.040994,1.000000,intfloat_multilingual_e5_base_fixed_token_c192_o0/results/intfloat__multilingual-e5-base_d13f1b27baf31030b7fd040960d60d909913633f/intfloat__multilingual-e5-base/d13f1b27baf31030b7fd040960d60d909913633f
intfloat_e5_large,recursive_token,192,0,0.724578,0.178330,0.094660,0.325323,0.310610,0.181720,0.145800,0.821670,0.905340,0.674677,0.689390,0.197667,0.549375,0.000000,0.091571,-0.002892,1.000000,intfloat_e5_large_recursive_token_c192_o0/results/intfloat__e5-large_4dc6d853a804b9c8886ede6dda8a073b7dc08a81/intfloat__e5-large/4dc6d853a804b9c8886ede6dda8a073b7dc08a81
nomic_ai_nomic_embed_text_v1,recursive_token,192,16,0.724689,0.179270,0.096030,0.333383,0.310570,0.194330,0.147900,0.820730,0.903970,0.666617,0.689430,0.238924,0.540303,0.000000,0.093716,0.003553,1.000000,nomic_ai_nomic_embed_text_v1_recursive_token_c192_o16/results/nomic-ai__nomic-embed-text-v1_0759316f275aa0cb93a5b830973843ca66babcf5/nomic-ai__nomic-embed-text-v1/0759316f275aa0cb93a5b830973843ca66babcf5
intfloat_e5_base,recursive_token,192,16,0.724716,0.169130,0.087110,0.319815,0.294730,0.171220,0.140760,0.830870,0.912890,0.680185,0.705270,0.177900,0.416130,0.000000,0.122516,0.011484,1.000000,intfloat_e5_base_recursive_token_c192_o16/results/intfloat__e5-base_b533fe4636f4a2507c08ddab40644d20b0006d6a/intfloat__e5-base/b533fe4636f4a2507c08ddab40644d20b0006d6a
intfloat_e5_base,hierarchical_section,192,32,0.725144,0.165720,0.087270,0.314647,0.292060,0.170170,0.137080,0.834280,0.912730,0.685353,0.707940,0.194453,0.362393,0.000000,0.129849,0.004655,1.000000,intfloat_e5_base_hierarchical_section_c192_o32/results/intfloat__e5-base_b533fe4636f4a2507c08ddab40644d20b0006d6a/intfloat__e5-base/b533fe4636f4a2507c08ddab40644d20b0006d6a
intfloat_e5_base,semantic_recursive,256,0,0.725173,0.170990,0.090870,0.321710,0.295040,0.188030,0.142230,0.829010,0.909130,0.678290,0.704960,0.243578,0.395772,0.000000,0.124602,-0.007513,1.000000,intfloat_e5_base_semantic_recursive_c256_o0/results/intfloat__e5-base_b533fe4636f4a2507c08ddab40644d20b0006d6a/intfloat__e5-base/b533fe4636f4a2507c08ddab40644d20b0006d6a
intfloat_e5_large,hierarchical_section,192,16,0.725341,0.181950,0.097830,0.339214,0.316100,0.197480,0.150420,0.818050,0.902170,0.660786,0.683900,0.238303,0.608015,0.000000,0.082430,0.008066,1.000000,intfloat_e5_large_hierarchical_section_c192_o16/results/intfloat__e5-large_4dc6d853a804b9c8886ede6dda8a073b7dc08a81/intfloat__e5-large/4dc6d853a804b9c8886ede6dda8a073b7dc08a81
intfloat_e5_small,semantic_recursive,256,48,0.725432,0.179050,0.096480,0.333834,0.302360,0.193280,0.148210,0.820950,0.903520,0.666166,0.697640,0.233185,0.545205,0.000000,0.091410,0.000902,1.000000,intfloat_e5_small_semantic_recursive_c256_o48/results/intfloat__e5-small_e272f3049e853b47cb5ca3952268c6662abda68f/intfloat__e5-small/e272f3049e853b47cb5ca3952268c6662abda68f
intfloat_e5_small,fixed_token,192,32,0.725687,0.169610,0.091400,0.309537,0.289400,0.171220,0.142020,0.830390,0.908600,0.690463,0.710600,0.170541,0.433155,0.000000,0.133910,0.041082,1.000000,intfloat_e5_small_fixed_token_c192_o32/results/intfloat__e5-small_e272f3049e853b47cb5ca3952268c6662abda68f/intfloat__e5-small/e272f3049e853b47cb5ca3952268c6662abda68f
BAAI_bge_large_en_v1.5,hierarchical_section,192,16,0.725741,0.181310,0.097450,0.334328,0.312960,0.200630,0.151160,0.818690,0.902550,0.665672,0.687040,0.246573,0.584410,0.000000,0.090878,0.015520,1.000000,BAAI_bge_large_en_v1.5_hierarchical_section_c192_o16/results/BAAI__bge-large-en-v1.5_d4aa6901d3a41ba39fb536a557fa166f842b0e09/BAAI__bge-large-en-v1.5/d4aa6901d3a41ba39fb536a557fa166f842b0e09
intfloat_multilingual_e5_base,recursive_token,256,64,0.725790,0.166770,0.087720,0.314541,0.288820,0.171220,0.138450,0.833230,0.912280,0.685459,0.711180,0.191391,0.382933,0.000000,0.140331,0.033835,1.000000,intfloat_multilingual_e5_base_recursive_token_c256_o64/results/intfloat__multilingual-e5-base_d13f1b27baf31030b7fd040960d60d909913633f/intfloat__multilingual-e5-base/d13f1b27baf31030b7fd040960d60d909913633f
nomic_ai_nomic_embed_text_v1,recursive_token,192,0,0.725913,0.176320,0.093710,0.324293,0.308410,0.178570,0.144850,0.823680,0.906290,0.675707,0.691590,0.188834,0.556560,0.000000,0.096666,-0.015956,1.000000,nomic_ai_nomic_embed_text_v1_recursive_token_c192_o0/results/nomic-ai__nomic-embed-text-v1_0759316f275aa0cb93a5b830973843ca66babcf5/nomic-ai__nomic-embed-text-v1/0759316f275aa0cb93a5b830973843ca66babcf5
BAAI_bge_large_en_v1.5,semantic_recursive,256,64,0.726059,0.181620,0.097650,0.328889,0.315310,0.188030,0.155360,0.818380,0.902350,0.671111,0.684690,0.173749,0.661013,0.000000,0.071493,0.007391,1.000000,BAAI_bge_large_en_v1.5_semantic_recursive_c256_o64/results/BAAI__bge-large-en-v1.5_d4aa6901d3a41ba39fb536a557fa166f842b0e09/BAAI__bge-large-en-v1.5/d4aa6901d3a41ba39fb536a557fa166f842b0e09
intfloat_e5_base,hierarchical_section,192,16,0.726075,0.168080,0.089770,0.313987,0.297450,0.173320,0.140970,0.831920,0.910230,0.686013,0.702550,0.186649,0.429522,0.000000,0.127701,0.027211,1.000000,intfloat_e5_base_hierarchical_section_c192_o16/results/intfloat__e5-base_b533fe4636f4a2507c08ddab40644d20b0006d6a/intfloat__e5-base/b533fe4636f4a2507c08ddab40644d20b0006d6a
intfloat_e5_small,semantic_fixed,192,16,0.726290,0.167920,0.088430,0.317560,0.288240,0.188030,0.136550,0.832080,0.911570,0.682440,0.711760,0.273786,0.328610,0.000000,0.134699,-0.000842,1.000000,intfloat_e5_small_semantic_fixed_c192_o16/results/intfloat__e5-small_e272f3049e853b47cb5ca3952268c6662abda68f/intfloat__e5-small/e272f3049e853b47cb5ca3952268c6662abda68f
nomic_ai_nomic_embed_text_v1,hierarchical_section,192,48,0.726361,0.167940,0.088250,0.310932,0.298220,0.176470,0.142860,0.832060,0.911750,0.689068,0.701780,0.190457,0.419533,0.000000,0.124606,0.017025,1.000000,nomic_ai_nomic_embed_text_v1_hierarchical_section_c192_o48/results/nomic-ai__nomic-embed-text-v1_0759316f275aa0cb93a5b830973843ca66babcf5/nomic-ai__nomic-embed-text-v1/0759316f275aa0cb93a5b830973843ca66babcf5
intfloat_multilingual_e5_base,semantic_fixed,192,0,0.726392,0.171530,0.089820,0.327180,0.299460,0.189080,0.141600,0.828470,0.910180,0.672820,0.700540,0.251111,0.433060,0.000000,0.125574,0.024372,1.000000,intfloat_multilingual_e5_base_semantic_fixed_c192_o0/results/intfloat__multilingual-e5-base_d13f1b27baf31030b7fd040960d60d909913633f/intfloat__multilingual-e5-base/d13f1b27baf31030b7fd040960d60d909913633f
intfloat_e5_base,recursive_token,192,32,0.727776,0.165160,0.086880,0.314415,0.291540,0.176470,0.136760,0.834840,0.913120,0.685585,0.708460,0.225024,0.376358,0.000000,0.137158,0.024859,1.000000,intfloat_e5_base_recursive_token_c192_o32/results/intfloat__e5-base_b533fe4636f4a2507c08ddab40644d20b0006d6a/intfloat__e5-base/b533fe4636f4a2507c08ddab40644d20b0006d6a
intfloat_e5_small,hierarchical_section,192,32,0.727848,0.169920,0.090010,0.316657,0.290390,0.176470,0.140650,0.830080,0.909990,0.683343,0.709610,0.202981,0.457387,0.000000,0.119580,0.022115,1.000000,intfloat_e5_small_hierarchical_section_c192_o32/results/intfloat__e5-small_e272f3049e853b47cb5ca3952268c6662abda68f/intfloat__e5-small/e272f3049e853b47cb5ca3952268c6662abda68f
intfloat_e5_large,recursive_token,192,32,0.728034,0.173930,0.093650,0.324830,0.301130,0.182770,0.142650,0.826070,0.906350,0.675170,0.698870,0.219511,0.533050,0.000000,0.094640,0.002500,1.000000,intfloat_e5_large_recursive_token_c192_o32/results/intfloat__e5-large_4dc6d853a804b9c8886ede6dda8a073b7dc08a81/intfloat__e5-large/4dc6d853a804b9c8886ede6dda8a073b7dc08a81
intfloat_multilingual_e5_base,hierarchical_section,192,16,0.728294,0.164620,0.085610,0.312704,0.282240,0.174370,0.134240,0.835380,0.914390,0.687296,0.717760,0.230143,0.349638,0.000000,0.153986,0.047827,1.000000,intfloat_multilingual_e5_base_hierarchical_section_c192_o16/results/intfloat__multilingual-e5-base_d13f1b27baf31030b7fd040960d60d909913633f/intfloat__multilingual-e5-base/d13f1b27baf31030b7fd040960d60d909913633f
BAAI_bge_base_en_v1.5,hierarchical_section,192,16,0.728528,0.175110,0.092810,0.325396,0.304180,0.194330,0.145690,0.824890,0.907190,0.674604,0.695820,0.250296,0.526637,0.000000,0.095655,0.001965,1.000000,BAAI_bge_base_en_v1.5_hierarchical_section_c192_o16/results/BAAI__bge-base-en-v1.5_a5beb1e3e68b9ab74eb54cfd186867f64f240e1a/BAAI__bge-base-en-v1.5/a5beb1e3e68b9ab74eb54cfd186867f64f240e1a
BAAI_bge_large_en_v1.5,fixed_token,192,16,0.728638,0.178530,0.095500,0.341194,0.303720,0.204830,0.144750,0.821470,0.904500,0.658806,0.696280,0.293316,0.558050,0.000000,0.090328,0.003876,1.000000,BAAI_bge_large_en_v1.5_fixed_token_c192_o16/results/BAAI__bge-large-en-v1.5_d4aa6901d3a41ba39fb536a557fa166f842b0e09/BAAI__bge-large-en-v1.5/d4aa6901d3a41ba39fb536a557fa166f842b0e09
intfloat_e5_small,semantic_recursive,256,64,0.728911,0.173570,0.092680,0.321506,0.291880,0.191180,0.145060,0.826430,0.907320,0.678494,0.708120,0.241239,0.496598,0.000000,0.109325,0.017289,1.000000,intfloat_e5_small_semantic_recursive_c256_o64/results/intfloat__e5-small_e272f3049e853b47cb5ca3952268c6662abda68f/intfloat__e5-small/e272f3049e853b47cb5ca3952268c6662abda68f
intfloat_multilingual_e5_base,semantic_fixed,192,16,0.729116,0.164250,0.084280,0.310414,0.284810,0.169120,0.136660,0.835750,0.915720,0.689586,0.715190,0.191935,0.396197,0.000000,0.125148,0.008775,1.000000,intfloat_multilingual_e5_base_semantic_fixed_c192_o16/results/intfloat__multilingual-e5-base_d13f1b27baf31030b7fd040960d60d909913633f/intfloat__multilingual-e5-base/d13f1b27baf31030b7fd040960d60d909913633f
BAAI_bge_base_en_v1.5,recursive_token,192,32,0.729489,0.158170,0.081720,0.297394,0.289200,0.157560,0.134450,0.841830,0.918280,0.702606,0.710800,0.146674,0.366710,0.000000,0.148394,0.043472,1.000000,BAAI_bge_base_en_v1.5_recursive_token_c192_o32/results/BAAI__bge-base-en-v1.5_a5beb1e3e68b9ab74eb54cfd186867f64f240e1a/BAAI__bge-base-en-v1.5/a5beb1e3e68b9ab74eb54cfd186867f64f240e1a
intfloat_e5_small,hierarchical_section,192,16,0.729587,0.174900,0.093850,0.327950,0.297730,0.194330,0.142330,0.825100,0.906150,0.672050,0.702270,0.267586,0.525013,0.000000,0.105921,0.021847,1.000000,intfloat_e5_small_hierarchical_section_c192_o16/results/intfloat__e5-small_e272f3049e853b47cb5ca3952268c6662abda68f/intfloat__e5-small/e272f3049e853b47cb5ca3952268c6662abda68f
intfloat_e5_large,semantic_fixed,192,16,0.730231,0.172360,0.091810,0.323721,0.296920,0.189080,0.141490,0.827640,0.908190,0.676279,0.703080,0.251692,0.512698,0.000000,0.098374,-0.001827,1.000000,intfloat_e5_large_semantic_fixed_c192_o16/results/intfloat__e5-large_4dc6d853a804b9c8886ede6dda8a073b7dc08a81/intfloat__e5-large/4dc6d853a804b9c8886ede6dda8a073b7dc08a81
intfloat_e5_large,fixed_token,192,32,0.730237,0.168150,0.088950,0.300492,0.305920,0.161760,0.144220,0.831850,0.911050,0.699508,0.694080,0.108432,0.578277,0.000000,0.094335,0.019981,1.000000,intfloat_e5_large_fixed_token_c192_o32/results/intfloat__e5-large_4dc6d853a804b9c8886ede6dda8a073b7dc08a81/intfloat__e5-large/4dc6d853a804b9c8886ede6dda8a073b7dc08a81
BAAI_bge_base_en_v1.5,fixed_token,192,32,0.730444,0.159930,0.084140,0.305819,0.286130,0.170170,0.134660,0.840070,0.915860,0.694181,0.713870,0.208674,0.360043,0.000000,0.149043,0.042103,1.000000,BAAI_bge_base_en_v1.5_fixed_token_c192_o32/results/BAAI__bge-base-en-v1.5_a5beb1e3e68b9ab74eb54cfd186867f64f240e1a/BAAI__bge-base-en-v1.5/a5beb1e3e68b9ab74eb54cfd186867f64f240e1a
BAAI_bge_base_en_v1.5,hierarchical_section,192,32,0.731394,0.167410,0.087160,0.322387,0.295670,0.188030,0.138870,0.832590,0.912840,0.677613,0.704330,0.261448,0.457875,0.000000,0.119599,0.022348,1.000000,BAAI_bge_base_en_v1.5_hierarchical_section_c192_o32/results/BAAI__bge-base-en-v1.5_a5beb1e3e68b9ab74eb54cfd186867f64f240e1a/BAAI__bge-base-en-v1.5/a5beb1e3e68b9ab74eb54cfd186867f64f240e1a
nomic_ai_nomic_embed_text_v1.5,recursive_token,192,48,0.731890,0.154840,0.079570,0.294209,0.279270,0.156510,0.132350,0.845160,0.920430,0.705791,0.720730,0.154367,0.342225,0.000000,0.138471,-0.013832,1.000000,nomic_ai_nomic_embed_text_v1.5_recursive_token_c192_o48/results/nomic-ai__nomic-embed-text-v1.5_b0753ae76394dd36bcfb912a46018088bca48be0/nomic-ai__nomic-embed-text-v1.5/b0753ae76394dd36bcfb912a46018088bca48be0
intfloat_e5_base,semantic_recursive,256,48,0.732184,0.168410,0.089980,0.315652,0.295720,0.178570,0.141280,0.831590,0.910020,0.684348,0.704280,0.208826,0.533210,0.000000,0.095629,-0.004542,1.000000,intfloat_e5_base_semantic_recursive_c256_o48/results/intfloat__e5-base_b533fe4636f4a2507c08ddab40644d20b0006d6a/intfloat__e5-base/b533fe4636f4a2507c08ddab40644d20b0006d6a
intfloat_e5_small,semantic_fixed,192,32,0.732428,0.167900,0.089540,0.321412,0.279670,0.183820,0.140440,0.832100,0.910460,0.678588,0.720330,0.235992,0.483982,0.000000,0.118290,0.030173,1.000000,intfloat_e5_small_semantic_fixed_c192_o32/results/intfloat__e5-small_e272f3049e853b47cb5ca3952268c6662abda68f/intfloat__e5-small/e272f3049e853b47cb5ca3952268c6662abda68f
intfloat_e5_base,fixed_token,192,32,0.732516,0.161770,0.085880,0.299535,0.290470,0.162820,0.135820,0.838230,0.914120,0.700465,0.709530,0.165827,0.463952,0.000000,0.111505,0.008591,1.000000,intfloat_e5_base_fixed_token_c192_o32/results/intfloat__e5-base_b533fe4636f4a2507c08ddab40644d20b0006d6a/intfloat__e5-base/b533fe4636f4a2507c08ddab40644d20b0006d6a
nomic_ai_nomic_embed_text_v1,recursive_token,192,48,0.732873,0.156380,0.081870,0.290237,0.289850,0.144960,0.134560,0.843620,0.918130,0.709763,0.710150,0.071744,0.480790,0.000000,0.117921,-0.028158,1.000000,nomic_ai_nomic_embed_text_v1_recursive_token_c192_o48/results/nomic-ai__nomic-embed-text-v1_0759316f275aa0cb93a5b830973843ca66babcf5/nomic-ai__nomic-embed-text-v1/0759316f275aa0cb93a5b830973843ca66babcf5
intfloat_e5_base,semantic_fixed,192,32,0.732910,0.155620,0.082120,0.296011,0.278030,0.164920,0.132250,0.844380,0.917880,0.703989,0.721970,0.198096,0.337245,0.000000,0.136819,0.008536,1.000000,intfloat_e5_base_semantic_fixed_c192_o32/results/intfloat__e5-base_b533fe4636f4a2507c08ddab40644d20b0006d6a/intfloat__e5-base/b533fe4636f4a2507c08ddab40644d20b0006d6a
intfloat_multilingual_e5_base,fixed_token,192,16,0.733101,0.166150,0.085580,0.314290,0.284660,0.176470,0.136550,0.833850,0.914420,0.685710,0.715340,0.226214,0.471368,0.000000,0.127378,0.043303,1.000000,intfloat_multilingual_e5_base_fixed_token_c192_o16/results/intfloat__multilingual-e5-base_d13f1b27baf31030b7fd040960d60d909913633f/intfloat__multilingual-e5-base/d13f1b27baf31030b7fd040960d60d909913633f
BAAI_bge_large_en_v1.5,fixed_token,192,32,0.733332,0.166140,0.087970,0.306115,0.290190,0.176470,0.140130,0.833860,0.912030,0.693885,0.709810,0.205927,0.500460,0.000000,0.119804,0.039792,1.000000,BAAI_bge_large_en_v1.5_fixed_token_c192_o32/results/BAAI__bge-large-en-v1.5_d4aa6901d3a41ba39fb536a557fa166f842b0e09/BAAI__bge-large-en-v1.5/d4aa6901d3a41ba39fb536a557fa166f842b0e09
BAAI_bge_base_en_v1.5,fixed_token,192,16,0.733632,0.171450,0.090200,0.326501,0.299110,0.186970,0.141390,0.828550,0.909800,0.673499,0.700890,0.243782,0.583920,0.000000,0.101199,0.035966,1.000000,BAAI_bge_base_en_v1.5_fixed_token_c192_o16/results/BAAI__bge-base-en-v1.5_a5beb1e3e68b9ab74eb54cfd186867f64f240e1a/BAAI__bge-base-en-v1.5/a5beb1e3e68b9ab74eb54cfd186867f64f240e1a
nomic_ai_nomic_embed_text_v1.5,hierarchical_section,192,48,0.733796,0.160020,0.083560,0.299067,0.289800,0.169120,0.136340,0.839980,0.916440,0.700933,0.710200,0.193827,0.434255,0.000000,0.120655,0.015012,1.000000,nomic_ai_nomic_embed_text_v1.5_hierarchical_section_c192_o48/results/nomic-ai__nomic-embed-text-v1.5_b0753ae76394dd36bcfb912a46018088bca48be0/nomic-ai__nomic-embed-text-v1.5/b0753ae76394dd36bcfb912a46018088bca48be0
intfloat_e5_base,semantic_fixed,192,16,0.733901,0.163470,0.085120,0.316893,0.282470,0.185920,0.132460,0.836530,0.914880,0.683107,0.717530,0.287543,0.400908,0.000000,0.132329,0.025021,1.000000,intfloat_e5_base_semantic_fixed_c192_o16/results/intfloat__e5-base_b533fe4636f4a2507c08ddab40644d20b0006d6a/intfloat__e5-base/b533fe4636f4a2507c08ddab40644d20b0006d6a
BAAI_bge_large_en_v1.5,recursive_token,192,32,0.734448,0.166350,0.088130,0.308962,0.290460,0.173320,0.137080,0.833650,0.911870,0.691038,0.709540,0.209093,0.528380,0.000000,0.110235,0.031822,1.000000,BAAI_bge_large_en_v1.5_recursive_token_c192_o32/results/BAAI__bge-large-en-v1.5_d4aa6901d3a41ba39fb536a557fa166f842b0e09/BAAI__bge-large-en-v1.5/d4aa6901d3a41ba39fb536a557fa166f842b0e09
intfloat_e5_base,semantic_recursive,256,64,0.735898,0.168530,0.090420,0.316539,0.290950,0.184870,0.140970,0.831470,0.909580,0.683461,0.709050,0.237464,0.573920,0.000000,0.090435,-0.010438,1.000000,intfloat_e5_base_semantic_recursive_c256_o64/results/intfloat__e5-base_b533fe4636f4a2507c08ddab40644d20b0006d6a/intfloat__e5-base/b533fe4636f4a2507c08ddab40644d20b0006d6a
intfloat_e5_small,recursive_token,192,0,0.736255,0.167120,0.087440,0.310348,0.286870,0.175420,0.136970,0.832880,0.912560,0.689652,0.713130,0.219188,0.554185,0.000000,0.089229,-0.000132,1.000000,intfloat_e5_small_recursive_token_c192_o0/results/intfloat__e5-small_e272f3049e853b47cb5ca3952268c6662abda68f/intfloat__e5-small/e272f3049e853b47cb5ca3952268c6662abda68f
BAAI_bge_large_en_v1.5,semantic_fixed,192,16,0.736942,0.172240,0.091230,0.327524,0.292650,0.195380,0.140230,0.827760,0.908770,0.672476,0.707350,0.282270,0.612005,0.000000,0.077787,0.000376,1.000000,BAAI_bge_large_en_v1.5_semantic_fixed_c192_o16/results/BAAI__bge-large-en-v1.5_d4aa6901d3a41ba39fb536a557fa166f842b0e09/BAAI__bge-large-en-v1.5/d4aa6901d3a41ba39fb536a557fa166f842b0e09
BAAI_bge_base_en_v1.5,semantic_fixed,192,16,0.736983,0.166070,0.085780,0.323460,0.295380,0.188030,0.137920,0.833930,0.914220,0.676540,0.704620,0.266500,0.548580,0.000000,0.095513,0.010458,1.000000,BAAI_bge_base_en_v1.5_semantic_fixed_c192_o16/results/BAAI__bge-base-en-v1.5_a5beb1e3e68b9ab74eb54cfd186867f64f240e1a/BAAI__bge-base-en-v1.5/a5beb1e3e68b9ab74eb54cfd186867f64f240e1a
intfloat_e5_large,semantic_fixed,192,32,0.737008,0.168240,0.089380,0.317896,0.298190,0.183820,0.143280,0.831760,0.910620,0.682104,0.701810,0.220542,0.623470,0.000000,0.086011,0.021410,1.000000,intfloat_e5_large_semantic_fixed_c192_o32/results/intfloat__e5-large_4dc6d853a804b9c8886ede6dda8a073b7dc08a81/intfloat__e5-large/4dc6d853a804b9c8886ede6dda8a073b7dc08a81
intfloat_multilingual_e5_base,recursive_token,192,0,0.737210,0.158030,0.083010,0.300314,0.267270,0.160710,0.130250,0.841970,0.916990,0.699686,0.732730,0.189534,0.444153,0.000000,0.118826,0.015313,1.000000,intfloat_multilingual_e5_base_recursive_token_c192_o0/results/intfloat__multilingual-e5-base_d13f1b27baf31030b7fd040960d60d909913633f/intfloat__multilingual-e5-base/d13f1b27baf31030b7fd040960d60d909913633f
intfloat_e5_large,hierarchical_section,192,48,0.737259,0.165700,0.087110,0.311882,0.293530,0.181720,0.139920,0.834300,0.912890,0.688118,0.706470,0.230024,0.565715,0.000000,0.099876,0.026038,1.000000,intfloat_e5_large_hierarchical_section_c192_o48/results/intfloat__e5-large_4dc6d853a804b9c8886ede6dda8a073b7dc08a81/intfloat__e5-large/4dc6d853a804b9c8886ede6dda8a073b7dc08a81
intfloat_e5_base,hierarchical_section,192,48,0.737372,0.154640,0.078920,0.293781,0.274520,0.157560,0.131200,0.845360,0.921080,0.706219,0.725480,0.167301,0.424187,0.000000,0.128564,0.026803,1.000000,intfloat_e5_base_hierarchical_section_c192_o48/results/intfloat__e5-base_b533fe4636f4a2507c08ddab40644d20b0006d6a/intfloat__e5-base/b533fe4636f4a2507c08ddab40644d20b0006d6a
BAAI_bge_base_en_v1.5,semantic_fixed,192,32,0.737534,0.158080,0.082050,0.307653,0.281810,0.172270,0.134350,0.841920,0.917950,0.692347,0.718190,0.220120,0.460403,0.000000,0.122056,0.028273,1.000000,BAAI_bge_base_en_v1.5_semantic_fixed_c192_o32/results/BAAI__bge-base-en-v1.5_a5beb1e3e68b9ab74eb54cfd186867f64f240e1a/BAAI__bge-base-en-v1.5/a5beb1e3e68b9ab74eb54cfd186867f64f240e1a
BAAI_bge_large_en_v1.5,semantic_fixed,192,32,0.737828,0.168270,0.089590,0.322084,0.287430,0.192230,0.139500,0.831730,0.910410,0.677916,0.712570,0.274307,0.574075,0.000000,0.099249,0.028128,1.000000,BAAI_bge_large_en_v1.5_semantic_fixed_c192_o32/results/BAAI__bge-large-en-v1.5_d4aa6901d3a41ba39fb536a557fa166f842b0e09/BAAI__bge-large-en-v1.5/d4aa6901d3a41ba39fb536a557fa166f842b0e09
intfloat_multilingual_e5_base,semantic_fixed,192,32,0.738035,0.155110,0.079640,0.301395,0.266870,0.174370,0.130460,0.844890,0.920360,0.698605,0.733130,0.251821,0.359953,0.000000,0.142630,0.029241,1.000000,intfloat_multilingual_e5_base_semantic_fixed_c192_o32/results/intfloat__multilingual-e5-base_d13f1b27baf31030b7fd040960d60d909913633f/intfloat__multilingual-e5-base/d13f1b27baf31030b7fd040960d60d909913633f
intfloat_e5_small,recursive_token,192,16,0.738504,0.167170,0.087270,0.313931,0.280440,0.174370,0.138970,0.832830,0.912730,0.686069,0.719560,0.203017,0.609415,0.000000,0.086487,0.016740,1.000000,intfloat_e5_small_recursive_token_c192_o16/results/intfloat__e5-small_e272f3049e853b47cb5ca3952268c6662abda68f/intfloat__e5-small/e272f3049e853b47cb5ca3952268c6662abda68f
BAAI_bge_large_en_v1.5,recursive_token,192,0,0.738713,0.169770,0.089190,0.320029,0.294850,0.183820,0.139290,0.830230,0.910810,0.679971,0.705150,0.242248,0.646460,0.000000,0.082458,0.023500,1.000000,BAAI_bge_large_en_v1.5_recursive_token_c192_o0/results/BAAI__bge-large-en-v1.5_d4aa6901d3a41ba39fb536a557fa166f842b0e09/BAAI__bge-large-en-v1.5/d4aa6901d3a41ba39fb536a557fa166f842b0e09
BAAI_bge_base_en_v1.5,recursive_token,192,16,0.738837,0.167480,0.085810,0.320222,0.292670,0.184870,0.140020,0.832520,0.914190,0.679778,0.707330,0.242603,0.610475,0.000000,0.100379,0.044948,1.000000,BAAI_bge_base_en_v1.5_recursive_token_c192_o16/results/BAAI__bge-base-en-v1.5_a5beb1e3e68b9ab74eb54cfd186867f64f240e1a/BAAI__bge-base-en-v1.5/a5beb1e3e68b9ab74eb54cfd186867f64f240e1a
nomic_ai_nomic_embed_text_v1,hierarchical_section,128,0,0.739306,0.149980,0.075230,0.289535,0.261940,0.155460,0.124890,0.850020,0.924770,0.710465,0.738060,0.196642,0.343163,0.000000,0.134294,0.005853,1.000000,nomic_ai_nomic_embed_text_v1_hierarchical_section_c128_o0/results/nomic-ai__nomic-embed-text-v1_0759316f275aa0cb93a5b830973843ca66babcf5/nomic-ai__nomic-embed-text-v1/0759316f275aa0cb93a5b830973843ca66babcf5
BAAI_bge_base_en_v1.5,recursive_token,192,0,0.740120,0.166780,0.086660,0.319464,0.293890,0.189080,0.137610,0.833220,0.913340,0.680536,0.706110,0.272213,0.604555,0.000000,0.095751,0.033324,1.000000,BAAI_bge_base_en_v1.5_recursive_token_c192_o0/results/BAAI__bge-base-en-v1.5_a5beb1e3e68b9ab74eb54cfd186867f64f240e1a/BAAI__bge-base-en-v1.5/a5beb1e3e68b9ab74eb54cfd186867f64f240e1a
intfloat_multilingual_e5_base,hierarchical_section,192,32,0.740360,0.157800,0.082340,0.303190,0.271750,0.174370,0.132770,0.842200,0.917660,0.696810,0.728250,0.238573,0.468063,0.000000,0.124790,0.036805,1.000000,intfloat_multilingual_e5_base_hierarchical_section_c192_o32/results/intfloat__multilingual-e5-base_d13f1b27baf31030b7fd040960d60d909913633f/intfloat__multilingual-e5-base/d13f1b27baf31030b7fd040960d60d909913633f
intfloat_multilingual_e5_base,semantic_recursive,192,16,0.741355,0.161290,0.084390,0.317831,0.268330,0.185920,0.132560,0.838710,0.915610,0.682169,0.731670,0.287005,0.501580,0.000000,0.102071,0.004774,1.000000,intfloat_multilingual_e5_base_semantic_recursive_c192_o16/results/intfloat__multilingual-e5-base_d13f1b27baf31030b7fd040960d60d909913633f/intfloat__multilingual-e5-base/d13f1b27baf31030b7fd040960d60d909913633f
nomic_ai_nomic_embed_text_v1,fixed_token,192,48,0.741364,0.159610,0.085370,0.299735,0.285740,0.162820,0.137920,0.840390,0.914630,0.700265,0.714260,0.152930,0.623270,0.000000,0.082940,-0.015188,1.000000,nomic_ai_nomic_embed_text_v1_fixed_token_c192_o48/results/nomic-ai__nomic-embed-text-v1_0759316f275aa0cb93a5b830973843ca66babcf5/nomic-ai__nomic-embed-text-v1/0759316f275aa0cb93a5b830973843ca66babcf5
intfloat_e5_small,recursive_token,192,32,0.742200,0.169900,0.091360,0.325680,0.283760,0.196430,0.136030,0.830100,0.908640,0.674320,0.716240,0.307489,0.649940,0.000000,0.073370,0.006716,1.000000,intfloat_e5_small_recursive_token_c192_o32/results/intfloat__e5-small_e272f3049e853b47cb5ca3952268c6662abda68f/intfloat__e5-small/e272f3049e853b47cb5ca3952268c6662abda68f
nomic_ai_nomic_embed_text_v1.5,fixed_token,192,48,0.742518,0.153790,0.081370,0.292588,0.274270,0.163870,0.131720,0.846210,0.918630,0.707412,0.725730,0.196192,0.497468,0.000000,0.101283,-0.001553,1.000000,nomic_ai_nomic_embed_text_v1.5_fixed_token_c192_o48/results/nomic-ai__nomic-embed-text-v1.5_b0753ae76394dd36bcfb912a46018088bca48be0/nomic-ai__nomic-embed-text-v1.5/b0753ae76394dd36bcfb912a46018088bca48be0
BAAI_bge_large_en_v1.5,recursive_token,192,16,0.742673,0.168100,0.086940,0.319249,0.293220,0.183820,0.139180,0.831900,0.913060,0.680751,0.706780,0.242846,0.696220,0.000000,0.078751,0.035990,1.000000,BAAI_bge_large_en_v1.5_recursive_token_c192_o16/results/BAAI__bge-large-en-v1.5_d4aa6901d3a41ba39fb536a557fa166f842b0e09/BAAI__bge-large-en-v1.5/d4aa6901d3a41ba39fb536a557fa166f842b0e09
intfloat_multilingual_e5_base,semantic_recursive,192,0,0.742818,0.165640,0.086750,0.324323,0.269140,0.186970,0.137290,0.834360,0.913250,0.675677,0.730860,0.265711,0.615333,0.000000,0.083120,-0.012373,1.000000,intfloat_multilingual_e5_base_semantic_recursive_c192_o0/results/intfloat__multilingual-e5-base_d13f1b27baf31030b7fd040960d60d909913633f/intfloat__multilingual-e5-base/d13f1b27baf31030b7fd040960d60d909913633f
intfloat_e5_base,recursive_token,192,48,0.743565,0.151960,0.077430,0.292698,0.274210,0.156510,0.128680,0.848040,0.922570,0.707302,0.725790,0.177816,0.504655,0.000000,0.107502,-0.016866,1.000000,intfloat_e5_base_recursive_token_c192_o48/results/intfloat__e5-base_b533fe4636f4a2507c08ddab40644d20b0006d6a/intfloat__e5-base/b533fe4636f4a2507c08ddab40644d20b0006d6a
intfloat_e5_large,semantic_recursive,192,16,0.743567,0.165270,0.086270,0.316359,0.277190,0.181720,0.137610,0.834730,0.913730,0.683641,0.722810,0.242736,0.648205,0.000000,0.077119,-0.013520,1.000000,intfloat_e5_large_semantic_recursive_c192_o16/results/intfloat__e5-large_4dc6d853a804b9c8886ede6dda8a073b7dc08a81/intfloat__e5-large/4dc6d853a804b9c8886ede6dda8a073b7dc08a81
BAAI_bge_base_en_v1.5,hierarchical_section,192,48,0.743723,0.155500,0.079300,0.303338,0.279930,0.183820,0.131720,0.844500,0.920700,0.696662,0.720070,0.283429,0.474260,0.000000,0.136669,0.063042,1.000000,BAAI_bge_base_en_v1.5_hierarchical_section_c192_o48/results/BAAI__bge-base-en-v1.5_a5beb1e3e68b9ab74eb54cfd186867f64f240e1a/BAAI__bge-base-en-v1.5/a5beb1e3e68b9ab74eb54cfd186867f64f240e1a
intfloat_e5_large,fixed_token,192,48,0.743763,0.160920,0.084560,0.310281,0.275200,0.174370,0.135820,0.839080,0.915440,0.689719,0.724800,0.221082,0.611655,0.000000,0.078447,0.001556,1.000000,intfloat_e5_large_fixed_token_c192_o48/results/intfloat__e5-large_4dc6d853a804b9c8886ede6dda8a073b7dc08a81/intfloat__e5-large/4dc6d853a804b9c8886ede6dda8a073b7dc08a81
BAAI_bge_base_en_v1.5,recursive_token,192,48,0.744482,0.149700,0.075900,0.280607,0.267390,0.144960,0.130250,0.850300,0.924100,0.719393,0.732610,0.101476,0.535068,0.000000,0.110333,0.034693,1.000000,BAAI_bge_base_en_v1.5_recursive_token_c192_o48/results/BAAI__bge-base-en-v1.5_a5beb1e3e68b9ab74eb54cfd186867f64f240e1a/BAAI__bge-base-en-v1.5/a5beb1e3e68b9ab74eb54cfd186867f64f240e1a
nomic_ai_nomic_embed_text_v1.5,hierarchical_section,128,0,0.744922,0.144610,0.072350,0.281489,0.256430,0.149160,0.120270,0.855390,0.927650,0.718511,0.743570,0.193685,0.371480,0.000000,0.128684,0.005960,1.000000,nomic_ai_nomic_embed_text_v1.5_hierarchical_section_c128_o0/results/nomic-ai__nomic-embed-text-v1.5_b0753ae76394dd36bcfb912a46018088bca48be0/nomic-ai__nomic-embed-text-v1.5/b0753ae76394dd36bcfb912a46018088bca48be0
intfloat_e5_small,hierarchical_section,192,48,0.745122,0.162840,0.084950,0.314790,0.273460,0.190130,0.135290,0.837160,0.915050,0.685210,0.726540,0.288434,0.595873,0.000000,0.088838,0.016025,1.000000,intfloat_e5_small_hierarchical_section_c192_o48/results/intfloat__e5-small_e272f3049e853b47cb5ca3952268c6662abda68f/intfloat__e5-small/e272f3049e853b47cb5ca3952268c6662abda68f
BAAI_bge_base_en_v1.5,semantic_recursive,192,48,0.745390,0.146840,0.075110,0.283869,0.254350,0.158610,0.127100,0.853160,0.924890,0.716131,0.745650,0.198663,0.407568,0.000000,0.122751,0.008529,1.000000,BAAI_bge_base_en_v1.5_semantic_recursive_c192_o48/results/BAAI__bge-base-en-v1.5_a5beb1e3e68b9ab74eb54cfd186867f64f240e1a/BAAI__bge-base-en-v1.5/a5beb1e3e68b9ab74eb54cfd186867f64f240e1a
BAAI_bge_large_en_v1.5,hierarchical_section,192,48,0.745525,0.161040,0.084410,0.308912,0.288570,0.180670,0.135190,0.838960,0.915590,0.691088,0.711430,0.251730,0.640737,0.000000,0.094845,0.045985,1.000000,BAAI_bge_large_en_v1.5_hierarchical_section_c192_o48/results/BAAI__bge-large-en-v1.5_d4aa6901d3a41ba39fb536a557fa166f842b0e09/BAAI__bge-large-en-v1.5/d4aa6901d3a41ba39fb536a557fa166f842b0e09
intfloat_multilingual_e5_base,fixed_token,192,32,0.745665,0.155200,0.080390,0.299095,0.270410,0.172270,0.128680,0.844800,0.919610,0.700905,0.729590,0.253033,0.517645,0.000000,0.108372,0.023802,1.000000,intfloat_multilingual_e5_base_fixed_token_c192_o32/results/intfloat__multilingual-e5-base_d13f1b27baf31030b7fd040960d60d909913633f/intfloat__multilingual-e5-base/d13f1b27baf31030b7fd040960d60d909913633f
intfloat_multilingual_e5_base,hierarchical_section,192,48,0.745956,0.151100,0.077790,0.290834,0.260830,0.162820,0.126790,0.848900,0.922210,0.709166,0.739170,0.221287,0.472220,0.000000,0.113401,0.015690,1.000000,intfloat_multilingual_e5_base_hierarchical_section_c192_o48/results/intfloat__multilingual-e5-base_d13f1b27baf31030b7fd040960d60d909913633f/intfloat__multilingual-e5-base/d13f1b27baf31030b7fd040960d60d909913633f
intfloat_e5_base,fixed_token,192,48,0.745971,0.149130,0.077000,0.287274,0.269570,0.155460,0.127520,0.850870,0.923000,0.712726,0.730430,0.179725,0.503545,0.000000,0.100282,-0.001982,1.000000,intfloat_e5_base_fixed_token_c192_o48/results/intfloat__e5-base_b533fe4636f4a2507c08ddab40644d20b0006d6a/intfloat__e5-base/b533fe4636f4a2507c08ddab40644d20b0006d6a
intfloat_e5_large,recursive_token,192,48,0.746063,0.156280,0.080350,0.291644,0.282710,0.153360,0.132460,0.843720,0.919650,0.708356,0.717290,0.136281,0.661602,0.000000,0.072992,-0.010625,1.000000,intfloat_e5_large_recursive_token_c192_o48/results/intfloat__e5-large_4dc6d853a804b9c8886ede6dda8a073b7dc08a81/intfloat__e5-large/4dc6d853a804b9c8886ede6dda8a073b7dc08a81
intfloat_multilingual_e5_base,semantic_recursive,192,48,0.746336,0.145710,0.074860,0.289901,0.248970,0.165970,0.121850,0.854290,0.925140,0.710099,0.751030,0.265831,0.349465,0.000000,0.136961,-0.013708,1.000000,intfloat_multilingual_e5_base_semantic_recursive_c192_o48/results/intfloat__multilingual-e5-base_d13f1b27baf31030b7fd040960d60d909913633f/intfloat__multilingual-e5-base/d13f1b27baf31030b7fd040960d60d909913633f
BAAI_bge_base_en_v1.5,semantic_recursive,192,16,0.746350,0.157860,0.081340,0.307781,0.269450,0.181720,0.133610,0.842140,0.918660,0.692219,0.730550,0.264748,0.562805,0.000000,0.089921,-0.004964,1.000000,BAAI_bge_base_en_v1.5_semantic_recursive_c192_o16/results/BAAI__bge-base-en-v1.5_a5beb1e3e68b9ab74eb54cfd186867f64f240e1a/BAAI__bge-base-en-v1.5/a5beb1e3e68b9ab74eb54cfd186867f64f240e1a
intfloat_e5_small,semantic_recursive,192,16,0.747867,0.155700,0.080710,0.301281,0.257630,0.170170,0.130250,0.844300,0.919290,0.698719,0.742370,0.234589,0.564715,0.000000,0.095689,0.017264,1.000000,intfloat_e5_small_semantic_recursive_c192_o16/results/intfloat__e5-small_e272f3049e853b47cb5ca3952268c6662abda68f/intfloat__e5-small/e272f3049e853b47cb5ca3952268c6662abda68f
intfloat_e5_small,semantic_recursive,192,0,0.748116,0.156810,0.081230,0.303294,0.255810,0.171220,0.131200,0.843190,0.918770,0.696706,0.744190,0.233734,0.582995,0.000000,0.091415,0.016028,1.000000,intfloat_e5_small_semantic_recursive_c192_o0/results/intfloat__e5-small_e272f3049e853b47cb5ca3952268c6662abda68f/intfloat__e5-small/e272f3049e853b47cb5ca3952268c6662abda68f
intfloat_e5_large,semantic_recursive,192,48,0.748163,0.150250,0.077120,0.292936,0.265020,0.170170,0.127520,0.849750,0.922880,0.707064,0.734980,0.250632,0.489268,0.000000,0.108904,-0.013515,1.000000,intfloat_e5_large_semantic_recursive_c192_o48/results/intfloat__e5-large_4dc6d853a804b9c8886ede6dda8a073b7dc08a81/intfloat__e5-large/4dc6d853a804b9c8886ede6dda8a073b7dc08a81
intfloat_e5_large,semantic_fixed,192,48,0.748610,0.151900,0.079740,0.287211,0.271710,0.155460,0.130250,0.848100,0.920260,0.712789,0.728290,0.162164,0.613932,0.000000,0.079393,-0.004359,1.000000,intfloat_e5_large_semantic_fixed_c192_o48/results/intfloat__e5-large_4dc6d853a804b9c8886ede6dda8a073b7dc08a81/intfloat__e5-large/4dc6d853a804b9c8886ede6dda8a073b7dc08a81
intfloat_multilingual_e5_base,recursive_token,192,16,0.748682,0.155700,0.081760,0.294463,0.264500,0.162820,0.125630,0.844300,0.918240,0.705537,0.735500,0.228412,0.591495,0.000000,0.082657,-0.001912,1.000000,intfloat_multilingual_e5_base_recursive_token_c192_o16/results/intfloat__multilingual-e5-base_d13f1b27baf31030b7fd040960d60d909913633f/intfloat__multilingual-e5-base/d13f1b27baf31030b7fd040960d60d909913633f
intfloat_e5_large,semantic_recursive,192,32,0.748805,0.159580,0.082800,0.305867,0.275760,0.172270,0.132770,0.840420,0.917200,0.694133,0.724240,0.229291,0.677478,0.000000,0.076291,-0.023573,1.000000,intfloat_e5_large_semantic_recursive_c192_o32/results/intfloat__e5-large_4dc6d853a804b9c8886ede6dda8a073b7dc08a81/intfloat__e5-large/4dc6d853a804b9c8886ede6dda8a073b7dc08a81
intfloat_e5_small,semantic_recursive,192,48,0.749720,0.144700,0.075140,0.283148,0.245410,0.156510,0.123530,0.855300,0.924860,0.716852,0.754590,0.210721,0.443655,0.000000,0.112248,-0.001958,1.000000,intfloat_e5_small_semantic_recursive_c192_o48/results/intfloat__e5-small_e272f3049e853b47cb5ca3952268c6662abda68f/intfloat__e5-small/e272f3049e853b47cb5ca3952268c6662abda68f
BAAI_bge_base_en_v1.5,fixed_token,192,48,0.750162,0.149400,0.077240,0.291200,0.267350,0.169120,0.128050,0.850600,0.922760,0.708800,0.732650,0.242845,0.531045,0.000000,0.105213,0.022844,1.000000,BAAI_bge_base_en_v1.5_fixed_token_c192_o48/results/BAAI__bge-base-en-v1.5_a5beb1e3e68b9ab74eb54cfd186867f64f240e1a/BAAI__bge-base-en-v1.5/a5beb1e3e68b9ab74eb54cfd186867f64f240e1a
intfloat_e5_base,semantic_fixed,192,48,0.750309,0.140220,0.072610,0.272211,0.257010,0.149160,0.121950,0.859780,0.927390,0.727789,0.742990,0.182422,0.434613,0.000000,0.115201,0.004247,1.000000,intfloat_e5_base_semantic_fixed_c192_o48/results/intfloat__e5-base_b533fe4636f4a2507c08ddab40644d20b0006d6a/intfloat__e5-base/b533fe4636f4a2507c08ddab40644d20b0006d6a
BAAI_bge_large_en_v1.5,recursive_token,192,48,0.750556,0.152200,0.077240,0.294186,0.274950,0.158610,0.128360,0.847800,0.922760,0.705814,0.725050,0.190719,0.637432,0.000000,0.076088,0.007149,1.000000,BAAI_bge_large_en_v1.5_recursive_token_c192_o48/results/BAAI__bge-large-en-v1.5_d4aa6901d3a41ba39fb536a557fa166f842b0e09/BAAI__bge-large-en-v1.5/d4aa6901d3a41ba39fb536a557fa166f842b0e09
BAAI_bge_base_en_v1.5,semantic_recursive,192,0,0.751309,0.158150,0.081010,0.307011,0.270710,0.177520,0.133300,0.841850,0.918990,0.692989,0.729290,0.249099,0.679910,0.000000,0.069528,-0.011020,1.000000,BAAI_bge_base_en_v1.5_semantic_recursive_c192_o0/results/BAAI__bge-base-en-v1.5_a5beb1e3e68b9ab74eb54cfd186867f64f240e1a/BAAI__bge-base-en-v1.5/a5beb1e3e68b9ab74eb54cfd186867f64f240e1a
intfloat_multilingual_e5_base,semantic_recursive,192,32,0.751771,0.155480,0.080510,0.307739,0.263150,0.178570,0.129410,0.844520,0.919490,0.692261,0.736850,0.275298,0.623263,0.000000,0.085576,-0.020457,1.000000,intfloat_multilingual_e5_base_semantic_recursive_c192_o32/results/intfloat__multilingual-e5-base_d13f1b27baf31030b7fd040960d60d909913633f/intfloat__multilingual-e5-base/d13f1b27baf31030b7fd040960d60d909913633f
intfloat_e5_small,semantic_recursive,192,32,0.752210,0.152900,0.079570,0.305992,0.249520,0.177520,0.125840,0.847100,0.920430,0.694008,0.750480,0.291122,0.558488,0.000000,0.088421,-0.000237,1.000000,intfloat_e5_small_semantic_recursive_c192_o32/results/intfloat__e5-small_e272f3049e853b47cb5ca3952268c6662abda68f/intfloat__e5-small/e272f3049e853b47cb5ca3952268c6662abda68f
intfloat_e5_large,hierarchical_section,128,0,0.752273,0.147870,0.074110,0.292857,0.262480,0.159660,0.123420,0.852130,0.925890,0.707143,0.737520,0.226982,0.556418,0.000000,0.093181,0.008929,1.000000,intfloat_e5_large_hierarchical_section_c128_o0/results/intfloat__e5-large_4dc6d853a804b9c8886ede6dda8a073b7dc08a81/intfloat__e5-large/4dc6d853a804b9c8886ede6dda8a073b7dc08a81
intfloat_e5_base,hierarchical_section,128,0,0.752312,0.135310,0.066420,0.276647,0.238220,0.151260,0.112920,0.864690,0.933580,0.723353,0.761780,0.253471,0.305965,0.000000,0.153171,0.028728,1.000000,intfloat_e5_base_hierarchical_section_c128_o0/results/intfloat__e5-base_b533fe4636f4a2507c08ddab40644d20b0006d6a/intfloat__e5-base/b533fe4636f4a2507c08ddab40644d20b0006d6a
intfloat_e5_large,semantic_recursive,192,0,0.752768,0.167060,0.087890,0.319533,0.280050,0.186970,0.138970,0.832940,0.912110,0.680467,0.719950,0.256726,0.852895,0.000000,0.050158,-0.041474,1.000000,intfloat_e5_large_semantic_recursive_c192_o0/results/intfloat__e5-large_4dc6d853a804b9c8886ede6dda8a073b7dc08a81/intfloat__e5-large/4dc6d853a804b9c8886ede6dda8a073b7dc08a81
BAAI_bge_large_en_v1.5,fixed_token,192,48,0.752957,0.152750,0.080260,0.300438,0.266770,0.178570,0.130150,0.847250,0.919740,0.699562,0.733230,0.271154,0.618190,0.000000,0.084197,0.015670,1.000000,BAAI_bge_large_en_v1.5_fixed_token_c192_o48/results/BAAI__bge-large-en-v1.5_d4aa6901d3a41ba39fb536a557fa166f842b0e09/BAAI__bge-large-en-v1.5/d4aa6901d3a41ba39fb536a557fa166f842b0e09
intfloat_multilingual_e5_base,recursive_token,192,32,0.753110,0.148540,0.075890,0.288252,0.251630,0.165970,0.121010,0.851460,0.924110,0.711748,0.748370,0.270892,0.511485,0.000000,0.109276,0.023146,1.000000,intfloat_multilingual_e5_base_recursive_token_c192_o32/results/intfloat__multilingual-e5-base_d13f1b27baf31030b7fd040960d60d909913633f/intfloat__multilingual-e5-base/d13f1b27baf31030b7fd040960d60d909913633f
BAAI_bge_base_en_v1.5,semantic_fixed,192,48,0.753678,0.145280,0.073600,0.286312,0.263330,0.161760,0.126260,0.854720,0.926400,0.713688,0.736670,0.219461,0.555300,0.000000,0.109516,0.041152,1.000000,BAAI_bge_base_en_v1.5_semantic_fixed_c192_o48/results/BAAI__bge-base-en-v1.5_a5beb1e3e68b9ab74eb54cfd186867f64f240e1a/BAAI__bge-base-en-v1.5/a5beb1e3e68b9ab74eb54cfd186867f64f240e1a
intfloat_e5_base,semantic_recursive,192,48,0.754106,0.136670,0.070440,0.273376,0.243170,0.153360,0.116180,0.863330,0.929560,0.726624,0.756830,0.242436,0.384557,0.000000,0.123477,0.000777,1.000000,intfloat_e5_base_semantic_recursive_c192_o48/results/intfloat__e5-base_b533fe4636f4a2507c08ddab40644d20b0006d6a/intfloat__e5-base/b533fe4636f4a2507c08ddab40644d20b0006d6a
intfloat_e5_small,semantic_fixed,192,48,0.754408,0.151680,0.079560,0.293205,0.258370,0.174370,0.129410,0.848320,0.920440,0.706795,0.741630,0.257843,0.616835,0.000000,0.077095,0.000924,1.000000,intfloat_e5_small_semantic_fixed_c192_o48/results/intfloat__e5-small_e272f3049e853b47cb5ca3952268c6662abda68f/intfloat__e5-small/e272f3049e853b47cb5ca3952268c6662abda68f
intfloat_multilingual_e5_base,semantic_fixed,192,48,0.754999,0.146550,0.074630,0.290945,0.254970,0.162820,0.124260,0.853450,0.925370,0.709055,0.745030,0.236826,0.572460,0.000000,0.087188,0.003360,1.000000,intfloat_multilingual_e5_base_semantic_fixed_c192_o48/results/intfloat__multilingual-e5-base_d13f1b27baf31030b7fd040960d60d909913633f/intfloat__multilingual-e5-base/d13f1b27baf31030b7fd040960d60d909913633f
BAAI_bge_large_en_v1.5,semantic_recursive,192,16,0.755083,0.158300,0.082410,0.309864,0.271180,0.176470,0.130570,0.841700,0.917590,0.690136,0.728820,0.260101,0.757983,0.000000,0.050771,-0.004735,1.000000,BAAI_bge_large_en_v1.5_semantic_recursive_c192_o16/results/BAAI__bge-large-en-v1.5_d4aa6901d3a41ba39fb536a557fa166f842b0e09/BAAI__bge-large-en-v1.5/d4aa6901d3a41ba39fb536a557fa166f842b0e09
intfloat_e5_base,semantic_recursive,192,16,0.756105,0.147290,0.075640,0.301742,0.250950,0.180670,0.121640,0.852710,0.924360,0.698258,0.749050,0.326728,0.528923,0.000000,0.094874,-0.001317,1.000000,intfloat_e5_base_semantic_recursive_c192_o16/results/intfloat__e5-base_b533fe4636f4a2507c08ddab40644d20b0006d6a/intfloat__e5-base/b533fe4636f4a2507c08ddab40644d20b0006d6a
intfloat_e5_small,fixed_token,192,48,0.756343,0.157600,0.083480,0.304475,0.263150,0.180670,0.131930,0.842400,0.916520,0.695525,0.736850,0.269774,0.744665,0.000000,0.055180,-0.008226,1.000000,intfloat_e5_small_fixed_token_c192_o48/results/intfloat__e5-small_e272f3049e853b47cb5ca3952268c6662abda68f/intfloat__e5-small/e272f3049e853b47cb5ca3952268c6662abda68f
intfloat_e5_small,recursive_token,192,48,0.756639,0.150850,0.077400,0.282107,0.263650,0.149160,0.127630,0.849150,0.922600,0.717893,0.736350,0.144342,0.747197,0.000000,0.066913,-0.032705,1.000000,intfloat_e5_small_recursive_token_c192_o48/results/intfloat__e5-small_e272f3049e853b47cb5ca3952268c6662abda68f/intfloat__e5-small/e272f3049e853b47cb5ca3952268c6662abda68f
BAAI_bge_large_en_v1.5,semantic_recursive,192,0,0.756691,0.160020,0.083350,0.311146,0.270390,0.179620,0.131200,0.839980,0.916650,0.688854,0.729610,0.269569,0.800895,0.000000,0.046005,-0.012368,1.000000,BAAI_bge_large_en_v1.5_semantic_recursive_c192_o0/results/BAAI__bge-large-en-v1.5_d4aa6901d3a41ba39fb536a557fa166f842b0e09/BAAI__bge-large-en-v1.5/d4aa6901d3a41ba39fb536a557fa166f842b0e09
BAAI_bge_large_en_v1.5,semantic_recursive,192,32,0.756742,0.156260,0.080050,0.302695,0.268540,0.169120,0.130780,0.843740,0.919950,0.697305,0.731460,0.226703,0.777140,0.000000,0.054271,-0.019398,1.000000,BAAI_bge_large_en_v1.5_semantic_recursive_c192_o32/results/BAAI__bge-large-en-v1.5_d4aa6901d3a41ba39fb536a557fa166f842b0e09/BAAI__bge-large-en-v1.5/d4aa6901d3a41ba39fb536a557fa166f842b0e09
BAAI_bge_large_en_v1.5,semantic_recursive,192,48,0.757217,0.148020,0.075780,0.286726,0.260370,0.163870,0.126790,0.851980,0.924220,0.713274,0.739630,0.226277,0.647555,0.000000,0.078497,-0.016016,1.000000,BAAI_bge_large_en_v1.5_semantic_recursive_c192_o48/results/BAAI__bge-large-en-v1.5_d4aa6901d3a41ba39fb536a557fa166f842b0e09/BAAI__bge-large-en-v1.5/d4aa6901d3a41ba39fb536a557fa166f842b0e09
BAAI_bge_base_en_v1.5,semantic_recursive,192,32,0.757625,0.153510,0.078280,0.305261,0.268220,0.181720,0.128890,0.846490,0.921720,0.694739,0.731780,0.290722,0.703440,0.000000,0.072606,-0.026588,1.000000,BAAI_bge_base_en_v1.5_semantic_recursive_c192_o32/results/BAAI__bge-base-en-v1.5_a5beb1e3e68b9ab74eb54cfd186867f64f240e1a/BAAI__bge-base-en-v1.5/a5beb1e3e68b9ab74eb54cfd186867f64f240e1a
BAAI_bge_base_en_v1.5,hierarchical_section,128,0,0.758181,0.137900,0.067100,0.274406,0.242150,0.148110,0.117330,0.862100,0.932900,0.725594,0.757850,0.207819,0.498405,0.000000,0.120397,0.040156,1.000000,BAAI_bge_base_en_v1.5_hierarchical_section_c128_o0/results/BAAI__bge-base-en-v1.5_a5beb1e3e68b9ab74eb54cfd186867f64f240e1a/BAAI__bge-base-en-v1.5/a5beb1e3e68b9ab74eb54cfd186867f64f240e1a
intfloat_multilingual_e5_base,fixed_token,192,48,0.758356,0.143260,0.073910,0.276195,0.252030,0.157560,0.120170,0.856740,0.926090,0.723805,0.747970,0.237306,0.571242,0.000000,0.104219,0.036935,1.000000,intfloat_multilingual_e5_base_fixed_token_c192_o48/results/intfloat__multilingual-e5-base_d13f1b27baf31030b7fd040960d60d909913633f/intfloat__multilingual-e5-base/d13f1b27baf31030b7fd040960d60d909913633f
intfloat_multilingual_e5_base,recursive_token,192,48,0.759869,0.135470,0.066550,0.275058,0.234990,0.148110,0.113550,0.864530,0.933450,0.724942,0.765010,0.233340,0.469570,0.000000,0.125109,0.038046,1.000000,intfloat_multilingual_e5_base_recursive_token_c192_o48/results/intfloat__multilingual-e5-base_d13f1b27baf31030b7fd040960d60d909913633f/intfloat__multilingual-e5-base/d13f1b27baf31030b7fd040960d60d909913633f
BAAI_bge_large_en_v1.5,semantic_fixed,192,48,0.759905,0.149030,0.078540,0.289965,0.263720,0.170170,0.129200,0.850970,0.921460,0.710035,0.736280,0.240759,0.720137,0.000000,0.059739,0.007533,1.000000,BAAI_bge_large_en_v1.5_semantic_fixed_c192_o48/results/BAAI__bge-large-en-v1.5_d4aa6901d3a41ba39fb536a557fa166f842b0e09/BAAI__bge-large-en-v1.5/d4aa6901d3a41ba39fb536a557fa166f842b0e09
BAAI_bge_large_en_v1.5,hierarchical_section,128,0,0.760224,0.140520,0.069540,0.279705,0.244150,0.148110,0.117960,0.859480,0.930460,0.720295,0.755850,0.203565,0.591475,0.000000,0.089006,0.014602,1.000000,BAAI_bge_large_en_v1.5_hierarchical_section_c128_o0/results/BAAI__bge-large-en-v1.5_d4aa6901d3a41ba39fb536a557fa166f842b0e09/BAAI__bge-large-en-v1.5/d4aa6901d3a41ba39fb536a557fa166f842b0e09
nomic_ai_nomic_embed_text_v1,hierarchical_section,128,16,0.760738,0.130370,0.065260,0.254179,0.241130,0.137610,0.111870,0.869630,0.934740,0.745821,0.758870,0.187050,0.452693,0.000000,0.116659,-0.014395,1.000000,nomic_ai_nomic_embed_text_v1_hierarchical_section_c128_o16/results/nomic-ai__nomic-embed-text-v1_0759316f275aa0cb93a5b830973843ca66babcf5/nomic-ai__nomic-embed-text-v1/0759316f275aa0cb93a5b830973843ca66babcf5
intfloat_multilingual_e5_base,hierarchical_section,128,0,0.761256,0.130660,0.063100,0.265381,0.228580,0.142860,0.111550,0.869340,0.936900,0.734619,0.771420,0.219166,0.422218,0.000000,0.129140,0.027167,1.000000,intfloat_multilingual_e5_base_hierarchical_section_c128_o0/results/intfloat__multilingual-e5-base_d13f1b27baf31030b7fd040960d60d909913633f/intfloat__multilingual-e5-base/d13f1b27baf31030b7fd040960d60d909913633f
intfloat_e5_large,semantic_fixed,128,0,0.761699,0.136180,0.068360,0.263031,0.247650,0.139710,0.114080,0.863820,0.931640,0.736969,0.752350,0.183451,0.570950,0.000000,0.092942,-0.014264,1.000000,intfloat_e5_large_semantic_fixed_c128_o0/results/intfloat__e5-large_4dc6d853a804b9c8886ede6dda8a073b7dc08a81/intfloat__e5-large/4dc6d853a804b9c8886ede6dda8a073b7dc08a81
intfloat_e5_base,semantic_recursive,192,32,0.763650,0.140910,0.071820,0.284245,0.249080,0.159660,0.118590,0.859090,0.928180,0.715755,0.750920,0.257234,0.637885,0.000000,0.080762,-0.016678,1.000000,intfloat_e5_base_semantic_recursive_c192_o32/results/intfloat__e5-base_b533fe4636f4a2507c08ddab40644d20b0006d6a/intfloat__e5-base/b533fe4636f4a2507c08ddab40644d20b0006d6a
BAAI_bge_base_en_v1.5,hierarchical_section,128,16,0.763687,0.121320,0.059540,0.240881,0.221120,0.126050,0.105670,0.878680,0.940460,0.759119,0.778880,0.161682,0.366108,0.000000,0.131995,0.010433,1.000000,BAAI_bge_base_en_v1.5_hierarchical_section_c128_o16/results/BAAI__bge-base-en-v1.5_a5beb1e3e68b9ab74eb54cfd186867f64f240e1a/BAAI__bge-base-en-v1.5/a5beb1e3e68b9ab74eb54cfd186867f64f240e1a
intfloat_e5_large,recursive_token,128,0,0.763863,0.131030,0.064980,0.258130,0.225080,0.143910,0.108930,0.868970,0.935020,0.741870,0.774920,0.243069,0.439795,0.000000,0.114522,-0.004962,1.000000,intfloat_e5_large_recursive_token_c128_o0/results/intfloat__e5-large_4dc6d853a804b9c8886ede6dda8a073b7dc08a81/intfloat__e5-large/4dc6d853a804b9c8886ede6dda8a073b7dc08a81
nomic_ai_nomic_embed_text_v1.5,fixed_token,128,0,0.764118,0.133730,0.066440,0.260820,0.242940,0.140760,0.113240,0.866270,0.933560,0.739180,0.757060,0.195510,0.563708,0.000000,0.087838,-0.001159,1.000000,nomic_ai_nomic_embed_text_v1.5_fixed_token_c128_o0/results/nomic-ai__nomic-embed-text-v1.5_b0753ae76394dd36bcfb912a46018088bca48be0/nomic-ai__nomic-embed-text-v1.5/b0753ae76394dd36bcfb912a46018088bca48be0
intfloat_multilingual_e5_base,semantic_fixed,128,0,0.764157,0.131360,0.064920,0.270088,0.217580,0.152310,0.108610,0.868640,0.935080,0.729912,0.782420,0.286915,0.413488,0.000000,0.128986,0.023367,1.000000,intfloat_multilingual_e5_base_semantic_fixed_c128_o0/results/intfloat__multilingual-e5-base_d13f1b27baf31030b7fd040960d60d909913633f/intfloat__multilingual-e5-base/d13f1b27baf31030b7fd040960d60d909913633f
intfloat_e5_base,semantic_recursive,192,0,0.764209,0.148650,0.076480,0.305537,0.249220,0.182770,0.122370,0.851350,0.923520,0.694463,0.750780,0.330470,0.706990,0.000000,0.067051,-0.016898,1.000000,intfloat_e5_base_semantic_recursive_c192_o0/results/intfloat__e5-base_b533fe4636f4a2507c08ddab40644d20b0006d6a/intfloat__e5-base/b533fe4636f4a2507c08ddab40644d20b0006d6a
intfloat_e5_large,fixed_token,128,0,0.764262,0.139220,0.070570,0.270012,0.257920,0.147060,0.115760,0.860780,0.929430,0.729988,0.742080,0.212838,0.663517,0.000000,0.074234,-0.013875,1.000000,intfloat_e5_large_fixed_token_c128_o0/results/intfloat__e5-large_4dc6d853a804b9c8886ede6dda8a073b7dc08a81/intfloat__e5-large/4dc6d853a804b9c8886ede6dda8a073b7dc08a81
intfloat_e5_base,hierarchical_section,128,16,0.764450,0.122610,0.061230,0.245021,0.222590,0.127100,0.105040,0.877390,0.938770,0.754979,0.777410,0.173564,0.399070,0.000000,0.120687,0.001002,1.000000,intfloat_e5_base_hierarchical_section_c128_o16/results/intfloat__e5-base_b533fe4636f4a2507c08ddab40644d20b0006d6a/intfloat__e5-base/b533fe4636f4a2507c08ddab40644d20b0006d6a
nomic_ai_nomic_embed_text_v1,fixed_token,128,0,0.764822,0.139850,0.070610,0.271030,0.254060,0.144960,0.117650,0.860150,0.929390,0.728970,0.745940,0.188397,0.699310,0.000000,0.067339,-0.014402,1.000000,nomic_ai_nomic_embed_text_v1_fixed_token_c128_o0/results/nomic-ai__nomic-embed-text-v1_0759316f275aa0cb93a5b830973843ca66babcf5/nomic-ai__nomic-embed-text-v1/0759316f275aa0cb93a5b830973843ca66babcf5
intfloat_e5_small,hierarchical_section,128,0,0.765567,0.132640,0.065720,0.270036,0.228280,0.148110,0.110190,0.867360,0.934280,0.729964,0.771720,0.256026,0.508593,0.000000,0.105480,0.014397,1.000000,intfloat_e5_small_hierarchical_section_c128_o0/results/intfloat__e5-small_e272f3049e853b47cb5ca3952268c6662abda68f/intfloat__e5-small/e272f3049e853b47cb5ca3952268c6662abda68f
intfloat_e5_base,semantic_fixed,128,16,0.765787,0.115100,0.055930,0.235547,0.208110,0.125000,0.098740,0.884900,0.944070,0.764453,0.791890,0.210080,0.252585,0.000000,0.152634,0.006302,1.000000,intfloat_e5_base_semantic_fixed_c128_o16/results/intfloat__e5-base_b533fe4636f4a2507c08ddab40644d20b0006d6a/intfloat__e5-base/b533fe4636f4a2507c08ddab40644d20b0006d6a
nomic_ai_nomic_embed_text_v1.5,hierarchical_section,128,16,0.765821,0.127900,0.062770,0.247353,0.237370,0.132350,0.109770,0.872100,0.937230,0.752647,0.762630,0.170608,0.517443,0.000000,0.105823,-0.018623,1.000000,nomic_ai_nomic_embed_text_v1.5_hierarchical_section_c128_o16/results/nomic-ai__nomic-embed-text-v1.5_b0753ae76394dd36bcfb912a46018088bca48be0/nomic-ai__nomic-embed-text-v1.5/b0753ae76394dd36bcfb912a46018088bca48be0
BAAI_bge_large_en_v1.5,hierarchical_section,128,16,0.765830,0.127940,0.063170,0.248865,0.226470,0.121850,0.111130,0.872060,0.936830,0.751135,0.773530,0.087977,0.583440,0.000000,0.093401,0.020178,1.000000,BAAI_bge_large_en_v1.5_hierarchical_section_c128_o16/results/BAAI__bge-large-en-v1.5_d4aa6901d3a41ba39fb536a557fa166f842b0e09/BAAI__bge-large-en-v1.5/d4aa6901d3a41ba39fb536a557fa166f842b0e09
nomic_ai_nomic_embed_text_v1,fixed_token,128,16,0.766713,0.129790,0.064280,0.262904,0.235910,0.141810,0.111240,0.870210,0.935720,0.737096,0.764090,0.215570,0.541550,0.000000,0.095458,-0.007536,1.000000,nomic_ai_nomic_embed_text_v1_fixed_token_c128_o16/results/nomic-ai__nomic-embed-text-v1_0759316f275aa0cb93a5b830973843ca66babcf5/nomic-ai__nomic-embed-text-v1/0759316f275aa0cb93a5b830973843ca66babcf5
nomic_ai_nomic_embed_text_v1,recursive_token,128,0,0.766994,0.126940,0.063580,0.251594,0.222190,0.135500,0.105360,0.873060,0.936420,0.748406,0.777810,0.222435,0.461800,0.000000,0.119020,-0.022760,1.000000,nomic_ai_nomic_embed_text_v1_recursive_token_c128_o0/results/nomic-ai__nomic-embed-text-v1_0759316f275aa0cb93a5b830973843ca66babcf5/nomic-ai__nomic-embed-text-v1/0759316f275aa0cb93a5b830973843ca66babcf5
intfloat_multilingual_e5_base,fixed_token,128,0,0.767473,0.126690,0.061640,0.258968,0.219100,0.132350,0.105150,0.873310,0.938360,0.741032,0.780900,0.205516,0.486860,0.000000,0.104541,0.003826,1.000000,intfloat_multilingual_e5_base_fixed_token_c128_o0/results/intfloat__multilingual-e5-base_d13f1b27baf31030b7fd040960d60d909913633f/intfloat__multilingual-e5-base/d13f1b27baf31030b7fd040960d60d909913633f
nomic_ai_nomic_embed_text_v1.5,fixed_token,128,16,0.767700,0.126800,0.062490,0.260202,0.228720,0.146010,0.108090,0.873200,0.937510,0.739798,0.771280,0.259708,0.463298,0.000000,0.116213,0.017745,1.000000,nomic_ai_nomic_embed_text_v1.5_fixed_token_c128_o16/results/nomic-ai__nomic-embed-text-v1.5_b0753ae76394dd36bcfb912a46018088bca48be0/nomic-ai__nomic-embed-text-v1.5/b0753ae76394dd36bcfb912a46018088bca48be0
BAAI_bge_large_en_v1.5,fixed_token,128,0,0.767841,0.130940,0.065970,0.259107,0.229110,0.147060,0.109770,0.869060,0.934030,0.740893,0.770890,0.253570,0.522030,0.000000,0.098684,0.006180,1.000000,BAAI_bge_large_en_v1.5_fixed_token_c128_o0/results/BAAI__bge-large-en-v1.5_d4aa6901d3a41ba39fb536a557fa166f842b0e09/BAAI__bge-large-en-v1.5/d4aa6901d3a41ba39fb536a557fa166f842b0e09
intfloat_e5_base,recursive_token,128,0,0.768121,0.123510,0.061720,0.249327,0.209820,0.141810,0.101890,0.876490,0.938280,0.750673,0.790180,0.281503,0.357685,0.000000,0.138852,-0.020778,1.000000,intfloat_e5_base_recursive_token_c128_o0/results/intfloat__e5-base_b533fe4636f4a2507c08ddab40644d20b0006d6a/intfloat__e5-base/b533fe4636f4a2507c08ddab40644d20b0006d6a
intfloat_e5_large,hierarchical_section,128,16,0.768309,0.130950,0.066080,0.261338,0.237440,0.136550,0.109660,0.869050,0.933920,0.738662,0.762560,0.196924,0.609683,0.000000,0.078539,0.000951,1.000000,intfloat_e5_large_hierarchical_section_c128_o16/results/intfloat__e5-large_4dc6d853a804b9c8886ede6dda8a073b7dc08a81/intfloat__e5-large/4dc6d853a804b9c8886ede6dda8a073b7dc08a81
BAAI_bge_large_en_v1.5,recursive_token,128,0,0.769167,0.124360,0.061200,0.246371,0.212090,0.132350,0.103890,0.875640,0.938800,0.753629,0.787910,0.215036,0.449270,0.000000,0.120119,-0.019946,1.000000,BAAI_bge_large_en_v1.5_recursive_token_c128_o0/results/BAAI__bge-large-en-v1.5_d4aa6901d3a41ba39fb536a557fa166f842b0e09/BAAI__bge-large-en-v1.5/d4aa6901d3a41ba39fb536a557fa166f842b0e09
intfloat_e5_base,fixed_token,128,16,0.769223,0.122920,0.059580,0.255922,0.221060,0.141810,0.104410,0.877080,0.940420,0.744078,0.778940,0.263733,0.419288,0.000000,0.125139,-0.017993,1.000000,intfloat_e5_base_fixed_token_c128_o16/results/intfloat__e5-base_b533fe4636f4a2507c08ddab40644d20b0006d6a/intfloat__e5-base/b533fe4636f4a2507c08ddab40644d20b0006d6a
intfloat_e5_base,semantic_fixed,128,0,0.769282,0.128370,0.063540,0.268797,0.230710,0.161760,0.105780,0.871630,0.936460,0.731203,0.769290,0.346068,0.448073,0.000000,0.113453,0.006135,1.000000,intfloat_e5_base_semantic_fixed_c128_o0/results/intfloat__e5-base_b533fe4636f4a2507c08ddab40644d20b0006d6a/intfloat__e5-base/b533fe4636f4a2507c08ddab40644d20b0006d6a
nomic_ai_nomic_embed_text_v1.5,recursive_token,128,0,0.770113,0.122290,0.060240,0.248204,0.213360,0.133400,0.100840,0.877710,0.939760,0.751796,0.786640,0.244078,0.422880,0.000000,0.132301,-0.033754,1.000000,nomic_ai_nomic_embed_text_v1.5_recursive_token_c128_o0/results/nomic-ai__nomic-embed-text-v1.5_b0753ae76394dd36bcfb912a46018088bca48be0/nomic-ai__nomic-embed-text-v1.5/b0753ae76394dd36bcfb912a46018088bca48be0
intfloat_e5_large,recursive_token,128,16,0.770143,0.125430,0.061460,0.242669,0.219570,0.122900,0.106090,0.874570,0.938540,0.757331,0.780430,0.136778,0.565278,0.000000,0.089499,-0.005109,1.000000,intfloat_e5_large_recursive_token_c128_o16/results/intfloat__e5-large_4dc6d853a804b9c8886ede6dda8a073b7dc08a81/intfloat__e5-large/4dc6d853a804b9c8886ede6dda8a073b7dc08a81
BAAI_bge_large_en_v1.5,fixed_token,128,16,0.770162,0.122880,0.059050,0.248082,0.214370,0.132350,0.106830,0.877120,0.940950,0.751918,0.785630,0.192822,0.477433,0.000000,0.114801,0.020575,1.000000,BAAI_bge_large_en_v1.5_fixed_token_c128_o16/results/BAAI__bge-large-en-v1.5_d4aa6901d3a41ba39fb536a557fa166f842b0e09/BAAI__bge-large-en-v1.5/d4aa6901d3a41ba39fb536a557fa166f842b0e09
intfloat_e5_base,fixed_token,128,0,0.770274,0.131740,0.065750,0.264024,0.240330,0.152310,0.110920,0.868260,0.934250,0.735976,0.759670,0.271748,0.591100,0.000000,0.083433,0.003306,1.000000,intfloat_e5_base_fixed_token_c128_o0/results/intfloat__e5-base_b533fe4636f4a2507c08ddab40644d20b0006d6a/intfloat__e5-base/b533fe4636f4a2507c08ddab40644d20b0006d6a
BAAI_bge_base_en_v1.5,fixed_token,128,0,0.770756,0.131060,0.065570,0.260740,0.237840,0.147060,0.110610,0.868940,0.934430,0.739260,0.762160,0.247858,0.606237,0.000000,0.082765,0.008025,1.000000,BAAI_bge_base_en_v1.5_fixed_token_c128_o0/results/BAAI__bge-base-en-v1.5_a5beb1e3e68b9ab74eb54cfd186867f64f240e1a/BAAI__bge-base-en-v1.5/a5beb1e3e68b9ab74eb54cfd186867f64f240e1a
BAAI_bge_large_en_v1.5,semantic_fixed,128,16,0.771913,0.122910,0.060320,0.244159,0.214580,0.127100,0.106830,0.877090,0.939680,0.755841,0.785420,0.159481,0.543733,0.000000,0.108258,0.034009,1.000000,BAAI_bge_large_en_v1.5_semantic_fixed_c128_o16/results/BAAI__bge-large-en-v1.5_d4aa6901d3a41ba39fb536a557fa166f842b0e09/BAAI__bge-large-en-v1.5/d4aa6901d3a41ba39fb536a557fa166f842b0e09
BAAI_bge_base_en_v1.5,semantic_fixed,128,0,0.772021,0.128780,0.063240,0.260307,0.233160,0.148110,0.108090,0.871220,0.936760,0.739693,0.766840,0.270205,0.569125,0.000000,0.099920,0.027490,1.000000,BAAI_bge_base_en_v1.5_semantic_fixed_c128_o0/results/BAAI__bge-base-en-v1.5_a5beb1e3e68b9ab74eb54cfd186867f64f240e1a/BAAI__bge-base-en-v1.5/a5beb1e3e68b9ab74eb54cfd186867f64f240e1a
intfloat_e5_large,fixed_token,128,16,0.772425,0.130810,0.063760,0.262455,0.232550,0.147060,0.111030,0.869190,0.936240,0.737545,0.767450,0.245002,0.625833,0.000000,0.086867,-0.024067,1.000000,intfloat_e5_large_fixed_token_c128_o16/results/intfloat__e5-large_4dc6d853a804b9c8886ede6dda8a073b7dc08a81/intfloat__e5-large/4dc6d853a804b9c8886ede6dda8a073b7dc08a81
intfloat_e5_base,recursive_token,128,16,0.772654,0.118390,0.056860,0.240829,0.209720,0.127100,0.100110,0.881610,0.943140,0.759171,0.790280,0.212353,0.434770,0.000000,0.113235,-0.000378,1.000000,intfloat_e5_base_recursive_token_c128_o16/results/intfloat__e5-base_b533fe4636f4a2507c08ddab40644d20b0006d6a/intfloat__e5-base/b533fe4636f4a2507c08ddab40644d20b0006d6a
intfloat_e5_large,semantic_fixed,128,16,0.772723,0.128360,0.062130,0.257081,0.226990,0.141810,0.109450,0.871640,0.937870,0.742919,0.773010,0.228193,0.598160,0.000000,0.083660,-0.006584,1.000000,intfloat_e5_large_semantic_fixed_c128_o16/results/intfloat__e5-large_4dc6d853a804b9c8886ede6dda8a073b7dc08a81/intfloat__e5-large/4dc6d853a804b9c8886ede6dda8a073b7dc08a81
nomic_ai_nomic_embed_text_v1.5,hierarchical_section,128,32,0.773156,0.118840,0.059190,0.236683,0.220250,0.120800,0.101890,0.881160,0.940810,0.763317,0.779750,0.156540,0.526757,0.000000,0.099231,-0.009165,1.000000,nomic_ai_nomic_embed_text_v1.5_hierarchical_section_c128_o32/results/nomic-ai__nomic-embed-text-v1.5_b0753ae76394dd36bcfb912a46018088bca48be0/nomic-ai__nomic-embed-text-v1.5/b0753ae76394dd36bcfb912a46018088bca48be0
BAAI_bge_large_en_v1.5,semantic_fixed,128,0,0.773506,0.132190,0.066220,0.265912,0.228080,0.151260,0.110710,0.867810,0.933780,0.734088,0.771920,0.268081,0.644610,0.000000,0.087639,0.033122,1.000000,BAAI_bge_large_en_v1.5_semantic_fixed_c128_o0/results/BAAI__bge-large-en-v1.5_d4aa6901d3a41ba39fb536a557fa166f842b0e09/BAAI__bge-large-en-v1.5/d4aa6901d3a41ba39fb536a557fa166f842b0e09
intfloat_e5_small,semantic_fixed,128,0,0.773998,0.126390,0.063670,0.249178,0.216350,0.142860,0.105150,0.873610,0.936330,0.750822,0.783650,0.263965,0.539238,0.000000,0.092640,-0.000975,1.000000,intfloat_e5_small_semantic_fixed_c128_o0/results/intfloat__e5-small_e272f3049e853b47cb5ca3952268c6662abda68f/intfloat__e5-small/e272f3049e853b47cb5ca3952268c6662abda68f
BAAI_bge_base_en_v1.5,fixed_token,128,16,0.774239,0.118070,0.055890,0.241764,0.215200,0.125000,0.103470,0.881930,0.944110,0.758236,0.784800,0.172240,0.512665,0.000000,0.107248,0.019562,1.000000,BAAI_bge_base_en_v1.5_fixed_token_c128_o16/results/BAAI__bge-base-en-v1.5_a5beb1e3e68b9ab74eb54cfd186867f64f240e1a/BAAI__bge-base-en-v1.5/a5beb1e3e68b9ab74eb54cfd186867f64f240e1a
intfloat_e5_small,fixed_token,128,16,0.774420,0.119930,0.058360,0.247232,0.198940,0.129200,0.101580,0.880070,0.941640,0.752768,0.801060,0.213777,0.479768,0.000000,0.106874,-0.005655,1.000000,intfloat_e5_small_fixed_token_c128_o16/results/intfloat__e5-small_e272f3049e853b47cb5ca3952268c6662abda68f/intfloat__e5-small/e272f3049e853b47cb5ca3952268c6662abda68f
nomic_ai_nomic_embed_text_v1.5,recursive_token,128,16,0.774945,0.117990,0.057510,0.234584,0.210300,0.117650,0.098950,0.882010,0.942490,0.765416,0.789700,0.158946,0.521670,0.000000,0.105557,-0.019782,1.000000,nomic_ai_nomic_embed_text_v1.5_recursive_token_c128_o16/results/nomic-ai__nomic-embed-text-v1.5_b0753ae76394dd36bcfb912a46018088bca48be0/nomic-ai__nomic-embed-text-v1.5/b0753ae76394dd36bcfb912a46018088bca48be0
intfloat_e5_small,hierarchical_section,128,16,0.775246,0.121790,0.060720,0.253321,0.211160,0.146010,0.102420,0.878210,0.939280,0.746679,0.788840,0.298541,0.474333,0.000000,0.124945,0.039623,1.000000,intfloat_e5_small_hierarchical_section_c128_o16/results/intfloat__e5-small_e272f3049e853b47cb5ca3952268c6662abda68f/intfloat__e5-small/e272f3049e853b47cb5ca3952268c6662abda68f
nomic_ai_nomic_embed_text_v1,hierarchical_section,128,32,0.775542,0.124050,0.062290,0.245863,0.223060,0.129200,0.105570,0.875950,0.937710,0.754137,0.776940,0.182895,0.631393,0.000000,0.079530,-0.011617,1.000000,nomic_ai_nomic_embed_text_v1_hierarchical_section_c128_o32/results/nomic-ai__nomic-embed-text-v1_0759316f275aa0cb93a5b830973843ca66babcf5/nomic-ai__nomic-embed-text-v1/0759316f275aa0cb93a5b830973843ca66babcf5
intfloat_e5_small,recursive_token,128,0,0.775600,0.122570,0.061820,0.247522,0.206710,0.139710,0.099470,0.877430,0.938180,0.752478,0.793290,0.288025,0.482840,0.000000,0.103879,0.000894,1.000000,intfloat_e5_small_recursive_token_c128_o0/results/intfloat__e5-small_e272f3049e853b47cb5ca3952268c6662abda68f/intfloat__e5-small/e272f3049e853b47cb5ca3952268c6662abda68f
nomic_ai_nomic_embed_text_v1,recursive_token,128,16,0.775920,0.119550,0.058870,0.241843,0.222800,0.127100,0.099680,0.880450,0.941130,0.758157,0.777200,0.215736,0.543378,0.000000,0.101682,-0.020715,1.000000,nomic_ai_nomic_embed_text_v1_recursive_token_c128_o16/results/nomic-ai__nomic-embed-text-v1_0759316f275aa0cb93a5b830973843ca66babcf5/nomic-ai__nomic-embed-text-v1/0759316f275aa0cb93a5b830973843ca66babcf5
nomic_ai_nomic_embed_text_v1.5,fixed_token,128,32,0.775953,0.116090,0.058160,0.241439,0.202600,0.129200,0.098630,0.883910,0.941840,0.758561,0.797400,0.236610,0.447980,0.000000,0.123388,0.025968,1.000000,nomic_ai_nomic_embed_text_v1.5_fixed_token_c128_o32/results/nomic-ai__nomic-embed-text-v1.5_b0753ae76394dd36bcfb912a46018088bca48be0/nomic-ai__nomic-embed-text-v1.5/b0753ae76394dd36bcfb912a46018088bca48be0
BAAI_bge_base_en_v1.5,recursive_token,128,0,0.776345,0.120950,0.060000,0.244339,0.210210,0.138660,0.100210,0.879050,0.940000,0.755661,0.789790,0.277297,0.487250,0.000000,0.102879,0.000658,1.000000,BAAI_bge_base_en_v1.5_recursive_token_c128_o0/results/BAAI__bge-base-en-v1.5_a5beb1e3e68b9ab74eb54cfd186867f64f240e1a/BAAI__bge-base-en-v1.5/a5beb1e3e68b9ab74eb54cfd186867f64f240e1a
nomic_ai_nomic_embed_text_v1,fixed_token,128,32,0.776386,0.120380,0.060210,0.242284,0.209500,0.126050,0.103570,0.879620,0.939790,0.757716,0.790500,0.178342,0.577208,0.000000,0.086295,0.003473,1.000000,nomic_ai_nomic_embed_text_v1_fixed_token_c128_o32/results/nomic-ai__nomic-embed-text-v1_0759316f275aa0cb93a5b830973843ca66babcf5/nomic-ai__nomic-embed-text-v1/0759316f275aa0cb93a5b830973843ca66babcf5
BAAI_bge_large_en_v1.5,recursive_token,128,16,0.777141,0.118610,0.057090,0.238324,0.205580,0.120800,0.099790,0.881390,0.942910,0.761676,0.794420,0.173924,0.552560,0.000000,0.095395,-0.011814,1.000000,BAAI_bge_large_en_v1.5_recursive_token_c128_o16/results/BAAI__bge-large-en-v1.5_d4aa6901d3a41ba39fb536a557fa166f842b0e09/BAAI__bge-large-en-v1.5/d4aa6901d3a41ba39fb536a557fa166f842b0e09
BAAI_bge_base_en_v1.5,semantic_fixed,128,16,0.777463,0.118320,0.056920,0.244132,0.211940,0.131300,0.101890,0.881680,0.943080,0.755868,0.788060,0.223991,0.529983,0.000000,0.105581,0.023155,1.000000,BAAI_bge_base_en_v1.5_semantic_fixed_c128_o16/results/BAAI__bge-base-en-v1.5_a5beb1e3e68b9ab74eb54cfd186867f64f240e1a/BAAI__bge-base-en-v1.5/a5beb1e3e68b9ab74eb54cfd186867f64f240e1a
intfloat_e5_base,hierarchical_section,128,32,0.778494,0.113640,0.056340,0.233873,0.206390,0.123950,0.098530,0.886360,0.943660,0.766127,0.793610,0.205083,0.493443,0.000000,0.108251,0.013879,1.000000,intfloat_e5_base_hierarchical_section_c128_o32/results/intfloat__e5-base_b533fe4636f4a2507c08ddab40644d20b0006d6a/intfloat__e5-base/b533fe4636f4a2507c08ddab40644d20b0006d6a
intfloat_multilingual_e5_base,recursive_token,128,16,0.778550,0.110130,0.053970,0.236870,0.183080,0.127100,0.092650,0.889870,0.946030,0.763130,0.816920,0.271046,0.346907,0.000000,0.131757,0.002277,1.000000,intfloat_multilingual_e5_base_recursive_token_c128_o16/results/intfloat__multilingual-e5-base_d13f1b27baf31030b7fd040960d60d909913633f/intfloat__multilingual-e5-base/d13f1b27baf31030b7fd040960d60d909913633f
intfloat_multilingual_e5_base,recursive_token,128,32,0.779087,0.103550,0.048430,0.213305,0.176260,0.109240,0.088030,0.896450,0.951570,0.786695,0.823740,0.194160,0.292380,0.000000,0.141875,-0.000702,1.000000,intfloat_multilingual_e5_base_recursive_token_c128_o32/results/intfloat__multilingual-e5-base_d13f1b27baf31030b7fd040960d60d909913633f/intfloat__multilingual-e5-base/d13f1b27baf31030b7fd040960d60d909913633f
intfloat_multilingual_e5_base,semantic_recursive,128,0,0.779834,0.115530,0.055390,0.247297,0.191760,0.137610,0.096010,0.884470,0.944610,0.752703,0.808240,0.302304,0.433820,0.000000,0.130428,0.034384,1.000000,intfloat_multilingual_e5_base_semantic_recursive_c128_o0/results/intfloat__multilingual-e5-base_d13f1b27baf31030b7fd040960d60d909913633f/intfloat__multilingual-e5-base/d13f1b27baf31030b7fd040960d60d909913633f
BAAI_bge_base_en_v1.5,recursive_token,128,16,0.780029,0.117330,0.057120,0.239538,0.206840,0.132350,0.097480,0.882670,0.942880,0.760462,0.793160,0.263468,0.514317,0.000000,0.098501,-0.002729,1.000000,BAAI_bge_base_en_v1.5_recursive_token_c128_o16/results/BAAI__bge-base-en-v1.5_a5beb1e3e68b9ab74eb54cfd186867f64f240e1a/BAAI__bge-base-en-v1.5/a5beb1e3e68b9ab74eb54cfd186867f64f240e1a
intfloat_multilingual_e5_base,semantic_recursive,128,16,0.780158,0.113540,0.054520,0.244282,0.192110,0.137610,0.094850,0.886460,0.945480,0.755718,0.807890,0.310733,0.405148,0.000000,0.134157,0.030373,1.000000,intfloat_multilingual_e5_base_semantic_recursive_c128_o16/results/intfloat__multilingual-e5-base_d13f1b27baf31030b7fd040960d60d909913633f/intfloat__multilingual-e5-base/d13f1b27baf31030b7fd040960d60d909913633f
intfloat_e5_small,semantic_fixed,128,16,0.780909,0.117990,0.056860,0.247744,0.199480,0.130250,0.099370,0.882010,0.943140,0.752256,0.800520,0.237083,0.564887,0.000000,0.089006,0.003967,1.000000,intfloat_e5_small_semantic_fixed_c128_o16/results/intfloat__e5-small_e272f3049e853b47cb5ca3952268c6662abda68f/intfloat__e5-small/e272f3049e853b47cb5ca3952268c6662abda68f
intfloat_multilingual_e5_base,fixed_token,128,16,0.781411,0.112480,0.053080,0.232858,0.197270,0.126050,0.095170,0.887520,0.946920,0.767142,0.802730,0.244982,0.468130,0.000000,0.118393,0.024038,1.000000,intfloat_multilingual_e5_base_fixed_token_c128_o16/results/intfloat__multilingual-e5-base_d13f1b27baf31030b7fd040960d60d909913633f/intfloat__multilingual-e5-base/d13f1b27baf31030b7fd040960d60d909913633f
intfloat_multilingual_e5_base,semantic_fixed,128,16,0.781487,0.113730,0.054000,0.239690,0.197600,0.132350,0.096010,0.886270,0.946000,0.760310,0.802400,0.274575,0.469317,0.000000,0.121076,0.029879,1.000000,intfloat_multilingual_e5_base_semantic_fixed_c128_o16/results/intfloat__multilingual-e5-base_d13f1b27baf31030b7fd040960d60d909913633f/intfloat__multilingual-e5-base/d13f1b27baf31030b7fd040960d60d909913633f
intfloat_multilingual_e5_base,hierarchical_section,128,16,0.782448,0.123590,0.060690,0.256387,0.209590,0.143910,0.104200,0.876410,0.939310,0.743613,0.790410,0.275936,0.660045,0.000000,0.083998,0.032014,1.000000,intfloat_multilingual_e5_base_hierarchical_section_c128_o16/results/intfloat__multilingual-e5-base_d13f1b27baf31030b7fd040960d60d909913633f/intfloat__multilingual-e5-base/d13f1b27baf31030b7fd040960d60d909913633f
intfloat_e5_large,semantic_fixed,128,32,0.782631,0.114190,0.056410,0.231819,0.209150,0.121850,0.097370,0.885810,0.943590,0.768181,0.790850,0.200903,0.587008,0.000000,0.089282,0.013367,1.000000,intfloat_e5_large_semantic_fixed_c128_o32/results/intfloat__e5-large_4dc6d853a804b9c8886ede6dda8a073b7dc08a81/intfloat__e5-large/4dc6d853a804b9c8886ede6dda8a073b7dc08a81
intfloat_e5_base,recursive_token,128,32,0.782632,0.115640,0.056260,0.239036,0.203840,0.131300,0.098530,0.884360,0.943740,0.760964,0.796160,0.249581,0.554612,0.000000,0.101388,-0.024621,1.000000,intfloat_e5_base_recursive_token_c128_o32/results/intfloat__e5-base_b533fe4636f4a2507c08ddab40644d20b0006d6a/intfloat__e5-base/b533fe4636f4a2507c08ddab40644d20b0006d6a
intfloat_multilingual_e5_base,semantic_recursive,128,32,0.783600,0.109610,0.052340,0.238466,0.187870,0.136550,0.090650,0.890390,0.947660,0.761534,0.812130,0.336141,0.384390,0.000000,0.128722,0.011200,1.000000,intfloat_multilingual_e5_base_semantic_recursive_c128_o32/results/intfloat__multilingual-e5-base_d13f1b27baf31030b7fd040960d60d909913633f/intfloat__multilingual-e5-base/d13f1b27baf31030b7fd040960d60d909913633f
intfloat_e5_base,semantic_recursive,128,16,0.783941,0.108180,0.051630,0.228281,0.187310,0.123950,0.091280,0.891820,0.948370,0.771719,0.812690,0.263574,0.426573,0.000000,0.115184,0.000997,1.000000,intfloat_e5_base_semantic_recursive_c128_o16/results/intfloat__e5-base_b533fe4636f4a2507c08ddab40644d20b0006d6a/intfloat__e5-base/b533fe4636f4a2507c08ddab40644d20b0006d6a
intfloat_e5_base,fixed_token,128,32,0.784554,0.111630,0.055430,0.230287,0.201800,0.120800,0.095270,0.888370,0.944570,0.769713,0.798200,0.211341,0.570307,0.000000,0.087100,0.002323,1.000000,intfloat_e5_base_fixed_token_c128_o32/results/intfloat__e5-base_b533fe4636f4a2507c08ddab40644d20b0006d6a/intfloat__e5-base/b533fe4636f4a2507c08ddab40644d20b0006d6a
BAAI_bge_base_en_v1.5,hierarchical_section,128,32,0.784686,0.116350,0.056980,0.234820,0.205580,0.123950,0.101370,0.883650,0.943020,0.765180,0.794420,0.182170,0.667417,0.000000,0.079848,0.026663,1.000000,BAAI_bge_base_en_v1.5_hierarchical_section_c128_o32/results/BAAI__bge-base-en-v1.5_a5beb1e3e68b9ab74eb54cfd186867f64f240e1a/BAAI__bge-base-en-v1.5/a5beb1e3e68b9ab74eb54cfd186867f64f240e1a
intfloat_e5_small,recursive_token,128,16,0.784761,0.119030,0.058280,0.241572,0.201600,0.137610,0.098110,0.880970,0.941720,0.758428,0.798400,0.287043,0.598903,0.000000,0.080280,-0.000121,1.000000,intfloat_e5_small_recursive_token_c128_o16/results/intfloat__e5-small_e272f3049e853b47cb5ca3952268c6662abda68f/intfloat__e5-small/e272f3049e853b47cb5ca3952268c6662abda68f
intfloat_multilingual_e5_base,hierarchical_section,128,32,0.785069,0.112330,0.055490,0.233009,0.189840,0.132350,0.095690,0.887670,0.944510,0.766991,0.810160,0.276993,0.503018,0.000000,0.114209,0.029625,1.000000,intfloat_multilingual_e5_base_hierarchical_section_c128_o32/results/intfloat__multilingual-e5-base_d13f1b27baf31030b7fd040960d60d909913633f/intfloat__multilingual-e5-base/d13f1b27baf31030b7fd040960d60d909913633f
intfloat_e5_large,fixed_token,128,32,0.785579,0.117140,0.057530,0.239050,0.213700,0.127100,0.100110,0.882860,0.942470,0.760950,0.786300,0.212353,0.689113,0.000000,0.063684,-0.003013,1.000000,intfloat_e5_large_fixed_token_c128_o32/results/intfloat__e5-large_4dc6d853a804b9c8886ede6dda8a073b7dc08a81/intfloat__e5-large/4dc6d853a804b9c8886ede6dda8a073b7dc08a81
intfloat_e5_small,fixed_token,128,0,0.785667,0.125860,0.063140,0.250672,0.220290,0.139710,0.104940,0.874140,0.936860,0.749328,0.779710,0.248873,0.791693,0.000000,0.048891,-0.014459,1.000000,intfloat_e5_small_fixed_token_c128_o0/results/intfloat__e5-small_e272f3049e853b47cb5ca3952268c6662abda68f/intfloat__e5-small/e272f3049e853b47cb5ca3952268c6662abda68f
intfloat_e5_large,recursive_token,128,32,0.786596,0.120790,0.059650,0.247564,0.210790,0.134450,0.100000,0.879210,0.940350,0.752436,0.789210,0.256229,0.718112,0.000000,0.076698,-0.040641,1.000000,intfloat_e5_large_recursive_token_c128_o32/results/intfloat__e5-large_4dc6d853a804b9c8886ede6dda8a073b7dc08a81/intfloat__e5-large/4dc6d853a804b9c8886ede6dda8a073b7dc08a81
intfloat_multilingual_e5_base,recursive_token,128,0,0.786648,0.111110,0.053720,0.241123,0.186750,0.134450,0.092750,0.888890,0.946280,0.758877,0.813250,0.310153,0.493425,0.000000,0.112358,-0.022086,1.000000,intfloat_multilingual_e5_base_recursive_token_c128_o0/results/intfloat__multilingual-e5-base_d13f1b27baf31030b7fd040960d60d909913633f/intfloat__multilingual-e5-base/d13f1b27baf31030b7fd040960d60d909913633f
intfloat_e5_base,semantic_recursive,128,0,0.787240,0.109090,0.052140,0.228443,0.185890,0.123950,0.091180,0.890910,0.947860,0.771557,0.814110,0.264381,0.499448,0.000000,0.101554,0.002887,1.000000,intfloat_e5_base_semantic_recursive_c128_o0/results/intfloat__e5-base_b533fe4636f4a2507c08ddab40644d20b0006d6a/intfloat__e5-base/b533fe4636f4a2507c08ddab40644d20b0006d6a
nomic_ai_nomic_embed_text_v1.5,recursive_token,128,32,0.787993,0.117460,0.057480,0.242581,0.207700,0.135500,0.097160,0.882540,0.942520,0.757419,0.792300,0.282952,0.664527,0.000000,0.086235,-0.038281,1.000000,nomic_ai_nomic_embed_text_v1.5_recursive_token_c128_o32/results/nomic-ai__nomic-embed-text-v1.5_b0753ae76394dd36bcfb912a46018088bca48be0/nomic-ai__nomic-embed-text-v1.5/b0753ae76394dd36bcfb912a46018088bca48be0
BAAI_bge_large_en_v1.5,fixed_token,128,32,0.788234,0.110040,0.053900,0.225058,0.194300,0.115550,0.096530,0.889960,0.946100,0.774942,0.805700,0.164604,0.644745,0.000000,0.083021,0.023940,1.000000,BAAI_bge_large_en_v1.5_fixed_token_c128_o32/results/BAAI__bge-large-en-v1.5_d4aa6901d3a41ba39fb536a557fa166f842b0e09/BAAI__bge-large-en-v1.5/d4aa6901d3a41ba39fb536a557fa166f842b0e09
BAAI_bge_base_en_v1.5,semantic_recursive,128,0,0.788264,0.109240,0.051680,0.226970,0.197080,0.122900,0.091810,0.890760,0.948320,0.773030,0.802920,0.252970,0.550288,0.000000,0.097551,0.015217,1.000000,BAAI_bge_base_en_v1.5_semantic_recursive_c128_o0/results/BAAI__bge-base-en-v1.5_a5beb1e3e68b9ab74eb54cfd186867f64f240e1a/BAAI__bge-base-en-v1.5/a5beb1e3e68b9ab74eb54cfd186867f64f240e1a
intfloat_e5_base,semantic_recursive,128,32,0.788326,0.105940,0.050270,0.229493,0.183270,0.126050,0.090340,0.894060,0.949730,0.770507,0.816730,0.283300,0.463288,0.000000,0.109563,-0.004441,1.000000,intfloat_e5_base_semantic_recursive_c128_o32/results/intfloat__e5-base_b533fe4636f4a2507c08ddab40644d20b0006d6a/intfloat__e5-base/b533fe4636f4a2507c08ddab40644d20b0006d6a
intfloat_e5_small,hierarchical_section,128,32,0.788995,0.113160,0.056210,0.233606,0.193220,0.127100,0.096640,0.886840,0.943790,0.766394,0.806780,0.239654,0.637180,0.000000,0.076193,0.007258,1.000000,intfloat_e5_small_hierarchical_section_c128_o32/results/intfloat__e5-small_e272f3049e853b47cb5ca3952268c6662abda68f/intfloat__e5-small/e272f3049e853b47cb5ca3952268c6662abda68f
intfloat_e5_small,semantic_recursive,128,0,0.790050,0.113150,0.054390,0.244073,0.189820,0.135500,0.093170,0.886850,0.945610,0.755927,0.810180,0.312399,0.592290,0.000000,0.092680,0.022276,1.000000,intfloat_e5_small_semantic_recursive_c128_o0/results/intfloat__e5-small_e272f3049e853b47cb5ca3952268c6662abda68f/intfloat__e5-small/e272f3049e853b47cb5ca3952268c6662abda68f
BAAI_bge_base_en_v1.5,recursive_token,128,32,0.790388,0.114590,0.055740,0.245804,0.196280,0.147060,0.095060,0.885410,0.944260,0.754196,0.803720,0.353597,0.592600,0.000000,0.087694,0.012428,1.000000,BAAI_bge_base_en_v1.5_recursive_token_c128_o32/results/BAAI__bge-base-en-v1.5_a5beb1e3e68b9ab74eb54cfd186867f64f240e1a/BAAI__bge-base-en-v1.5/a5beb1e3e68b9ab74eb54cfd186867f64f240e1a
intfloat_e5_large,semantic_recursive,128,0,0.790689,0.119500,0.058390,0.255982,0.206650,0.146010,0.098210,0.880500,0.941610,0.744018,0.793350,0.327375,0.720732,0.000000,0.064083,-0.016459,1.000000,intfloat_e5_large_semantic_recursive_c128_o0/results/intfloat__e5-large_4dc6d853a804b9c8886ede6dda8a073b7dc08a81/intfloat__e5-large/4dc6d853a804b9c8886ede6dda8a073b7dc08a81
BAAI_bge_base_en_v1.5,semantic_recursive,128,16,0.790952,0.110470,0.052770,0.232118,0.195780,0.130250,0.091910,0.889530,0.947230,0.767882,0.804220,0.294357,0.585788,0.000000,0.084638,0.003591,1.000000,BAAI_bge_base_en_v1.5_semantic_recursive_c128_o16/results/BAAI__bge-base-en-v1.5_a5beb1e3e68b9ab74eb54cfd186867f64f240e1a/BAAI__bge-base-en-v1.5/a5beb1e3e68b9ab74eb54cfd186867f64f240e1a
intfloat_multilingual_e5_base,fixed_token,128,32,0.791327,0.101320,0.048850,0.214339,0.182900,0.112390,0.084660,0.898680,0.951150,0.785661,0.817100,0.246730,0.481563,0.000000,0.119283,0.031191,1.000000,intfloat_multilingual_e5_base_fixed_token_c128_o32/results/intfloat__multilingual-e5-base_d13f1b27baf31030b7fd040960d60d909913633f/intfloat__multilingual-e5-base/d13f1b27baf31030b7fd040960d60d909913633f
intfloat_e5_small,fixed_token,128,32,0.791575,0.108310,0.053730,0.228236,0.191120,0.120800,0.091180,0.891690,0.946270,0.771764,0.808880,0.245199,0.614723,0.000000,0.083774,-0.013437,1.000000,intfloat_e5_small_fixed_token_c128_o32/results/intfloat__e5-small_e272f3049e853b47cb5ca3952268c6662abda68f/intfloat__e5-small/e272f3049e853b47cb5ca3952268c6662abda68f
intfloat_multilingual_e5_base,semantic_fixed,128,32,0.792078,0.103630,0.049320,0.223349,0.180860,0.122900,0.085920,0.896370,0.950680,0.776651,0.819140,0.300895,0.479040,0.000000,0.124743,0.041102,1.000000,intfloat_multilingual_e5_base_semantic_fixed_c128_o32/results/intfloat__multilingual-e5-base_d13f1b27baf31030b7fd040960d60d909913633f/intfloat__multilingual-e5-base/d13f1b27baf31030b7fd040960d60d909913633f
intfloat_e5_base,semantic_fixed,128,32,0.792320,0.106500,0.051720,0.223065,0.194260,0.117650,0.091280,0.893500,0.948280,0.776935,0.805740,0.224139,0.622287,0.000000,0.076175,-0.001265,1.000000,intfloat_e5_base_semantic_fixed_c128_o32/results/intfloat__e5-base_b533fe4636f4a2507c08ddab40644d20b0006d6a/intfloat__e5-base/b533fe4636f4a2507c08ddab40644d20b0006d6a
intfloat_e5_large,semantic_recursive,128,16,0.792955,0.116970,0.056870,0.247407,0.203280,0.139710,0.096220,0.883030,0.943130,0.752593,0.796720,0.311288,0.729402,0.000000,0.061203,-0.014167,1.000000,intfloat_e5_large_semantic_recursive_c128_o16/results/intfloat__e5-large_4dc6d853a804b9c8886ede6dda8a073b7dc08a81/intfloat__e5-large/4dc6d853a804b9c8886ede6dda8a073b7dc08a81
BAAI_bge_large_en_v1.5,recursive_token,128,32,0.793452,0.117570,0.057190,0.248403,0.198290,0.139710,0.098210,0.882430,0.942810,0.751597,0.801710,0.297044,0.752265,0.000000,0.057155,-0.015216,1.000000,BAAI_bge_large_en_v1.5_recursive_token_c128_o32/results/BAAI__bge-large-en-v1.5_d4aa6901d3a41ba39fb536a557fa166f842b0e09/BAAI__bge-large-en-v1.5/d4aa6901d3a41ba39fb536a557fa166f842b0e09
nomic_ai_nomic_embed_text_v1,recursive_token,128,32,0.793856,0.120410,0.059830,0.253980,0.209420,0.148110,0.099050,0.879590,0.940170,0.746020,0.790580,0.331240,0.795693,0.000000,0.062319,-0.042915,1.000000,nomic_ai_nomic_embed_text_v1_recursive_token_c128_o32/results/nomic-ai__nomic-embed-text-v1_0759316f275aa0cb93a5b830973843ca66babcf5/nomic-ai__nomic-embed-text-v1/0759316f275aa0cb93a5b830973843ca66babcf5
BAAI_bge_large_en_v1.5,semantic_recursive,128,0,0.794260,0.114070,0.053720,0.244566,0.195860,0.133400,0.095690,0.885930,0.946280,0.755434,0.804140,0.282684,0.724878,0.000000,0.058165,-0.006281,1.000000,BAAI_bge_large_en_v1.5_semantic_recursive_c128_o0/results/BAAI__bge-large-en-v1.5_d4aa6901d3a41ba39fb536a557fa166f842b0e09/BAAI__bge-large-en-v1.5/d4aa6901d3a41ba39fb536a557fa166f842b0e09
BAAI_bge_large_en_v1.5,semantic_recursive,128,16,0.794431,0.111910,0.052250,0.237023,0.193460,0.125000,0.093910,0.888090,0.947750,0.762977,0.806540,0.248720,0.717050,0.000000,0.057580,0.001980,1.000000,BAAI_bge_large_en_v1.5_semantic_recursive_c128_o16/results/BAAI__bge-large-en-v1.5_d4aa6901d3a41ba39fb536a557fa166f842b0e09/BAAI__bge-large-en-v1.5/d4aa6901d3a41ba39fb536a557fa166f842b0e09
BAAI_bge_base_en_v1.5,fixed_token,128,32,0.794536,0.106760,0.051540,0.225137,0.195070,0.121850,0.092120,0.893240,0.948460,0.774863,0.804930,0.243989,0.654153,0.000000,0.078570,0.018801,1.000000,BAAI_bge_base_en_v1.5_fixed_token_c128_o32/results/BAAI__bge-base-en-v1.5_a5beb1e3e68b9ab74eb54cfd186867f64f240e1a/BAAI__bge-base-en-v1.5/a5beb1e3e68b9ab74eb54cfd186867f64f240e1a
BAAI_bge_large_en_v1.5,semantic_fixed,128,32,0.794757,0.110040,0.053790,0.219139,0.196170,0.111340,0.097160,0.889960,0.946210,0.780861,0.803830,0.127358,0.803930,0.000000,0.057097,0.035766,1.000000,BAAI_bge_large_en_v1.5_semantic_fixed_c128_o32/results/BAAI__bge-large-en-v1.5_d4aa6901d3a41ba39fb536a557fa166f842b0e09/BAAI__bge-large-en-v1.5/d4aa6901d3a41ba39fb536a557fa166f842b0e09
intfloat_e5_small,semantic_recursive,128,16,0.795409,0.111840,0.053290,0.242335,0.187630,0.133400,0.092540,0.888160,0.946710,0.757665,0.812370,0.306297,0.681535,0.000000,0.070626,0.013866,1.000000,intfloat_e5_small_semantic_recursive_c128_o16/results/intfloat__e5-small_e272f3049e853b47cb5ca3952268c6662abda68f/intfloat__e5-small/e272f3049e853b47cb5ca3952268c6662abda68f
BAAI_bge_large_en_v1.5,hierarchical_section,128,32,0.796598,0.119600,0.059740,0.246885,0.211780,0.137610,0.101680,0.880400,0.940260,0.753115,0.788220,0.261100,0.903555,0.000000,0.036261,0.033944,1.000000,BAAI_bge_large_en_v1.5_hierarchical_section_c128_o32/results/BAAI__bge-large-en-v1.5_d4aa6901d3a41ba39fb536a557fa166f842b0e09/BAAI__bge-large-en-v1.5/d4aa6901d3a41ba39fb536a557fa166f842b0e09
intfloat_e5_small,recursive_token,128,32,0.796614,0.115390,0.056080,0.245024,0.195020,0.141810,0.094010,0.884610,0.943920,0.754976,0.804980,0.337071,0.738120,0.000000,0.066974,-0.029196,1.000000,intfloat_e5_small_recursive_token_c128_o32/results/intfloat__e5-small_e272f3049e853b47cb5ca3952268c6662abda68f/intfloat__e5-small/e272f3049e853b47cb5ca3952268c6662abda68f
intfloat_e5_large,semantic_recursive,128,32,0.797310,0.113760,0.055250,0.240267,0.196940,0.135500,0.093910,0.886240,0.944750,0.759733,0.803060,0.306937,0.758525,0.000000,0.062919,-0.029248,1.000000,intfloat_e5_large_semantic_recursive_c128_o32/results/intfloat__e5-large_4dc6d853a804b9c8886ede6dda8a073b7dc08a81/intfloat__e5-large/4dc6d853a804b9c8886ede6dda8a073b7dc08a81
intfloat_e5_small,semantic_fixed,128,32,0.798049,0.107930,0.053930,0.229897,0.185370,0.126050,0.091490,0.892070,0.946070,0.770103,0.814630,0.274177,0.704427,0.000000,0.060562,-0.002895,1.000000,intfloat_e5_small_semantic_fixed_c128_o32/results/intfloat__e5-small_e272f3049e853b47cb5ca3952268c6662abda68f/intfloat__e5-small/e272f3049e853b47cb5ca3952268c6662abda68f
intfloat_e5_small,semantic_recursive,128,32,0.799356,0.108190,0.051740,0.238786,0.181660,0.135500,0.087920,0.891810,0.948260,0.761214,0.818340,0.351144,0.657540,0.000000,0.073990,-0.010996,1.000000,intfloat_e5_small_semantic_recursive_c128_o32/results/intfloat__e5-small_e272f3049e853b47cb5ca3952268c6662abda68f/intfloat__e5-small/e272f3049e853b47cb5ca3952268c6662abda68f
BAAI_bge_base_en_v1.5,semantic_fixed,128,32,0.799522,0.106980,0.051640,0.216633,0.190730,0.112390,0.093070,0.893020,0.948360,0.783367,0.809270,0.171901,0.802647,0.000000,0.051419,0.023897,1.000000,BAAI_bge_base_en_v1.5_semantic_fixed_c128_o32/results/BAAI__bge-base-en-v1.5_a5beb1e3e68b9ab74eb54cfd186867f64f240e1a/BAAI__bge-base-en-v1.5/a5beb1e3e68b9ab74eb54cfd186867f64f240e1a
BAAI_bge_base_en_v1.5,semantic_recursive,128,32,0.801592,0.107570,0.051980,0.233917,0.190470,0.139710,0.087820,0.892430,0.948020,0.766083,0.809530,0.371412,0.685248,0.000000,0.064440,0.002979,1.000000,BAAI_bge_base_en_v1.5_semantic_recursive_c128_o32/results/BAAI__bge-base-en-v1.5_a5beb1e3e68b9ab74eb54cfd186867f64f240e1a/BAAI__bge-base-en-v1.5/a5beb1e3e68b9ab74eb54cfd186867f64f240e1a
BAAI_bge_large_en_v1.5,semantic_recursive,128,32,0.811791,0.110510,0.051890,0.235682,0.190200,0.135500,0.092750,0.889490,0.948110,0.764318,0.809800,0.315498,0.974245,0.000000,0.013634,-0.016966,1.000000,BAAI_bge_large_en_v1.5_semantic_recursive_c128_o32/results/BAAI__bge-large-en-v1.5_d4aa6901d3a41ba39fb536a557fa166f842b0e09/BAAI__bge-large-en-v1.5/d4aa6901d3a41ba39fb536a557fa166f842b0e09
