model_name,chunker,token_size,overlap,ndcg_at_10,rel_path
nomic_ai_nomic_embed_text_v1,fixed_token,448,0,0.349270,nomic_ai_nomic_embed_text_v1_fixed_token_c448_o0/results/nomic-ai__nomic-embed-text-v1_0759316f275aa0cb93a5b830973843ca66babcf5/nomic-ai__nomic-embed-text-v1/0759316f275aa0cb93a5b830973843ca66babcf5
nomic_ai_nomic_embed_text_v1,fixed_token,448,16,0.345120,nomic_ai_nomic_embed_text_v1_fixed_token_c448_o16/results/nomic-ai__nomic-embed-text-v1_0759316f275aa0cb93a5b830973843ca66babcf5/nomic-ai__nomic-embed-text-v1/0759316f275aa0cb93a5b830973843ca66babcf5
intfloat_e5_base,fixed_token,448,0,0.341930,intfloat_e5_base_fixed_token_c448_o0/results/intfloat__e5-base_b533fe4636f4a2507c08ddab40644d20b0006d6a/intfloat__e5-base/b533fe4636f4a2507c08ddab40644d20b0006d6a
nomic_ai_nomic_embed_text_v1,recursive_token,448,16,0.334680,nomic_ai_nomic_embed_text_v1_recursive_token_c448_o16/results/nomic-ai__nomic-embed-text-v1_0759316f275aa0cb93a5b830973843ca66babcf5/nomic-ai__nomic-embed-text-v1/0759316f275aa0cb93a5b830973843ca66babcf5
nomic_ai_nomic_embed_text_v1,recursive_token,448,0,0.333770,nomic_ai_nomic_embed_text_v1_recursive_token_c448_o0/results/nomic-ai__nomic-embed-text-v1_0759316f275aa0cb93a5b830973843ca66babcf5/nomic-ai__nomic-embed-text-v1/0759316f275aa0cb93a5b830973843ca66babcf5
BAAI_bge_large_en_v1.5,fixed_token,448,0,0.333590,BAAI_bge_large_en_v1.5_fixed_token_c448_o0/results/BAAI__bge-large-en-v1.5_d4aa6901d3a41ba39fb536a557fa166f842b0e09/BAAI__bge-large-en-v1.5/d4aa6901d3a41ba39fb536a557fa166f842b0e09
nomic_ai_nomic_embed_text_v1.5,fixed_token,448,0,0.332780,nomic_ai_nomic_embed_text_v1.5_fixed_token_c448_o0/results/nomic-ai__nomic-embed-text-v1.5_b0753ae76394dd36bcfb912a46018088bca48be0/nomic-ai__nomic-embed-text-v1.5/b0753ae76394dd36bcfb912a46018088bca48be0
nomic_ai_nomic_embed_text_v1,fixed_token,448,32,0.332530,nomic_ai_nomic_embed_text_v1_fixed_token_c448_o32/results/nomic-ai__nomic-embed-text-v1_0759316f275aa0cb93a5b830973843ca66babcf5/nomic-ai__nomic-embed-text-v1/0759316f275aa0cb93a5b830973843ca66babcf5
intfloat_e5_base,fixed_token,448,16,0.332060,intfloat_e5_base_fixed_token_c448_o16/results/intfloat__e5-base_b533fe4636f4a2507c08ddab40644d20b0006d6a/intfloat__e5-base/b533fe4636f4a2507c08ddab40644d20b0006d6a
BAAI_bge_large_en_v1.5,semantic_fixed,448,0,0.330550,BAAI_bge_large_en_v1.5_semantic_fixed_c448_o0/results/BAAI__bge-large-en-v1.5_d4aa6901d3a41ba39fb536a557fa166f842b0e09/BAAI__bge-large-en-v1.5/d4aa6901d3a41ba39fb536a557fa166f842b0e09
nomic_ai_nomic_embed_text_v1.5,fixed_token,448,16,0.328660,nomic_ai_nomic_embed_text_v1.5_fixed_token_c448_o16/results/nomic-ai__nomic-embed-text-v1.5_b0753ae76394dd36bcfb912a46018088bca48be0/nomic-ai__nomic-embed-text-v1.5/b0753ae76394dd36bcfb912a46018088bca48be0
nomic_ai_nomic_embed_text_v1,recursive_token,448,32,0.328610,nomic_ai_nomic_embed_text_v1_recursive_token_c448_o32/results/nomic-ai__nomic-embed-text-v1_0759316f275aa0cb93a5b830973843ca66babcf5/nomic-ai__nomic-embed-text-v1/0759316f275aa0cb93a5b830973843ca66babcf5
nomic_ai_nomic_embed_text_v1,recursive_token,448,48,0.328530,nomic_ai_nomic_embed_text_v1_recursive_token_c448_o48/results/nomic-ai__nomic-embed-text-v1_0759316f275aa0cb93a5b830973843ca66babcf5/nomic-ai__nomic-embed-text-v1/0759316f275aa0cb93a5b830973843ca66babcf5
nomic_ai_nomic_embed_text_v1,fixed_token,448,48,0.328150,nomic_ai_nomic_embed_text_v1_fixed_token_c448_o48/results/nomic-ai__nomic-embed-text-v1_0759316f275aa0cb93a5b830973843ca66babcf5/nomic-ai__nomic-embed-text-v1/0759316f275aa0cb93a5b830973843ca66babcf5
intfloat_e5_base,fixed_token,448,32,0.325100,intfloat_e5_base_fixed_token_c448_o32/results/intfloat__e5-base_b533fe4636f4a2507c08ddab40644d20b0006d6a/intfloat__e5-base/b533fe4636f4a2507c08ddab40644d20b0006d6a
BAAI_bge_large_en_v1.5,semantic_fixed,448,32,0.325020,BAAI_bge_large_en_v1.5_semantic_fixed_c448_o32/results/BAAI__bge-large-en-v1.5_d4aa6901d3a41ba39fb536a557fa166f842b0e09/BAAI__bge-large-en-v1.5/d4aa6901d3a41ba39fb536a557fa166f842b0e09
intfloat_e5_large,fixed_token,448,0,0.324650,intfloat_e5_large_fixed_token_c448_o0/results/intfloat__e5-large_4dc6d853a804b9c8886ede6dda8a073b7dc08a81/intfloat__e5-large/4dc6d853a804b9c8886ede6dda8a073b7dc08a81
BAAI_bge_large_en_v1.5,fixed_token,448,16,0.324230,BAAI_bge_large_en_v1.5_fixed_token_c448_o16/results/BAAI__bge-large-en-v1.5_d4aa6901d3a41ba39fb536a557fa166f842b0e09/BAAI__bge-large-en-v1.5/d4aa6901d3a41ba39fb536a557fa166f842b0e09
nomic_ai_nomic_embed_text_v1,fixed_token,448,64,0.323760,nomic_ai_nomic_embed_text_v1_fixed_token_c448_o64/results/nomic-ai__nomic-embed-text-v1_0759316f275aa0cb93a5b830973843ca66babcf5/nomic-ai__nomic-embed-text-v1/0759316f275aa0cb93a5b830973843ca66babcf5
intfloat_e5_base,fixed_token,448,64,0.323150,intfloat_e5_base_fixed_token_c448_o64/results/intfloat__e5-base_b533fe4636f4a2507c08ddab40644d20b0006d6a/intfloat__e5-base/b533fe4636f4a2507c08ddab40644d20b0006d6a
intfloat_e5_base,fixed_token,448,48,0.321940,intfloat_e5_base_fixed_token_c448_o48/results/intfloat__e5-base_b533fe4636f4a2507c08ddab40644d20b0006d6a/intfloat__e5-base/b533fe4636f4a2507c08ddab40644d20b0006d6a
BAAI_bge_large_en_v1.5,semantic_fixed,448,16,0.321750,BAAI_bge_large_en_v1.5_semantic_fixed_c448_o16/results/BAAI__bge-large-en-v1.5_d4aa6901d3a41ba39fb536a557fa166f842b0e09/BAAI__bge-large-en-v1.5/d4aa6901d3a41ba39fb536a557fa166f842b0e09
nomic_ai_nomic_embed_text_v1,hierarchical_section,448,0,0.321290,nomic_ai_nomic_embed_text_v1_hierarchical_section_c448_o0/results/nomic-ai__nomic-embed-text-v1_0759316f275aa0cb93a5b830973843ca66babcf5/nomic-ai__nomic-embed-text-v1/0759316f275aa0cb93a5b830973843ca66babcf5
BAAI_bge_large_en_v1.5,recursive_token,448,16,0.320990,BAAI_bge_large_en_v1.5_recursive_token_c448_o16/results/BAAI__bge-large-en-v1.5_d4aa6901d3a41ba39fb536a557fa166f842b0e09/BAAI__bge-large-en-v1.5/d4aa6901d3a41ba39fb536a557fa166f842b0e09
intfloat_e5_base,recursive_token,448,0,0.320860,intfloat_e5_base_recursive_token_c448_o0/results/intfloat__e5-base_b533fe4636f4a2507c08ddab40644d20b0006d6a/intfloat__e5-base/b533fe4636f4a2507c08ddab40644d20b0006d6a
BAAI_bge_large_en_v1.5,fixed_token,448,32,0.320810,BAAI_bge_large_en_v1.5_fixed_token_c448_o32/results/BAAI__bge-large-en-v1.5_d4aa6901d3a41ba39fb536a557fa166f842b0e09/BAAI__bge-large-en-v1.5/d4aa6901d3a41ba39fb536a557fa166f842b0e09
intfloat_e5_large,fixed_token,448,16,0.320790,intfloat_e5_large_fixed_token_c448_o16/results/intfloat__e5-large_4dc6d853a804b9c8886ede6dda8a073b7dc08a81/intfloat__e5-large/4dc6d853a804b9c8886ede6dda8a073b7dc08a81
nomic_ai_nomic_embed_text_v1,hierarchical_section,448,32,0.320780,nomic_ai_nomic_embed_text_v1_hierarchical_section_c448_o32/results/nomic-ai__nomic-embed-text-v1_0759316f275aa0cb93a5b830973843ca66babcf5/nomic-ai__nomic-embed-text-v1/0759316f275aa0cb93a5b830973843ca66babcf5
BAAI_bge_large_en_v1.5,recursive_token,448,0,0.320370,BAAI_bge_large_en_v1.5_recursive_token_c448_o0/results/BAAI__bge-large-en-v1.5_d4aa6901d3a41ba39fb536a557fa166f842b0e09/BAAI__bge-large-en-v1.5/d4aa6901d3a41ba39fb536a557fa166f842b0e09
intfloat_e5_base,recursive_token,448,48,0.320130,intfloat_e5_base_recursive_token_c448_o48/results/intfloat__e5-base_b533fe4636f4a2507c08ddab40644d20b0006d6a/intfloat__e5-base/b533fe4636f4a2507c08ddab40644d20b0006d6a
BAAI_bge_base_en_v1.5,fixed_token,448,0,0.319960,BAAI_bge_base_en_v1.5_fixed_token_c448_o0/results/BAAI__bge-base-en-v1.5_a5beb1e3e68b9ab74eb54cfd186867f64f240e1a/BAAI__bge-base-en-v1.5/a5beb1e3e68b9ab74eb54cfd186867f64f240e1a
intfloat_e5_small,fixed_token,448,0,0.319690,intfloat_e5_small_fixed_token_c448_o0/results/intfloat__e5-small_e272f3049e853b47cb5ca3952268c6662abda68f/intfloat__e5-small/e272f3049e853b47cb5ca3952268c6662abda68f
intfloat_e5_large,recursive_token,448,16,0.319430,intfloat_e5_large_recursive_token_c448_o16/results/intfloat__e5-large_4dc6d853a804b9c8886ede6dda8a073b7dc08a81/intfloat__e5-large/4dc6d853a804b9c8886ede6dda8a073b7dc08a81
nomic_ai_nomic_embed_text_v1,hierarchical_section,448,16,0.319410,nomic_ai_nomic_embed_text_v1_hierarchical_section_c448_o16/results/nomic-ai__nomic-embed-text-v1_0759316f275aa0cb93a5b830973843ca66babcf5/nomic-ai__nomic-embed-text-v1/0759316f275aa0cb93a5b830973843ca66babcf5
intfloat_e5_base,recursive_token,448,16,0.319300,intfloat_e5_base_recursive_token_c448_o16/results/intfloat__e5-base_b533fe4636f4a2507c08ddab40644d20b0006d6a/intfloat__e5-base/b533fe4636f4a2507c08ddab40644d20b0006d6a
intfloat_e5_large,fixed_token,448,32,0.319180,intfloat_e5_large_fixed_token_c448_o32/results/intfloat__e5-large_4dc6d853a804b9c8886ede6dda8a073b7dc08a81/intfloat__e5-large/4dc6d853a804b9c8886ede6dda8a073b7dc08a81
nomic_ai_nomic_embed_text_v1,recursive_token,448,64,0.318230,nomic_ai_nomic_embed_text_v1_recursive_token_c448_o64/results/nomic-ai__nomic-embed-text-v1_0759316f275aa0cb93a5b830973843ca66babcf5/nomic-ai__nomic-embed-text-v1/0759316f275aa0cb93a5b830973843ca66babcf5
BAAI_bge_large_en_v1.5,hierarchical_section,448,0,0.318050,BAAI_bge_large_en_v1.5_hierarchical_section_c448_o0/results/BAAI__bge-large-en-v1.5_d4aa6901d3a41ba39fb536a557fa166f842b0e09/BAAI__bge-large-en-v1.5/d4aa6901d3a41ba39fb536a557fa166f842b0e09
intfloat_e5_large,recursive_token,448,0,0.318050,intfloat_e5_large_recursive_token_c448_o0/results/intfloat__e5-large_4dc6d853a804b9c8886ede6dda8a073b7dc08a81/intfloat__e5-large/4dc6d853a804b9c8886ede6dda8a073b7dc08a81
intfloat_e5_base,recursive_token,448,32,0.317330,intfloat_e5_base_recursive_token_c448_o32/results/intfloat__e5-base_b533fe4636f4a2507c08ddab40644d20b0006d6a/intfloat__e5-base/b533fe4636f4a2507c08ddab40644d20b0006d6a
BAAI_bge_large_en_v1.5,recursive_token,448,32,0.317200,BAAI_bge_large_en_v1.5_recursive_token_c448_o32/results/BAAI__bge-large-en-v1.5_d4aa6901d3a41ba39fb536a557fa166f842b0e09/BAAI__bge-large-en-v1.5/d4aa6901d3a41ba39fb536a557fa166f842b0e09
nomic_ai_nomic_embed_text_v1.5,recursive_token,448,16,0.316950,nomic_ai_nomic_embed_text_v1.5_recursive_token_c448_o16/results/nomic-ai__nomic-embed-text-v1.5_b0753ae76394dd36bcfb912a46018088bca48be0/nomic-ai__nomic-embed-text-v1.5/b0753ae76394dd36bcfb912a46018088bca48be0
nomic_ai_nomic_embed_text_v1,fixed_token,384,0,0.316510,nomic_ai_nomic_embed_text_v1_fixed_token_c384_o0/results/nomic-ai__nomic-embed-text-v1_0759316f275aa0cb93a5b830973843ca66babcf5/nomic-ai__nomic-embed-text-v1/0759316f275aa0cb93a5b830973843ca66babcf5
intfloat_e5_small,fixed_token,448,16,0.316310,intfloat_e5_small_fixed_token_c448_o16/results/intfloat__e5-small_e272f3049e853b47cb5ca3952268c6662abda68f/intfloat__e5-small/e272f3049e853b47cb5ca3952268c6662abda68f
nomic_ai_nomic_embed_text_v1.5,recursive_token,448,0,0.315940,nomic_ai_nomic_embed_text_v1.5_recursive_token_c448_o0/results/nomic-ai__nomic-embed-text-v1.5_b0753ae76394dd36bcfb912a46018088bca48be0/nomic-ai__nomic-embed-text-v1.5/b0753ae76394dd36bcfb912a46018088bca48be0
intfloat_e5_small,semantic_fixed,448,0,0.315670,intfloat_e5_small_semantic_fixed_c448_o0/results/intfloat__e5-small_e272f3049e853b47cb5ca3952268c6662abda68f/intfloat__e5-small/e272f3049e853b47cb5ca3952268c6662abda68f
nomic_ai_nomic_embed_text_v1.5,fixed_token,448,32,0.315630,nomic_ai_nomic_embed_text_v1.5_fixed_token_c448_o32/results/nomic-ai__nomic-embed-text-v1.5_b0753ae76394dd36bcfb912a46018088bca48be0/nomic-ai__nomic-embed-text-v1.5/b0753ae76394dd36bcfb912a46018088bca48be0
intfloat_e5_base,recursive_token,448,64,0.315570,intfloat_e5_base_recursive_token_c448_o64/results/intfloat__e5-base_b533fe4636f4a2507c08ddab40644d20b0006d6a/intfloat__e5-base/b533fe4636f4a2507c08ddab40644d20b0006d6a
BAAI_bge_large_en_v1.5,fixed_token,448,48,0.315360,BAAI_bge_large_en_v1.5_fixed_token_c448_o48/results/BAAI__bge-large-en-v1.5_d4aa6901d3a41ba39fb536a557fa166f842b0e09/BAAI__bge-large-en-v1.5/d4aa6901d3a41ba39fb536a557fa166f842b0e09
BAAI_bge_large_en_v1.5,hierarchical_section,448,32,0.314810,BAAI_bge_large_en_v1.5_hierarchical_section_c448_o32/results/BAAI__bge-large-en-v1.5_d4aa6901d3a41ba39fb536a557fa166f842b0e09/BAAI__bge-large-en-v1.5/d4aa6901d3a41ba39fb536a557fa166f842b0e09
BAAI_bge_base_en_v1.5,semantic_fixed,448,0,0.314100,BAAI_bge_base_en_v1.5_semantic_fixed_c448_o0/results/BAAI__bge-base-en-v1.5_a5beb1e3e68b9ab74eb54cfd186867f64f240e1a/BAAI__bge-base-en-v1.5/a5beb1e3e68b9ab74eb54cfd186867f64f240e1a
intfloat_e5_large,fixed_token,448,48,0.314060,intfloat_e5_large_fixed_token_c448_o48/results/intfloat__e5-large_4dc6d853a804b9c8886ede6dda8a073b7dc08a81/intfloat__e5-large/4dc6d853a804b9c8886ede6dda8a073b7dc08a81
intfloat_e5_large,recursive_token,448,32,0.313860,intfloat_e5_large_recursive_token_c448_o32/results/intfloat__e5-large_4dc6d853a804b9c8886ede6dda8a073b7dc08a81/intfloat__e5-large/4dc6d853a804b9c8886ede6dda8a073b7dc08a81
BAAI_bge_large_en_v1.5,hierarchical_section,448,16,0.313440,BAAI_bge_large_en_v1.5_hierarchical_section_c448_o16/results/BAAI__bge-large-en-v1.5_d4aa6901d3a41ba39fb536a557fa166f842b0e09/BAAI__bge-large-en-v1.5/d4aa6901d3a41ba39fb536a557fa166f842b0e09
nomic_ai_nomic_embed_text_v1.5,recursive_token,448,32,0.312990,nomic_ai_nomic_embed_text_v1.5_recursive_token_c448_o32/results/nomic-ai__nomic-embed-text-v1.5_b0753ae76394dd36bcfb912a46018088bca48be0/nomic-ai__nomic-embed-text-v1.5/b0753ae76394dd36bcfb912a46018088bca48be0
nomic_ai_nomic_embed_text_v1,hierarchical_section,448,48,0.312920,nomic_ai_nomic_embed_text_v1_hierarchical_section_c448_o48/results/nomic-ai__nomic-embed-text-v1_0759316f275aa0cb93a5b830973843ca66babcf5/nomic-ai__nomic-embed-text-v1/0759316f275aa0cb93a5b830973843ca66babcf5
BAAI_bge_large_en_v1.5,recursive_token,448,48,0.312700,BAAI_bge_large_en_v1.5_recursive_token_c448_o48/results/BAAI__bge-large-en-v1.5_d4aa6901d3a41ba39fb536a557fa166f842b0e09/BAAI__bge-large-en-v1.5/d4aa6901d3a41ba39fb536a557fa166f842b0e09
nomic_ai_nomic_embed_text_v1.5,fixed_token,448,48,0.312610,nomic_ai_nomic_embed_text_v1.5_fixed_token_c448_o48/results/nomic-ai__nomic-embed-text-v1.5_b0753ae76394dd36bcfb912a46018088bca48be0/nomic-ai__nomic-embed-text-v1.5/b0753ae76394dd36bcfb912a46018088bca48be0
BAAI_bge_large_en_v1.5,semantic_fixed,448,48,0.312480,BAAI_bge_large_en_v1.5_semantic_fixed_c448_o48/results/BAAI__bge-large-en-v1.5_d4aa6901d3a41ba39fb536a557fa166f842b0e09/BAAI__bge-large-en-v1.5/d4aa6901d3a41ba39fb536a557fa166f842b0e09
nomic_ai_nomic_embed_text_v1.5,recursive_token,448,48,0.311390,nomic_ai_nomic_embed_text_v1.5_recursive_token_c448_o48/results/nomic-ai__nomic-embed-text-v1.5_b0753ae76394dd36bcfb912a46018088bca48be0/nomic-ai__nomic-embed-text-v1.5/b0753ae76394dd36bcfb912a46018088bca48be0
intfloat_e5_small,recursive_token,448,16,0.311240,intfloat_e5_small_recursive_token_c448_o16/results/intfloat__e5-small_e272f3049e853b47cb5ca3952268c6662abda68f/intfloat__e5-small/e272f3049e853b47cb5ca3952268c6662abda68f
intfloat_e5_small,recursive_token,448,0,0.310970,intfloat_e5_small_recursive_token_c448_o0/results/intfloat__e5-small_e272f3049e853b47cb5ca3952268c6662abda68f/intfloat__e5-small/e272f3049e853b47cb5ca3952268c6662abda68f
BAAI_bge_large_en_v1.5,fixed_token,448,64,0.310890,BAAI_bge_large_en_v1.5_fixed_token_c448_o64/results/BAAI__bge-large-en-v1.5_d4aa6901d3a41ba39fb536a557fa166f842b0e09/BAAI__bge-large-en-v1.5/d4aa6901d3a41ba39fb536a557fa166f842b0e09
nomic_ai_nomic_embed_text_v1.5,hierarchical_section,448,0,0.310820,nomic_ai_nomic_embed_text_v1.5_hierarchical_section_c448_o0/results/nomic-ai__nomic-embed-text-v1.5_b0753ae76394dd36bcfb912a46018088bca48be0/nomic-ai__nomic-embed-text-v1.5/b0753ae76394dd36bcfb912a46018088bca48be0
intfloat_multilingual_e5_base,fixed_token,448,0,0.310550,intfloat_multilingual_e5_base_fixed_token_c448_o0/results/intfloat__multilingual-e5-base_d13f1b27baf31030b7fd040960d60d909913633f/intfloat__multilingual-e5-base/d13f1b27baf31030b7fd040960d60d909913633f
intfloat_e5_small,fixed_token,448,32,0.310390,intfloat_e5_small_fixed_token_c448_o32/results/intfloat__e5-small_e272f3049e853b47cb5ca3952268c6662abda68f/intfloat__e5-small/e272f3049e853b47cb5ca3952268c6662abda68f
intfloat_e5_large,recursive_token,448,48,0.310380,intfloat_e5_large_recursive_token_c448_o48/results/intfloat__e5-large_4dc6d853a804b9c8886ede6dda8a073b7dc08a81/intfloat__e5-large/4dc6d853a804b9c8886ede6dda8a073b7dc08a81
BAAI_bge_base_en_v1.5,fixed_token,448,16,0.310180,BAAI_bge_base_en_v1.5_fixed_token_c448_o16/results/BAAI__bge-base-en-v1.5_a5beb1e3e68b9ab74eb54cfd186867f64f240e1a/BAAI__bge-base-en-v1.5/a5beb1e3e68b9ab74eb54cfd186867f64f240e1a
nomic_ai_nomic_embed_text_v1,recursive_token,384,0,0.309890,nomic_ai_nomic_embed_text_v1_recursive_token_c384_o0/results/nomic-ai__nomic-embed-text-v1_0759316f275aa0cb93a5b830973843ca66babcf5/nomic-ai__nomic-embed-text-v1/0759316f275aa0cb93a5b830973843ca66babcf5
intfloat_e5_small,recursive_token,448,32,0.309710,intfloat_e5_small_recursive_token_c448_o32/results/intfloat__e5-small_e272f3049e853b47cb5ca3952268c6662abda68f/intfloat__e5-small/e272f3049e853b47cb5ca3952268c6662abda68f
nomic_ai_nomic_embed_text_v1,fixed_token,384,16,0.309430,nomic_ai_nomic_embed_text_v1_fixed_token_c384_o16/results/nomic-ai__nomic-embed-text-v1_0759316f275aa0cb93a5b830973843ca66babcf5/nomic-ai__nomic-embed-text-v1/0759316f275aa0cb93a5b830973843ca66babcf5
nomic_ai_nomic_embed_text_v1.5,hierarchical_section,448,32,0.308650,nomic_ai_nomic_embed_text_v1.5_hierarchical_section_c448_o32/results/nomic-ai__nomic-embed-text-v1.5_b0753ae76394dd36bcfb912a46018088bca48be0/nomic-ai__nomic-embed-text-v1.5/b0753ae76394dd36bcfb912a46018088bca48be0
intfloat_e5_large,semantic_fixed,448,0,0.307640,intfloat_e5_large_semantic_fixed_c448_o0/results/intfloat__e5-large_4dc6d853a804b9c8886ede6dda8a073b7dc08a81/intfloat__e5-large/4dc6d853a804b9c8886ede6dda8a073b7dc08a81
nomic_ai_nomic_embed_text_v1.5,fixed_token,448,64,0.307390,nomic_ai_nomic_embed_text_v1.5_fixed_token_c448_o64/results/nomic-ai__nomic-embed-text-v1.5_b0753ae76394dd36bcfb912a46018088bca48be0/nomic-ai__nomic-embed-text-v1.5/b0753ae76394dd36bcfb912a46018088bca48be0
intfloat_e5_base,fixed_token,384,0,0.306970,intfloat_e5_base_fixed_token_c384_o0/results/intfloat__e5-base_b533fe4636f4a2507c08ddab40644d20b0006d6a/intfloat__e5-base/b533fe4636f4a2507c08ddab40644d20b0006d6a
nomic_ai_nomic_embed_text_v1,recursive_token,384,16,0.306800,nomic_ai_nomic_embed_text_v1_recursive_token_c384_o16/results/nomic-ai__nomic-embed-text-v1_0759316f275aa0cb93a5b830973843ca66babcf5/nomic-ai__nomic-embed-text-v1/0759316f275aa0cb93a5b830973843ca66babcf5
BAAI_bge_large_en_v1.5,hierarchical_section,448,48,0.306660,BAAI_bge_large_en_v1.5_hierarchical_section_c448_o48/results/BAAI__bge-large-en-v1.5_d4aa6901d3a41ba39fb536a557fa166f842b0e09/BAAI__bge-large-en-v1.5/d4aa6901d3a41ba39fb536a557fa166f842b0e09
intfloat_e5_small,fixed_token,448,64,0.306570,intfloat_e5_small_fixed_token_c448_o64/results/intfloat__e5-small_e272f3049e853b47cb5ca3952268c6662abda68f/intfloat__e5-small/e272f3049e853b47cb5ca3952268c6662abda68f
BAAI_bge_base_en_v1.5,fixed_token,448,32,0.306500,BAAI_bge_base_en_v1.5_fixed_token_c448_o32/results/BAAI__bge-base-en-v1.5_a5beb1e3e68b9ab74eb54cfd186867f64f240e1a/BAAI__bge-base-en-v1.5/a5beb1e3e68b9ab74eb54cfd186867f64f240e1a
intfloat_e5_large,fixed_token,448,64,0.306480,intfloat_e5_large_fixed_token_c448_o64/results/intfloat__e5-large_4dc6d853a804b9c8886ede6dda8a073b7dc08a81/intfloat__e5-large/4dc6d853a804b9c8886ede6dda8a073b7dc08a81
BAAI_bge_large_en_v1.5,semantic_fixed,448,64,0.306230,BAAI_bge_large_en_v1.5_semantic_fixed_c448_o64/results/BAAI__bge-large-en-v1.5_d4aa6901d3a41ba39fb536a557fa166f842b0e09/BAAI__bge-large-en-v1.5/d4aa6901d3a41ba39fb536a557fa166f842b0e09
nomic_ai_nomic_embed_text_v1.5,hierarchical_section,448,16,0.306140,nomic_ai_nomic_embed_text_v1.5_hierarchical_section_c448_o16/results/nomic-ai__nomic-embed-text-v1.5_b0753ae76394dd36bcfb912a46018088bca48be0/nomic-ai__nomic-embed-text-v1.5/b0753ae76394dd36bcfb912a46018088bca48be0
intfloat_e5_small,semantic_fixed,448,16,0.305590,intfloat_e5_small_semantic_fixed_c448_o16/results/intfloat__e5-small_e272f3049e853b47cb5ca3952268c6662abda68f/intfloat__e5-small/e272f3049e853b47cb5ca3952268c6662abda68f
BAAI_bge_large_en_v1.5,recursive_token,448,64,0.305380,BAAI_bge_large_en_v1.5_recursive_token_c448_o64/results/BAAI__bge-large-en-v1.5_d4aa6901d3a41ba39fb536a557fa166f842b0e09/BAAI__bge-large-en-v1.5/d4aa6901d3a41ba39fb536a557fa166f842b0e09
BAAI_bge_base_en_v1.5,hierarchical_section,448,0,0.305370,BAAI_bge_base_en_v1.5_hierarchical_section_c448_o0/results/BAAI__bge-base-en-v1.5_a5beb1e3e68b9ab74eb54cfd186867f64f240e1a/BAAI__bge-base-en-v1.5/a5beb1e3e68b9ab74eb54cfd186867f64f240e1a
BAAI_bge_base_en_v1.5,fixed_token,448,48,0.305210,BAAI_bge_base_en_v1.5_fixed_token_c448_o48/results/BAAI__bge-base-en-v1.5_a5beb1e3e68b9ab74eb54cfd186867f64f240e1a/BAAI__bge-base-en-v1.5/a5beb1e3e68b9ab74eb54cfd186867f64f240e1a
intfloat_e5_small,recursive_token,448,48,0.305150,intfloat_e5_small_recursive_token_c448_o48/results/intfloat__e5-small_e272f3049e853b47cb5ca3952268c6662abda68f/intfloat__e5-small/e272f3049e853b47cb5ca3952268c6662abda68f
BAAI_bge_base_en_v1.5,recursive_token,448,16,0.304910,BAAI_bge_base_en_v1.5_recursive_token_c448_o16/results/BAAI__bge-base-en-v1.5_a5beb1e3e68b9ab74eb54cfd186867f64f240e1a/BAAI__bge-base-en-v1.5/a5beb1e3e68b9ab74eb54cfd186867f64f240e1a
BAAI_bge_base_en_v1.5,recursive_token,448,32,0.304670,BAAI_bge_base_en_v1.5_recursive_token_c448_o32/results/BAAI__bge-base-en-v1.5_a5beb1e3e68b9ab74eb54cfd186867f64f240e1a/BAAI__bge-base-en-v1.5/a5beb1e3e68b9ab74eb54cfd186867f64f240e1a
BAAI_bge_base_en_v1.5,recursive_token,448,48,0.304540,BAAI_bge_base_en_v1.5_recursive_token_c448_o48/results/BAAI__bge-base-en-v1.5_a5beb1e3e68b9ab74eb54cfd186867f64f240e1a/BAAI__bge-base-en-v1.5/a5beb1e3e68b9ab74eb54cfd186867f64f240e1a
intfloat_multilingual_e5_base,semantic_fixed,448,0,0.304360,intfloat_multilingual_e5_base_semantic_fixed_c448_o0/results/intfloat__multilingual-e5-base_d13f1b27baf31030b7fd040960d60d909913633f/intfloat__multilingual-e5-base/d13f1b27baf31030b7fd040960d60d909913633f
intfloat_e5_small,semantic_fixed,448,32,0.304190,intfloat_e5_small_semantic_fixed_c448_o32/results/intfloat__e5-small_e272f3049e853b47cb5ca3952268c6662abda68f/intfloat__e5-small/e272f3049e853b47cb5ca3952268c6662abda68f
intfloat_e5_small,hierarchical_section,448,0,0.303970,intfloat_e5_small_hierarchical_section_c448_o0/results/intfloat__e5-small_e272f3049e853b47cb5ca3952268c6662abda68f/intfloat__e5-small/e272f3049e853b47cb5ca3952268c6662abda68f
intfloat_e5_small,fixed_token,448,48,0.303900,intfloat_e5_small_fixed_token_c448_o48/results/intfloat__e5-small_e272f3049e853b47cb5ca3952268c6662abda68f/intfloat__e5-small/e272f3049e853b47cb5ca3952268c6662abda68f
nomic_ai_nomic_embed_text_v1,fixed_token,384,32,0.303440,nomic_ai_nomic_embed_text_v1_fixed_token_c384_o32/results/nomic-ai__nomic-embed-text-v1_0759316f275aa0cb93a5b830973843ca66babcf5/nomic-ai__nomic-embed-text-v1/0759316f275aa0cb93a5b830973843ca66babcf5
nomic_ai_nomic_embed_text_v1,hierarchical_section,448,64,0.303400,nomic_ai_nomic_embed_text_v1_hierarchical_section_c448_o64/results/nomic-ai__nomic-embed-text-v1_0759316f275aa0cb93a5b830973843ca66babcf5/nomic-ai__nomic-embed-text-v1/0759316f275aa0cb93a5b830973843ca66babcf5
BAAI_bge_base_en_v1.5,semantic_fixed,448,16,0.303220,BAAI_bge_base_en_v1.5_semantic_fixed_c448_o16/results/BAAI__bge-base-en-v1.5_a5beb1e3e68b9ab74eb54cfd186867f64f240e1a/BAAI__bge-base-en-v1.5/a5beb1e3e68b9ab74eb54cfd186867f64f240e1a
BAAI_bge_base_en_v1.5,recursive_token,448,0,0.302260,BAAI_bge_base_en_v1.5_recursive_token_c448_o0/results/BAAI__bge-base-en-v1.5_a5beb1e3e68b9ab74eb54cfd186867f64f240e1a/BAAI__bge-base-en-v1.5/a5beb1e3e68b9ab74eb54cfd186867f64f240e1a
intfloat_e5_large,semantic_fixed,448,16,0.302140,intfloat_e5_large_semantic_fixed_c448_o16/results/intfloat__e5-large_4dc6d853a804b9c8886ede6dda8a073b7dc08a81/intfloat__e5-large/4dc6d853a804b9c8886ede6dda8a073b7dc08a81
nomic_ai_nomic_embed_text_v1.5,recursive_token,448,64,0.301140,nomic_ai_nomic_embed_text_v1.5_recursive_token_c448_o64/results/nomic-ai__nomic-embed-text-v1.5_b0753ae76394dd36bcfb912a46018088bca48be0/nomic-ai__nomic-embed-text-v1.5/b0753ae76394dd36bcfb912a46018088bca48be0
BAAI_bge_base_en_v1.5,semantic_fixed,448,32,0.300920,BAAI_bge_base_en_v1.5_semantic_fixed_c448_o32/results/BAAI__bge-base-en-v1.5_a5beb1e3e68b9ab74eb54cfd186867f64f240e1a/BAAI__bge-base-en-v1.5/a5beb1e3e68b9ab74eb54cfd186867f64f240e1a
intfloat_e5_small,recursive_token,448,64,0.300870,intfloat_e5_small_recursive_token_c448_o64/results/intfloat__e5-small_e272f3049e853b47cb5ca3952268c6662abda68f/intfloat__e5-small/e272f3049e853b47cb5ca3952268c6662abda68f
BAAI_bge_base_en_v1.5,hierarchical_section,448,32,0.300850,BAAI_bge_base_en_v1.5_hierarchical_section_c448_o32/results/BAAI__bge-base-en-v1.5_a5beb1e3e68b9ab74eb54cfd186867f64f240e1a/BAAI__bge-base-en-v1.5/a5beb1e3e68b9ab74eb54cfd186867f64f240e1a
intfloat_e5_small,hierarchical_section,448,32,0.300470,intfloat_e5_small_hierarchical_section_c448_o32/results/intfloat__e5-small_e272f3049e853b47cb5ca3952268c6662abda68f/intfloat__e5-small/e272f3049e853b47cb5ca3952268c6662abda68f
nomic_ai_nomic_embed_text_v1,recursive_token,384,32,0.300260,nomic_ai_nomic_embed_text_v1_recursive_token_c384_o32/results/nomic-ai__nomic-embed-text-v1_0759316f275aa0cb93a5b830973843ca66babcf5/nomic-ai__nomic-embed-text-v1/0759316f275aa0cb93a5b830973843ca66babcf5
intfloat_multilingual_e5_base,fixed_token,448,16,0.300030,intfloat_multilingual_e5_base_fixed_token_c448_o16/results/intfloat__multilingual-e5-base_d13f1b27baf31030b7fd040960d60d909913633f/intfloat__multilingual-e5-base/d13f1b27baf31030b7fd040960d60d909913633f
BAAI_bge_base_en_v1.5,recursive_token,448,64,0.299930,BAAI_bge_base_en_v1.5_recursive_token_c448_o64/results/BAAI__bge-base-en-v1.5_a5beb1e3e68b9ab74eb54cfd186867f64f240e1a/BAAI__bge-base-en-v1.5/a5beb1e3e68b9ab74eb54cfd186867f64f240e1a
intfloat_multilingual_e5_base,fixed_token,448,32,0.299890,intfloat_multilingual_e5_base_fixed_token_c448_o32/results/intfloat__multilingual-e5-base_d13f1b27baf31030b7fd040960d60d909913633f/intfloat__multilingual-e5-base/d13f1b27baf31030b7fd040960d60d909913633f
nomic_ai_nomic_embed_text_v1.5,hierarchical_section,448,48,0.299810,nomic_ai_nomic_embed_text_v1.5_hierarchical_section_c448_o48/results/nomic-ai__nomic-embed-text-v1.5_b0753ae76394dd36bcfb912a46018088bca48be0/nomic-ai__nomic-embed-text-v1.5/b0753ae76394dd36bcfb912a46018088bca48be0
BAAI_bge_large_en_v1.5,fixed_token,384,16,0.299760,BAAI_bge_large_en_v1.5_fixed_token_c384_o16/results/BAAI__bge-large-en-v1.5_d4aa6901d3a41ba39fb536a557fa166f842b0e09/BAAI__bge-large-en-v1.5/d4aa6901d3a41ba39fb536a557fa166f842b0e09
intfloat_e5_small,hierarchical_section,448,16,0.299760,intfloat_e5_small_hierarchical_section_c448_o16/results/intfloat__e5-small_e272f3049e853b47cb5ca3952268c6662abda68f/intfloat__e5-small/e272f3049e853b47cb5ca3952268c6662abda68f
BAAI_bge_base_en_v1.5,fixed_token,448,64,0.299650,BAAI_bge_base_en_v1.5_fixed_token_c448_o64/results/BAAI__bge-base-en-v1.5_a5beb1e3e68b9ab74eb54cfd186867f64f240e1a/BAAI__bge-base-en-v1.5/a5beb1e3e68b9ab74eb54cfd186867f64f240e1a
nomic_ai_nomic_embed_text_v1.5,fixed_token,384,0,0.299650,nomic_ai_nomic_embed_text_v1.5_fixed_token_c384_o0/results/nomic-ai__nomic-embed-text-v1.5_b0753ae76394dd36bcfb912a46018088bca48be0/nomic-ai__nomic-embed-text-v1.5/b0753ae76394dd36bcfb912a46018088bca48be0
BAAI_bge_base_en_v1.5,hierarchical_section,448,16,0.299390,BAAI_bge_base_en_v1.5_hierarchical_section_c448_o16/results/BAAI__bge-base-en-v1.5_a5beb1e3e68b9ab74eb54cfd186867f64f240e1a/BAAI__bge-base-en-v1.5/a5beb1e3e68b9ab74eb54cfd186867f64f240e1a
BAAI_bge_large_en_v1.5,hierarchical_section,448,64,0.299350,BAAI_bge_large_en_v1.5_hierarchical_section_c448_o64/results/BAAI__bge-large-en-v1.5_d4aa6901d3a41ba39fb536a557fa166f842b0e09/BAAI__bge-large-en-v1.5/d4aa6901d3a41ba39fb536a557fa166f842b0e09
intfloat_multilingual_e5_base,semantic_fixed,448,16,0.299340,intfloat_multilingual_e5_base_semantic_fixed_c448_o16/results/intfloat__multilingual-e5-base_d13f1b27baf31030b7fd040960d60d909913633f/intfloat__multilingual-e5-base/d13f1b27baf31030b7fd040960d60d909913633f
BAAI_bge_large_en_v1.5,fixed_token,384,0,0.299130,BAAI_bge_large_en_v1.5_fixed_token_c384_o0/results/BAAI__bge-large-en-v1.5_d4aa6901d3a41ba39fb536a557fa166f842b0e09/BAAI__bge-large-en-v1.5/d4aa6901d3a41ba39fb536a557fa166f842b0e09
intfloat_e5_base,fixed_token,384,16,0.298240,intfloat_e5_base_fixed_token_c384_o16/results/intfloat__e5-base_b533fe4636f4a2507c08ddab40644d20b0006d6a/intfloat__e5-base/b533fe4636f4a2507c08ddab40644d20b0006d6a
nomic_ai_nomic_embed_text_v1.5,fixed_token,384,16,0.298010,nomic_ai_nomic_embed_text_v1.5_fixed_token_c384_o16/results/nomic-ai__nomic-embed-text-v1.5_b0753ae76394dd36bcfb912a46018088bca48be0/nomic-ai__nomic-embed-text-v1.5/b0753ae76394dd36bcfb912a46018088bca48be0
nomic_ai_nomic_embed_text_v1,hierarchical_section,384,0,0.297510,nomic_ai_nomic_embed_text_v1_hierarchical_section_c384_o0/results/nomic-ai__nomic-embed-text-v1_0759316f275aa0cb93a5b830973843ca66babcf5/nomic-ai__nomic-embed-text-v1/0759316f275aa0cb93a5b830973843ca66babcf5
intfloat_e5_large,recursive_token,448,64,0.297450,intfloat_e5_large_recursive_token_c448_o64/results/intfloat__e5-large_4dc6d853a804b9c8886ede6dda8a073b7dc08a81/intfloat__e5-large/4dc6d853a804b9c8886ede6dda8a073b7dc08a81
intfloat_e5_small,fixed_token,384,0,0.296990,intfloat_e5_small_fixed_token_c384_o0/results/intfloat__e5-small_e272f3049e853b47cb5ca3952268c6662abda68f/intfloat__e5-small/e272f3049e853b47cb5ca3952268c6662abda68f
BAAI_bge_base_en_v1.5,hierarchical_section,448,48,0.296440,BAAI_bge_base_en_v1.5_hierarchical_section_c448_o48/results/BAAI__bge-base-en-v1.5_a5beb1e3e68b9ab74eb54cfd186867f64f240e1a/BAAI__bge-base-en-v1.5/a5beb1e3e68b9ab74eb54cfd186867f64f240e1a
intfloat_e5_base,fixed_token,384,32,0.295660,intfloat_e5_base_fixed_token_c384_o32/results/intfloat__e5-base_b533fe4636f4a2507c08ddab40644d20b0006d6a/intfloat__e5-base/b533fe4636f4a2507c08ddab40644d20b0006d6a
intfloat_e5_base,recursive_token,384,16,0.295180,intfloat_e5_base_recursive_token_c384_o16/results/intfloat__e5-base_b533fe4636f4a2507c08ddab40644d20b0006d6a/intfloat__e5-base/b533fe4636f4a2507c08ddab40644d20b0006d6a
BAAI_bge_large_en_v1.5,hierarchical_section,384,0,0.295170,BAAI_bge_large_en_v1.5_hierarchical_section_c384_o0/results/BAAI__bge-large-en-v1.5_d4aa6901d3a41ba39fb536a557fa166f842b0e09/BAAI__bge-large-en-v1.5/d4aa6901d3a41ba39fb536a557fa166f842b0e09
intfloat_e5_large,semantic_fixed,448,32,0.295140,intfloat_e5_large_semantic_fixed_c448_o32/results/intfloat__e5-large_4dc6d853a804b9c8886ede6dda8a073b7dc08a81/intfloat__e5-large/4dc6d853a804b9c8886ede6dda8a073b7dc08a81
BAAI_bge_large_en_v1.5,semantic_fixed,384,0,0.294790,BAAI_bge_large_en_v1.5_semantic_fixed_c384_o0/results/BAAI__bge-large-en-v1.5_d4aa6901d3a41ba39fb536a557fa166f842b0e09/BAAI__bge-large-en-v1.5/d4aa6901d3a41ba39fb536a557fa166f842b0e09
nomic_ai_nomic_embed_text_v1,hierarchical_section,384,16,0.294670,nomic_ai_nomic_embed_text_v1_hierarchical_section_c384_o16/results/nomic-ai__nomic-embed-text-v1_0759316f275aa0cb93a5b830973843ca66babcf5/nomic-ai__nomic-embed-text-v1/0759316f275aa0cb93a5b830973843ca66babcf5
intfloat_multilingual_e5_base,hierarchical_section,448,0,0.294470,intfloat_multilingual_e5_base_hierarchical_section_c448_o0/results/intfloat__multilingual-e5-base_d13f1b27baf31030b7fd040960d60d909913633f/intfloat__multilingual-e5-base/d13f1b27baf31030b7fd040960d60d909913633f
BAAI_bge_large_en_v1.5,recursive_token,384,0,0.294150,BAAI_bge_large_en_v1.5_recursive_token_c384_o0/results/BAAI__bge-large-en-v1.5_d4aa6901d3a41ba39fb536a557fa166f842b0e09/BAAI__bge-large-en-v1.5/d4aa6901d3a41ba39fb536a557fa166f842b0e09
intfloat_e5_large,fixed_token,384,0,0.294090,intfloat_e5_large_fixed_token_c384_o0/results/intfloat__e5-large_4dc6d853a804b9c8886ede6dda8a073b7dc08a81/intfloat__e5-large/4dc6d853a804b9c8886ede6dda8a073b7dc08a81
BAAI_bge_large_en_v1.5,semantic_fixed,384,16,0.293990,BAAI_bge_large_en_v1.5_semantic_fixed_c384_o16/results/BAAI__bge-large-en-v1.5_d4aa6901d3a41ba39fb536a557fa166f842b0e09/BAAI__bge-large-en-v1.5/d4aa6901d3a41ba39fb536a557fa166f842b0e09
BAAI_bge_large_en_v1.5,recursive_token,384,16,0.293760,BAAI_bge_large_en_v1.5_recursive_token_c384_o16/results/BAAI__bge-large-en-v1.5_d4aa6901d3a41ba39fb536a557fa166f842b0e09/BAAI__bge-large-en-v1.5/d4aa6901d3a41ba39fb536a557fa166f842b0e09
intfloat_e5_small,hierarchical_section,448,48,0.293570,intfloat_e5_small_hierarchical_section_c448_o48/results/intfloat__e5-small_e272f3049e853b47cb5ca3952268c6662abda68f/intfloat__e5-small/e272f3049e853b47cb5ca3952268c6662abda68f
nomic_ai_nomic_embed_text_v1.5,recursive_token,384,0,0.293440,nomic_ai_nomic_embed_text_v1.5_recursive_token_c384_o0/results/nomic-ai__nomic-embed-text-v1.5_b0753ae76394dd36bcfb912a46018088bca48be0/nomic-ai__nomic-embed-text-v1.5/b0753ae76394dd36bcfb912a46018088bca48be0
intfloat_e5_large,fixed_token,384,16,0.293030,intfloat_e5_large_fixed_token_c384_o16/results/intfloat__e5-large_4dc6d853a804b9c8886ede6dda8a073b7dc08a81/intfloat__e5-large/4dc6d853a804b9c8886ede6dda8a073b7dc08a81
intfloat_e5_small,semantic_fixed,448,64,0.292820,intfloat_e5_small_semantic_fixed_c448_o64/results/intfloat__e5-small_e272f3049e853b47cb5ca3952268c6662abda68f/intfloat__e5-small/e272f3049e853b47cb5ca3952268c6662abda68f
nomic_ai_nomic_embed_text_v1,recursive_token,384,48,0.292750,nomic_ai_nomic_embed_text_v1_recursive_token_c384_o48/results/nomic-ai__nomic-embed-text-v1_0759316f275aa0cb93a5b830973843ca66babcf5/nomic-ai__nomic-embed-text-v1/0759316f275aa0cb93a5b830973843ca66babcf5
intfloat_multilingual_e5_base,fixed_token,448,48,0.292640,intfloat_multilingual_e5_base_fixed_token_c448_o48/results/intfloat__multilingual-e5-base_d13f1b27baf31030b7fd040960d60d909913633f/intfloat__multilingual-e5-base/d13f1b27baf31030b7fd040960d60d909913633f
BAAI_bge_base_en_v1.5,fixed_token,384,0,0.292470,BAAI_bge_base_en_v1.5_fixed_token_c384_o0/results/BAAI__bge-base-en-v1.5_a5beb1e3e68b9ab74eb54cfd186867f64f240e1a/BAAI__bge-base-en-v1.5/a5beb1e3e68b9ab74eb54cfd186867f64f240e1a
intfloat_e5_small,semantic_fixed,448,48,0.292440,intfloat_e5_small_semantic_fixed_c448_o48/results/intfloat__e5-small_e272f3049e853b47cb5ca3952268c6662abda68f/intfloat__e5-small/e272f3049e853b47cb5ca3952268c6662abda68f
intfloat_e5_large,recursive_token,384,0,0.291880,intfloat_e5_large_recursive_token_c384_o0/results/intfloat__e5-large_4dc6d853a804b9c8886ede6dda8a073b7dc08a81/intfloat__e5-large/4dc6d853a804b9c8886ede6dda8a073b7dc08a81
nomic_ai_nomic_embed_text_v1.5,recursive_token,384,16,0.291860,nomic_ai_nomic_embed_text_v1.5_recursive_token_c384_o16/results/nomic-ai__nomic-embed-text-v1.5_b0753ae76394dd36bcfb912a46018088bca48be0/nomic-ai__nomic-embed-text-v1.5/b0753ae76394dd36bcfb912a46018088bca48be0
intfloat_e5_base,recursive_token,384,0,0.291840,intfloat_e5_base_recursive_token_c384_o0/results/intfloat__e5-base_b533fe4636f4a2507c08ddab40644d20b0006d6a/intfloat__e5-base/b533fe4636f4a2507c08ddab40644d20b0006d6a
intfloat_e5_large,semantic_fixed,448,48,0.291450,intfloat_e5_large_semantic_fixed_c448_o48/results/intfloat__e5-large_4dc6d853a804b9c8886ede6dda8a073b7dc08a81/intfloat__e5-large/4dc6d853a804b9c8886ede6dda8a073b7dc08a81
intfloat_multilingual_e5_base,semantic_fixed,448,32,0.291360,intfloat_multilingual_e5_base_semantic_fixed_c448_o32/results/intfloat__multilingual-e5-base_d13f1b27baf31030b7fd040960d60d909913633f/intfloat__multilingual-e5-base/d13f1b27baf31030b7fd040960d60d909913633f
BAAI_bge_base_en_v1.5,semantic_fixed,448,64,0.290560,BAAI_bge_base_en_v1.5_semantic_fixed_c448_o64/results/BAAI__bge-base-en-v1.5_a5beb1e3e68b9ab74eb54cfd186867f64f240e1a/BAAI__bge-base-en-v1.5/a5beb1e3e68b9ab74eb54cfd186867f64f240e1a
nomic_ai_nomic_embed_text_v1.5,hierarchical_section,448,64,0.290550,nomic_ai_nomic_embed_text_v1.5_hierarchical_section_c448_o64/results/nomic-ai__nomic-embed-text-v1.5_b0753ae76394dd36bcfb912a46018088bca48be0/nomic-ai__nomic-embed-text-v1.5/b0753ae76394dd36bcfb912a46018088bca48be0
intfloat_multilingual_e5_base,hierarchical_section,448,16,0.290420,intfloat_multilingual_e5_base_hierarchical_section_c448_o16/results/intfloat__multilingual-e5-base_d13f1b27baf31030b7fd040960d60d909913633f/intfloat__multilingual-e5-base/d13f1b27baf31030b7fd040960d60d909913633f
nomic_ai_nomic_embed_text_v1,fixed_token,384,64,0.290250,nomic_ai_nomic_embed_text_v1_fixed_token_c384_o64/results/nomic-ai__nomic-embed-text-v1_0759316f275aa0cb93a5b830973843ca66babcf5/nomic-ai__nomic-embed-text-v1/0759316f275aa0cb93a5b830973843ca66babcf5
nomic_ai_nomic_embed_text_v1,fixed_token,320,0,0.290040,nomic_ai_nomic_embed_text_v1_fixed_token_c320_o0/results/nomic-ai__nomic-embed-text-v1_0759316f275aa0cb93a5b830973843ca66babcf5/nomic-ai__nomic-embed-text-v1/0759316f275aa0cb93a5b830973843ca66babcf5
BAAI_bge_base_en_v1.5,fixed_token,384,16,0.289770,BAAI_bge_base_en_v1.5_fixed_token_c384_o16/results/BAAI__bge-base-en-v1.5_a5beb1e3e68b9ab74eb54cfd186867f64f240e1a/BAAI__bge-base-en-v1.5/a5beb1e3e68b9ab74eb54cfd186867f64f240e1a
intfloat_e5_small,semantic_fixed,384,0,0.289660,intfloat_e5_small_semantic_fixed_c384_o0/results/intfloat__e5-small_e272f3049e853b47cb5ca3952268c6662abda68f/intfloat__e5-small/e272f3049e853b47cb5ca3952268c6662abda68f
intfloat_e5_base,hierarchical_section,448,0,0.289620,intfloat_e5_base_hierarchical_section_c448_o0/results/intfloat__e5-base_b533fe4636f4a2507c08ddab40644d20b0006d6a/intfloat__e5-base/b533fe4636f4a2507c08ddab40644d20b0006d6a
BAAI_bge_base_en_v1.5,semantic_fixed,448,48,0.289580,BAAI_bge_base_en_v1.5_semantic_fixed_c448_o48/results/BAAI__bge-base-en-v1.5_a5beb1e3e68b9ab74eb54cfd186867f64f240e1a/BAAI__bge-base-en-v1.5/a5beb1e3e68b9ab74eb54cfd186867f64f240e1a
intfloat_multilingual_e5_base,recursive_token,448,0,0.289530,intfloat_multilingual_e5_base_recursive_token_c448_o0/results/intfloat__multilingual-e5-base_d13f1b27baf31030b7fd040960d60d909913633f/intfloat__multilingual-e5-base/d13f1b27baf31030b7fd040960d60d909913633f
nomic_ai_nomic_embed_text_v1,fixed_token,384,48,0.289380,nomic_ai_nomic_embed_text_v1_fixed_token_c384_o48/results/nomic-ai__nomic-embed-text-v1_0759316f275aa0cb93a5b830973843ca66babcf5/nomic-ai__nomic-embed-text-v1/0759316f275aa0cb93a5b830973843ca66babcf5
intfloat_e5_small,fixed_token,384,16,0.289220,intfloat_e5_small_fixed_token_c384_o16/results/intfloat__e5-small_e272f3049e853b47cb5ca3952268c6662abda68f/intfloat__e5-small/e272f3049e853b47cb5ca3952268c6662abda68f
nomic_ai_nomic_embed_text_v1.5,fixed_token,384,32,0.288690,nomic_ai_nomic_embed_text_v1.5_fixed_token_c384_o32/results/nomic-ai__nomic-embed-text-v1.5_b0753ae76394dd36bcfb912a46018088bca48be0/nomic-ai__nomic-embed-text-v1.5/b0753ae76394dd36bcfb912a46018088bca48be0
intfloat_e5_small,hierarchical_section,448,64,0.288610,intfloat_e5_small_hierarchical_section_c448_o64/results/intfloat__e5-small_e272f3049e853b47cb5ca3952268c6662abda68f/intfloat__e5-small/e272f3049e853b47cb5ca3952268c6662abda68f
BAAI_bge_large_en_v1.5,fixed_token,384,32,0.288490,BAAI_bge_large_en_v1.5_fixed_token_c384_o32/results/BAAI__bge-large-en-v1.5_d4aa6901d3a41ba39fb536a557fa166f842b0e09/BAAI__bge-large-en-v1.5/d4aa6901d3a41ba39fb536a557fa166f842b0e09
intfloat_e5_large,recursive_token,384,16,0.288450,intfloat_e5_large_recursive_token_c384_o16/results/intfloat__e5-large_4dc6d853a804b9c8886ede6dda8a073b7dc08a81/intfloat__e5-large/4dc6d853a804b9c8886ede6dda8a073b7dc08a81
intfloat_e5_large,fixed_token,384,32,0.288270,intfloat_e5_large_fixed_token_c384_o32/results/intfloat__e5-large_4dc6d853a804b9c8886ede6dda8a073b7dc08a81/intfloat__e5-large/4dc6d853a804b9c8886ede6dda8a073b7dc08a81
BAAI_bge_large_en_v1.5,hierarchical_section,384,16,0.288200,BAAI_bge_large_en_v1.5_hierarchical_section_c384_o16/results/BAAI__bge-large-en-v1.5_d4aa6901d3a41ba39fb536a557fa166f842b0e09/BAAI__bge-large-en-v1.5/d4aa6901d3a41ba39fb536a557fa166f842b0e09
BAAI_bge_base_en_v1.5,hierarchical_section,448,64,0.287620,BAAI_bge_base_en_v1.5_hierarchical_section_c448_o64/results/BAAI__bge-base-en-v1.5_a5beb1e3e68b9ab74eb54cfd186867f64f240e1a/BAAI__bge-base-en-v1.5/a5beb1e3e68b9ab74eb54cfd186867f64f240e1a
intfloat_e5_small,recursive_token,384,16,0.287390,intfloat_e5_small_recursive_token_c384_o16/results/intfloat__e5-small_e272f3049e853b47cb5ca3952268c6662abda68f/intfloat__e5-small/e272f3049e853b47cb5ca3952268c6662abda68f
intfloat_e5_base,recursive_token,384,32,0.287300,intfloat_e5_base_recursive_token_c384_o32/results/intfloat__e5-base_b533fe4636f4a2507c08ddab40644d20b0006d6a/intfloat__e5-base/b533fe4636f4a2507c08ddab40644d20b0006d6a
nomic_ai_nomic_embed_text_v1,recursive_token,384,64,0.287300,nomic_ai_nomic_embed_text_v1_recursive_token_c384_o64/results/nomic-ai__nomic-embed-text-v1_0759316f275aa0cb93a5b830973843ca66babcf5/nomic-ai__nomic-embed-text-v1/0759316f275aa0cb93a5b830973843ca66babcf5
intfloat_e5_small,recursive_token,384,0,0.287180,intfloat_e5_small_recursive_token_c384_o0/results/intfloat__e5-small_e272f3049e853b47cb5ca3952268c6662abda68f/intfloat__e5-small/e272f3049e853b47cb5ca3952268c6662abda68f
BAAI_bge_large_en_v1.5,recursive_token,384,32,0.286890,BAAI_bge_large_en_v1.5_recursive_token_c384_o32/results/BAAI__bge-large-en-v1.5_d4aa6901d3a41ba39fb536a557fa166f842b0e09/BAAI__bge-large-en-v1.5/d4aa6901d3a41ba39fb536a557fa166f842b0e09
intfloat_multilingual_e5_base,recursive_token,448,16,0.286320,intfloat_multilingual_e5_base_recursive_token_c448_o16/results/intfloat__multilingual-e5-base_d13f1b27baf31030b7fd040960d60d909913633f/intfloat__multilingual-e5-base/d13f1b27baf31030b7fd040960d60d909913633f
BAAI_bge_base_en_v1.5,semantic_fixed,384,0,0.286230,BAAI_bge_base_en_v1.5_semantic_fixed_c384_o0/results/BAAI__bge-base-en-v1.5_a5beb1e3e68b9ab74eb54cfd186867f64f240e1a/BAAI__bge-base-en-v1.5/a5beb1e3e68b9ab74eb54cfd186867f64f240e1a
intfloat_e5_base,hierarchical_section,448,16,0.286110,intfloat_e5_base_hierarchical_section_c448_o16/results/intfloat__e5-base_b533fe4636f4a2507c08ddab40644d20b0006d6a/intfloat__e5-base/b533fe4636f4a2507c08ddab40644d20b0006d6a
intfloat_e5_base,semantic_fixed,448,0,0.285960,intfloat_e5_base_semantic_fixed_c448_o0/results/intfloat__e5-base_b533fe4636f4a2507c08ddab40644d20b0006d6a/intfloat__e5-base/b533fe4636f4a2507c08ddab40644d20b0006d6a
nomic_ai_nomic_embed_text_v1.5,recursive_token,384,32,0.285760,nomic_ai_nomic_embed_text_v1.5_recursive_token_c384_o32/results/nomic-ai__nomic-embed-text-v1.5_b0753ae76394dd36bcfb912a46018088bca48be0/nomic-ai__nomic-embed-text-v1.5/b0753ae76394dd36bcfb912a46018088bca48be0
intfloat_multilingual_e5_base,semantic_fixed,448,48,0.285470,intfloat_multilingual_e5_base_semantic_fixed_c448_o48/results/intfloat__multilingual-e5-base_d13f1b27baf31030b7fd040960d60d909913633f/intfloat__multilingual-e5-base/d13f1b27baf31030b7fd040960d60d909913633f
intfloat_e5_base,fixed_token,384,48,0.285390,intfloat_e5_base_fixed_token_c384_o48/results/intfloat__e5-base_b533fe4636f4a2507c08ddab40644d20b0006d6a/intfloat__e5-base/b533fe4636f4a2507c08ddab40644d20b0006d6a
BAAI_bge_base_en_v1.5,recursive_token,384,16,0.285190,BAAI_bge_base_en_v1.5_recursive_token_c384_o16/results/BAAI__bge-base-en-v1.5_a5beb1e3e68b9ab74eb54cfd186867f64f240e1a/BAAI__bge-base-en-v1.5/a5beb1e3e68b9ab74eb54cfd186867f64f240e1a
nomic_ai_nomic_embed_text_v1,hierarchical_section,384,48,0.285140,nomic_ai_nomic_embed_text_v1_hierarchical_section_c384_o48/results/nomic-ai__nomic-embed-text-v1_0759316f275aa0cb93a5b830973843ca66babcf5/nomic-ai__nomic-embed-text-v1/0759316f275aa0cb93a5b830973843ca66babcf5
intfloat_e5_small,fixed_token,384,32,0.285090,intfloat_e5_small_fixed_token_c384_o32/results/intfloat__e5-small_e272f3049e853b47cb5ca3952268c6662abda68f/intfloat__e5-small/e272f3049e853b47cb5ca3952268c6662abda68f
intfloat_multilingual_e5_base,hierarchical_section,448,48,0.284590,intfloat_multilingual_e5_base_hierarchical_section_c448_o48/results/intfloat__multilingual-e5-base_d13f1b27baf31030b7fd040960d60d909913633f/intfloat__multilingual-e5-base/d13f1b27baf31030b7fd040960d60d909913633f
intfloat_multilingual_e5_base,hierarchical_section,448,32,0.284460,intfloat_multilingual_e5_base_hierarchical_section_c448_o32/results/intfloat__multilingual-e5-base_d13f1b27baf31030b7fd040960d60d909913633f/intfloat__multilingual-e5-base/d13f1b27baf31030b7fd040960d60d909913633f
BAAI_bge_base_en_v1.5,hierarchical_section,384,0,0.284300,BAAI_bge_base_en_v1.5_hierarchical_section_c384_o0/results/BAAI__bge-base-en-v1.5_a5beb1e3e68b9ab74eb54cfd186867f64f240e1a/BAAI__bge-base-en-v1.5/a5beb1e3e68b9ab74eb54cfd186867f64f240e1a
BAAI_bge_large_en_v1.5,recursive_token,384,48,0.284280,BAAI_bge_large_en_v1.5_recursive_token_c384_o48/results/BAAI__bge-large-en-v1.5_d4aa6901d3a41ba39fb536a557fa166f842b0e09/BAAI__bge-large-en-v1.5/d4aa6901d3a41ba39fb536a557fa166f842b0e09
intfloat_e5_large,recursive_token,384,32,0.284150,intfloat_e5_large_recursive_token_c384_o32/results/intfloat__e5-large_4dc6d853a804b9c8886ede6dda8a073b7dc08a81/intfloat__e5-large/4dc6d853a804b9c8886ede6dda8a073b7dc08a81
intfloat_multilingual_e5_base,fixed_token,448,64,0.284140,intfloat_multilingual_e5_base_fixed_token_c448_o64/results/intfloat__multilingual-e5-base_d13f1b27baf31030b7fd040960d60d909913633f/intfloat__multilingual-e5-base/d13f1b27baf31030b7fd040960d60d909913633f
BAAI_bge_base_en_v1.5,recursive_token,384,0,0.284030,BAAI_bge_base_en_v1.5_recursive_token_c384_o0/results/BAAI__bge-base-en-v1.5_a5beb1e3e68b9ab74eb54cfd186867f64f240e1a/BAAI__bge-base-en-v1.5/a5beb1e3e68b9ab74eb54cfd186867f64f240e1a
nomic_ai_nomic_embed_text_v1.5,hierarchical_section,384,0,0.283980,nomic_ai_nomic_embed_text_v1.5_hierarchical_section_c384_o0/results/nomic-ai__nomic-embed-text-v1.5_b0753ae76394dd36bcfb912a46018088bca48be0/nomic-ai__nomic-embed-text-v1.5/b0753ae76394dd36bcfb912a46018088bca48be0
intfloat_e5_base,recursive_token,384,48,0.283970,intfloat_e5_base_recursive_token_c384_o48/results/intfloat__e5-base_b533fe4636f4a2507c08ddab40644d20b0006d6a/intfloat__e5-base/b533fe4636f4a2507c08ddab40644d20b0006d6a
BAAI_bge_large_en_v1.5,hierarchical_section,384,32,0.283500,BAAI_bge_large_en_v1.5_hierarchical_section_c384_o32/results/BAAI__bge-large-en-v1.5_d4aa6901d3a41ba39fb536a557fa166f842b0e09/BAAI__bge-large-en-v1.5/d4aa6901d3a41ba39fb536a557fa166f842b0e09
nomic_ai_nomic_embed_text_v1.5,hierarchical_section,384,16,0.283410,nomic_ai_nomic_embed_text_v1.5_hierarchical_section_c384_o16/results/nomic-ai__nomic-embed-text-v1.5_b0753ae76394dd36bcfb912a46018088bca48be0/nomic-ai__nomic-embed-text-v1.5/b0753ae76394dd36bcfb912a46018088bca48be0
nomic_ai_nomic_embed_text_v1,hierarchical_section,384,32,0.283310,nomic_ai_nomic_embed_text_v1_hierarchical_section_c384_o32/results/nomic-ai__nomic-embed-text-v1_0759316f275aa0cb93a5b830973843ca66babcf5/nomic-ai__nomic-embed-text-v1/0759316f275aa0cb93a5b830973843ca66babcf5
intfloat_e5_small,hierarchical_section,384,0,0.283240,intfloat_e5_small_hierarchical_section_c384_o0/results/intfloat__e5-small_e272f3049e853b47cb5ca3952268c6662abda68f/intfloat__e5-small/e272f3049e853b47cb5ca3952268c6662abda68f
intfloat_e5_large,semantic_fixed,384,0,0.282740,intfloat_e5_large_semantic_fixed_c384_o0/results/intfloat__e5-large_4dc6d853a804b9c8886ede6dda8a073b7dc08a81/intfloat__e5-large/4dc6d853a804b9c8886ede6dda8a073b7dc08a81
intfloat_e5_base,hierarchical_section,448,32,0.282020,intfloat_e5_base_hierarchical_section_c448_o32/results/intfloat__e5-base_b533fe4636f4a2507c08ddab40644d20b0006d6a/intfloat__e5-base/b533fe4636f4a2507c08ddab40644d20b0006d6a
intfloat_multilingual_e5_base,semantic_fixed,448,64,0.281620,intfloat_multilingual_e5_base_semantic_fixed_c448_o64/results/intfloat__multilingual-e5-base_d13f1b27baf31030b7fd040960d60d909913633f/intfloat__multilingual-e5-base/d13f1b27baf31030b7fd040960d60d909913633f
nomic_ai_nomic_embed_text_v1.5,recursive_token,384,48,0.281520,nomic_ai_nomic_embed_text_v1.5_recursive_token_c384_o48/results/nomic-ai__nomic-embed-text-v1.5_b0753ae76394dd36bcfb912a46018088bca48be0/nomic-ai__nomic-embed-text-v1.5/b0753ae76394dd36bcfb912a46018088bca48be0
intfloat_e5_small,hierarchical_section,384,16,0.281300,intfloat_e5_small_hierarchical_section_c384_o16/results/intfloat__e5-small_e272f3049e853b47cb5ca3952268c6662abda68f/intfloat__e5-small/e272f3049e853b47cb5ca3952268c6662abda68f
BAAI_bge_base_en_v1.5,recursive_token,384,32,0.281120,BAAI_bge_base_en_v1.5_recursive_token_c384_o32/results/BAAI__bge-base-en-v1.5_a5beb1e3e68b9ab74eb54cfd186867f64f240e1a/BAAI__bge-base-en-v1.5/a5beb1e3e68b9ab74eb54cfd186867f64f240e1a
BAAI_bge_large_en_v1.5,semantic_fixed,384,32,0.281070,BAAI_bge_large_en_v1.5_semantic_fixed_c384_o32/results/BAAI__bge-large-en-v1.5_d4aa6901d3a41ba39fb536a557fa166f842b0e09/BAAI__bge-large-en-v1.5/d4aa6901d3a41ba39fb536a557fa166f842b0e09
intfloat_e5_small,recursive_token,384,32,0.279980,intfloat_e5_small_recursive_token_c384_o32/results/intfloat__e5-small_e272f3049e853b47cb5ca3952268c6662abda68f/intfloat__e5-small/e272f3049e853b47cb5ca3952268c6662abda68f
intfloat_e5_base,hierarchical_section,448,48,0.279580,intfloat_e5_base_hierarchical_section_c448_o48/results/intfloat__e5-base_b533fe4636f4a2507c08ddab40644d20b0006d6a/intfloat__e5-base/b533fe4636f4a2507c08ddab40644d20b0006d6a
intfloat_e5_base,fixed_token,384,64,0.279540,intfloat_e5_base_fixed_token_c384_o64/results/intfloat__e5-base_b533fe4636f4a2507c08ddab40644d20b0006d6a/intfloat__e5-base/b533fe4636f4a2507c08ddab40644d20b0006d6a
intfloat_multilingual_e5_base,hierarchical_section,384,0,0.279520,intfloat_multilingual_e5_base_hierarchical_section_c384_o0/results/intfloat__multilingual-e5-base_d13f1b27baf31030b7fd040960d60d909913633f/intfloat__multilingual-e5-base/d13f1b27baf31030b7fd040960d60d909913633f
intfloat_multilingual_e5_base,recursive_token,448,32,0.279420,intfloat_multilingual_e5_base_recursive_token_c448_o32/results/intfloat__multilingual-e5-base_d13f1b27baf31030b7fd040960d60d909913633f/intfloat__multilingual-e5-base/d13f1b27baf31030b7fd040960d60d909913633f
BAAI_bge_large_en_v1.5,recursive_token,384,64,0.279240,BAAI_bge_large_en_v1.5_recursive_token_c384_o64/results/BAAI__bge-large-en-v1.5_d4aa6901d3a41ba39fb536a557fa166f842b0e09/BAAI__bge-large-en-v1.5/d4aa6901d3a41ba39fb536a557fa166f842b0e09
BAAI_bge_large_en_v1.5,hierarchical_section,384,48,0.279200,BAAI_bge_large_en_v1.5_hierarchical_section_c384_o48/results/BAAI__bge-large-en-v1.5_d4aa6901d3a41ba39fb536a557fa166f842b0e09/BAAI__bge-large-en-v1.5/d4aa6901d3a41ba39fb536a557fa166f842b0e09
intfloat_e5_small,semantic_fixed,384,16,0.279100,intfloat_e5_small_semantic_fixed_c384_o16/results/intfloat__e5-small_e272f3049e853b47cb5ca3952268c6662abda68f/intfloat__e5-small/e272f3049e853b47cb5ca3952268c6662abda68f
nomic_ai_nomic_embed_text_v1,hierarchical_section,384,64,0.279080,nomic_ai_nomic_embed_text_v1_hierarchical_section_c384_o64/results/nomic-ai__nomic-embed-text-v1_0759316f275aa0cb93a5b830973843ca66babcf5/nomic-ai__nomic-embed-text-v1/0759316f275aa0cb93a5b830973843ca66babcf5
intfloat_e5_large,recursive_token,384,48,0.278870,intfloat_e5_large_recursive_token_c384_o48/results/intfloat__e5-large_4dc6d853a804b9c8886ede6dda8a073b7dc08a81/intfloat__e5-large/4dc6d853a804b9c8886ede6dda8a073b7dc08a81
BAAI_bge_base_en_v1.5,semantic_fixed,384,16,0.278750,BAAI_bge_base_en_v1.5_semantic_fixed_c384_o16/results/BAAI__bge-base-en-v1.5_a5beb1e3e68b9ab74eb54cfd186867f64f240e1a/BAAI__bge-base-en-v1.5/a5beb1e3e68b9ab74eb54cfd186867f64f240e1a
intfloat_multilingual_e5_base,fixed_token,384,0,0.278610,intfloat_multilingual_e5_base_fixed_token_c384_o0/results/intfloat__multilingual-e5-base_d13f1b27baf31030b7fd040960d60d909913633f/intfloat__multilingual-e5-base/d13f1b27baf31030b7fd040960d60d909913633f
BAAI_bge_base_en_v1.5,fixed_token,384,32,0.278600,BAAI_bge_base_en_v1.5_fixed_token_c384_o32/results/BAAI__bge-base-en-v1.5_a5beb1e3e68b9ab74eb54cfd186867f64f240e1a/BAAI__bge-base-en-v1.5/a5beb1e3e68b9ab74eb54cfd186867f64f240e1a
BAAI_bge_large_en_v1.5,fixed_token,384,48,0.278590,BAAI_bge_large_en_v1.5_fixed_token_c384_o48/results/BAAI__bge-large-en-v1.5_d4aa6901d3a41ba39fb536a557fa166f842b0e09/BAAI__bge-large-en-v1.5/d4aa6901d3a41ba39fb536a557fa166f842b0e09
intfloat_e5_small,hierarchical_section,384,32,0.278270,intfloat_e5_small_hierarchical_section_c384_o32/results/intfloat__e5-small_e272f3049e853b47cb5ca3952268c6662abda68f/intfloat__e5-small/e272f3049e853b47cb5ca3952268c6662abda68f
BAAI_bge_base_en_v1.5,hierarchical_section,384,16,0.278130,BAAI_bge_base_en_v1.5_hierarchical_section_c384_o16/results/BAAI__bge-base-en-v1.5_a5beb1e3e68b9ab74eb54cfd186867f64f240e1a/BAAI__bge-base-en-v1.5/a5beb1e3e68b9ab74eb54cfd186867f64f240e1a
nomic_ai_nomic_embed_text_v1.5,fixed_token,384,48,0.278050,nomic_ai_nomic_embed_text_v1.5_fixed_token_c384_o48/results/nomic-ai__nomic-embed-text-v1.5_b0753ae76394dd36bcfb912a46018088bca48be0/nomic-ai__nomic-embed-text-v1.5/b0753ae76394dd36bcfb912a46018088bca48be0
intfloat_multilingual_e5_base,recursive_token,448,48,0.278000,intfloat_multilingual_e5_base_recursive_token_c448_o48/results/intfloat__multilingual-e5-base_d13f1b27baf31030b7fd040960d60d909913633f/intfloat__multilingual-e5-base/d13f1b27baf31030b7fd040960d60d909913633f
intfloat_multilingual_e5_base,hierarchical_section,448,64,0.277760,intfloat_multilingual_e5_base_hierarchical_section_c448_o64/results/intfloat__multilingual-e5-base_d13f1b27baf31030b7fd040960d60d909913633f/intfloat__multilingual-e5-base/d13f1b27baf31030b7fd040960d60d909913633f
intfloat_e5_base,hierarchical_section,448,64,0.276190,intfloat_e5_base_hierarchical_section_c448_o64/results/intfloat__e5-base_b533fe4636f4a2507c08ddab40644d20b0006d6a/intfloat__e5-base/b533fe4636f4a2507c08ddab40644d20b0006d6a
intfloat_e5_small,recursive_token,384,48,0.275940,intfloat_e5_small_recursive_token_c384_o48/results/intfloat__e5-small_e272f3049e853b47cb5ca3952268c6662abda68f/intfloat__e5-small/e272f3049e853b47cb5ca3952268c6662abda68f
intfloat_e5_small,fixed_token,384,48,0.275870,intfloat_e5_small_fixed_token_c384_o48/results/intfloat__e5-small_e272f3049e853b47cb5ca3952268c6662abda68f/intfloat__e5-small/e272f3049e853b47cb5ca3952268c6662abda68f
intfloat_e5_large,semantic_fixed,384,16,0.275680,intfloat_e5_large_semantic_fixed_c384_o16/results/intfloat__e5-large_4dc6d853a804b9c8886ede6dda8a073b7dc08a81/intfloat__e5-large/4dc6d853a804b9c8886ede6dda8a073b7dc08a81
intfloat_e5_base,semantic_fixed,448,16,0.275670,intfloat_e5_base_semantic_fixed_c448_o16/results/intfloat__e5-base_b533fe4636f4a2507c08ddab40644d20b0006d6a/intfloat__e5-base/b533fe4636f4a2507c08ddab40644d20b0006d6a
nomic_ai_nomic_embed_text_v1.5,fixed_token,320,0,0.275220,nomic_ai_nomic_embed_text_v1.5_fixed_token_c320_o0/results/nomic-ai__nomic-embed-text-v1.5_b0753ae76394dd36bcfb912a46018088bca48be0/nomic-ai__nomic-embed-text-v1.5/b0753ae76394dd36bcfb912a46018088bca48be0
nomic_ai_nomic_embed_text_v1.5,fixed_token,384,64,0.275090,nomic_ai_nomic_embed_text_v1.5_fixed_token_c384_o64/results/nomic-ai__nomic-embed-text-v1.5_b0753ae76394dd36bcfb912a46018088bca48be0/nomic-ai__nomic-embed-text-v1.5/b0753ae76394dd36bcfb912a46018088bca48be0
nomic_ai_nomic_embed_text_v1.5,recursive_token,384,64,0.275090,nomic_ai_nomic_embed_text_v1.5_recursive_token_c384_o64/results/nomic-ai__nomic-embed-text-v1.5_b0753ae76394dd36bcfb912a46018088bca48be0/nomic-ai__nomic-embed-text-v1.5/b0753ae76394dd36bcfb912a46018088bca48be0
BAAI_bge_base_en_v1.5,recursive_token,384,48,0.274660,BAAI_bge_base_en_v1.5_recursive_token_c384_o48/results/BAAI__bge-base-en-v1.5_a5beb1e3e68b9ab74eb54cfd186867f64f240e1a/BAAI__bge-base-en-v1.5/a5beb1e3e68b9ab74eb54cfd186867f64f240e1a
nomic_ai_nomic_embed_text_v1.5,hierarchical_section,384,48,0.274420,nomic_ai_nomic_embed_text_v1.5_hierarchical_section_c384_o48/results/nomic-ai__nomic-embed-text-v1.5_b0753ae76394dd36bcfb912a46018088bca48be0/nomic-ai__nomic-embed-text-v1.5/b0753ae76394dd36bcfb912a46018088bca48be0
intfloat_e5_small,hierarchical_section,384,48,0.274350,intfloat_e5_small_hierarchical_section_c384_o48/results/intfloat__e5-small_e272f3049e853b47cb5ca3952268c6662abda68f/intfloat__e5-small/e272f3049e853b47cb5ca3952268c6662abda68f
intfloat_e5_large,fixed_token,384,48,0.274340,intfloat_e5_large_fixed_token_c384_o48/results/intfloat__e5-large_4dc6d853a804b9c8886ede6dda8a073b7dc08a81/intfloat__e5-large/4dc6d853a804b9c8886ede6dda8a073b7dc08a81
nomic_ai_nomic_embed_text_v1.5,hierarchical_section,384,32,0.273610,nomic_ai_nomic_embed_text_v1.5_hierarchical_section_c384_o32/results/nomic-ai__nomic-embed-text-v1.5_b0753ae76394dd36bcfb912a46018088bca48be0/nomic-ai__nomic-embed-text-v1.5/b0753ae76394dd36bcfb912a46018088bca48be0
intfloat_e5_base,fixed_token,320,0,0.273400,intfloat_e5_base_fixed_token_c320_o0/results/intfloat__e5-base_b533fe4636f4a2507c08ddab40644d20b0006d6a/intfloat__e5-base/b533fe4636f4a2507c08ddab40644d20b0006d6a
intfloat_e5_base,recursive_token,384,64,0.273310,intfloat_e5_base_recursive_token_c384_o64/results/intfloat__e5-base_b533fe4636f4a2507c08ddab40644d20b0006d6a/intfloat__e5-base/b533fe4636f4a2507c08ddab40644d20b0006d6a
intfloat_e5_large,fixed_token,384,64,0.273310,intfloat_e5_large_fixed_token_c384_o64/results/intfloat__e5-large_4dc6d853a804b9c8886ede6dda8a073b7dc08a81/intfloat__e5-large/4dc6d853a804b9c8886ede6dda8a073b7dc08a81
BAAI_bge_large_en_v1.5,semantic_recursive,448,0,0.273200,BAAI_bge_large_en_v1.5_semantic_recursive_c448_o0/results/BAAI__bge-large-en-v1.5_d4aa6901d3a41ba39fb536a557fa166f842b0e09/BAAI__bge-large-en-v1.5/d4aa6901d3a41ba39fb536a557fa166f842b0e09
intfloat_e5_large,fixed_token,320,0,0.273070,intfloat_e5_large_fixed_token_c320_o0/results/intfloat__e5-large_4dc6d853a804b9c8886ede6dda8a073b7dc08a81/intfloat__e5-large/4dc6d853a804b9c8886ede6dda8a073b7dc08a81
intfloat_e5_large,recursive_token,384,64,0.272990,intfloat_e5_large_recursive_token_c384_o64/results/intfloat__e5-large_4dc6d853a804b9c8886ede6dda8a073b7dc08a81/intfloat__e5-large/4dc6d853a804b9c8886ede6dda8a073b7dc08a81
BAAI_bge_base_en_v1.5,hierarchical_section,384,32,0.272820,BAAI_bge_base_en_v1.5_hierarchical_section_c384_o32/results/BAAI__bge-base-en-v1.5_a5beb1e3e68b9ab74eb54cfd186867f64f240e1a/BAAI__bge-base-en-v1.5/a5beb1e3e68b9ab74eb54cfd186867f64f240e1a
intfloat_multilingual_e5_base,semantic_fixed,384,0,0.272800,intfloat_multilingual_e5_base_semantic_fixed_c384_o0/results/intfloat__multilingual-e5-base_d13f1b27baf31030b7fd040960d60d909913633f/intfloat__multilingual-e5-base/d13f1b27baf31030b7fd040960d60d909913633f
intfloat_e5_small,semantic_fixed,384,32,0.272790,intfloat_e5_small_semantic_fixed_c384_o32/results/intfloat__e5-small_e272f3049e853b47cb5ca3952268c6662abda68f/intfloat__e5-small/e272f3049e853b47cb5ca3952268c6662abda68f
BAAI_bge_large_en_v1.5,semantic_recursive,448,16,0.272610,BAAI_bge_large_en_v1.5_semantic_recursive_c448_o16/results/BAAI__bge-large-en-v1.5_d4aa6901d3a41ba39fb536a557fa166f842b0e09/BAAI__bge-large-en-v1.5/d4aa6901d3a41ba39fb536a557fa166f842b0e09
intfloat_e5_base,semantic_fixed,448,32,0.272600,intfloat_e5_base_semantic_fixed_c448_o32/results/intfloat__e5-base_b533fe4636f4a2507c08ddab40644d20b0006d6a/intfloat__e5-base/b533fe4636f4a2507c08ddab40644d20b0006d6a
BAAI_bge_large_en_v1.5,hierarchical_section,384,64,0.272430,BAAI_bge_large_en_v1.5_hierarchical_section_c384_o64/results/BAAI__bge-large-en-v1.5_d4aa6901d3a41ba39fb536a557fa166f842b0e09/BAAI__bge-large-en-v1.5/d4aa6901d3a41ba39fb536a557fa166f842b0e09
BAAI_bge_large_en_v1.5,semantic_fixed,384,48,0.272090,BAAI_bge_large_en_v1.5_semantic_fixed_c384_o48/results/BAAI__bge-large-en-v1.5_d4aa6901d3a41ba39fb536a557fa166f842b0e09/BAAI__bge-large-en-v1.5/d4aa6901d3a41ba39fb536a557fa166f842b0e09
BAAI_bge_large_en_v1.5,fixed_token,320,0,0.272070,BAAI_bge_large_en_v1.5_fixed_token_c320_o0/results/BAAI__bge-large-en-v1.5_d4aa6901d3a41ba39fb536a557fa166f842b0e09/BAAI__bge-large-en-v1.5/d4aa6901d3a41ba39fb536a557fa166f842b0e09
BAAI_bge_large_en_v1.5,semantic_recursive,448,32,0.271880,BAAI_bge_large_en_v1.5_semantic_recursive_c448_o32/results/BAAI__bge-large-en-v1.5_d4aa6901d3a41ba39fb536a557fa166f842b0e09/BAAI__bge-large-en-v1.5/d4aa6901d3a41ba39fb536a557fa166f842b0e09
BAAI_bge_large_en_v1.5,fixed_token,384,64,0.271800,BAAI_bge_large_en_v1.5_fixed_token_c384_o64/results/BAAI__bge-large-en-v1.5_d4aa6901d3a41ba39fb536a557fa166f842b0e09/BAAI__bge-large-en-v1.5/d4aa6901d3a41ba39fb536a557fa166f842b0e09
intfloat_e5_base,hierarchical_section,384,0,0.271690,intfloat_e5_base_hierarchical_section_c384_o0/results/intfloat__e5-base_b533fe4636f4a2507c08ddab40644d20b0006d6a/intfloat__e5-base/b533fe4636f4a2507c08ddab40644d20b0006d6a
nomic_ai_nomic_embed_text_v1,fixed_token,320,16,0.271580,nomic_ai_nomic_embed_text_v1_fixed_token_c320_o16/results/nomic-ai__nomic-embed-text-v1_0759316f275aa0cb93a5b830973843ca66babcf5/nomic-ai__nomic-embed-text-v1/0759316f275aa0cb93a5b830973843ca66babcf5
BAAI_bge_large_en_v1.5,semantic_fixed,384,64,0.271390,BAAI_bge_large_en_v1.5_semantic_fixed_c384_o64/results/BAAI__bge-large-en-v1.5_d4aa6901d3a41ba39fb536a557fa166f842b0e09/BAAI__bge-large-en-v1.5/d4aa6901d3a41ba39fb536a557fa166f842b0e09
nomic_ai_nomic_embed_text_v1,hierarchical_section,320,0,0.271190,nomic_ai_nomic_embed_text_v1_hierarchical_section_c320_o0/results/nomic-ai__nomic-embed-text-v1_0759316f275aa0cb93a5b830973843ca66babcf5/nomic-ai__nomic-embed-text-v1/0759316f275aa0cb93a5b830973843ca66babcf5
intfloat_multilingual_e5_base,recursive_token,448,64,0.271140,intfloat_multilingual_e5_base_recursive_token_c448_o64/results/intfloat__multilingual-e5-base_d13f1b27baf31030b7fd040960d60d909913633f/intfloat__multilingual-e5-base/d13f1b27baf31030b7fd040960d60d909913633f
BAAI_bge_base_en_v1.5,hierarchical_section,384,48,0.270930,BAAI_bge_base_en_v1.5_hierarchical_section_c384_o48/results/BAAI__bge-base-en-v1.5_a5beb1e3e68b9ab74eb54cfd186867f64f240e1a/BAAI__bge-base-en-v1.5/a5beb1e3e68b9ab74eb54cfd186867f64f240e1a
intfloat_multilingual_e5_base,hierarchical_section,384,16,0.270420,intfloat_multilingual_e5_base_hierarchical_section_c384_o16/results/intfloat__multilingual-e5-base_d13f1b27baf31030b7fd040960d60d909913633f/intfloat__multilingual-e5-base/d13f1b27baf31030b7fd040960d60d909913633f
intfloat_multilingual_e5_base,fixed_token,384,16,0.270350,intfloat_multilingual_e5_base_fixed_token_c384_o16/results/intfloat__multilingual-e5-base_d13f1b27baf31030b7fd040960d60d909913633f/intfloat__multilingual-e5-base/d13f1b27baf31030b7fd040960d60d909913633f
nomic_ai_nomic_embed_text_v1,recursive_token,320,16,0.270310,nomic_ai_nomic_embed_text_v1_recursive_token_c320_o16/results/nomic-ai__nomic-embed-text-v1_0759316f275aa0cb93a5b830973843ca66babcf5/nomic-ai__nomic-embed-text-v1/0759316f275aa0cb93a5b830973843ca66babcf5
intfloat_multilingual_e5_base,fixed_token,384,32,0.269870,intfloat_multilingual_e5_base_fixed_token_c384_o32/results/intfloat__multilingual-e5-base_d13f1b27baf31030b7fd040960d60d909913633f/intfloat__multilingual-e5-base/d13f1b27baf31030b7fd040960d60d909913633f
BAAI_bge_large_en_v1.5,semantic_recursive,448,48,0.269430,BAAI_bge_large_en_v1.5_semantic_recursive_c448_o48/results/BAAI__bge-large-en-v1.5_d4aa6901d3a41ba39fb536a557fa166f842b0e09/BAAI__bge-large-en-v1.5/d4aa6901d3a41ba39fb536a557fa166f842b0e09
intfloat_e5_small,fixed_token,320,0,0.269400,intfloat_e5_small_fixed_token_c320_o0/results/intfloat__e5-small_e272f3049e853b47cb5ca3952268c6662abda68f/intfloat__e5-small/e272f3049e853b47cb5ca3952268c6662abda68f
BAAI_bge_base_en_v1.5,fixed_token,384,48,0.269350,BAAI_bge_base_en_v1.5_fixed_token_c384_o48/results/BAAI__bge-base-en-v1.5_a5beb1e3e68b9ab74eb54cfd186867f64f240e1a/BAAI__bge-base-en-v1.5/a5beb1e3e68b9ab74eb54cfd186867f64f240e1a
intfloat_e5_small,hierarchical_section,384,64,0.269260,intfloat_e5_small_hierarchical_section_c384_o64/results/intfloat__e5-small_e272f3049e853b47cb5ca3952268c6662abda68f/intfloat__e5-small/e272f3049e853b47cb5ca3952268c6662abda68f
intfloat_e5_small,semantic_fixed,384,48,0.269240,intfloat_e5_small_semantic_fixed_c384_o48/results/intfloat__e5-small_e272f3049e853b47cb5ca3952268c6662abda68f/intfloat__e5-small/e272f3049e853b47cb5ca3952268c6662abda68f
BAAI_bge_large_en_v1.5,hierarchical_section,320,0,0.269090,BAAI_bge_large_en_v1.5_hierarchical_section_c320_o0/results/BAAI__bge-large-en-v1.5_d4aa6901d3a41ba39fb536a557fa166f842b0e09/BAAI__bge-large-en-v1.5/d4aa6901d3a41ba39fb536a557fa166f842b0e09
intfloat_e5_large,semantic_fixed,384,32,0.269050,intfloat_e5_large_semantic_fixed_c384_o32/results/intfloat__e5-large_4dc6d853a804b9c8886ede6dda8a073b7dc08a81/intfloat__e5-large/4dc6d853a804b9c8886ede6dda8a073b7dc08a81
BAAI_bge_base_en_v1.5,recursive_token,384,64,0.268060,BAAI_bge_base_en_v1.5_recursive_token_c384_o64/results/BAAI__bge-base-en-v1.5_a5beb1e3e68b9ab74eb54cfd186867f64f240e1a/BAAI__bge-base-en-v1.5/a5beb1e3e68b9ab74eb54cfd186867f64f240e1a
intfloat_e5_base,semantic_fixed,448,64,0.267920,intfloat_e5_base_semantic_fixed_c448_o64/results/intfloat__e5-base_b533fe4636f4a2507c08ddab40644d20b0006d6a/intfloat__e5-base/b533fe4636f4a2507c08ddab40644d20b0006d6a
nomic_ai_nomic_embed_text_v1,recursive_token,320,0,0.267780,nomic_ai_nomic_embed_text_v1_recursive_token_c320_o0/results/nomic-ai__nomic-embed-text-v1_0759316f275aa0cb93a5b830973843ca66babcf5/nomic-ai__nomic-embed-text-v1/0759316f275aa0cb93a5b830973843ca66babcf5
intfloat_e5_base,semantic_fixed,448,48,0.267700,intfloat_e5_base_semantic_fixed_c448_o48/results/intfloat__e5-base_b533fe4636f4a2507c08ddab40644d20b0006d6a/intfloat__e5-base/b533fe4636f4a2507c08ddab40644d20b0006d6a
nomic_ai_nomic_embed_text_v1.5,hierarchical_section,384,64,0.267670,nomic_ai_nomic_embed_text_v1.5_hierarchical_section_c384_o64/results/nomic-ai__nomic-embed-text-v1.5_b0753ae76394dd36bcfb912a46018088bca48be0/nomic-ai__nomic-embed-text-v1.5/b0753ae76394dd36bcfb912a46018088bca48be0
BAAI_bge_large_en_v1.5,semantic_recursive,448,64,0.267210,BAAI_bge_large_en_v1.5_semantic_recursive_c448_o64/results/BAAI__bge-large-en-v1.5_d4aa6901d3a41ba39fb536a557fa166f842b0e09/BAAI__bge-large-en-v1.5/d4aa6901d3a41ba39fb536a557fa166f842b0e09
intfloat_e5_base,semantic_fixed,384,0,0.267210,intfloat_e5_base_semantic_fixed_c384_o0/results/intfloat__e5-base_b533fe4636f4a2507c08ddab40644d20b0006d6a/intfloat__e5-base/b533fe4636f4a2507c08ddab40644d20b0006d6a
intfloat_multilingual_e5_base,semantic_fixed,384,16,0.267130,intfloat_multilingual_e5_base_semantic_fixed_c384_o16/results/intfloat__multilingual-e5-base_d13f1b27baf31030b7fd040960d60d909913633f/intfloat__multilingual-e5-base/d13f1b27baf31030b7fd040960d60d909913633f
intfloat_e5_small,fixed_token,384,64,0.266490,intfloat_e5_small_fixed_token_c384_o64/results/intfloat__e5-small_e272f3049e853b47cb5ca3952268c6662abda68f/intfloat__e5-small/e272f3049e853b47cb5ca3952268c6662abda68f
intfloat_e5_base,hierarchical_section,384,16,0.266360,intfloat_e5_base_hierarchical_section_c384_o16/results/intfloat__e5-base_b533fe4636f4a2507c08ddab40644d20b0006d6a/intfloat__e5-base/b533fe4636f4a2507c08ddab40644d20b0006d6a
BAAI_bge_base_en_v1.5,semantic_fixed,384,32,0.266160,BAAI_bge_base_en_v1.5_semantic_fixed_c384_o32/results/BAAI__bge-base-en-v1.5_a5beb1e3e68b9ab74eb54cfd186867f64f240e1a/BAAI__bge-base-en-v1.5/a5beb1e3e68b9ab74eb54cfd186867f64f240e1a
nomic_ai_nomic_embed_text_v1,fixed_token,320,32,0.266160,nomic_ai_nomic_embed_text_v1_fixed_token_c320_o32/results/nomic-ai__nomic-embed-text-v1_0759316f275aa0cb93a5b830973843ca66babcf5/nomic-ai__nomic-embed-text-v1/0759316f275aa0cb93a5b830973843ca66babcf5
intfloat_e5_small,recursive_token,384,64,0.266060,intfloat_e5_small_recursive_token_c384_o64/results/intfloat__e5-small_e272f3049e853b47cb5ca3952268c6662abda68f/intfloat__e5-small/e272f3049e853b47cb5ca3952268c6662abda68f
intfloat_e5_small,semantic_fixed,320,0,0.265850,intfloat_e5_small_semantic_fixed_c320_o0/results/intfloat__e5-small_e272f3049e853b47cb5ca3952268c6662abda68f/intfloat__e5-small/e272f3049e853b47cb5ca3952268c6662abda68f
BAAI_bge_large_en_v1.5,semantic_fixed,320,0,0.265840,BAAI_bge_large_en_v1.5_semantic_fixed_c320_o0/results/BAAI__bge-large-en-v1.5_d4aa6901d3a41ba39fb536a557fa166f842b0e09/BAAI__bge-large-en-v1.5/d4aa6901d3a41ba39fb536a557fa166f842b0e09
intfloat_multilingual_e5_base,semantic_recursive,448,0,0.265220,intfloat_multilingual_e5_base_semantic_recursive_c448_o0/results/intfloat__multilingual-e5-base_d13f1b27baf31030b7fd040960d60d909913633f/intfloat__multilingual-e5-base/d13f1b27baf31030b7fd040960d60d909913633f
intfloat_multilingual_e5_base,semantic_recursive,448,16,0.265170,intfloat_multilingual_e5_base_semantic_recursive_c448_o16/results/intfloat__multilingual-e5-base_d13f1b27baf31030b7fd040960d60d909913633f/intfloat__multilingual-e5-base/d13f1b27baf31030b7fd040960d60d909913633f
nomic_ai_nomic_embed_text_v1,recursive_token,320,32,0.264870,nomic_ai_nomic_embed_text_v1_recursive_token_c320_o32/results/nomic-ai__nomic-embed-text-v1_0759316f275aa0cb93a5b830973843ca66babcf5/nomic-ai__nomic-embed-text-v1/0759316f275aa0cb93a5b830973843ca66babcf5
intfloat_e5_base,hierarchical_section,384,32,0.264040,intfloat_e5_base_hierarchical_section_c384_o32/results/intfloat__e5-base_b533fe4636f4a2507c08ddab40644d20b0006d6a/intfloat__e5-base/b533fe4636f4a2507c08ddab40644d20b0006d6a
BAAI_bge_base_en_v1.5,semantic_recursive,448,0,0.263970,BAAI_bge_base_en_v1.5_semantic_recursive_c448_o0/results/BAAI__bge-base-en-v1.5_a5beb1e3e68b9ab74eb54cfd186867f64f240e1a/BAAI__bge-base-en-v1.5/a5beb1e3e68b9ab74eb54cfd186867f64f240e1a
intfloat_multilingual_e5_base,semantic_fixed,384,32,0.263920,intfloat_multilingual_e5_base_semantic_fixed_c384_o32/results/intfloat__multilingual-e5-base_d13f1b27baf31030b7fd040960d60d909913633f/intfloat__multilingual-e5-base/d13f1b27baf31030b7fd040960d60d909913633f
intfloat_e5_small,semantic_recursive,448,16,0.263790,intfloat_e5_small_semantic_recursive_c448_o16/results/intfloat__e5-small_e272f3049e853b47cb5ca3952268c6662abda68f/intfloat__e5-small/e272f3049e853b47cb5ca3952268c6662abda68f
intfloat_e5_small,semantic_fixed,384,64,0.263620,intfloat_e5_small_semantic_fixed_c384_o64/results/intfloat__e5-small_e272f3049e853b47cb5ca3952268c6662abda68f/intfloat__e5-small/e272f3049e853b47cb5ca3952268c6662abda68f
intfloat_multilingual_e5_base,hierarchical_section,384,32,0.263080,intfloat_multilingual_e5_base_hierarchical_section_c384_o32/results/intfloat__multilingual-e5-base_d13f1b27baf31030b7fd040960d60d909913633f/intfloat__multilingual-e5-base/d13f1b27baf31030b7fd040960d60d909913633f
intfloat_e5_small,semantic_recursive,448,0,0.262880,intfloat_e5_small_semantic_recursive_c448_o0/results/intfloat__e5-small_e272f3049e853b47cb5ca3952268c6662abda68f/intfloat__e5-small/e272f3049e853b47cb5ca3952268c6662abda68f
BAAI_bge_base_en_v1.5,fixed_token,384,64,0.262670,BAAI_bge_base_en_v1.5_fixed_token_c384_o64/results/BAAI__bge-base-en-v1.5_a5beb1e3e68b9ab74eb54cfd186867f64f240e1a/BAAI__bge-base-en-v1.5/a5beb1e3e68b9ab74eb54cfd186867f64f240e1a
BAAI_bge_base_en_v1.5,semantic_recursive,448,16,0.262430,BAAI_bge_base_en_v1.5_semantic_recursive_c448_o16/results/BAAI__bge-base-en-v1.5_a5beb1e3e68b9ab74eb54cfd186867f64f240e1a/BAAI__bge-base-en-v1.5/a5beb1e3e68b9ab74eb54cfd186867f64f240e1a
intfloat_multilingual_e5_base,semantic_recursive,448,32,0.262310,intfloat_multilingual_e5_base_semantic_recursive_c448_o32/results/intfloat__multilingual-e5-base_d13f1b27baf31030b7fd040960d60d909913633f/intfloat__multilingual-e5-base/d13f1b27baf31030b7fd040960d60d909913633f
intfloat_multilingual_e5_base,semantic_recursive,448,48,0.262180,intfloat_multilingual_e5_base_semantic_recursive_c448_o48/results/intfloat__multilingual-e5-base_d13f1b27baf31030b7fd040960d60d909913633f/intfloat__multilingual-e5-base/d13f1b27baf31030b7fd040960d60d909913633f
BAAI_bge_base_en_v1.5,hierarchical_section,384,64,0.262070,BAAI_bge_base_en_v1.5_hierarchical_section_c384_o64/results/BAAI__bge-base-en-v1.5_a5beb1e3e68b9ab74eb54cfd186867f64f240e1a/BAAI__bge-base-en-v1.5/a5beb1e3e68b9ab74eb54cfd186867f64f240e1a
intfloat_e5_large,semantic_fixed,384,48,0.261690,intfloat_e5_large_semantic_fixed_c384_o48/results/intfloat__e5-large_4dc6d853a804b9c8886ede6dda8a073b7dc08a81/intfloat__e5-large/4dc6d853a804b9c8886ede6dda8a073b7dc08a81
intfloat_e5_base,hierarchical_section,384,48,0.261560,intfloat_e5_base_hierarchical_section_c384_o48/results/intfloat__e5-base_b533fe4636f4a2507c08ddab40644d20b0006d6a/intfloat__e5-base/b533fe4636f4a2507c08ddab40644d20b0006d6a
nomic_ai_nomic_embed_text_v1.5,hierarchical_section,320,0,0.261400,nomic_ai_nomic_embed_text_v1.5_hierarchical_section_c320_o0/results/nomic-ai__nomic-embed-text-v1.5_b0753ae76394dd36bcfb912a46018088bca48be0/nomic-ai__nomic-embed-text-v1.5/b0753ae76394dd36bcfb912a46018088bca48be0
BAAI_bge_base_en_v1.5,semantic_fixed,384,48,0.260940,BAAI_bge_base_en_v1.5_semantic_fixed_c384_o48/results/BAAI__bge-base-en-v1.5_a5beb1e3e68b9ab74eb54cfd186867f64f240e1a/BAAI__bge-base-en-v1.5/a5beb1e3e68b9ab74eb54cfd186867f64f240e1a
intfloat_e5_small,semantic_recursive,448,32,0.260860,intfloat_e5_small_semantic_recursive_c448_o32/results/intfloat__e5-small_e272f3049e853b47cb5ca3952268c6662abda68f/intfloat__e5-small/e272f3049e853b47cb5ca3952268c6662abda68f
intfloat_multilingual_e5_base,recursive_token,384,16,0.260660,intfloat_multilingual_e5_base_recursive_token_c384_o16/results/intfloat__multilingual-e5-base_d13f1b27baf31030b7fd040960d60d909913633f/intfloat__multilingual-e5-base/d13f1b27baf31030b7fd040960d60d909913633f
nomic_ai_nomic_embed_text_v1,hierarchical_section,320,16,0.260660,nomic_ai_nomic_embed_text_v1_hierarchical_section_c320_o16/results/nomic-ai__nomic-embed-text-v1_0759316f275aa0cb93a5b830973843ca66babcf5/nomic-ai__nomic-embed-text-v1/0759316f275aa0cb93a5b830973843ca66babcf5
intfloat_multilingual_e5_base,semantic_recursive,448,64,0.260300,intfloat_multilingual_e5_base_semantic_recursive_c448_o64/results/intfloat__multilingual-e5-base_d13f1b27baf31030b7fd040960d60d909913633f/intfloat__multilingual-e5-base/d13f1b27baf31030b7fd040960d60d909913633f
intfloat_e5_small,hierarchical_section,320,0,0.260200,intfloat_e5_small_hierarchical_section_c320_o0/results/intfloat__e5-small_e272f3049e853b47cb5ca3952268c6662abda68f/intfloat__e5-small/e272f3049e853b47cb5ca3952268c6662abda68f
BAAI_bge_base_en_v1.5,semantic_recursive,448,32,0.259860,BAAI_bge_base_en_v1.5_semantic_recursive_c448_o32/results/BAAI__bge-base-en-v1.5_a5beb1e3e68b9ab74eb54cfd186867f64f240e1a/BAAI__bge-base-en-v1.5/a5beb1e3e68b9ab74eb54cfd186867f64f240e1a
BAAI_bge_large_en_v1.5,recursive_token,320,16,0.259770,BAAI_bge_large_en_v1.5_recursive_token_c320_o16/results/BAAI__bge-large-en-v1.5_d4aa6901d3a41ba39fb536a557fa166f842b0e09/BAAI__bge-large-en-v1.5/d4aa6901d3a41ba39fb536a557fa166f842b0e09
intfloat_e5_small,recursive_token,320,16,0.259710,intfloat_e5_small_recursive_token_c320_o16/results/intfloat__e5-small_e272f3049e853b47cb5ca3952268c6662abda68f/intfloat__e5-small/e272f3049e853b47cb5ca3952268c6662abda68f
intfloat_e5_small,fixed_token,320,16,0.259400,intfloat_e5_small_fixed_token_c320_o16/results/intfloat__e5-small_e272f3049e853b47cb5ca3952268c6662abda68f/intfloat__e5-small/e272f3049e853b47cb5ca3952268c6662abda68f
nomic_ai_nomic_embed_text_v1.5,fixed_token,320,16,0.259360,nomic_ai_nomic_embed_text_v1.5_fixed_token_c320_o16/results/nomic-ai__nomic-embed-text-v1.5_b0753ae76394dd36bcfb912a46018088bca48be0/nomic-ai__nomic-embed-text-v1.5/b0753ae76394dd36bcfb912a46018088bca48be0
intfloat_multilingual_e5_base,recursive_token,384,0,0.259320,intfloat_multilingual_e5_base_recursive_token_c384_o0/results/intfloat__multilingual-e5-base_d13f1b27baf31030b7fd040960d60d909913633f/intfloat__multilingual-e5-base/d13f1b27baf31030b7fd040960d60d909913633f
nomic_ai_nomic_embed_text_v1,fixed_token,320,48,0.259240,nomic_ai_nomic_embed_text_v1_fixed_token_c320_o48/results/nomic-ai__nomic-embed-text-v1_0759316f275aa0cb93a5b830973843ca66babcf5/nomic-ai__nomic-embed-text-v1/0759316f275aa0cb93a5b830973843ca66babcf5
intfloat_e5_small,semantic_recursive,448,48,0.259170,intfloat_e5_small_semantic_recursive_c448_o48/results/intfloat__e5-small_e272f3049e853b47cb5ca3952268c6662abda68f/intfloat__e5-small/e272f3049e853b47cb5ca3952268c6662abda68f
BAAI_bge_large_en_v1.5,fixed_token,320,16,0.258050,BAAI_bge_large_en_v1.5_fixed_token_c320_o16/results/BAAI__bge-large-en-v1.5_d4aa6901d3a41ba39fb536a557fa166f842b0e09/BAAI__bge-large-en-v1.5/d4aa6901d3a41ba39fb536a557fa166f842b0e09
intfloat_e5_large,semantic_fixed,384,64,0.258040,intfloat_e5_large_semantic_fixed_c384_o64/results/intfloat__e5-large_4dc6d853a804b9c8886ede6dda8a073b7dc08a81/intfloat__e5-large/4dc6d853a804b9c8886ede6dda8a073b7dc08a81
intfloat_e5_large,recursive_token,320,16,0.257630,intfloat_e5_large_recursive_token_c320_o16/results/intfloat__e5-large_4dc6d853a804b9c8886ede6dda8a073b7dc08a81/intfloat__e5-large/4dc6d853a804b9c8886ede6dda8a073b7dc08a81
intfloat_e5_base,recursive_token,320,16,0.257550,intfloat_e5_base_recursive_token_c320_o16/results/intfloat__e5-base_b533fe4636f4a2507c08ddab40644d20b0006d6a/intfloat__e5-base/b533fe4636f4a2507c08ddab40644d20b0006d6a
nomic_ai_nomic_embed_text_v1,hierarchical_section,320,32,0.257420,nomic_ai_nomic_embed_text_v1_hierarchical_section_c320_o32/results/nomic-ai__nomic-embed-text-v1_0759316f275aa0cb93a5b830973843ca66babcf5/nomic-ai__nomic-embed-text-v1/0759316f275aa0cb93a5b830973843ca66babcf5
intfloat_e5_large,fixed_token,320,16,0.257360,intfloat_e5_large_fixed_token_c320_o16/results/intfloat__e5-large_4dc6d853a804b9c8886ede6dda8a073b7dc08a81/intfloat__e5-large/4dc6d853a804b9c8886ede6dda8a073b7dc08a81
intfloat_multilingual_e5_base,recursive_token,384,32,0.257110,intfloat_multilingual_e5_base_recursive_token_c384_o32/results/intfloat__multilingual-e5-base_d13f1b27baf31030b7fd040960d60d909913633f/intfloat__multilingual-e5-base/d13f1b27baf31030b7fd040960d60d909913633f
intfloat_e5_small,semantic_recursive,448,64,0.257000,intfloat_e5_small_semantic_recursive_c448_o64/results/intfloat__e5-small_e272f3049e853b47cb5ca3952268c6662abda68f/intfloat__e5-small/e272f3049e853b47cb5ca3952268c6662abda68f
intfloat_e5_base,fixed_token,320,16,0.256830,intfloat_e5_base_fixed_token_c320_o16/results/intfloat__e5-base_b533fe4636f4a2507c08ddab40644d20b0006d6a/intfloat__e5-base/b533fe4636f4a2507c08ddab40644d20b0006d6a
nomic_ai_nomic_embed_text_v1.5,recursive_token,320,16,0.256720,nomic_ai_nomic_embed_text_v1.5_recursive_token_c320_o16/results/nomic-ai__nomic-embed-text-v1.5_b0753ae76394dd36bcfb912a46018088bca48be0/nomic-ai__nomic-embed-text-v1.5/b0753ae76394dd36bcfb912a46018088bca48be0
BAAI_bge_base_en_v1.5,hierarchical_section,320,0,0.256630,BAAI_bge_base_en_v1.5_hierarchical_section_c320_o0/results/BAAI__bge-base-en-v1.5_a5beb1e3e68b9ab74eb54cfd186867f64f240e1a/BAAI__bge-base-en-v1.5/a5beb1e3e68b9ab74eb54cfd186867f64f240e1a
BAAI_bge_base_en_v1.5,fixed_token,320,0,0.256620,BAAI_bge_base_en_v1.5_fixed_token_c320_o0/results/BAAI__bge-base-en-v1.5_a5beb1e3e68b9ab74eb54cfd186867f64f240e1a/BAAI__bge-base-en-v1.5/a5beb1e3e68b9ab74eb54cfd186867f64f240e1a
intfloat_e5_large,semantic_fixed,320,0,0.256600,intfloat_e5_large_semantic_fixed_c320_o0/results/intfloat__e5-large_4dc6d853a804b9c8886ede6dda8a073b7dc08a81/intfloat__e5-large/4dc6d853a804b9c8886ede6dda8a073b7dc08a81
intfloat_multilingual_e5_base,hierarchical_section,384,48,0.256570,intfloat_multilingual_e5_base_hierarchical_section_c384_o48/results/intfloat__multilingual-e5-base_d13f1b27baf31030b7fd040960d60d909913633f/intfloat__multilingual-e5-base/d13f1b27baf31030b7fd040960d60d909913633f
intfloat_multilingual_e5_base,fixed_token,384,48,0.256540,intfloat_multilingual_e5_base_fixed_token_c384_o48/results/intfloat__multilingual-e5-base_d13f1b27baf31030b7fd040960d60d909913633f/intfloat__multilingual-e5-base/d13f1b27baf31030b7fd040960d60d909913633f
intfloat_e5_large,recursive_token,320,0,0.256320,intfloat_e5_large_recursive_token_c320_o0/results/intfloat__e5-large_4dc6d853a804b9c8886ede6dda8a073b7dc08a81/intfloat__e5-large/4dc6d853a804b9c8886ede6dda8a073b7dc08a81
nomic_ai_nomic_embed_text_v1.5,fixed_token,320,32,0.256190,nomic_ai_nomic_embed_text_v1.5_fixed_token_c320_o32/results/nomic-ai__nomic-embed-text-v1.5_b0753ae76394dd36bcfb912a46018088bca48be0/nomic-ai__nomic-embed-text-v1.5/b0753ae76394dd36bcfb912a46018088bca48be0
intfloat_e5_base,semantic_fixed,384,16,0.255990,intfloat_e5_base_semantic_fixed_c384_o16/results/intfloat__e5-base_b533fe4636f4a2507c08ddab40644d20b0006d6a/intfloat__e5-base/b533fe4636f4a2507c08ddab40644d20b0006d6a
intfloat_e5_small,semantic_fixed,320,16,0.255990,intfloat_e5_small_semantic_fixed_c320_o16/results/intfloat__e5-small_e272f3049e853b47cb5ca3952268c6662abda68f/intfloat__e5-small/e272f3049e853b47cb5ca3952268c6662abda68f
intfloat_e5_base,semantic_fixed,384,32,0.255850,intfloat_e5_base_semantic_fixed_c384_o32/results/intfloat__e5-base_b533fe4636f4a2507c08ddab40644d20b0006d6a/intfloat__e5-base/b533fe4636f4a2507c08ddab40644d20b0006d6a
BAAI_bge_large_en_v1.5,hierarchical_section,320,16,0.255830,BAAI_bge_large_en_v1.5_hierarchical_section_c320_o16/results/BAAI__bge-large-en-v1.5_d4aa6901d3a41ba39fb536a557fa166f842b0e09/BAAI__bge-large-en-v1.5/d4aa6901d3a41ba39fb536a557fa166f842b0e09
BAAI_bge_large_en_v1.5,recursive_token,320,0,0.255610,BAAI_bge_large_en_v1.5_recursive_token_c320_o0/results/BAAI__bge-large-en-v1.5_d4aa6901d3a41ba39fb536a557fa166f842b0e09/BAAI__bge-large-en-v1.5/d4aa6901d3a41ba39fb536a557fa166f842b0e09
BAAI_bge_base_en_v1.5,semantic_recursive,448,48,0.255470,BAAI_bge_base_en_v1.5_semantic_recursive_c448_o48/results/BAAI__bge-base-en-v1.5_a5beb1e3e68b9ab74eb54cfd186867f64f240e1a/BAAI__bge-base-en-v1.5/a5beb1e3e68b9ab74eb54cfd186867f64f240e1a
intfloat_e5_base,hierarchical_section,384,64,0.255280,intfloat_e5_base_hierarchical_section_c384_o64/results/intfloat__e5-base_b533fe4636f4a2507c08ddab40644d20b0006d6a/intfloat__e5-base/b533fe4636f4a2507c08ddab40644d20b0006d6a
intfloat_e5_large,recursive_token,320,32,0.255260,intfloat_e5_large_recursive_token_c320_o32/results/intfloat__e5-large_4dc6d853a804b9c8886ede6dda8a073b7dc08a81/intfloat__e5-large/4dc6d853a804b9c8886ede6dda8a073b7dc08a81
BAAI_bge_base_en_v1.5,semantic_recursive,448,64,0.255230,BAAI_bge_base_en_v1.5_semantic_recursive_c448_o64/results/BAAI__bge-base-en-v1.5_a5beb1e3e68b9ab74eb54cfd186867f64f240e1a/BAAI__bge-base-en-v1.5/a5beb1e3e68b9ab74eb54cfd186867f64f240e1a
intfloat_multilingual_e5_base,semantic_fixed,384,48,0.254800,intfloat_multilingual_e5_base_semantic_fixed_c384_o48/results/intfloat__multilingual-e5-base_d13f1b27baf31030b7fd040960d60d909913633f/intfloat__multilingual-e5-base/d13f1b27baf31030b7fd040960d60d909913633f
nomic_ai_nomic_embed_text_v1.5,recursive_token,320,0,0.254650,nomic_ai_nomic_embed_text_v1.5_recursive_token_c320_o0/results/nomic-ai__nomic-embed-text-v1.5_b0753ae76394dd36bcfb912a46018088bca48be0/nomic-ai__nomic-embed-text-v1.5/b0753ae76394dd36bcfb912a46018088bca48be0
BAAI_bge_base_en_v1.5,recursive_token,320,16,0.254330,BAAI_bge_base_en_v1.5_recursive_token_c320_o16/results/BAAI__bge-base-en-v1.5_a5beb1e3e68b9ab74eb54cfd186867f64f240e1a/BAAI__bge-base-en-v1.5/a5beb1e3e68b9ab74eb54cfd186867f64f240e1a
intfloat_e5_small,recursive_token,320,0,0.253680,intfloat_e5_small_recursive_token_c320_o0/results/intfloat__e5-small_e272f3049e853b47cb5ca3952268c6662abda68f/intfloat__e5-small/e272f3049e853b47cb5ca3952268c6662abda68f
intfloat_e5_base,recursive_token,320,0,0.253550,intfloat_e5_base_recursive_token_c320_o0/results/intfloat__e5-base_b533fe4636f4a2507c08ddab40644d20b0006d6a/intfloat__e5-base/b533fe4636f4a2507c08ddab40644d20b0006d6a
intfloat_multilingual_e5_base,hierarchical_section,384,64,0.252940,intfloat_multilingual_e5_base_hierarchical_section_c384_o64/results/intfloat__multilingual-e5-base_d13f1b27baf31030b7fd040960d60d909913633f/intfloat__multilingual-e5-base/d13f1b27baf31030b7fd040960d60d909913633f
intfloat_e5_base,fixed_token,320,32,0.252820,intfloat_e5_base_fixed_token_c320_o32/results/intfloat__e5-base_b533fe4636f4a2507c08ddab40644d20b0006d6a/intfloat__e5-base/b533fe4636f4a2507c08ddab40644d20b0006d6a
BAAI_bge_base_en_v1.5,semantic_fixed,384,64,0.252360,BAAI_bge_base_en_v1.5_semantic_fixed_c384_o64/results/BAAI__bge-base-en-v1.5_a5beb1e3e68b9ab74eb54cfd186867f64f240e1a/BAAI__bge-base-en-v1.5/a5beb1e3e68b9ab74eb54cfd186867f64f240e1a
BAAI_bge_large_en_v1.5,semantic_fixed,320,16,0.252270,BAAI_bge_large_en_v1.5_semantic_fixed_c320_o16/results/BAAI__bge-large-en-v1.5_d4aa6901d3a41ba39fb536a557fa166f842b0e09/BAAI__bge-large-en-v1.5/d4aa6901d3a41ba39fb536a557fa166f842b0e09
intfloat_e5_small,recursive_token,320,32,0.251970,intfloat_e5_small_recursive_token_c320_o32/results/intfloat__e5-small_e272f3049e853b47cb5ca3952268c6662abda68f/intfloat__e5-small/e272f3049e853b47cb5ca3952268c6662abda68f
BAAI_bge_base_en_v1.5,recursive_token,320,0,0.251890,BAAI_bge_base_en_v1.5_recursive_token_c320_o0/results/BAAI__bge-base-en-v1.5_a5beb1e3e68b9ab74eb54cfd186867f64f240e1a/BAAI__bge-base-en-v1.5/a5beb1e3e68b9ab74eb54cfd186867f64f240e1a
intfloat_multilingual_e5_base,semantic_fixed,384,64,0.251820,intfloat_multilingual_e5_base_semantic_fixed_c384_o64/results/intfloat__multilingual-e5-base_d13f1b27baf31030b7fd040960d60d909913633f/intfloat__multilingual-e5-base/d13f1b27baf31030b7fd040960d60d909913633f
nomic_ai_nomic_embed_text_v1.5,hierarchical_section,320,16,0.251400,nomic_ai_nomic_embed_text_v1.5_hierarchical_section_c320_o16/results/nomic-ai__nomic-embed-text-v1.5_b0753ae76394dd36bcfb912a46018088bca48be0/nomic-ai__nomic-embed-text-v1.5/b0753ae76394dd36bcfb912a46018088bca48be0
BAAI_bge_large_en_v1.5,semantic_recursive,384,16,0.251370,BAAI_bge_large_en_v1.5_semantic_recursive_c384_o16/results/BAAI__bge-large-en-v1.5_d4aa6901d3a41ba39fb536a557fa166f842b0e09/BAAI__bge-large-en-v1.5/d4aa6901d3a41ba39fb536a557fa166f842b0e09
BAAI_bge_large_en_v1.5,recursive_token,320,32,0.251300,BAAI_bge_large_en_v1.5_recursive_token_c320_o32/results/BAAI__bge-large-en-v1.5_d4aa6901d3a41ba39fb536a557fa166f842b0e09/BAAI__bge-large-en-v1.5/d4aa6901d3a41ba39fb536a557fa166f842b0e09
nomic_ai_nomic_embed_text_v1.5,recursive_token,320,32,0.251290,nomic_ai_nomic_embed_text_v1.5_recursive_token_c320_o32/results/nomic-ai__nomic-embed-text-v1.5_b0753ae76394dd36bcfb912a46018088bca48be0/nomic-ai__nomic-embed-text-v1.5/b0753ae76394dd36bcfb912a46018088bca48be0
BAAI_bge_large_en_v1.5,semantic_recursive,384,32,0.251200,BAAI_bge_large_en_v1.5_semantic_recursive_c384_o32/results/BAAI__bge-large-en-v1.5_d4aa6901d3a41ba39fb536a557fa166f842b0e09/BAAI__bge-large-en-v1.5/d4aa6901d3a41ba39fb536a557fa166f842b0e09
BAAI_bge_large_en_v1.5,semantic_recursive,384,0,0.251150,BAAI_bge_large_en_v1.5_semantic_recursive_c384_o0/results/BAAI__bge-large-en-v1.5_d4aa6901d3a41ba39fb536a557fa166f842b0e09/BAAI__bge-large-en-v1.5/d4aa6901d3a41ba39fb536a557fa166f842b0e09
intfloat_e5_small,fixed_token,320,32,0.251010,intfloat_e5_small_fixed_token_c320_o32/results/intfloat__e5-small_e272f3049e853b47cb5ca3952268c6662abda68f/intfloat__e5-small/e272f3049e853b47cb5ca3952268c6662abda68f
BAAI_bge_large_en_v1.5,hierarchical_section,320,32,0.250720,BAAI_bge_large_en_v1.5_hierarchical_section_c320_o32/results/BAAI__bge-large-en-v1.5_d4aa6901d3a41ba39fb536a557fa166f842b0e09/BAAI__bge-large-en-v1.5/d4aa6901d3a41ba39fb536a557fa166f842b0e09
intfloat_e5_base,semantic_fixed,384,48,0.250430,intfloat_e5_base_semantic_fixed_c384_o48/results/intfloat__e5-base_b533fe4636f4a2507c08ddab40644d20b0006d6a/intfloat__e5-base/b533fe4636f4a2507c08ddab40644d20b0006d6a
intfloat_e5_large,semantic_fixed,320,16,0.250260,intfloat_e5_large_semantic_fixed_c320_o16/results/intfloat__e5-large_4dc6d853a804b9c8886ede6dda8a073b7dc08a81/intfloat__e5-large/4dc6d853a804b9c8886ede6dda8a073b7dc08a81
BAAI_bge_large_en_v1.5,fixed_token,320,32,0.250230,BAAI_bge_large_en_v1.5_fixed_token_c320_o32/results/BAAI__bge-large-en-v1.5_d4aa6901d3a41ba39fb536a557fa166f842b0e09/BAAI__bge-large-en-v1.5/d4aa6901d3a41ba39fb536a557fa166f842b0e09
BAAI_bge_large_en_v1.5,fixed_token,320,48,0.250190,BAAI_bge_large_en_v1.5_fixed_token_c320_o48/results/BAAI__bge-large-en-v1.5_d4aa6901d3a41ba39fb536a557fa166f842b0e09/BAAI__bge-large-en-v1.5/d4aa6901d3a41ba39fb536a557fa166f842b0e09
intfloat_multilingual_e5_base,fixed_token,384,64,0.249770,intfloat_multilingual_e5_base_fixed_token_c384_o64/results/intfloat__multilingual-e5-base_d13f1b27baf31030b7fd040960d60d909913633f/intfloat__multilingual-e5-base/d13f1b27baf31030b7fd040960d60d909913633f
intfloat_multilingual_e5_base,semantic_recursive,384,0,0.249760,intfloat_multilingual_e5_base_semantic_recursive_c384_o0/results/intfloat__multilingual-e5-base_d13f1b27baf31030b7fd040960d60d909913633f/intfloat__multilingual-e5-base/d13f1b27baf31030b7fd040960d60d909913633f
nomic_ai_nomic_embed_text_v1,recursive_token,320,48,0.249480,nomic_ai_nomic_embed_text_v1_recursive_token_c320_o48/results/nomic-ai__nomic-embed-text-v1_0759316f275aa0cb93a5b830973843ca66babcf5/nomic-ai__nomic-embed-text-v1/0759316f275aa0cb93a5b830973843ca66babcf5
BAAI_bge_base_en_v1.5,fixed_token,320,16,0.249190,BAAI_bge_base_en_v1.5_fixed_token_c320_o16/results/BAAI__bge-base-en-v1.5_a5beb1e3e68b9ab74eb54cfd186867f64f240e1a/BAAI__bge-base-en-v1.5/a5beb1e3e68b9ab74eb54cfd186867f64f240e1a
intfloat_e5_base,recursive_token,320,32,0.249000,intfloat_e5_base_recursive_token_c320_o32/results/intfloat__e5-base_b533fe4636f4a2507c08ddab40644d20b0006d6a/intfloat__e5-base/b533fe4636f4a2507c08ddab40644d20b0006d6a
nomic_ai_nomic_embed_text_v1,hierarchical_section,320,48,0.248730,nomic_ai_nomic_embed_text_v1_hierarchical_section_c320_o48/results/nomic-ai__nomic-embed-text-v1_0759316f275aa0cb93a5b830973843ca66babcf5/nomic-ai__nomic-embed-text-v1/0759316f275aa0cb93a5b830973843ca66babcf5
intfloat_multilingual_e5_base,fixed_token,320,0,0.248630,intfloat_multilingual_e5_base_fixed_token_c320_o0/results/intfloat__multilingual-e5-base_d13f1b27baf31030b7fd040960d60d909913633f/intfloat__multilingual-e5-base/d13f1b27baf31030b7fd040960d60d909913633f
intfloat_multilingual_e5_base,hierarchical_section,320,0,0.248530,intfloat_multilingual_e5_base_hierarchical_section_c320_o0/results/intfloat__multilingual-e5-base_d13f1b27baf31030b7fd040960d60d909913633f/intfloat__multilingual-e5-base/d13f1b27baf31030b7fd040960d60d909913633f
intfloat_e5_small,hierarchical_section,320,16,0.248400,intfloat_e5_small_hierarchical_section_c320_o16/results/intfloat__e5-small_e272f3049e853b47cb5ca3952268c6662abda68f/intfloat__e5-small/e272f3049e853b47cb5ca3952268c6662abda68f
intfloat_e5_large,fixed_token,320,32,0.247740,intfloat_e5_large_fixed_token_c320_o32/results/intfloat__e5-large_4dc6d853a804b9c8886ede6dda8a073b7dc08a81/intfloat__e5-large/4dc6d853a804b9c8886ede6dda8a073b7dc08a81
BAAI_bge_base_en_v1.5,recursive_token,320,32,0.247500,BAAI_bge_base_en_v1.5_recursive_token_c320_o32/results/BAAI__bge-base-en-v1.5_a5beb1e3e68b9ab74eb54cfd186867f64f240e1a/BAAI__bge-base-en-v1.5/a5beb1e3e68b9ab74eb54cfd186867f64f240e1a
nomic_ai_nomic_embed_text_v1,recursive_token,320,64,0.247360,nomic_ai_nomic_embed_text_v1_recursive_token_c320_o64/results/nomic-ai__nomic-embed-text-v1_0759316f275aa0cb93a5b830973843ca66babcf5/nomic-ai__nomic-embed-text-v1/0759316f275aa0cb93a5b830973843ca66babcf5
intfloat_multilingual_e5_base,semantic_fixed,320,0,0.246950,intfloat_multilingual_e5_base_semantic_fixed_c320_o0/results/intfloat__multilingual-e5-base_d13f1b27baf31030b7fd040960d60d909913633f/intfloat__multilingual-e5-base/d13f1b27baf31030b7fd040960d60d909913633f
intfloat_multilingual_e5_base,semantic_recursive,384,16,0.246920,intfloat_multilingual_e5_base_semantic_recursive_c384_o16/results/intfloat__multilingual-e5-base_d13f1b27baf31030b7fd040960d60d909913633f/intfloat__multilingual-e5-base/d13f1b27baf31030b7fd040960d60d909913633f
nomic_ai_nomic_embed_text_v1.5,fixed_token,320,48,0.246890,nomic_ai_nomic_embed_text_v1.5_fixed_token_c320_o48/results/nomic-ai__nomic-embed-text-v1.5_b0753ae76394dd36bcfb912a46018088bca48be0/nomic-ai__nomic-embed-text-v1.5/b0753ae76394dd36bcfb912a46018088bca48be0
intfloat_multilingual_e5_base,recursive_token,384,48,0.246580,intfloat_multilingual_e5_base_recursive_token_c384_o48/results/intfloat__multilingual-e5-base_d13f1b27baf31030b7fd040960d60d909913633f/intfloat__multilingual-e5-base/d13f1b27baf31030b7fd040960d60d909913633f
intfloat_e5_small,semantic_recursive,384,32,0.246400,intfloat_e5_small_semantic_recursive_c384_o32/results/intfloat__e5-small_e272f3049e853b47cb5ca3952268c6662abda68f/intfloat__e5-small/e272f3049e853b47cb5ca3952268c6662abda68f
intfloat_e5_base,hierarchical_section,320,0,0.246360,intfloat_e5_base_hierarchical_section_c320_o0/results/intfloat__e5-base_b533fe4636f4a2507c08ddab40644d20b0006d6a/intfloat__e5-base/b533fe4636f4a2507c08ddab40644d20b0006d6a
nomic_ai_nomic_embed_text_v1.5,hierarchical_section,320,32,0.246230,nomic_ai_nomic_embed_text_v1.5_hierarchical_section_c320_o32/results/nomic-ai__nomic-embed-text-v1.5_b0753ae76394dd36bcfb912a46018088bca48be0/nomic-ai__nomic-embed-text-v1.5/b0753ae76394dd36bcfb912a46018088bca48be0
intfloat_e5_base,fixed_token,320,48,0.246030,intfloat_e5_base_fixed_token_c320_o48/results/intfloat__e5-base_b533fe4636f4a2507c08ddab40644d20b0006d6a/intfloat__e5-base/b533fe4636f4a2507c08ddab40644d20b0006d6a
intfloat_e5_small,fixed_token,320,48,0.245920,intfloat_e5_small_fixed_token_c320_o48/results/intfloat__e5-small_e272f3049e853b47cb5ca3952268c6662abda68f/intfloat__e5-small/e272f3049e853b47cb5ca3952268c6662abda68f
intfloat_e5_small,semantic_recursive,384,0,0.245640,intfloat_e5_small_semantic_recursive_c384_o0/results/intfloat__e5-small_e272f3049e853b47cb5ca3952268c6662abda68f/intfloat__e5-small/e272f3049e853b47cb5ca3952268c6662abda68f
BAAI_bge_base_en_v1.5,semantic_fixed,320,0,0.245610,BAAI_bge_base_en_v1.5_semantic_fixed_c320_o0/results/BAAI__bge-base-en-v1.5_a5beb1e3e68b9ab74eb54cfd186867f64f240e1a/BAAI__bge-base-en-v1.5/a5beb1e3e68b9ab74eb54cfd186867f64f240e1a
intfloat_e5_small,hierarchical_section,320,32,0.245550,intfloat_e5_small_hierarchical_section_c320_o32/results/intfloat__e5-small_e272f3049e853b47cb5ca3952268c6662abda68f/intfloat__e5-small/e272f3049e853b47cb5ca3952268c6662abda68f
intfloat_e5_small,semantic_recursive,384,16,0.245160,intfloat_e5_small_semantic_recursive_c384_o16/results/intfloat__e5-small_e272f3049e853b47cb5ca3952268c6662abda68f/intfloat__e5-small/e272f3049e853b47cb5ca3952268c6662abda68f
intfloat_multilingual_e5_base,semantic_recursive,384,32,0.244800,intfloat_multilingual_e5_base_semantic_recursive_c384_o32/results/intfloat__multilingual-e5-base_d13f1b27baf31030b7fd040960d60d909913633f/intfloat__multilingual-e5-base/d13f1b27baf31030b7fd040960d60d909913633f
BAAI_bge_base_en_v1.5,hierarchical_section,320,16,0.244620,BAAI_bge_base_en_v1.5_hierarchical_section_c320_o16/results/BAAI__bge-base-en-v1.5_a5beb1e3e68b9ab74eb54cfd186867f64f240e1a/BAAI__bge-base-en-v1.5/a5beb1e3e68b9ab74eb54cfd186867f64f240e1a
nomic_ai_nomic_embed_text_v1,fixed_token,320,64,0.244400,nomic_ai_nomic_embed_text_v1_fixed_token_c320_o64/results/nomic-ai__nomic-embed-text-v1_0759316f275aa0cb93a5b830973843ca66babcf5/nomic-ai__nomic-embed-text-v1/0759316f275aa0cb93a5b830973843ca66babcf5
BAAI_bge_large_en_v1.5,semantic_recursive,384,48,0.244270,BAAI_bge_large_en_v1.5_semantic_recursive_c384_o48/results/BAAI__bge-large-en-v1.5_d4aa6901d3a41ba39fb536a557fa166f842b0e09/BAAI__bge-large-en-v1.5/d4aa6901d3a41ba39fb536a557fa166f842b0e09
intfloat_multilingual_e5_base,recursive_token,384,64,0.243610,intfloat_multilingual_e5_base_recursive_token_c384_o64/results/intfloat__multilingual-e5-base_d13f1b27baf31030b7fd040960d60d909913633f/intfloat__multilingual-e5-base/d13f1b27baf31030b7fd040960d60d909913633f
intfloat_multilingual_e5_base,semantic_fixed,320,16,0.243440,intfloat_multilingual_e5_base_semantic_fixed_c320_o16/results/intfloat__multilingual-e5-base_d13f1b27baf31030b7fd040960d60d909913633f/intfloat__multilingual-e5-base/d13f1b27baf31030b7fd040960d60d909913633f
intfloat_multilingual_e5_base,fixed_token,320,16,0.243430,intfloat_multilingual_e5_base_fixed_token_c320_o16/results/intfloat__multilingual-e5-base_d13f1b27baf31030b7fd040960d60d909913633f/intfloat__multilingual-e5-base/d13f1b27baf31030b7fd040960d60d909913633f
BAAI_bge_large_en_v1.5,hierarchical_section,320,48,0.243310,BAAI_bge_large_en_v1.5_hierarchical_section_c320_o48/results/BAAI__bge-large-en-v1.5_d4aa6901d3a41ba39fb536a557fa166f842b0e09/BAAI__bge-large-en-v1.5/d4aa6901d3a41ba39fb536a557fa166f842b0e09
intfloat_e5_base,semantic_recursive,448,0,0.243300,intfloat_e5_base_semantic_recursive_c448_o0/results/intfloat__e5-base_b533fe4636f4a2507c08ddab40644d20b0006d6a/intfloat__e5-base/b533fe4636f4a2507c08ddab40644d20b0006d6a
BAAI_bge_large_en_v1.5,semantic_fixed,320,48,0.242580,BAAI_bge_large_en_v1.5_semantic_fixed_c320_o48/results/BAAI__bge-large-en-v1.5_d4aa6901d3a41ba39fb536a557fa166f842b0e09/BAAI__bge-large-en-v1.5/d4aa6901d3a41ba39fb536a557fa166f842b0e09
nomic_ai_nomic_embed_text_v1,fixed_token,256,0,0.242490,nomic_ai_nomic_embed_text_v1_fixed_token_c256_o0/results/nomic-ai__nomic-embed-text-v1_0759316f275aa0cb93a5b830973843ca66babcf5/nomic-ai__nomic-embed-text-v1/0759316f275aa0cb93a5b830973843ca66babcf5
intfloat_e5_base,recursive_token,320,48,0.242440,intfloat_e5_base_recursive_token_c320_o48/results/intfloat__e5-base_b533fe4636f4a2507c08ddab40644d20b0006d6a/intfloat__e5-base/b533fe4636f4a2507c08ddab40644d20b0006d6a
intfloat_e5_base,semantic_fixed,384,64,0.242280,intfloat_e5_base_semantic_fixed_c384_o64/results/intfloat__e5-base_b533fe4636f4a2507c08ddab40644d20b0006d6a/intfloat__e5-base/b533fe4636f4a2507c08ddab40644d20b0006d6a
BAAI_bge_large_en_v1.5,recursive_token,320,48,0.242230,BAAI_bge_large_en_v1.5_recursive_token_c320_o48/results/BAAI__bge-large-en-v1.5_d4aa6901d3a41ba39fb536a557fa166f842b0e09/BAAI__bge-large-en-v1.5/d4aa6901d3a41ba39fb536a557fa166f842b0e09
BAAI_bge_large_en_v1.5,semantic_recursive,384,64,0.242150,BAAI_bge_large_en_v1.5_semantic_recursive_c384_o64/results/BAAI__bge-large-en-v1.5_d4aa6901d3a41ba39fb536a557fa166f842b0e09/BAAI__bge-large-en-v1.5/d4aa6901d3a41ba39fb536a557fa166f842b0e09
intfloat_e5_small,semantic_fixed,320,32,0.242060,intfloat_e5_small_semantic_fixed_c320_o32/results/intfloat__e5-small_e272f3049e853b47cb5ca3952268c6662abda68f/intfloat__e5-small/e272f3049e853b47cb5ca3952268c6662abda68f
nomic_ai_nomic_embed_text_v1.5,recursive_token,320,48,0.241850,nomic_ai_nomic_embed_text_v1.5_recursive_token_c320_o48/results/nomic-ai__nomic-embed-text-v1.5_b0753ae76394dd36bcfb912a46018088bca48be0/nomic-ai__nomic-embed-text-v1.5/b0753ae76394dd36bcfb912a46018088bca48be0
BAAI_bge_base_en_v1.5,semantic_fixed,320,16,0.241330,BAAI_bge_base_en_v1.5_semantic_fixed_c320_o16/results/BAAI__bge-base-en-v1.5_a5beb1e3e68b9ab74eb54cfd186867f64f240e1a/BAAI__bge-base-en-v1.5/a5beb1e3e68b9ab74eb54cfd186867f64f240e1a
nomic_ai_nomic_embed_text_v1,hierarchical_section,320,64,0.241250,nomic_ai_nomic_embed_text_v1_hierarchical_section_c320_o64/results/nomic-ai__nomic-embed-text-v1_0759316f275aa0cb93a5b830973843ca66babcf5/nomic-ai__nomic-embed-text-v1/0759316f275aa0cb93a5b830973843ca66babcf5
nomic_ai_nomic_embed_text_v1.5,hierarchical_section,320,48,0.241180,nomic_ai_nomic_embed_text_v1.5_hierarchical_section_c320_o48/results/nomic-ai__nomic-embed-text-v1.5_b0753ae76394dd36bcfb912a46018088bca48be0/nomic-ai__nomic-embed-text-v1.5/b0753ae76394dd36bcfb912a46018088bca48be0
intfloat_multilingual_e5_base,semantic_recursive,384,48,0.240560,intfloat_multilingual_e5_base_semantic_recursive_c384_o48/results/intfloat__multilingual-e5-base_d13f1b27baf31030b7fd040960d60d909913633f/intfloat__multilingual-e5-base/d13f1b27baf31030b7fd040960d60d909913633f
intfloat_e5_small,semantic_fixed,320,48,0.240130,intfloat_e5_small_semantic_fixed_c320_o48/results/intfloat__e5-small_e272f3049e853b47cb5ca3952268c6662abda68f/intfloat__e5-small/e272f3049e853b47cb5ca3952268c6662abda68f
BAAI_bge_base_en_v1.5,fixed_token,320,32,0.239960,BAAI_bge_base_en_v1.5_fixed_token_c320_o32/results/BAAI__bge-base-en-v1.5_a5beb1e3e68b9ab74eb54cfd186867f64f240e1a/BAAI__bge-base-en-v1.5/a5beb1e3e68b9ab74eb54cfd186867f64f240e1a
intfloat_multilingual_e5_base,hierarchical_section,320,16,0.239840,intfloat_multilingual_e5_base_hierarchical_section_c320_o16/results/intfloat__multilingual-e5-base_d13f1b27baf31030b7fd040960d60d909913633f/intfloat__multilingual-e5-base/d13f1b27baf31030b7fd040960d60d909913633f
intfloat_e5_base,semantic_recursive,448,16,0.239780,intfloat_e5_base_semantic_recursive_c448_o16/results/intfloat__e5-base_b533fe4636f4a2507c08ddab40644d20b0006d6a/intfloat__e5-base/b533fe4636f4a2507c08ddab40644d20b0006d6a
intfloat_e5_small,semantic_recursive,384,48,0.239740,intfloat_e5_small_semantic_recursive_c384_o48/results/intfloat__e5-small_e272f3049e853b47cb5ca3952268c6662abda68f/intfloat__e5-small/e272f3049e853b47cb5ca3952268c6662abda68f
BAAI_bge_large_en_v1.5,semantic_fixed,320,32,0.239120,BAAI_bge_large_en_v1.5_semantic_fixed_c320_o32/results/BAAI__bge-large-en-v1.5_d4aa6901d3a41ba39fb536a557fa166f842b0e09/BAAI__bge-large-en-v1.5/d4aa6901d3a41ba39fb536a557fa166f842b0e09
intfloat_e5_base,semantic_recursive,448,32,0.239010,intfloat_e5_base_semantic_recursive_c448_o32/results/intfloat__e5-base_b533fe4636f4a2507c08ddab40644d20b0006d6a/intfloat__e5-base/b533fe4636f4a2507c08ddab40644d20b0006d6a
BAAI_bge_base_en_v1.5,hierarchical_section,320,32,0.239000,BAAI_bge_base_en_v1.5_hierarchical_section_c320_o32/results/BAAI__bge-base-en-v1.5_a5beb1e3e68b9ab74eb54cfd186867f64f240e1a/BAAI__bge-base-en-v1.5/a5beb1e3e68b9ab74eb54cfd186867f64f240e1a
intfloat_e5_large,fixed_token,320,48,0.238930,intfloat_e5_large_fixed_token_c320_o48/results/intfloat__e5-large_4dc6d853a804b9c8886ede6dda8a073b7dc08a81/intfloat__e5-large/4dc6d853a804b9c8886ede6dda8a073b7dc08a81
nomic_ai_nomic_embed_text_v1,fixed_token,256,16,0.238370,nomic_ai_nomic_embed_text_v1_fixed_token_c256_o16/results/nomic-ai__nomic-embed-text-v1_0759316f275aa0cb93a5b830973843ca66babcf5/nomic-ai__nomic-embed-text-v1/0759316f275aa0cb93a5b830973843ca66babcf5
intfloat_e5_large,semantic_fixed,320,32,0.238260,intfloat_e5_large_semantic_fixed_c320_o32/results/intfloat__e5-large_4dc6d853a804b9c8886ede6dda8a073b7dc08a81/intfloat__e5-large/4dc6d853a804b9c8886ede6dda8a073b7dc08a81
intfloat_e5_small,recursive_token,320,48,0.237710,intfloat_e5_small_recursive_token_c320_o48/results/intfloat__e5-small_e272f3049e853b47cb5ca3952268c6662abda68f/intfloat__e5-small/e272f3049e853b47cb5ca3952268c6662abda68f
intfloat_e5_large,recursive_token,320,48,0.237550,intfloat_e5_large_recursive_token_c320_o48/results/intfloat__e5-large_4dc6d853a804b9c8886ede6dda8a073b7dc08a81/intfloat__e5-large/4dc6d853a804b9c8886ede6dda8a073b7dc08a81
intfloat_multilingual_e5_base,fixed_token,320,32,0.237180,intfloat_multilingual_e5_base_fixed_token_c320_o32/results/intfloat__multilingual-e5-base_d13f1b27baf31030b7fd040960d60d909913633f/intfloat__multilingual-e5-base/d13f1b27baf31030b7fd040960d60d909913633f
intfloat_e5_base,semantic_fixed,320,0,0.236570,intfloat_e5_base_semantic_fixed_c320_o0/results/intfloat__e5-base_b533fe4636f4a2507c08ddab40644d20b0006d6a/intfloat__e5-base/b533fe4636f4a2507c08ddab40644d20b0006d6a
intfloat_multilingual_e5_base,semantic_recursive,384,64,0.236240,intfloat_multilingual_e5_base_semantic_recursive_c384_o64/results/intfloat__multilingual-e5-base_d13f1b27baf31030b7fd040960d60d909913633f/intfloat__multilingual-e5-base/d13f1b27baf31030b7fd040960d60d909913633f
nomic_ai_nomic_embed_text_v1,hierarchical_section,256,0,0.236230,nomic_ai_nomic_embed_text_v1_hierarchical_section_c256_o0/results/nomic-ai__nomic-embed-text-v1_0759316f275aa0cb93a5b830973843ca66babcf5/nomic-ai__nomic-embed-text-v1/0759316f275aa0cb93a5b830973843ca66babcf5
BAAI_bge_base_en_v1.5,hierarchical_section,320,48,0.236200,BAAI_bge_base_en_v1.5_hierarchical_section_c320_o48/results/BAAI__bge-base-en-v1.5_a5beb1e3e68b9ab74eb54cfd186867f64f240e1a/BAAI__bge-base-en-v1.5/a5beb1e3e68b9ab74eb54cfd186867f64f240e1a
intfloat_e5_large,recursive_token,320,64,0.236140,intfloat_e5_large_recursive_token_c320_o64/results/intfloat__e5-large_4dc6d853a804b9c8886ede6dda8a073b7dc08a81/intfloat__e5-large/4dc6d853a804b9c8886ede6dda8a073b7dc08a81
intfloat_e5_large,fixed_token,256,0,0.236120,intfloat_e5_large_fixed_token_c256_o0/results/intfloat__e5-large_4dc6d853a804b9c8886ede6dda8a073b7dc08a81/intfloat__e5-large/4dc6d853a804b9c8886ede6dda8a073b7dc08a81
intfloat_e5_base,semantic_recursive,448,48,0.235880,intfloat_e5_base_semantic_recursive_c448_o48/results/intfloat__e5-base_b533fe4636f4a2507c08ddab40644d20b0006d6a/intfloat__e5-base/b533fe4636f4a2507c08ddab40644d20b0006d6a
intfloat_e5_base,hierarchical_section,320,32,0.235820,intfloat_e5_base_hierarchical_section_c320_o32/results/intfloat__e5-base_b533fe4636f4a2507c08ddab40644d20b0006d6a/intfloat__e5-base/b533fe4636f4a2507c08ddab40644d20b0006d6a
BAAI_bge_base_en_v1.5,semantic_recursive,384,16,0.235650,BAAI_bge_base_en_v1.5_semantic_recursive_c384_o16/results/BAAI__bge-base-en-v1.5_a5beb1e3e68b9ab74eb54cfd186867f64f240e1a/BAAI__bge-base-en-v1.5/a5beb1e3e68b9ab74eb54cfd186867f64f240e1a
intfloat_e5_small,hierarchical_section,320,48,0.235440,intfloat_e5_small_hierarchical_section_c320_o48/results/intfloat__e5-small_e272f3049e853b47cb5ca3952268c6662abda68f/intfloat__e5-small/e272f3049e853b47cb5ca3952268c6662abda68f
BAAI_bge_base_en_v1.5,semantic_recursive,384,0,0.235230,BAAI_bge_base_en_v1.5_semantic_recursive_c384_o0/results/BAAI__bge-base-en-v1.5_a5beb1e3e68b9ab74eb54cfd186867f64f240e1a/BAAI__bge-base-en-v1.5/a5beb1e3e68b9ab74eb54cfd186867f64f240e1a
intfloat_e5_base,recursive_token,320,64,0.235210,intfloat_e5_base_recursive_token_c320_o64/results/intfloat__e5-base_b533fe4636f4a2507c08ddab40644d20b0006d6a/intfloat__e5-base/b533fe4636f4a2507c08ddab40644d20b0006d6a
BAAI_bge_large_en_v1.5,hierarchical_section,320,64,0.235160,BAAI_bge_large_en_v1.5_hierarchical_section_c320_o64/results/BAAI__bge-large-en-v1.5_d4aa6901d3a41ba39fb536a557fa166f842b0e09/BAAI__bge-large-en-v1.5/d4aa6901d3a41ba39fb536a557fa166f842b0e09
intfloat_e5_base,hierarchical_section,320,16,0.234990,intfloat_e5_base_hierarchical_section_c320_o16/results/intfloat__e5-base_b533fe4636f4a2507c08ddab40644d20b0006d6a/intfloat__e5-base/b533fe4636f4a2507c08ddab40644d20b0006d6a
BAAI_bge_base_en_v1.5,fixed_token,320,48,0.234760,BAAI_bge_base_en_v1.5_fixed_token_c320_o48/results/BAAI__bge-base-en-v1.5_a5beb1e3e68b9ab74eb54cfd186867f64f240e1a/BAAI__bge-base-en-v1.5/a5beb1e3e68b9ab74eb54cfd186867f64f240e1a
intfloat_e5_small,semantic_recursive,384,64,0.234760,intfloat_e5_small_semantic_recursive_c384_o64/results/intfloat__e5-small_e272f3049e853b47cb5ca3952268c6662abda68f/intfloat__e5-small/e272f3049e853b47cb5ca3952268c6662abda68f
intfloat_e5_base,semantic_recursive,448,64,0.234710,intfloat_e5_base_semantic_recursive_c448_o64/results/intfloat__e5-base_b533fe4636f4a2507c08ddab40644d20b0006d6a/intfloat__e5-base/b533fe4636f4a2507c08ddab40644d20b0006d6a
nomic_ai_nomic_embed_text_v1.5,recursive_token,320,64,0.234540,nomic_ai_nomic_embed_text_v1.5_recursive_token_c320_o64/results/nomic-ai__nomic-embed-text-v1.5_b0753ae76394dd36bcfb912a46018088bca48be0/nomic-ai__nomic-embed-text-v1.5/b0753ae76394dd36bcfb912a46018088bca48be0
intfloat_e5_large,fixed_token,320,64,0.234410,intfloat_e5_large_fixed_token_c320_o64/results/intfloat__e5-large_4dc6d853a804b9c8886ede6dda8a073b7dc08a81/intfloat__e5-large/4dc6d853a804b9c8886ede6dda8a073b7dc08a81
BAAI_bge_base_en_v1.5,recursive_token,320,48,0.234230,BAAI_bge_base_en_v1.5_recursive_token_c320_o48/results/BAAI__bge-base-en-v1.5_a5beb1e3e68b9ab74eb54cfd186867f64f240e1a/BAAI__bge-base-en-v1.5/a5beb1e3e68b9ab74eb54cfd186867f64f240e1a
intfloat_multilingual_e5_base,semantic_fixed,320,32,0.234180,intfloat_multilingual_e5_base_semantic_fixed_c320_o32/results/intfloat__multilingual-e5-base_d13f1b27baf31030b7fd040960d60d909913633f/intfloat__multilingual-e5-base/d13f1b27baf31030b7fd040960d60d909913633f
intfloat_multilingual_e5_base,hierarchical_section,320,32,0.234140,intfloat_multilingual_e5_base_hierarchical_section_c320_o32/results/intfloat__multilingual-e5-base_d13f1b27baf31030b7fd040960d60d909913633f/intfloat__multilingual-e5-base/d13f1b27baf31030b7fd040960d60d909913633f
intfloat_e5_base,fixed_token,320,64,0.234130,intfloat_e5_base_fixed_token_c320_o64/results/intfloat__e5-base_b533fe4636f4a2507c08ddab40644d20b0006d6a/intfloat__e5-base/b533fe4636f4a2507c08ddab40644d20b0006d6a
BAAI_bge_base_en_v1.5,semantic_recursive,384,32,0.234030,BAAI_bge_base_en_v1.5_semantic_recursive_c384_o32/results/BAAI__bge-base-en-v1.5_a5beb1e3e68b9ab74eb54cfd186867f64f240e1a/BAAI__bge-base-en-v1.5/a5beb1e3e68b9ab74eb54cfd186867f64f240e1a
nomic_ai_nomic_embed_text_v1.5,fixed_token,320,64,0.233390,nomic_ai_nomic_embed_text_v1.5_fixed_token_c320_o64/results/nomic-ai__nomic-embed-text-v1.5_b0753ae76394dd36bcfb912a46018088bca48be0/nomic-ai__nomic-embed-text-v1.5/b0753ae76394dd36bcfb912a46018088bca48be0
BAAI_bge_large_en_v1.5,fixed_token,320,64,0.233240,BAAI_bge_large_en_v1.5_fixed_token_c320_o64/results/BAAI__bge-large-en-v1.5_d4aa6901d3a41ba39fb536a557fa166f842b0e09/BAAI__bge-large-en-v1.5/d4aa6901d3a41ba39fb536a557fa166f842b0e09
intfloat_e5_small,fixed_token,320,64,0.232890,intfloat_e5_small_fixed_token_c320_o64/results/intfloat__e5-small_e272f3049e853b47cb5ca3952268c6662abda68f/intfloat__e5-small/e272f3049e853b47cb5ca3952268c6662abda68f
intfloat_multilingual_e5_base,recursive_token,320,0,0.232460,intfloat_multilingual_e5_base_recursive_token_c320_o0/results/intfloat__multilingual-e5-base_d13f1b27baf31030b7fd040960d60d909913633f/intfloat__multilingual-e5-base/d13f1b27baf31030b7fd040960d60d909913633f
BAAI_bge_base_en_v1.5,semantic_fixed,320,32,0.232430,BAAI_bge_base_en_v1.5_semantic_fixed_c320_o32/results/BAAI__bge-base-en-v1.5_a5beb1e3e68b9ab74eb54cfd186867f64f240e1a/BAAI__bge-base-en-v1.5/a5beb1e3e68b9ab74eb54cfd186867f64f240e1a
nomic_ai_nomic_embed_text_v1.5,fixed_token,256,0,0.231590,nomic_ai_nomic_embed_text_v1.5_fixed_token_c256_o0/results/nomic-ai__nomic-embed-text-v1.5_b0753ae76394dd36bcfb912a46018088bca48be0/nomic-ai__nomic-embed-text-v1.5/b0753ae76394dd36bcfb912a46018088bca48be0
intfloat_e5_small,fixed_token,256,0,0.231520,intfloat_e5_small_fixed_token_c256_o0/results/intfloat__e5-small_e272f3049e853b47cb5ca3952268c6662abda68f/intfloat__e5-small/e272f3049e853b47cb5ca3952268c6662abda68f
intfloat_e5_small,recursive_token,320,64,0.231410,intfloat_e5_small_recursive_token_c320_o64/results/intfloat__e5-small_e272f3049e853b47cb5ca3952268c6662abda68f/intfloat__e5-small/e272f3049e853b47cb5ca3952268c6662abda68f
nomic_ai_nomic_embed_text_v1.5,hierarchical_section,320,64,0.231290,nomic_ai_nomic_embed_text_v1.5_hierarchical_section_c320_o64/results/nomic-ai__nomic-embed-text-v1.5_b0753ae76394dd36bcfb912a46018088bca48be0/nomic-ai__nomic-embed-text-v1.5/b0753ae76394dd36bcfb912a46018088bca48be0
intfloat_e5_small,hierarchical_section,320,64,0.231230,intfloat_e5_small_hierarchical_section_c320_o64/results/intfloat__e5-small_e272f3049e853b47cb5ca3952268c6662abda68f/intfloat__e5-small/e272f3049e853b47cb5ca3952268c6662abda68f
BAAI_bge_large_en_v1.5,fixed_token,256,0,0.230930,BAAI_bge_large_en_v1.5_fixed_token_c256_o0/results/BAAI__bge-large-en-v1.5_d4aa6901d3a41ba39fb536a557fa166f842b0e09/BAAI__bge-large-en-v1.5/d4aa6901d3a41ba39fb536a557fa166f842b0e09
BAAI_bge_large_en_v1.5,recursive_token,320,64,0.230810,BAAI_bge_large_en_v1.5_recursive_token_c320_o64/results/BAAI__bge-large-en-v1.5_d4aa6901d3a41ba39fb536a557fa166f842b0e09/BAAI__bge-large-en-v1.5/d4aa6901d3a41ba39fb536a557fa166f842b0e09
intfloat_e5_large,semantic_fixed,320,48,0.230670,intfloat_e5_large_semantic_fixed_c320_o48/results/intfloat__e5-large_4dc6d853a804b9c8886ede6dda8a073b7dc08a81/intfloat__e5-large/4dc6d853a804b9c8886ede6dda8a073b7dc08a81
BAAI_bge_large_en_v1.5,hierarchical_section,256,0,0.230050,BAAI_bge_large_en_v1.5_hierarchical_section_c256_o0/results/BAAI__bge-large-en-v1.5_d4aa6901d3a41ba39fb536a557fa166f842b0e09/BAAI__bge-large-en-v1.5/d4aa6901d3a41ba39fb536a557fa166f842b0e09
intfloat_e5_small,semantic_fixed,320,64,0.229860,intfloat_e5_small_semantic_fixed_c320_o64/results/intfloat__e5-small_e272f3049e853b47cb5ca3952268c6662abda68f/intfloat__e5-small/e272f3049e853b47cb5ca3952268c6662abda68f
BAAI_bge_base_en_v1.5,semantic_fixed,320,48,0.229800,BAAI_bge_base_en_v1.5_semantic_fixed_c320_o48/results/BAAI__bge-base-en-v1.5_a5beb1e3e68b9ab74eb54cfd186867f64f240e1a/BAAI__bge-base-en-v1.5/a5beb1e3e68b9ab74eb54cfd186867f64f240e1a
intfloat_multilingual_e5_base,recursive_token,320,16,0.229590,intfloat_multilingual_e5_base_recursive_token_c320_o16/results/intfloat__multilingual-e5-base_d13f1b27baf31030b7fd040960d60d909913633f/intfloat__multilingual-e5-base/d13f1b27baf31030b7fd040960d60d909913633f
intfloat_e5_base,semantic_fixed,320,16,0.229500,intfloat_e5_base_semantic_fixed_c320_o16/results/intfloat__e5-base_b533fe4636f4a2507c08ddab40644d20b0006d6a/intfloat__e5-base/b533fe4636f4a2507c08ddab40644d20b0006d6a
BAAI_bge_base_en_v1.5,semantic_recursive,384,48,0.228520,BAAI_bge_base_en_v1.5_semantic_recursive_c384_o48/results/BAAI__bge-base-en-v1.5_a5beb1e3e68b9ab74eb54cfd186867f64f240e1a/BAAI__bge-base-en-v1.5/a5beb1e3e68b9ab74eb54cfd186867f64f240e1a
BAAI_bge_base_en_v1.5,semantic_recursive,384,64,0.228410,BAAI_bge_base_en_v1.5_semantic_recursive_c384_o64/results/BAAI__bge-base-en-v1.5_a5beb1e3e68b9ab74eb54cfd186867f64f240e1a/BAAI__bge-base-en-v1.5/a5beb1e3e68b9ab74eb54cfd186867f64f240e1a
intfloat_multilingual_e5_base,recursive_token,320,32,0.228410,intfloat_multilingual_e5_base_recursive_token_c320_o32/results/intfloat__multilingual-e5-base_d13f1b27baf31030b7fd040960d60d909913633f/intfloat__multilingual-e5-base/d13f1b27baf31030b7fd040960d60d909913633f
BAAI_bge_large_en_v1.5,semantic_fixed,320,64,0.227850,BAAI_bge_large_en_v1.5_semantic_fixed_c320_o64/results/BAAI__bge-large-en-v1.5_d4aa6901d3a41ba39fb536a557fa166f842b0e09/BAAI__bge-large-en-v1.5/d4aa6901d3a41ba39fb536a557fa166f842b0e09
nomic_ai_nomic_embed_text_v1,recursive_token,256,16,0.227770,nomic_ai_nomic_embed_text_v1_recursive_token_c256_o16/results/nomic-ai__nomic-embed-text-v1_0759316f275aa0cb93a5b830973843ca66babcf5/nomic-ai__nomic-embed-text-v1/0759316f275aa0cb93a5b830973843ca66babcf5
intfloat_multilingual_e5_base,fixed_token,320,48,0.227690,intfloat_multilingual_e5_base_fixed_token_c320_o48/results/intfloat__multilingual-e5-base_d13f1b27baf31030b7fd040960d60d909913633f/intfloat__multilingual-e5-base/d13f1b27baf31030b7fd040960d60d909913633f
nomic_ai_nomic_embed_text_v1,recursive_token,256,0,0.227520,nomic_ai_nomic_embed_text_v1_recursive_token_c256_o0/results/nomic-ai__nomic-embed-text-v1_0759316f275aa0cb93a5b830973843ca66babcf5/nomic-ai__nomic-embed-text-v1/0759316f275aa0cb93a5b830973843ca66babcf5
nomic_ai_nomic_embed_text_v1.5,hierarchical_section,256,0,0.227270,nomic_ai_nomic_embed_text_v1.5_hierarchical_section_c256_o0/results/nomic-ai__nomic-embed-text-v1.5_b0753ae76394dd36bcfb912a46018088bca48be0/nomic-ai__nomic-embed-text-v1.5/b0753ae76394dd36bcfb912a46018088bca48be0
BAAI_bge_large_en_v1.5,fixed_token,256,16,0.227180,BAAI_bge_large_en_v1.5_fixed_token_c256_o16/results/BAAI__bge-large-en-v1.5_d4aa6901d3a41ba39fb536a557fa166f842b0e09/BAAI__bge-large-en-v1.5/d4aa6901d3a41ba39fb536a557fa166f842b0e09
BAAI_bge_base_en_v1.5,recursive_token,320,64,0.226840,BAAI_bge_base_en_v1.5_recursive_token_c320_o64/results/BAAI__bge-base-en-v1.5_a5beb1e3e68b9ab74eb54cfd186867f64f240e1a/BAAI__bge-base-en-v1.5/a5beb1e3e68b9ab74eb54cfd186867f64f240e1a
intfloat_multilingual_e5_base,hierarchical_section,320,48,0.226770,intfloat_multilingual_e5_base_hierarchical_section_c320_o48/results/intfloat__multilingual-e5-base_d13f1b27baf31030b7fd040960d60d909913633f/intfloat__multilingual-e5-base/d13f1b27baf31030b7fd040960d60d909913633f
intfloat_e5_base,fixed_token,256,0,0.226670,intfloat_e5_base_fixed_token_c256_o0/results/intfloat__e5-base_b533fe4636f4a2507c08ddab40644d20b0006d6a/intfloat__e5-base/b533fe4636f4a2507c08ddab40644d20b0006d6a
intfloat_e5_base,hierarchical_section,320,48,0.226590,intfloat_e5_base_hierarchical_section_c320_o48/results/intfloat__e5-base_b533fe4636f4a2507c08ddab40644d20b0006d6a/intfloat__e5-base/b533fe4636f4a2507c08ddab40644d20b0006d6a
intfloat_multilingual_e5_base,semantic_fixed,320,48,0.226570,intfloat_multilingual_e5_base_semantic_fixed_c320_o48/results/intfloat__multilingual-e5-base_d13f1b27baf31030b7fd040960d60d909913633f/intfloat__multilingual-e5-base/d13f1b27baf31030b7fd040960d60d909913633f
intfloat_e5_large,fixed_token,256,16,0.225360,intfloat_e5_large_fixed_token_c256_o16/results/intfloat__e5-large_4dc6d853a804b9c8886ede6dda8a073b7dc08a81/intfloat__e5-large/4dc6d853a804b9c8886ede6dda8a073b7dc08a81
intfloat_e5_large,semantic_fixed,256,0,0.225340,intfloat_e5_large_semantic_fixed_c256_o0/results/intfloat__e5-large_4dc6d853a804b9c8886ede6dda8a073b7dc08a81/intfloat__e5-large/4dc6d853a804b9c8886ede6dda8a073b7dc08a81
intfloat_e5_large,recursive_token,256,0,0.225200,intfloat_e5_large_recursive_token_c256_o0/results/intfloat__e5-large_4dc6d853a804b9c8886ede6dda8a073b7dc08a81/intfloat__e5-large/4dc6d853a804b9c8886ede6dda8a073b7dc08a81
intfloat_multilingual_e5_base,fixed_token,320,64,0.225010,intfloat_multilingual_e5_base_fixed_token_c320_o64/results/intfloat__multilingual-e5-base_d13f1b27baf31030b7fd040960d60d909913633f/intfloat__multilingual-e5-base/d13f1b27baf31030b7fd040960d60d909913633f
intfloat_e5_small,fixed_token,256,16,0.224420,intfloat_e5_small_fixed_token_c256_o16/results/intfloat__e5-small_e272f3049e853b47cb5ca3952268c6662abda68f/intfloat__e5-small/e272f3049e853b47cb5ca3952268c6662abda68f
BAAI_bge_large_en_v1.5,semantic_fixed,256,16,0.224240,BAAI_bge_large_en_v1.5_semantic_fixed_c256_o16/results/BAAI__bge-large-en-v1.5_d4aa6901d3a41ba39fb536a557fa166f842b0e09/BAAI__bge-large-en-v1.5/d4aa6901d3a41ba39fb536a557fa166f842b0e09
BAAI_bge_large_en_v1.5,hierarchical_section,256,16,0.224130,BAAI_bge_large_en_v1.5_hierarchical_section_c256_o16/results/BAAI__bge-large-en-v1.5_d4aa6901d3a41ba39fb536a557fa166f842b0e09/BAAI__bge-large-en-v1.5/d4aa6901d3a41ba39fb536a557fa166f842b0e09
nomic_ai_nomic_embed_text_v1,hierarchical_section,256,16,0.224130,nomic_ai_nomic_embed_text_v1_hierarchical_section_c256_o16/results/nomic-ai__nomic-embed-text-v1_0759316f275aa0cb93a5b830973843ca66babcf5/nomic-ai__nomic-embed-text-v1/0759316f275aa0cb93a5b830973843ca66babcf5
intfloat_e5_small,hierarchical_section,256,0,0.224050,intfloat_e5_small_hierarchical_section_c256_o0/results/intfloat__e5-small_e272f3049e853b47cb5ca3952268c6662abda68f/intfloat__e5-small/e272f3049e853b47cb5ca3952268c6662abda68f
BAAI_bge_large_en_v1.5,semantic_fixed,256,0,0.224040,BAAI_bge_large_en_v1.5_semantic_fixed_c256_o0/results/BAAI__bge-large-en-v1.5_d4aa6901d3a41ba39fb536a557fa166f842b0e09/BAAI__bge-large-en-v1.5/d4aa6901d3a41ba39fb536a557fa166f842b0e09
nomic_ai_nomic_embed_text_v1,fixed_token,256,32,0.223480,nomic_ai_nomic_embed_text_v1_fixed_token_c256_o32/results/nomic-ai__nomic-embed-text-v1_0759316f275aa0cb93a5b830973843ca66babcf5/nomic-ai__nomic-embed-text-v1/0759316f275aa0cb93a5b830973843ca66babcf5
nomic_ai_nomic_embed_text_v1.5,fixed_token,256,16,0.223450,nomic_ai_nomic_embed_text_v1.5_fixed_token_c256_o16/results/nomic-ai__nomic-embed-text-v1.5_b0753ae76394dd36bcfb912a46018088bca48be0/nomic-ai__nomic-embed-text-v1.5/b0753ae76394dd36bcfb912a46018088bca48be0
BAAI_bge_base_en_v1.5,hierarchical_section,320,64,0.223440,BAAI_bge_base_en_v1.5_hierarchical_section_c320_o64/results/BAAI__bge-base-en-v1.5_a5beb1e3e68b9ab74eb54cfd186867f64f240e1a/BAAI__bge-base-en-v1.5/a5beb1e3e68b9ab74eb54cfd186867f64f240e1a
intfloat_e5_base,semantic_recursive,384,0,0.223420,intfloat_e5_base_semantic_recursive_c384_o0/results/intfloat__e5-base_b533fe4636f4a2507c08ddab40644d20b0006d6a/intfloat__e5-base/b533fe4636f4a2507c08ddab40644d20b0006d6a
intfloat_e5_base,hierarchical_section,320,64,0.223400,intfloat_e5_base_hierarchical_section_c320_o64/results/intfloat__e5-base_b533fe4636f4a2507c08ddab40644d20b0006d6a/intfloat__e5-base/b533fe4636f4a2507c08ddab40644d20b0006d6a
intfloat_multilingual_e5_base,semantic_recursive,320,0,0.223050,intfloat_multilingual_e5_base_semantic_recursive_c320_o0/results/intfloat__multilingual-e5-base_d13f1b27baf31030b7fd040960d60d909913633f/intfloat__multilingual-e5-base/d13f1b27baf31030b7fd040960d60d909913633f
intfloat_e5_base,semantic_recursive,384,32,0.223000,intfloat_e5_base_semantic_recursive_c384_o32/results/intfloat__e5-base_b533fe4636f4a2507c08ddab40644d20b0006d6a/intfloat__e5-base/b533fe4636f4a2507c08ddab40644d20b0006d6a
intfloat_e5_base,semantic_fixed,320,32,0.222280,intfloat_e5_base_semantic_fixed_c320_o32/results/intfloat__e5-base_b533fe4636f4a2507c08ddab40644d20b0006d6a/intfloat__e5-base/b533fe4636f4a2507c08ddab40644d20b0006d6a
intfloat_e5_large,semantic_fixed,320,64,0.222080,intfloat_e5_large_semantic_fixed_c320_o64/results/intfloat__e5-large_4dc6d853a804b9c8886ede6dda8a073b7dc08a81/intfloat__e5-large/4dc6d853a804b9c8886ede6dda8a073b7dc08a81
intfloat_multilingual_e5_base,semantic_recursive,320,16,0.221980,intfloat_multilingual_e5_base_semantic_recursive_c320_o16/results/intfloat__multilingual-e5-base_d13f1b27baf31030b7fd040960d60d909913633f/intfloat__multilingual-e5-base/d13f1b27baf31030b7fd040960d60d909913633f
nomic_ai_nomic_embed_text_v1,recursive_token,256,32,0.221960,nomic_ai_nomic_embed_text_v1_recursive_token_c256_o32/results/nomic-ai__nomic-embed-text-v1_0759316f275aa0cb93a5b830973843ca66babcf5/nomic-ai__nomic-embed-text-v1/0759316f275aa0cb93a5b830973843ca66babcf5
intfloat_e5_base,semantic_recursive,384,16,0.221940,intfloat_e5_base_semantic_recursive_c384_o16/results/intfloat__e5-base_b533fe4636f4a2507c08ddab40644d20b0006d6a/intfloat__e5-base/b533fe4636f4a2507c08ddab40644d20b0006d6a
intfloat_multilingual_e5_base,semantic_recursive,320,32,0.221940,intfloat_multilingual_e5_base_semantic_recursive_c320_o32/results/intfloat__multilingual-e5-base_d13f1b27baf31030b7fd040960d60d909913633f/intfloat__multilingual-e5-base/d13f1b27baf31030b7fd040960d60d909913633f
BAAI_bge_base_en_v1.5,fixed_token,320,64,0.221850,BAAI_bge_base_en_v1.5_fixed_token_c320_o64/results/BAAI__bge-base-en-v1.5_a5beb1e3e68b9ab74eb54cfd186867f64f240e1a/BAAI__bge-base-en-v1.5/a5beb1e3e68b9ab74eb54cfd186867f64f240e1a
intfloat_multilingual_e5_base,hierarchical_section,320,64,0.221300,intfloat_multilingual_e5_base_hierarchical_section_c320_o64/results/intfloat__multilingual-e5-base_d13f1b27baf31030b7fd040960d60d909913633f/intfloat__multilingual-e5-base/d13f1b27baf31030b7fd040960d60d909913633f
BAAI_bge_large_en_v1.5,semantic_recursive,320,0,0.220870,BAAI_bge_large_en_v1.5_semantic_recursive_c320_o0/results/BAAI__bge-large-en-v1.5_d4aa6901d3a41ba39fb536a557fa166f842b0e09/BAAI__bge-large-en-v1.5/d4aa6901d3a41ba39fb536a557fa166f842b0e09
BAAI_bge_base_en_v1.5,fixed_token,256,0,0.220820,BAAI_bge_base_en_v1.5_fixed_token_c256_o0/results/BAAI__bge-base-en-v1.5_a5beb1e3e68b9ab74eb54cfd186867f64f240e1a/BAAI__bge-base-en-v1.5/a5beb1e3e68b9ab74eb54cfd186867f64f240e1a
intfloat_e5_base,fixed_token,256,16,0.220710,intfloat_e5_base_fixed_token_c256_o16/results/intfloat__e5-base_b533fe4636f4a2507c08ddab40644d20b0006d6a/intfloat__e5-base/b533fe4636f4a2507c08ddab40644d20b0006d6a
intfloat_multilingual_e5_base,recursive_token,320,48,0.220670,intfloat_multilingual_e5_base_recursive_token_c320_o48/results/intfloat__multilingual-e5-base_d13f1b27baf31030b7fd040960d60d909913633f/intfloat__multilingual-e5-base/d13f1b27baf31030b7fd040960d60d909913633f
BAAI_bge_base_en_v1.5,hierarchical_section,256,0,0.220440,BAAI_bge_base_en_v1.5_hierarchical_section_c256_o0/results/BAAI__bge-base-en-v1.5_a5beb1e3e68b9ab74eb54cfd186867f64f240e1a/BAAI__bge-base-en-v1.5/a5beb1e3e68b9ab74eb54cfd186867f64f240e1a
intfloat_e5_small,semantic_fixed,256,0,0.219900,intfloat_e5_small_semantic_fixed_c256_o0/results/intfloat__e5-small_e272f3049e853b47cb5ca3952268c6662abda68f/intfloat__e5-small/e272f3049e853b47cb5ca3952268c6662abda68f
BAAI_bge_large_en_v1.5,semantic_recursive,320,16,0.219830,BAAI_bge_large_en_v1.5_semantic_recursive_c320_o16/results/BAAI__bge-large-en-v1.5_d4aa6901d3a41ba39fb536a557fa166f842b0e09/BAAI__bge-large-en-v1.5/d4aa6901d3a41ba39fb536a557fa166f842b0e09
BAAI_bge_large_en_v1.5,recursive_token,256,0,0.219770,BAAI_bge_large_en_v1.5_recursive_token_c256_o0/results/BAAI__bge-large-en-v1.5_d4aa6901d3a41ba39fb536a557fa166f842b0e09/BAAI__bge-large-en-v1.5/d4aa6901d3a41ba39fb536a557fa166f842b0e09
intfloat_e5_large,semantic_fixed,256,16,0.219670,intfloat_e5_large_semantic_fixed_c256_o16/results/intfloat__e5-large_4dc6d853a804b9c8886ede6dda8a073b7dc08a81/intfloat__e5-large/4dc6d853a804b9c8886ede6dda8a073b7dc08a81
intfloat_e5_large,recursive_token,256,32,0.219520,intfloat_e5_large_recursive_token_c256_o32/results/intfloat__e5-large_4dc6d853a804b9c8886ede6dda8a073b7dc08a81/intfloat__e5-large/4dc6d853a804b9c8886ede6dda8a073b7dc08a81
intfloat_e5_large,recursive_token,256,16,0.219460,intfloat_e5_large_recursive_token_c256_o16/results/intfloat__e5-large_4dc6d853a804b9c8886ede6dda8a073b7dc08a81/intfloat__e5-large/4dc6d853a804b9c8886ede6dda8a073b7dc08a81
BAAI_bge_large_en_v1.5,semantic_recursive,320,32,0.219140,BAAI_bge_large_en_v1.5_semantic_recursive_c320_o32/results/BAAI__bge-large-en-v1.5_d4aa6901d3a41ba39fb536a557fa166f842b0e09/BAAI__bge-large-en-v1.5/d4aa6901d3a41ba39fb536a557fa166f842b0e09
intfloat_e5_base,semantic_fixed,320,48,0.218640,intfloat_e5_base_semantic_fixed_c320_o48/results/intfloat__e5-base_b533fe4636f4a2507c08ddab40644d20b0006d6a/intfloat__e5-base/b533fe4636f4a2507c08ddab40644d20b0006d6a
intfloat_e5_small,recursive_token,256,0,0.218130,intfloat_e5_small_recursive_token_c256_o0/results/intfloat__e5-small_e272f3049e853b47cb5ca3952268c6662abda68f/intfloat__e5-small/e272f3049e853b47cb5ca3952268c6662abda68f
nomic_ai_nomic_embed_text_v1.5,hierarchical_section,256,16,0.217990,nomic_ai_nomic_embed_text_v1.5_hierarchical_section_c256_o16/results/nomic-ai__nomic-embed-text-v1.5_b0753ae76394dd36bcfb912a46018088bca48be0/nomic-ai__nomic-embed-text-v1.5/b0753ae76394dd36bcfb912a46018088bca48be0
intfloat_multilingual_e5_base,semantic_fixed,320,64,0.217630,intfloat_multilingual_e5_base_semantic_fixed_c320_o64/results/intfloat__multilingual-e5-base_d13f1b27baf31030b7fd040960d60d909913633f/intfloat__multilingual-e5-base/d13f1b27baf31030b7fd040960d60d909913633f
BAAI_bge_base_en_v1.5,fixed_token,256,16,0.217560,BAAI_bge_base_en_v1.5_fixed_token_c256_o16/results/BAAI__bge-base-en-v1.5_a5beb1e3e68b9ab74eb54cfd186867f64f240e1a/BAAI__bge-base-en-v1.5/a5beb1e3e68b9ab74eb54cfd186867f64f240e1a
BAAI_bge_large_en_v1.5,recursive_token,256,16,0.217180,BAAI_bge_large_en_v1.5_recursive_token_c256_o16/results/BAAI__bge-large-en-v1.5_d4aa6901d3a41ba39fb536a557fa166f842b0e09/BAAI__bge-large-en-v1.5/d4aa6901d3a41ba39fb536a557fa166f842b0e09
nomic_ai_nomic_embed_text_v1,recursive_token,256,48,0.217120,nomic_ai_nomic_embed_text_v1_recursive_token_c256_o48/results/nomic-ai__nomic-embed-text-v1_0759316f275aa0cb93a5b830973843ca66babcf5/nomic-ai__nomic-embed-text-v1/0759316f275aa0cb93a5b830973843ca66babcf5
intfloat_e5_base,hierarchical_section,256,0,0.216850,intfloat_e5_base_hierarchical_section_c256_o0/results/intfloat__e5-base_b533fe4636f4a2507c08ddab40644d20b0006d6a/intfloat__e5-base/b533fe4636f4a2507c08ddab40644d20b0006d6a
intfloat_e5_base,recursive_token,256,0,0.216210,intfloat_e5_base_recursive_token_c256_o0/results/intfloat__e5-base_b533fe4636f4a2507c08ddab40644d20b0006d6a/intfloat__e5-base/b533fe4636f4a2507c08ddab40644d20b0006d6a
intfloat_multilingual_e5_base,semantic_fixed,256,0,0.216180,intfloat_multilingual_e5_base_semantic_fixed_c256_o0/results/intfloat__multilingual-e5-base_d13f1b27baf31030b7fd040960d60d909913633f/intfloat__multilingual-e5-base/d13f1b27baf31030b7fd040960d60d909913633f
nomic_ai_nomic_embed_text_v1.5,recursive_token,256,32,0.216090,nomic_ai_nomic_embed_text_v1.5_recursive_token_c256_o32/results/nomic-ai__nomic-embed-text-v1.5_b0753ae76394dd36bcfb912a46018088bca48be0/nomic-ai__nomic-embed-text-v1.5/b0753ae76394dd36bcfb912a46018088bca48be0
intfloat_e5_large,fixed_token,256,32,0.215880,intfloat_e5_large_fixed_token_c256_o32/results/intfloat__e5-large_4dc6d853a804b9c8886ede6dda8a073b7dc08a81/intfloat__e5-large/4dc6d853a804b9c8886ede6dda8a073b7dc08a81
intfloat_e5_small,semantic_recursive,320,0,0.215750,intfloat_e5_small_semantic_recursive_c320_o0/results/intfloat__e5-small_e272f3049e853b47cb5ca3952268c6662abda68f/intfloat__e5-small/e272f3049e853b47cb5ca3952268c6662abda68f
BAAI_bge_base_en_v1.5,semantic_fixed,320,64,0.215690,BAAI_bge_base_en_v1.5_semantic_fixed_c320_o64/results/BAAI__bge-base-en-v1.5_a5beb1e3e68b9ab74eb54cfd186867f64f240e1a/BAAI__bge-base-en-v1.5/a5beb1e3e68b9ab74eb54cfd186867f64f240e1a
nomic_ai_nomic_embed_text_v1.5,recursive_token,256,16,0.215530,nomic_ai_nomic_embed_text_v1.5_recursive_token_c256_o16/results/nomic-ai__nomic-embed-text-v1.5_b0753ae76394dd36bcfb912a46018088bca48be0/nomic-ai__nomic-embed-text-v1.5/b0753ae76394dd36bcfb912a46018088bca48be0
intfloat_multilingual_e5_base,fixed_token,256,0,0.215520,intfloat_multilingual_e5_base_fixed_token_c256_o0/results/intfloat__multilingual-e5-base_d13f1b27baf31030b7fd040960d60d909913633f/intfloat__multilingual-e5-base/d13f1b27baf31030b7fd040960d60d909913633f
intfloat_e5_base,recursive_token,256,16,0.215420,intfloat_e5_base_recursive_token_c256_o16/results/intfloat__e5-base_b533fe4636f4a2507c08ddab40644d20b0006d6a/intfloat__e5-base/b533fe4636f4a2507c08ddab40644d20b0006d6a
intfloat_e5_small,semantic_fixed,256,16,0.215290,intfloat_e5_small_semantic_fixed_c256_o16/results/intfloat__e5-small_e272f3049e853b47cb5ca3952268c6662abda68f/intfloat__e5-small/e272f3049e853b47cb5ca3952268c6662abda68f
nomic_ai_nomic_embed_text_v1.5,recursive_token,256,0,0.215150,nomic_ai_nomic_embed_text_v1.5_recursive_token_c256_o0/results/nomic-ai__nomic-embed-text-v1.5_b0753ae76394dd36bcfb912a46018088bca48be0/nomic-ai__nomic-embed-text-v1.5/b0753ae76394dd36bcfb912a46018088bca48be0
intfloat_e5_large,recursive_token,256,48,0.214510,intfloat_e5_large_recursive_token_c256_o48/results/intfloat__e5-large_4dc6d853a804b9c8886ede6dda8a073b7dc08a81/intfloat__e5-large/4dc6d853a804b9c8886ede6dda8a073b7dc08a81
intfloat_e5_small,hierarchical_section,256,16,0.214350,intfloat_e5_small_hierarchical_section_c256_o16/results/intfloat__e5-small_e272f3049e853b47cb5ca3952268c6662abda68f/intfloat__e5-small/e272f3049e853b47cb5ca3952268c6662abda68f
intfloat_e5_small,recursive_token,256,16,0.214350,intfloat_e5_small_recursive_token_c256_o16/results/intfloat__e5-small_e272f3049e853b47cb5ca3952268c6662abda68f/intfloat__e5-small/e272f3049e853b47cb5ca3952268c6662abda68f
intfloat_e5_base,semantic_recursive,384,64,0.213760,intfloat_e5_base_semantic_recursive_c384_o64/results/intfloat__e5-base_b533fe4636f4a2507c08ddab40644d20b0006d6a/intfloat__e5-base/b533fe4636f4a2507c08ddab40644d20b0006d6a
BAAI_bge_base_en_v1.5,semantic_recursive,320,0,0.213690,BAAI_bge_base_en_v1.5_semantic_recursive_c320_o0/results/BAAI__bge-base-en-v1.5_a5beb1e3e68b9ab74eb54cfd186867f64f240e1a/BAAI__bge-base-en-v1.5/a5beb1e3e68b9ab74eb54cfd186867f64f240e1a
BAAI_bge_base_en_v1.5,semantic_fixed,256,0,0.213550,BAAI_bge_base_en_v1.5_semantic_fixed_c256_o0/results/BAAI__bge-base-en-v1.5_a5beb1e3e68b9ab74eb54cfd186867f64f240e1a/BAAI__bge-base-en-v1.5/a5beb1e3e68b9ab74eb54cfd186867f64f240e1a
intfloat_e5_base,semantic_recursive,384,48,0.213510,intfloat_e5_base_semantic_recursive_c384_o48/results/intfloat__e5-base_b533fe4636f4a2507c08ddab40644d20b0006d6a/intfloat__e5-base/b533fe4636f4a2507c08ddab40644d20b0006d6a
intfloat_multilingual_e5_base,semantic_recursive,320,48,0.213240,intfloat_multilingual_e5_base_semantic_recursive_c320_o48/results/intfloat__multilingual-e5-base_d13f1b27baf31030b7fd040960d60d909913633f/intfloat__multilingual-e5-base/d13f1b27baf31030b7fd040960d60d909913633f
intfloat_e5_small,semantic_recursive,320,16,0.213200,intfloat_e5_small_semantic_recursive_c320_o16/results/intfloat__e5-small_e272f3049e853b47cb5ca3952268c6662abda68f/intfloat__e5-small/e272f3049e853b47cb5ca3952268c6662abda68f
BAAI_bge_large_en_v1.5,semantic_recursive,320,48,0.213140,BAAI_bge_large_en_v1.5_semantic_recursive_c320_o48/results/BAAI__bge-large-en-v1.5_d4aa6901d3a41ba39fb536a557fa166f842b0e09/BAAI__bge-large-en-v1.5/d4aa6901d3a41ba39fb536a557fa166f842b0e09
nomic_ai_nomic_embed_text_v1,hierarchical_section,256,32,0.212930,nomic_ai_nomic_embed_text_v1_hierarchical_section_c256_o32/results/nomic-ai__nomic-embed-text-v1_0759316f275aa0cb93a5b830973843ca66babcf5/nomic-ai__nomic-embed-text-v1/0759316f275aa0cb93a5b830973843ca66babcf5
BAAI_bge_base_en_v1.5,semantic_recursive,320,16,0.212900,BAAI_bge_base_en_v1.5_semantic_recursive_c320_o16/results/BAAI__bge-base-en-v1.5_a5beb1e3e68b9ab74eb54cfd186867f64f240e1a/BAAI__bge-base-en-v1.5/a5beb1e3e68b9ab74eb54cfd186867f64f240e1a
intfloat_e5_small,semantic_recursive,320,32,0.212680,intfloat_e5_small_semantic_recursive_c320_o32/results/intfloat__e5-small_e272f3049e853b47cb5ca3952268c6662abda68f/intfloat__e5-small/e272f3049e853b47cb5ca3952268c6662abda68f
intfloat_e5_base,recursive_token,256,32,0.212670,intfloat_e5_base_recursive_token_c256_o32/results/intfloat__e5-base_b533fe4636f4a2507c08ddab40644d20b0006d6a/intfloat__e5-base/b533fe4636f4a2507c08ddab40644d20b0006d6a
BAAI_bge_large_en_v1.5,fixed_token,256,32,0.212650,BAAI_bge_large_en_v1.5_fixed_token_c256_o32/results/BAAI__bge-large-en-v1.5_d4aa6901d3a41ba39fb536a557fa166f842b0e09/BAAI__bge-large-en-v1.5/d4aa6901d3a41ba39fb536a557fa166f842b0e09
BAAI_bge_large_en_v1.5,hierarchical_section,256,32,0.212640,BAAI_bge_large_en_v1.5_hierarchical_section_c256_o32/results/BAAI__bge-large-en-v1.5_d4aa6901d3a41ba39fb536a557fa166f842b0e09/BAAI__bge-large-en-v1.5/d4aa6901d3a41ba39fb536a557fa166f842b0e09
BAAI_bge_large_en_v1.5,recursive_token,256,32,0.212200,BAAI_bge_large_en_v1.5_recursive_token_c256_o32/results/BAAI__bge-large-en-v1.5_d4aa6901d3a41ba39fb536a557fa166f842b0e09/BAAI__bge-large-en-v1.5/d4aa6901d3a41ba39fb536a557fa166f842b0e09
intfloat_multilingual_e5_base,hierarchical_section,256,0,0.212110,intfloat_multilingual_e5_base_hierarchical_section_c256_o0/results/intfloat__multilingual-e5-base_d13f1b27baf31030b7fd040960d60d909913633f/intfloat__multilingual-e5-base/d13f1b27baf31030b7fd040960d60d909913633f
nomic_ai_nomic_embed_text_v1.5,fixed_token,256,32,0.212050,nomic_ai_nomic_embed_text_v1.5_fixed_token_c256_o32/results/nomic-ai__nomic-embed-text-v1.5_b0753ae76394dd36bcfb912a46018088bca48be0/nomic-ai__nomic-embed-text-v1.5/b0753ae76394dd36bcfb912a46018088bca48be0
nomic_ai_nomic_embed_text_v1,hierarchical_section,256,48,0.211870,nomic_ai_nomic_embed_text_v1_hierarchical_section_c256_o48/results/nomic-ai__nomic-embed-text-v1_0759316f275aa0cb93a5b830973843ca66babcf5/nomic-ai__nomic-embed-text-v1/0759316f275aa0cb93a5b830973843ca66babcf5
intfloat_e5_large,semantic_fixed,256,32,0.211770,intfloat_e5_large_semantic_fixed_c256_o32/results/intfloat__e5-large_4dc6d853a804b9c8886ede6dda8a073b7dc08a81/intfloat__e5-large/4dc6d853a804b9c8886ede6dda8a073b7dc08a81
intfloat_multilingual_e5_base,semantic_recursive,320,64,0.211510,intfloat_multilingual_e5_base_semantic_recursive_c320_o64/results/intfloat__multilingual-e5-base_d13f1b27baf31030b7fd040960d60d909913633f/intfloat__multilingual-e5-base/d13f1b27baf31030b7fd040960d60d909913633f
intfloat_e5_small,fixed_token,256,32,0.211080,intfloat_e5_small_fixed_token_c256_o32/results/intfloat__e5-small_e272f3049e853b47cb5ca3952268c6662abda68f/intfloat__e5-small/e272f3049e853b47cb5ca3952268c6662abda68f
nomic_ai_nomic_embed_text_v1,fixed_token,256,48,0.210890,nomic_ai_nomic_embed_text_v1_fixed_token_c256_o48/results/nomic-ai__nomic-embed-text-v1_0759316f275aa0cb93a5b830973843ca66babcf5/nomic-ai__nomic-embed-text-v1/0759316f275aa0cb93a5b830973843ca66babcf5
intfloat_e5_base,fixed_token,256,32,0.210800,intfloat_e5_base_fixed_token_c256_o32/results/intfloat__e5-base_b533fe4636f4a2507c08ddab40644d20b0006d6a/intfloat__e5-base/b533fe4636f4a2507c08ddab40644d20b0006d6a
BAAI_bge_large_en_v1.5,semantic_fixed,256,32,0.210610,BAAI_bge_large_en_v1.5_semantic_fixed_c256_o32/results/BAAI__bge-large-en-v1.5_d4aa6901d3a41ba39fb536a557fa166f842b0e09/BAAI__bge-large-en-v1.5/d4aa6901d3a41ba39fb536a557fa166f842b0e09
intfloat_e5_small,recursive_token,256,32,0.210530,intfloat_e5_small_recursive_token_c256_o32/results/intfloat__e5-small_e272f3049e853b47cb5ca3952268c6662abda68f/intfloat__e5-small/e272f3049e853b47cb5ca3952268c6662abda68f
BAAI_bge_base_en_v1.5,semantic_recursive,320,32,0.210430,BAAI_bge_base_en_v1.5_semantic_recursive_c320_o32/results/BAAI__bge-base-en-v1.5_a5beb1e3e68b9ab74eb54cfd186867f64f240e1a/BAAI__bge-base-en-v1.5/a5beb1e3e68b9ab74eb54cfd186867f64f240e1a
intfloat_multilingual_e5_base,fixed_token,256,16,0.210400,intfloat_multilingual_e5_base_fixed_token_c256_o16/results/intfloat__multilingual-e5-base_d13f1b27baf31030b7fd040960d60d909913633f/intfloat__multilingual-e5-base/d13f1b27baf31030b7fd040960d60d909913633f
BAAI_bge_base_en_v1.5,semantic_fixed,256,16,0.210180,BAAI_bge_base_en_v1.5_semantic_fixed_c256_o16/results/BAAI__bge-base-en-v1.5_a5beb1e3e68b9ab74eb54cfd186867f64f240e1a/BAAI__bge-base-en-v1.5/a5beb1e3e68b9ab74eb54cfd186867f64f240e1a
BAAI_bge_large_en_v1.5,semantic_recursive,320,64,0.210180,BAAI_bge_large_en_v1.5_semantic_recursive_c320_o64/results/BAAI__bge-large-en-v1.5_d4aa6901d3a41ba39fb536a557fa166f842b0e09/BAAI__bge-large-en-v1.5/d4aa6901d3a41ba39fb536a557fa166f842b0e09
intfloat_e5_base,semantic_fixed,256,0,0.210100,intfloat_e5_base_semantic_fixed_c256_o0/results/intfloat__e5-base_b533fe4636f4a2507c08ddab40644d20b0006d6a/intfloat__e5-base/b533fe4636f4a2507c08ddab40644d20b0006d6a
BAAI_bge_large_en_v1.5,recursive_token,256,48,0.209880,BAAI_bge_large_en_v1.5_recursive_token_c256_o48/results/BAAI__bge-large-en-v1.5_d4aa6901d3a41ba39fb536a557fa166f842b0e09/BAAI__bge-large-en-v1.5/d4aa6901d3a41ba39fb536a557fa166f842b0e09
BAAI_bge_base_en_v1.5,hierarchical_section,256,16,0.209750,BAAI_bge_base_en_v1.5_hierarchical_section_c256_o16/results/BAAI__bge-base-en-v1.5_a5beb1e3e68b9ab74eb54cfd186867f64f240e1a/BAAI__bge-base-en-v1.5/a5beb1e3e68b9ab74eb54cfd186867f64f240e1a
BAAI_bge_base_en_v1.5,recursive_token,256,0,0.209300,BAAI_bge_base_en_v1.5_recursive_token_c256_o0/results/BAAI__bge-base-en-v1.5_a5beb1e3e68b9ab74eb54cfd186867f64f240e1a/BAAI__bge-base-en-v1.5/a5beb1e3e68b9ab74eb54cfd186867f64f240e1a
BAAI_bge_base_en_v1.5,recursive_token,256,16,0.209070,BAAI_bge_base_en_v1.5_recursive_token_c256_o16/results/BAAI__bge-base-en-v1.5_a5beb1e3e68b9ab74eb54cfd186867f64f240e1a/BAAI__bge-base-en-v1.5/a5beb1e3e68b9ab74eb54cfd186867f64f240e1a
intfloat_e5_base,semantic_fixed,320,64,0.208830,intfloat_e5_base_semantic_fixed_c320_o64/results/intfloat__e5-base_b533fe4636f4a2507c08ddab40644d20b0006d6a/intfloat__e5-base/b533fe4636f4a2507c08ddab40644d20b0006d6a
intfloat_multilingual_e5_base,semantic_fixed,256,16,0.208170,intfloat_multilingual_e5_base_semantic_fixed_c256_o16/results/intfloat__multilingual-e5-base_d13f1b27baf31030b7fd040960d60d909913633f/intfloat__multilingual-e5-base/d13f1b27baf31030b7fd040960d60d909913633f
nomic_ai_nomic_embed_text_v1.5,recursive_token,256,48,0.207950,nomic_ai_nomic_embed_text_v1.5_recursive_token_c256_o48/results/nomic-ai__nomic-embed-text-v1.5_b0753ae76394dd36bcfb912a46018088bca48be0/nomic-ai__nomic-embed-text-v1.5/b0753ae76394dd36bcfb912a46018088bca48be0
BAAI_bge_large_en_v1.5,fixed_token,256,48,0.207800,BAAI_bge_large_en_v1.5_fixed_token_c256_o48/results/BAAI__bge-large-en-v1.5_d4aa6901d3a41ba39fb536a557fa166f842b0e09/BAAI__bge-large-en-v1.5/d4aa6901d3a41ba39fb536a557fa166f842b0e09
intfloat_e5_base,recursive_token,256,48,0.207650,intfloat_e5_base_recursive_token_c256_o48/results/intfloat__e5-base_b533fe4636f4a2507c08ddab40644d20b0006d6a/intfloat__e5-base/b533fe4636f4a2507c08ddab40644d20b0006d6a
BAAI_bge_base_en_v1.5,recursive_token,256,32,0.207610,BAAI_bge_base_en_v1.5_recursive_token_c256_o32/results/BAAI__bge-base-en-v1.5_a5beb1e3e68b9ab74eb54cfd186867f64f240e1a/BAAI__bge-base-en-v1.5/a5beb1e3e68b9ab74eb54cfd186867f64f240e1a
BAAI_bge_large_en_v1.5,hierarchical_section,256,48,0.207480,BAAI_bge_large_en_v1.5_hierarchical_section_c256_o48/results/BAAI__bge-large-en-v1.5_d4aa6901d3a41ba39fb536a557fa166f842b0e09/BAAI__bge-large-en-v1.5/d4aa6901d3a41ba39fb536a557fa166f842b0e09
intfloat_e5_small,semantic_recursive,320,48,0.207390,intfloat_e5_small_semantic_recursive_c320_o48/results/intfloat__e5-small_e272f3049e853b47cb5ca3952268c6662abda68f/intfloat__e5-small/e272f3049e853b47cb5ca3952268c6662abda68f
intfloat_e5_small,semantic_recursive,320,64,0.207220,intfloat_e5_small_semantic_recursive_c320_o64/results/intfloat__e5-small_e272f3049e853b47cb5ca3952268c6662abda68f/intfloat__e5-small/e272f3049e853b47cb5ca3952268c6662abda68f
intfloat_multilingual_e5_base,hierarchical_section,256,16,0.207190,intfloat_multilingual_e5_base_hierarchical_section_c256_o16/results/intfloat__multilingual-e5-base_d13f1b27baf31030b7fd040960d60d909913633f/intfloat__multilingual-e5-base/d13f1b27baf31030b7fd040960d60d909913633f
intfloat_e5_small,fixed_token,256,48,0.206840,intfloat_e5_small_fixed_token_c256_o48/results/intfloat__e5-small_e272f3049e853b47cb5ca3952268c6662abda68f/intfloat__e5-small/e272f3049e853b47cb5ca3952268c6662abda68f
intfloat_e5_large,fixed_token,256,48,0.206600,intfloat_e5_large_fixed_token_c256_o48/results/intfloat__e5-large_4dc6d853a804b9c8886ede6dda8a073b7dc08a81/intfloat__e5-large/4dc6d853a804b9c8886ede6dda8a073b7dc08a81
nomic_ai_nomic_embed_text_v1.5,hierarchical_section,256,32,0.206360,nomic_ai_nomic_embed_text_v1.5_hierarchical_section_c256_o32/results/nomic-ai__nomic-embed-text-v1.5_b0753ae76394dd36bcfb912a46018088bca48be0/nomic-ai__nomic-embed-text-v1.5/b0753ae76394dd36bcfb912a46018088bca48be0
intfloat_multilingual_e5_base,recursive_token,320,64,0.205970,intfloat_multilingual_e5_base_recursive_token_c320_o64/results/intfloat__multilingual-e5-base_d13f1b27baf31030b7fd040960d60d909913633f/intfloat__multilingual-e5-base/d13f1b27baf31030b7fd040960d60d909913633f
BAAI_bge_base_en_v1.5,fixed_token,256,32,0.205920,BAAI_bge_base_en_v1.5_fixed_token_c256_o32/results/BAAI__bge-base-en-v1.5_a5beb1e3e68b9ab74eb54cfd186867f64f240e1a/BAAI__bge-base-en-v1.5/a5beb1e3e68b9ab74eb54cfd186867f64f240e1a
BAAI_bge_base_en_v1.5,semantic_recursive,320,64,0.205450,BAAI_bge_base_en_v1.5_semantic_recursive_c320_o64/results/BAAI__bge-base-en-v1.5_a5beb1e3e68b9ab74eb54cfd186867f64f240e1a/BAAI__bge-base-en-v1.5/a5beb1e3e68b9ab74eb54cfd186867f64f240e1a
intfloat_e5_small,recursive_token,256,48,0.205050,intfloat_e5_small_recursive_token_c256_o48/results/intfloat__e5-small_e272f3049e853b47cb5ca3952268c6662abda68f/intfloat__e5-small/e272f3049e853b47cb5ca3952268c6662abda68f
intfloat_e5_base,hierarchical_section,256,16,0.204880,intfloat_e5_base_hierarchical_section_c256_o16/results/intfloat__e5-base_b533fe4636f4a2507c08ddab40644d20b0006d6a/intfloat__e5-base/b533fe4636f4a2507c08ddab40644d20b0006d6a
intfloat_e5_small,semantic_fixed,256,32,0.204170,intfloat_e5_small_semantic_fixed_c256_o32/results/intfloat__e5-small_e272f3049e853b47cb5ca3952268c6662abda68f/intfloat__e5-small/e272f3049e853b47cb5ca3952268c6662abda68f
BAAI_bge_base_en_v1.5,semantic_recursive,320,48,0.203900,BAAI_bge_base_en_v1.5_semantic_recursive_c320_o48/results/BAAI__bge-base-en-v1.5_a5beb1e3e68b9ab74eb54cfd186867f64f240e1a/BAAI__bge-base-en-v1.5/a5beb1e3e68b9ab74eb54cfd186867f64f240e1a
nomic_ai_nomic_embed_text_v1.5,fixed_token,256,48,0.203760,nomic_ai_nomic_embed_text_v1.5_fixed_token_c256_o48/results/nomic-ai__nomic-embed-text-v1.5_b0753ae76394dd36bcfb912a46018088bca48be0/nomic-ai__nomic-embed-text-v1.5/b0753ae76394dd36bcfb912a46018088bca48be0
BAAI_bge_base_en_v1.5,semantic_fixed,256,32,0.203610,BAAI_bge_base_en_v1.5_semantic_fixed_c256_o32/results/BAAI__bge-base-en-v1.5_a5beb1e3e68b9ab74eb54cfd186867f64f240e1a/BAAI__bge-base-en-v1.5/a5beb1e3e68b9ab74eb54cfd186867f64f240e1a
nomic_ai_nomic_embed_text_v1,hierarchical_section,256,64,0.203560,nomic_ai_nomic_embed_text_v1_hierarchical_section_c256_o64/results/nomic-ai__nomic-embed-text-v1_0759316f275aa0cb93a5b830973843ca66babcf5/nomic-ai__nomic-embed-text-v1/0759316f275aa0cb93a5b830973843ca66babcf5
BAAI_bge_large_en_v1.5,semantic_fixed,256,48,0.203540,BAAI_bge_large_en_v1.5_semantic_fixed_c256_o48/results/BAAI__bge-large-en-v1.5_d4aa6901d3a41ba39fb536a557fa166f842b0e09/BAAI__bge-large-en-v1.5/d4aa6901d3a41ba39fb536a557fa166f842b0e09
intfloat_e5_small,hierarchical_section,256,32,0.203400,intfloat_e5_small_hierarchical_section_c256_o32/results/intfloat__e5-small_e272f3049e853b47cb5ca3952268c6662abda68f/intfloat__e5-small/e272f3049e853b47cb5ca3952268c6662abda68f
intfloat_e5_base,fixed_token,256,48,0.203300,intfloat_e5_base_fixed_token_c256_o48/results/intfloat__e5-base_b533fe4636f4a2507c08ddab40644d20b0006d6a/intfloat__e5-base/b533fe4636f4a2507c08ddab40644d20b0006d6a
BAAI_bge_base_en_v1.5,recursive_token,256,48,0.203270,BAAI_bge_base_en_v1.5_recursive_token_c256_o48/results/BAAI__bge-base-en-v1.5_a5beb1e3e68b9ab74eb54cfd186867f64f240e1a/BAAI__bge-base-en-v1.5/a5beb1e3e68b9ab74eb54cfd186867f64f240e1a
nomic_ai_nomic_embed_text_v1,recursive_token,256,64,0.203040,nomic_ai_nomic_embed_text_v1_recursive_token_c256_o64/results/nomic-ai__nomic-embed-text-v1_0759316f275aa0cb93a5b830973843ca66babcf5/nomic-ai__nomic-embed-text-v1/0759316f275aa0cb93a5b830973843ca66babcf5
BAAI_bge_base_en_v1.5,hierarchical_section,256,32,0.203020,BAAI_bge_base_en_v1.5_hierarchical_section_c256_o32/results/BAAI__bge-base-en-v1.5_a5beb1e3e68b9ab74eb54cfd186867f64f240e1a/BAAI__bge-base-en-v1.5/a5beb1e3e68b9ab74eb54cfd186867f64f240e1a
nomic_ai_nomic_embed_text_v1.5,hierarchical_section,256,48,0.202870,nomic_ai_nomic_embed_text_v1.5_hierarchical_section_c256_o48/results/nomic-ai__nomic-embed-text-v1.5_b0753ae76394dd36bcfb912a46018088bca48be0/nomic-ai__nomic-embed-text-v1.5/b0753ae76394dd36bcfb912a46018088bca48be0
intfloat_e5_base,semantic_fixed,256,16,0.202850,intfloat_e5_base_semantic_fixed_c256_o16/results/intfloat__e5-base_b533fe4636f4a2507c08ddab40644d20b0006d6a/intfloat__e5-base/b533fe4636f4a2507c08ddab40644d20b0006d6a
BAAI_bge_large_en_v1.5,hierarchical_section,256,64,0.201490,BAAI_bge_large_en_v1.5_hierarchical_section_c256_o64/results/BAAI__bge-large-en-v1.5_d4aa6901d3a41ba39fb536a557fa166f842b0e09/BAAI__bge-large-en-v1.5/d4aa6901d3a41ba39fb536a557fa166f842b0e09
intfloat_e5_large,semantic_fixed,256,48,0.201260,intfloat_e5_large_semantic_fixed_c256_o48/results/intfloat__e5-large_4dc6d853a804b9c8886ede6dda8a073b7dc08a81/intfloat__e5-large/4dc6d853a804b9c8886ede6dda8a073b7dc08a81
intfloat_e5_small,hierarchical_section,256,48,0.200820,intfloat_e5_small_hierarchical_section_c256_o48/results/intfloat__e5-small_e272f3049e853b47cb5ca3952268c6662abda68f/intfloat__e5-small/e272f3049e853b47cb5ca3952268c6662abda68f
BAAI_bge_base_en_v1.5,fixed_token,256,48,0.200710,BAAI_bge_base_en_v1.5_fixed_token_c256_o48/results/BAAI__bge-base-en-v1.5_a5beb1e3e68b9ab74eb54cfd186867f64f240e1a/BAAI__bge-base-en-v1.5/a5beb1e3e68b9ab74eb54cfd186867f64f240e1a
intfloat_e5_base,semantic_recursive,320,0,0.200400,intfloat_e5_base_semantic_recursive_c320_o0/results/intfloat__e5-base_b533fe4636f4a2507c08ddab40644d20b0006d6a/intfloat__e5-base/b533fe4636f4a2507c08ddab40644d20b0006d6a
intfloat_e5_base,semantic_recursive,320,16,0.199950,intfloat_e5_base_semantic_recursive_c320_o16/results/intfloat__e5-base_b533fe4636f4a2507c08ddab40644d20b0006d6a/intfloat__e5-base/b533fe4636f4a2507c08ddab40644d20b0006d6a
nomic_ai_nomic_embed_text_v1,fixed_token,256,64,0.199860,nomic_ai_nomic_embed_text_v1_fixed_token_c256_o64/results/nomic-ai__nomic-embed-text-v1_0759316f275aa0cb93a5b830973843ca66babcf5/nomic-ai__nomic-embed-text-v1/0759316f275aa0cb93a5b830973843ca66babcf5
intfloat_e5_base,hierarchical_section,256,32,0.199570,intfloat_e5_base_hierarchical_section_c256_o32/results/intfloat__e5-base_b533fe4636f4a2507c08ddab40644d20b0006d6a/intfloat__e5-base/b533fe4636f4a2507c08ddab40644d20b0006d6a
intfloat_e5_base,semantic_recursive,320,32,0.198140,intfloat_e5_base_semantic_recursive_c320_o32/results/intfloat__e5-base_b533fe4636f4a2507c08ddab40644d20b0006d6a/intfloat__e5-base/b533fe4636f4a2507c08ddab40644d20b0006d6a
intfloat_multilingual_e5_base,hierarchical_section,256,32,0.198020,intfloat_multilingual_e5_base_hierarchical_section_c256_o32/results/intfloat__multilingual-e5-base_d13f1b27baf31030b7fd040960d60d909913633f/intfloat__multilingual-e5-base/d13f1b27baf31030b7fd040960d60d909913633f
intfloat_e5_large,recursive_token,256,64,0.197540,intfloat_e5_large_recursive_token_c256_o64/results/intfloat__e5-large_4dc6d853a804b9c8886ede6dda8a073b7dc08a81/intfloat__e5-large/4dc6d853a804b9c8886ede6dda8a073b7dc08a81
BAAI_bge_base_en_v1.5,hierarchical_section,256,48,0.197050,BAAI_bge_base_en_v1.5_hierarchical_section_c256_o48/results/BAAI__bge-base-en-v1.5_a5beb1e3e68b9ab74eb54cfd186867f64f240e1a/BAAI__bge-base-en-v1.5/a5beb1e3e68b9ab74eb54cfd186867f64f240e1a
intfloat_e5_base,hierarchical_section,256,48,0.196880,intfloat_e5_base_hierarchical_section_c256_o48/results/intfloat__e5-base_b533fe4636f4a2507c08ddab40644d20b0006d6a/intfloat__e5-base/b533fe4636f4a2507c08ddab40644d20b0006d6a
nomic_ai_nomic_embed_text_v1,fixed_token,192,0,0.196640,nomic_ai_nomic_embed_text_v1_fixed_token_c192_o0/results/nomic-ai__nomic-embed-text-v1_0759316f275aa0cb93a5b830973843ca66babcf5/nomic-ai__nomic-embed-text-v1/0759316f275aa0cb93a5b830973843ca66babcf5
intfloat_e5_base,semantic_fixed,256,32,0.196570,intfloat_e5_base_semantic_fixed_c256_o32/results/intfloat__e5-base_b533fe4636f4a2507c08ddab40644d20b0006d6a/intfloat__e5-base/b533fe4636f4a2507c08ddab40644d20b0006d6a
BAAI_bge_base_en_v1.5,semantic_fixed,256,48,0.196280,BAAI_bge_base_en_v1.5_semantic_fixed_c256_o48/results/BAAI__bge-base-en-v1.5_a5beb1e3e68b9ab74eb54cfd186867f64f240e1a/BAAI__bge-base-en-v1.5/a5beb1e3e68b9ab74eb54cfd186867f64f240e1a
intfloat_e5_small,hierarchical_section,256,64,0.195810,intfloat_e5_small_hierarchical_section_c256_o64/results/intfloat__e5-small_e272f3049e853b47cb5ca3952268c6662abda68f/intfloat__e5-small/e272f3049e853b47cb5ca3952268c6662abda68f
intfloat_multilingual_e5_base,fixed_token,256,32,0.195620,intfloat_multilingual_e5_base_fixed_token_c256_o32/results/intfloat__multilingual-e5-base_d13f1b27baf31030b7fd040960d60d909913633f/intfloat__multilingual-e5-base/d13f1b27baf31030b7fd040960d60d909913633f
nomic_ai_nomic_embed_text_v1.5,hierarchical_section,256,64,0.194980,nomic_ai_nomic_embed_text_v1.5_hierarchical_section_c256_o64/results/nomic-ai__nomic-embed-text-v1.5_b0753ae76394dd36bcfb912a46018088bca48be0/nomic-ai__nomic-embed-text-v1.5/b0753ae76394dd36bcfb912a46018088bca48be0
nomic_ai_nomic_embed_text_v1,hierarchical_section,192,0,0.193960,nomic_ai_nomic_embed_text_v1_hierarchical_section_c192_o0/results/nomic-ai__nomic-embed-text-v1_0759316f275aa0cb93a5b830973843ca66babcf5/nomic-ai__nomic-embed-text-v1/0759316f275aa0cb93a5b830973843ca66babcf5
nomic_ai_nomic_embed_text_v1.5,recursive_token,256,64,0.193840,nomic_ai_nomic_embed_text_v1.5_recursive_token_c256_o64/results/nomic-ai__nomic-embed-text-v1.5_b0753ae76394dd36bcfb912a46018088bca48be0/nomic-ai__nomic-embed-text-v1.5/b0753ae76394dd36bcfb912a46018088bca48be0
BAAI_bge_large_en_v1.5,recursive_token,256,64,0.193820,BAAI_bge_large_en_v1.5_recursive_token_c256_o64/results/BAAI__bge-large-en-v1.5_d4aa6901d3a41ba39fb536a557fa166f842b0e09/BAAI__bge-large-en-v1.5/d4aa6901d3a41ba39fb536a557fa166f842b0e09
intfloat_e5_large,fixed_token,192,0,0.193590,intfloat_e5_large_fixed_token_c192_o0/results/intfloat__e5-large_4dc6d853a804b9c8886ede6dda8a073b7dc08a81/intfloat__e5-large/4dc6d853a804b9c8886ede6dda8a073b7dc08a81
intfloat_multilingual_e5_base,semantic_fixed,256,32,0.193560,intfloat_multilingual_e5_base_semantic_fixed_c256_o32/results/intfloat__multilingual-e5-base_d13f1b27baf31030b7fd040960d60d909913633f/intfloat__multilingual-e5-base/d13f1b27baf31030b7fd040960d60d909913633f
intfloat_multilingual_e5_base,recursive_token,256,0,0.193500,intfloat_multilingual_e5_base_recursive_token_c256_o0/results/intfloat__multilingual-e5-base_d13f1b27baf31030b7fd040960d60d909913633f/intfloat__multilingual-e5-base/d13f1b27baf31030b7fd040960d60d909913633f
intfloat_e5_small,semantic_fixed,256,48,0.193370,intfloat_e5_small_semantic_fixed_c256_o48/results/intfloat__e5-small_e272f3049e853b47cb5ca3952268c6662abda68f/intfloat__e5-small/e272f3049e853b47cb5ca3952268c6662abda68f
intfloat_e5_base,semantic_recursive,320,48,0.193150,intfloat_e5_base_semantic_recursive_c320_o48/results/intfloat__e5-base_b533fe4636f4a2507c08ddab40644d20b0006d6a/intfloat__e5-base/b533fe4636f4a2507c08ddab40644d20b0006d6a
intfloat_e5_small,fixed_token,256,64,0.192300,intfloat_e5_small_fixed_token_c256_o64/results/intfloat__e5-small_e272f3049e853b47cb5ca3952268c6662abda68f/intfloat__e5-small/e272f3049e853b47cb5ca3952268c6662abda68f
intfloat_e5_large,fixed_token,256,64,0.191750,intfloat_e5_large_fixed_token_c256_o64/results/intfloat__e5-large_4dc6d853a804b9c8886ede6dda8a073b7dc08a81/intfloat__e5-large/4dc6d853a804b9c8886ede6dda8a073b7dc08a81
intfloat_e5_small,semantic_fixed,256,64,0.191740,intfloat_e5_small_semantic_fixed_c256_o64/results/intfloat__e5-small_e272f3049e853b47cb5ca3952268c6662abda68f/intfloat__e5-small/e272f3049e853b47cb5ca3952268c6662abda68f
intfloat_e5_base,fixed_token,256,64,0.191390,intfloat_e5_base_fixed_token_c256_o64/results/intfloat__e5-base_b533fe4636f4a2507c08ddab40644d20b0006d6a/intfloat__e5-base/b533fe4636f4a2507c08ddab40644d20b0006d6a
BAAI_bge_large_en_v1.5,fixed_token,256,64,0.191070,BAAI_bge_large_en_v1.5_fixed_token_c256_o64/results/BAAI__bge-large-en-v1.5_d4aa6901d3a41ba39fb536a557fa166f842b0e09/BAAI__bge-large-en-v1.5/d4aa6901d3a41ba39fb536a557fa166f842b0e09
intfloat_e5_base,semantic_recursive,320,64,0.191060,intfloat_e5_base_semantic_recursive_c320_o64/results/intfloat__e5-base_b533fe4636f4a2507c08ddab40644d20b0006d6a/intfloat__e5-base/b533fe4636f4a2507c08ddab40644d20b0006d6a
intfloat_e5_base,hierarchical_section,256,64,0.190820,intfloat_e5_base_hierarchical_section_c256_o64/results/intfloat__e5-base_b533fe4636f4a2507c08ddab40644d20b0006d6a/intfloat__e5-base/b533fe4636f4a2507c08ddab40644d20b0006d6a
nomic_ai_nomic_embed_text_v1.5,fixed_token,256,64,0.190770,nomic_ai_nomic_embed_text_v1.5_fixed_token_c256_o64/results/nomic-ai__nomic-embed-text-v1.5_b0753ae76394dd36bcfb912a46018088bca48be0/nomic-ai__nomic-embed-text-v1.5/b0753ae76394dd36bcfb912a46018088bca48be0
BAAI_bge_large_en_v1.5,semantic_fixed,256,64,0.190420,BAAI_bge_large_en_v1.5_semantic_fixed_c256_o64/results/BAAI__bge-large-en-v1.5_d4aa6901d3a41ba39fb536a557fa166f842b0e09/BAAI__bge-large-en-v1.5/d4aa6901d3a41ba39fb536a557fa166f842b0e09
intfloat_multilingual_e5_base,recursive_token,256,16,0.190020,intfloat_multilingual_e5_base_recursive_token_c256_o16/results/intfloat__multilingual-e5-base_d13f1b27baf31030b7fd040960d60d909913633f/intfloat__multilingual-e5-base/d13f1b27baf31030b7fd040960d60d909913633f
BAAI_bge_base_en_v1.5,hierarchical_section,256,64,0.189980,BAAI_bge_base_en_v1.5_hierarchical_section_c256_o64/results/BAAI__bge-base-en-v1.5_a5beb1e3e68b9ab74eb54cfd186867f64f240e1a/BAAI__bge-base-en-v1.5/a5beb1e3e68b9ab74eb54cfd186867f64f240e1a
intfloat_e5_small,recursive_token,256,64,0.189970,intfloat_e5_small_recursive_token_c256_o64/results/intfloat__e5-small_e272f3049e853b47cb5ca3952268c6662abda68f/intfloat__e5-small/e272f3049e853b47cb5ca3952268c6662abda68f
nomic_ai_nomic_embed_text_v1.5,hierarchical_section,192,0,0.189910,nomic_ai_nomic_embed_text_v1.5_hierarchical_section_c192_o0/results/nomic-ai__nomic-embed-text-v1.5_b0753ae76394dd36bcfb912a46018088bca48be0/nomic-ai__nomic-embed-text-v1.5/b0753ae76394dd36bcfb912a46018088bca48be0
intfloat_multilingual_e5_base,semantic_recursive,256,16,0.189800,intfloat_multilingual_e5_base_semantic_recursive_c256_o16/results/intfloat__multilingual-e5-base_d13f1b27baf31030b7fd040960d60d909913633f/intfloat__multilingual-e5-base/d13f1b27baf31030b7fd040960d60d909913633f
BAAI_bge_large_en_v1.5,fixed_token,192,0,0.189520,BAAI_bge_large_en_v1.5_fixed_token_c192_o0/results/BAAI__bge-large-en-v1.5_d4aa6901d3a41ba39fb536a557fa166f842b0e09/BAAI__bge-large-en-v1.5/d4aa6901d3a41ba39fb536a557fa166f842b0e09
BAAI_bge_large_en_v1.5,semantic_recursive,256,16,0.189420,BAAI_bge_large_en_v1.5_semantic_recursive_c256_o16/results/BAAI__bge-large-en-v1.5_d4aa6901d3a41ba39fb536a557fa166f842b0e09/BAAI__bge-large-en-v1.5/d4aa6901d3a41ba39fb536a557fa166f842b0e09
intfloat_e5_base,recursive_token,256,64,0.189280,intfloat_e5_base_recursive_token_c256_o64/results/intfloat__e5-base_b533fe4636f4a2507c08ddab40644d20b0006d6a/intfloat__e5-base/b533fe4636f4a2507c08ddab40644d20b0006d6a
BAAI_bge_large_en_v1.5,hierarchical_section,192,0,0.189010,BAAI_bge_large_en_v1.5_hierarchical_section_c192_o0/results/BAAI__bge-large-en-v1.5_d4aa6901d3a41ba39fb536a557fa166f842b0e09/BAAI__bge-large-en-v1.5/d4aa6901d3a41ba39fb536a557fa166f842b0e09
intfloat_multilingual_e5_base,hierarchical_section,256,48,0.188820,intfloat_multilingual_e5_base_hierarchical_section_c256_o48/results/intfloat__multilingual-e5-base_d13f1b27baf31030b7fd040960d60d909913633f/intfloat__multilingual-e5-base/d13f1b27baf31030b7fd040960d60d909913633f
intfloat_multilingual_e5_base,semantic_recursive,256,0,0.187950,intfloat_multilingual_e5_base_semantic_recursive_c256_o0/results/intfloat__multilingual-e5-base_d13f1b27baf31030b7fd040960d60d909913633f/intfloat__multilingual-e5-base/d13f1b27baf31030b7fd040960d60d909913633f
BAAI_bge_large_en_v1.5,semantic_recursive,256,0,0.187810,BAAI_bge_large_en_v1.5_semantic_recursive_c256_o0/results/BAAI__bge-large-en-v1.5_d4aa6901d3a41ba39fb536a557fa166f842b0e09/BAAI__bge-large-en-v1.5/d4aa6901d3a41ba39fb536a557fa166f842b0e09
intfloat_e5_small,hierarchical_section,192,0,0.187750,intfloat_e5_small_hierarchical_section_c192_o0/results/intfloat__e5-small_e272f3049e853b47cb5ca3952268c6662abda68f/intfloat__e5-small/e272f3049e853b47cb5ca3952268c6662abda68f
intfloat_multilingual_e5_base,recursive_token,256,32,0.187550,intfloat_multilingual_e5_base_recursive_token_c256_o32/results/intfloat__multilingual-e5-base_d13f1b27baf31030b7fd040960d60d909913633f/intfloat__multilingual-e5-base/d13f1b27baf31030b7fd040960d60d909913633f
BAAI_bge_large_en_v1.5,semantic_recursive,256,32,0.187100,BAAI_bge_large_en_v1.5_semantic_recursive_c256_o32/results/BAAI__bge-large-en-v1.5_d4aa6901d3a41ba39fb536a557fa166f842b0e09/BAAI__bge-large-en-v1.5/d4aa6901d3a41ba39fb536a557fa166f842b0e09
nomic_ai_nomic_embed_text_v1.5,fixed_token,192,0,0.186710,nomic_ai_nomic_embed_text_v1.5_fixed_token_c192_o0/results/nomic-ai__nomic-embed-text-v1.5_b0753ae76394dd36bcfb912a46018088bca48be0/nomic-ai__nomic-embed-text-v1.5/b0753ae76394dd36bcfb912a46018088bca48be0
BAAI_bge_base_en_v1.5,recursive_token,256,64,0.186300,BAAI_bge_base_en_v1.5_recursive_token_c256_o64/results/BAAI__bge-base-en-v1.5_a5beb1e3e68b9ab74eb54cfd186867f64f240e1a/BAAI__bge-base-en-v1.5/a5beb1e3e68b9ab74eb54cfd186867f64f240e1a
intfloat_e5_base,fixed_token,192,0,0.186280,intfloat_e5_base_fixed_token_c192_o0/results/intfloat__e5-base_b533fe4636f4a2507c08ddab40644d20b0006d6a/intfloat__e5-base/b533fe4636f4a2507c08ddab40644d20b0006d6a
intfloat_e5_base,semantic_fixed,256,48,0.186220,intfloat_e5_base_semantic_fixed_c256_o48/results/intfloat__e5-base_b533fe4636f4a2507c08ddab40644d20b0006d6a/intfloat__e5-base/b533fe4636f4a2507c08ddab40644d20b0006d6a
BAAI_bge_base_en_v1.5,fixed_token,256,64,0.186030,BAAI_bge_base_en_v1.5_fixed_token_c256_o64/results/BAAI__bge-base-en-v1.5_a5beb1e3e68b9ab74eb54cfd186867f64f240e1a/BAAI__bge-base-en-v1.5/a5beb1e3e68b9ab74eb54cfd186867f64f240e1a
intfloat_e5_small,fixed_token,192,0,0.185940,intfloat_e5_small_fixed_token_c192_o0/results/intfloat__e5-small_e272f3049e853b47cb5ca3952268c6662abda68f/intfloat__e5-small/e272f3049e853b47cb5ca3952268c6662abda68f
intfloat_e5_large,semantic_fixed,256,64,0.185780,intfloat_e5_large_semantic_fixed_c256_o64/results/intfloat__e5-large_4dc6d853a804b9c8886ede6dda8a073b7dc08a81/intfloat__e5-large/4dc6d853a804b9c8886ede6dda8a073b7dc08a81
BAAI_bge_large_en_v1.5,semantic_recursive,256,48,0.185720,BAAI_bge_large_en_v1.5_semantic_recursive_c256_o48/results/BAAI__bge-large-en-v1.5_d4aa6901d3a41ba39fb536a557fa166f842b0e09/BAAI__bge-large-en-v1.5/d4aa6901d3a41ba39fb536a557fa166f842b0e09
intfloat_multilingual_e5_base,semantic_recursive,256,32,0.185500,intfloat_multilingual_e5_base_semantic_recursive_c256_o32/results/intfloat__multilingual-e5-base_d13f1b27baf31030b7fd040960d60d909913633f/intfloat__multilingual-e5-base/d13f1b27baf31030b7fd040960d60d909913633f
BAAI_bge_large_en_v1.5,semantic_fixed,192,0,0.184690,BAAI_bge_large_en_v1.5_semantic_fixed_c192_o0/results/BAAI__bge-large-en-v1.5_d4aa6901d3a41ba39fb536a557fa166f842b0e09/BAAI__bge-large-en-v1.5/d4aa6901d3a41ba39fb536a557fa166f842b0e09
nomic_ai_nomic_embed_text_v1,hierarchical_section,192,16,0.184450,nomic_ai_nomic_embed_text_v1_hierarchical_section_c192_o16/results/nomic-ai__nomic-embed-text-v1_0759316f275aa0cb93a5b830973843ca66babcf5/nomic-ai__nomic-embed-text-v1/0759316f275aa0cb93a5b830973843ca66babcf5
intfloat_multilingual_e5_base,semantic_fixed,256,48,0.184430,intfloat_multilingual_e5_base_semantic_fixed_c256_o48/results/intfloat__multilingual-e5-base_d13f1b27baf31030b7fd040960d60d909913633f/intfloat__multilingual-e5-base/d13f1b27baf31030b7fd040960d60d909913633f
intfloat_e5_large,semantic_fixed,192,0,0.184160,intfloat_e5_large_semantic_fixed_c192_o0/results/intfloat__e5-large_4dc6d853a804b9c8886ede6dda8a073b7dc08a81/intfloat__e5-large/4dc6d853a804b9c8886ede6dda8a073b7dc08a81
intfloat_multilingual_e5_base,fixed_token,256,48,0.184130,intfloat_multilingual_e5_base_fixed_token_c256_o48/results/intfloat__multilingual-e5-base_d13f1b27baf31030b7fd040960d60d909913633f/intfloat__multilingual-e5-base/d13f1b27baf31030b7fd040960d60d909913633f
intfloat_multilingual_e5_base,hierarchical_section,256,64,0.183980,intfloat_multilingual_e5_base_hierarchical_section_c256_o64/results/intfloat__multilingual-e5-base_d13f1b27baf31030b7fd040960d60d909913633f/intfloat__multilingual-e5-base/d13f1b27baf31030b7fd040960d60d909913633f
intfloat_e5_small,semantic_fixed,192,0,0.183940,intfloat_e5_small_semantic_fixed_c192_o0/results/intfloat__e5-small_e272f3049e853b47cb5ca3952268c6662abda68f/intfloat__e5-small/e272f3049e853b47cb5ca3952268c6662abda68f
BAAI_bge_base_en_v1.5,hierarchical_section,192,0,0.183210,BAAI_bge_base_en_v1.5_hierarchical_section_c192_o0/results/BAAI__bge-base-en-v1.5_a5beb1e3e68b9ab74eb54cfd186867f64f240e1a/BAAI__bge-base-en-v1.5/a5beb1e3e68b9ab74eb54cfd186867f64f240e1a
BAAI_bge_base_en_v1.5,semantic_recursive,256,0,0.182380,BAAI_bge_base_en_v1.5_semantic_recursive_c256_o0/results/BAAI__bge-base-en-v1.5_a5beb1e3e68b9ab74eb54cfd186867f64f240e1a/BAAI__bge-base-en-v1.5/a5beb1e3e68b9ab74eb54cfd186867f64f240e1a
intfloat_multilingual_e5_base,semantic_recursive,256,48,0.182250,intfloat_multilingual_e5_base_semantic_recursive_c256_o48/results/intfloat__multilingual-e5-base_d13f1b27baf31030b7fd040960d60d909913633f/intfloat__multilingual-e5-base/d13f1b27baf31030b7fd040960d60d909913633f
BAAI_bge_base_en_v1.5,semantic_recursive,256,48,0.182190,BAAI_bge_base_en_v1.5_semantic_recursive_c256_o48/results/BAAI__bge-base-en-v1.5_a5beb1e3e68b9ab74eb54cfd186867f64f240e1a/BAAI__bge-base-en-v1.5/a5beb1e3e68b9ab74eb54cfd186867f64f240e1a
BAAI_bge_base_en_v1.5,semantic_recursive,256,16,0.181960,BAAI_bge_base_en_v1.5_semantic_recursive_c256_o16/results/BAAI__bge-base-en-v1.5_a5beb1e3e68b9ab74eb54cfd186867f64f240e1a/BAAI__bge-base-en-v1.5/a5beb1e3e68b9ab74eb54cfd186867f64f240e1a
BAAI_bge_large_en_v1.5,semantic_recursive,256,64,0.181620,BAAI_bge_large_en_v1.5_semantic_recursive_c256_o64/results/BAAI__bge-large-en-v1.5_d4aa6901d3a41ba39fb536a557fa166f842b0e09/BAAI__bge-large-en-v1.5/d4aa6901d3a41ba39fb536a557fa166f842b0e09
BAAI_bge_base_en_v1.5,fixed_token,192,0,0.181610,BAAI_bge_base_en_v1.5_fixed_token_c192_o0/results/BAAI__bge-base-en-v1.5_a5beb1e3e68b9ab74eb54cfd186867f64f240e1a/BAAI__bge-base-en-v1.5/a5beb1e3e68b9ab74eb54cfd186867f64f240e1a
nomic_ai_nomic_embed_text_v1,fixed_token,192,16,0.181550,nomic_ai_nomic_embed_text_v1_fixed_token_c192_o16/results/nomic-ai__nomic-embed-text-v1_0759316f275aa0cb93a5b830973843ca66babcf5/nomic-ai__nomic-embed-text-v1/0759316f275aa0cb93a5b830973843ca66babcf5
BAAI_bge_large_en_v1.5,hierarchical_section,192,16,0.181310,BAAI_bge_large_en_v1.5_hierarchical_section_c192_o16/results/BAAI__bge-large-en-v1.5_d4aa6901d3a41ba39fb536a557fa166f842b0e09/BAAI__bge-large-en-v1.5/d4aa6901d3a41ba39fb536a557fa166f842b0e09
intfloat_e5_small,semantic_recursive,256,0,0.180540,intfloat_e5_small_semantic_recursive_c256_o0/results/intfloat__e5-small_e272f3049e853b47cb5ca3952268c6662abda68f/intfloat__e5-small/e272f3049e853b47cb5ca3952268c6662abda68f
BAAI_bge_base_en_v1.5,semantic_fixed,256,64,0.180140,BAAI_bge_base_en_v1.5_semantic_fixed_c256_o64/results/BAAI__bge-base-en-v1.5_a5beb1e3e68b9ab74eb54cfd186867f64f240e1a/BAAI__bge-base-en-v1.5/a5beb1e3e68b9ab74eb54cfd186867f64f240e1a
nomic_ai_nomic_embed_text_v1.5,hierarchical_section,192,16,0.180010,nomic_ai_nomic_embed_text_v1.5_hierarchical_section_c192_o16/results/nomic-ai__nomic-embed-text-v1.5_b0753ae76394dd36bcfb912a46018088bca48be0/nomic-ai__nomic-embed-text-v1.5/b0753ae76394dd36bcfb912a46018088bca48be0
nomic_ai_nomic_embed_text_v1,recursive_token,192,16,0.179270,nomic_ai_nomic_embed_text_v1_recursive_token_c192_o16/results/nomic-ai__nomic-embed-text-v1_0759316f275aa0cb93a5b830973843ca66babcf5/nomic-ai__nomic-embed-text-v1/0759316f275aa0cb93a5b830973843ca66babcf5
intfloat_e5_small,semantic_recursive,256,16,0.179150,intfloat_e5_small_semantic_recursive_c256_o16/results/intfloat__e5-small_e272f3049e853b47cb5ca3952268c6662abda68f/intfloat__e5-small/e272f3049e853b47cb5ca3952268c6662abda68f
intfloat_multilingual_e5_base,semantic_recursive,256,64,0.179110,intfloat_multilingual_e5_base_semantic_recursive_c256_o64/results/intfloat__multilingual-e5-base_d13f1b27baf31030b7fd040960d60d909913633f/intfloat__multilingual-e5-base/d13f1b27baf31030b7fd040960d60d909913633f
intfloat_e5_small,semantic_recursive,256,48,0.179050,intfloat_e5_small_semantic_recursive_c256_o48/results/intfloat__e5-small_e272f3049e853b47cb5ca3952268c6662abda68f/intfloat__e5-small/e272f3049e853b47cb5ca3952268c6662abda68f
BAAI_bge_base_en_v1.5,semantic_recursive,256,32,0.178880,BAAI_bge_base_en_v1.5_semantic_recursive_c256_o32/results/BAAI__bge-base-en-v1.5_a5beb1e3e68b9ab74eb54cfd186867f64f240e1a/BAAI__bge-base-en-v1.5/a5beb1e3e68b9ab74eb54cfd186867f64f240e1a
BAAI_bge_large_en_v1.5,fixed_token,192,16,0.178530,BAAI_bge_large_en_v1.5_fixed_token_c192_o16/results/BAAI__bge-large-en-v1.5_d4aa6901d3a41ba39fb536a557fa166f842b0e09/BAAI__bge-large-en-v1.5/d4aa6901d3a41ba39fb536a557fa166f842b0e09
intfloat_e5_large,fixed_token,192,16,0.178510,intfloat_e5_large_fixed_token_c192_o16/results/intfloat__e5-large_4dc6d853a804b9c8886ede6dda8a073b7dc08a81/intfloat__e5-large/4dc6d853a804b9c8886ede6dda8a073b7dc08a81
intfloat_e5_base,hierarchical_section,192,0,0.178420,intfloat_e5_base_hierarchical_section_c192_o0/results/intfloat__e5-base_b533fe4636f4a2507c08ddab40644d20b0006d6a/intfloat__e5-base/b533fe4636f4a2507c08ddab40644d20b0006d6a
intfloat_e5_base,semantic_fixed,192,0,0.178420,intfloat_e5_base_semantic_fixed_c192_o0/results/intfloat__e5-base_b533fe4636f4a2507c08ddab40644d20b0006d6a/intfloat__e5-base/b533fe4636f4a2507c08ddab40644d20b0006d6a
intfloat_multilingual_e5_base,hierarchical_section,192,0,0.178370,intfloat_multilingual_e5_base_hierarchical_section_c192_o0/results/intfloat__multilingual-e5-base_d13f1b27baf31030b7fd040960d60d909913633f/intfloat__multilingual-e5-base/d13f1b27baf31030b7fd040960d60d909913633f
intfloat_e5_large,recursive_token,192,0,0.178330,intfloat_e5_large_recursive_token_c192_o0/results/intfloat__e5-large_4dc6d853a804b9c8886ede6dda8a073b7dc08a81/intfloat__e5-large/4dc6d853a804b9c8886ede6dda8a073b7dc08a81
BAAI_bge_base_en_v1.5,semantic_fixed,192,0,0.178030,BAAI_bge_base_en_v1.5_semantic_fixed_c192_o0/results/BAAI__bge-base-en-v1.5_a5beb1e3e68b9ab74eb54cfd186867f64f240e1a/BAAI__bge-base-en-v1.5/a5beb1e3e68b9ab74eb54cfd186867f64f240e1a
intfloat_e5_small,semantic_recursive,256,32,0.178000,intfloat_e5_small_semantic_recursive_c256_o32/results/intfloat__e5-small_e272f3049e853b47cb5ca3952268c6662abda68f/intfloat__e5-small/e272f3049e853b47cb5ca3952268c6662abda68f
intfloat_e5_large,recursive_token,192,16,0.177780,intfloat_e5_large_recursive_token_c192_o16/results/intfloat__e5-large_4dc6d853a804b9c8886ede6dda8a073b7dc08a81/intfloat__e5-large/4dc6d853a804b9c8886ede6dda8a073b7dc08a81
intfloat_multilingual_e5_base,semantic_fixed,256,64,0.177760,intfloat_multilingual_e5_base_semantic_fixed_c256_o64/results/intfloat__multilingual-e5-base_d13f1b27baf31030b7fd040960d60d909913633f/intfloat__multilingual-e5-base/d13f1b27baf31030b7fd040960d60d909913633f
intfloat_multilingual_e5_base,fixed_token,256,64,0.177700,intfloat_multilingual_e5_base_fixed_token_c256_o64/results/intfloat__multilingual-e5-base_d13f1b27baf31030b7fd040960d60d909913633f/intfloat__multilingual-e5-base/d13f1b27baf31030b7fd040960d60d909913633f
nomic_ai_nomic_embed_text_v1,hierarchical_section,192,32,0.177670,nomic_ai_nomic_embed_text_v1_hierarchical_section_c192_o32/results/nomic-ai__nomic-embed-text-v1_0759316f275aa0cb93a5b830973843ca66babcf5/nomic-ai__nomic-embed-text-v1/0759316f275aa0cb93a5b830973843ca66babcf5
intfloat_e5_base,semantic_fixed,256,64,0.177010,intfloat_e5_base_semantic_fixed_c256_o64/results/intfloat__e5-base_b533fe4636f4a2507c08ddab40644d20b0006d6a/intfloat__e5-base/b533fe4636f4a2507c08ddab40644d20b0006d6a
intfloat_multilingual_e5_base,recursive_token,256,48,0.176560,intfloat_multilingual_e5_base_recursive_token_c256_o48/results/intfloat__multilingual-e5-base_d13f1b27baf31030b7fd040960d60d909913633f/intfloat__multilingual-e5-base/d13f1b27baf31030b7fd040960d60d909913633f
nomic_ai_nomic_embed_text_v1,recursive_token,192,0,0.176320,nomic_ai_nomic_embed_text_v1_recursive_token_c192_o0/results/nomic-ai__nomic-embed-text-v1_0759316f275aa0cb93a5b830973843ca66babcf5/nomic-ai__nomic-embed-text-v1/0759316f275aa0cb93a5b830973843ca66babcf5
intfloat_multilingual_e5_base,fixed_token,192,0,0.176020,intfloat_multilingual_e5_base_fixed_token_c192_o0/results/intfloat__multilingual-e5-base_d13f1b27baf31030b7fd040960d60d909913633f/intfloat__multilingual-e5-base/d13f1b27baf31030b7fd040960d60d909913633f
BAAI_bge_base_en_v1.5,semantic_recursive,256,64,0.175910,BAAI_bge_base_en_v1.5_semantic_recursive_c256_o64/results/BAAI__bge-base-en-v1.5_a5beb1e3e68b9ab74eb54cfd186867f64f240e1a/BAAI__bge-base-en-v1.5/a5beb1e3e68b9ab74eb54cfd186867f64f240e1a
intfloat_e5_small,fixed_token,192,16,0.175180,intfloat_e5_small_fixed_token_c192_o16/results/intfloat__e5-small_e272f3049e853b47cb5ca3952268c6662abda68f/intfloat__e5-small/e272f3049e853b47cb5ca3952268c6662abda68f
BAAI_bge_base_en_v1.5,hierarchical_section,192,16,0.175110,BAAI_bge_base_en_v1.5_hierarchical_section_c192_o16/results/BAAI__bge-base-en-v1.5_a5beb1e3e68b9ab74eb54cfd186867f64f240e1a/BAAI__bge-base-en-v1.5/a5beb1e3e68b9ab74eb54cfd186867f64f240e1a
nomic_ai_nomic_embed_text_v1.5,fixed_token,192,16,0.175070,nomic_ai_nomic_embed_text_v1.5_fixed_token_c192_o16/results/nomic-ai__nomic-embed-text-v1.5_b0753ae76394dd36bcfb912a46018088bca48be0/nomic-ai__nomic-embed-text-v1.5/b0753ae76394dd36bcfb912a46018088bca48be0
intfloat_e5_small,hierarchical_section,192,16,0.174900,intfloat_e5_small_hierarchical_section_c192_o16/results/intfloat__e5-small_e272f3049e853b47cb5ca3952268c6662abda68f/intfloat__e5-small/e272f3049e853b47cb5ca3952268c6662abda68f
BAAI_bge_large_en_v1.5,hierarchical_section,192,32,0.174010,BAAI_bge_large_en_v1.5_hierarchical_section_c192_o32/results/BAAI__bge-large-en-v1.5_d4aa6901d3a41ba39fb536a557fa166f842b0e09/BAAI__bge-large-en-v1.5/d4aa6901d3a41ba39fb536a557fa166f842b0e09
intfloat_e5_large,recursive_token,192,32,0.173930,intfloat_e5_large_recursive_token_c192_o32/results/intfloat__e5-large_4dc6d853a804b9c8886ede6dda8a073b7dc08a81/intfloat__e5-large/4dc6d853a804b9c8886ede6dda8a073b7dc08a81
intfloat_e5_small,semantic_recursive,256,64,0.173570,intfloat_e5_small_semantic_recursive_c256_o64/results/intfloat__e5-small_e272f3049e853b47cb5ca3952268c6662abda68f/intfloat__e5-small/e272f3049e853b47cb5ca3952268c6662abda68f
intfloat_e5_base,fixed_token,192,16,0.173470,intfloat_e5_base_fixed_token_c192_o16/results/intfloat__e5-base_b533fe4636f4a2507c08ddab40644d20b0006d6a/intfloat__e5-base/b533fe4636f4a2507c08ddab40644d20b0006d6a
nomic_ai_nomic_embed_text_v1,recursive_token,192,32,0.172920,nomic_ai_nomic_embed_text_v1_recursive_token_c192_o32/results/nomic-ai__nomic-embed-text-v1_0759316f275aa0cb93a5b830973843ca66babcf5/nomic-ai__nomic-embed-text-v1/0759316f275aa0cb93a5b830973843ca66babcf5
nomic_ai_nomic_embed_text_v1.5,hierarchical_section,192,32,0.172770,nomic_ai_nomic_embed_text_v1.5_hierarchical_section_c192_o32/results/nomic-ai__nomic-embed-text-v1.5_b0753ae76394dd36bcfb912a46018088bca48be0/nomic-ai__nomic-embed-text-v1.5/b0753ae76394dd36bcfb912a46018088bca48be0
intfloat_e5_large,semantic_fixed,192,16,0.172360,intfloat_e5_large_semantic_fixed_c192_o16/results/intfloat__e5-large_4dc6d853a804b9c8886ede6dda8a073b7dc08a81/intfloat__e5-large/4dc6d853a804b9c8886ede6dda8a073b7dc08a81
nomic_ai_nomic_embed_text_v1.5,recursive_token,192,16,0.172320,nomic_ai_nomic_embed_text_v1.5_recursive_token_c192_o16/results/nomic-ai__nomic-embed-text-v1.5_b0753ae76394dd36bcfb912a46018088bca48be0/nomic-ai__nomic-embed-text-v1.5/b0753ae76394dd36bcfb912a46018088bca48be0
nomic_ai_nomic_embed_text_v1,fixed_token,192,32,0.172250,nomic_ai_nomic_embed_text_v1_fixed_token_c192_o32/results/nomic-ai__nomic-embed-text-v1_0759316f275aa0cb93a5b830973843ca66babcf5/nomic-ai__nomic-embed-text-v1/0759316f275aa0cb93a5b830973843ca66babcf5
BAAI_bge_large_en_v1.5,semantic_fixed,192,16,0.172240,BAAI_bge_large_en_v1.5_semantic_fixed_c192_o16/results/BAAI__bge-large-en-v1.5_d4aa6901d3a41ba39fb536a557fa166f842b0e09/BAAI__bge-large-en-v1.5/d4aa6901d3a41ba39fb536a557fa166f842b0e09
intfloat_e5_base,semantic_recursive,256,16,0.171920,intfloat_e5_base_semantic_recursive_c256_o16/results/intfloat__e5-base_b533fe4636f4a2507c08ddab40644d20b0006d6a/intfloat__e5-base/b533fe4636f4a2507c08ddab40644d20b0006d6a
intfloat_multilingual_e5_base,semantic_fixed,192,0,0.171530,intfloat_multilingual_e5_base_semantic_fixed_c192_o0/results/intfloat__multilingual-e5-base_d13f1b27baf31030b7fd040960d60d909913633f/intfloat__multilingual-e5-base/d13f1b27baf31030b7fd040960d60d909913633f
BAAI_bge_base_en_v1.5,fixed_token,192,16,0.171450,BAAI_bge_base_en_v1.5_fixed_token_c192_o16/results/BAAI__bge-base-en-v1.5_a5beb1e3e68b9ab74eb54cfd186867f64f240e1a/BAAI__bge-base-en-v1.5/a5beb1e3e68b9ab74eb54cfd186867f64f240e1a
nomic_ai_nomic_embed_text_v1.5,recursive_token,192,0,0.171300,nomic_ai_nomic_embed_text_v1.5_recursive_token_c192_o0/results/nomic-ai__nomic-embed-text-v1.5_b0753ae76394dd36bcfb912a46018088bca48be0/nomic-ai__nomic-embed-text-v1.5/b0753ae76394dd36bcfb912a46018088bca48be0
intfloat_e5_base,semantic_recursive,256,0,0.170990,intfloat_e5_base_semantic_recursive_c256_o0/results/intfloat__e5-base_b533fe4636f4a2507c08ddab40644d20b0006d6a/intfloat__e5-base/b533fe4636f4a2507c08ddab40644d20b0006d6a
intfloat_e5_small,hierarchical_section,192,32,0.169920,intfloat_e5_small_hierarchical_section_c192_o32/results/intfloat__e5-small_e272f3049e853b47cb5ca3952268c6662abda68f/intfloat__e5-small/e272f3049e853b47cb5ca3952268c6662abda68f
intfloat_e5_small,recursive_token,192,32,0.169900,intfloat_e5_small_recursive_token_c192_o32/results/intfloat__e5-small_e272f3049e853b47cb5ca3952268c6662abda68f/intfloat__e5-small/e272f3049e853b47cb5ca3952268c6662abda68f
BAAI_bge_large_en_v1.5,recursive_token,192,0,0.169770,BAAI_bge_large_en_v1.5_recursive_token_c192_o0/results/BAAI__bge-large-en-v1.5_d4aa6901d3a41ba39fb536a557fa166f842b0e09/BAAI__bge-large-en-v1.5/d4aa6901d3a41ba39fb536a557fa166f842b0e09
intfloat_e5_small,fixed_token,192,32,0.169610,intfloat_e5_small_fixed_token_c192_o32/results/intfloat__e5-small_e272f3049e853b47cb5ca3952268c6662abda68f/intfloat__e5-small/e272f3049e853b47cb5ca3952268c6662abda68f
intfloat_e5_base,recursive_token,192,0,0.169380,intfloat_e5_base_recursive_token_c192_o0/results/intfloat__e5-base_b533fe4636f4a2507c08ddab40644d20b0006d6a/intfloat__e5-base/b533fe4636f4a2507c08ddab40644d20b0006d6a
intfloat_e5_base,recursive_token,192,16,0.169130,intfloat_e5_base_recursive_token_c192_o16/results/intfloat__e5-base_b533fe4636f4a2507c08ddab40644d20b0006d6a/intfloat__e5-base/b533fe4636f4a2507c08ddab40644d20b0006d6a
intfloat_e5_base,semantic_recursive,256,32,0.168570,intfloat_e5_base_semantic_recursive_c256_o32/results/intfloat__e5-base_b533fe4636f4a2507c08ddab40644d20b0006d6a/intfloat__e5-base/b533fe4636f4a2507c08ddab40644d20b0006d6a
intfloat_e5_base,semantic_recursive,256,64,0.168530,intfloat_e5_base_semantic_recursive_c256_o64/results/intfloat__e5-base_b533fe4636f4a2507c08ddab40644d20b0006d6a/intfloat__e5-base/b533fe4636f4a2507c08ddab40644d20b0006d6a
intfloat_e5_base,semantic_recursive,256,48,0.168410,intfloat_e5_base_semantic_recursive_c256_o48/results/intfloat__e5-base_b533fe4636f4a2507c08ddab40644d20b0006d6a/intfloat__e5-base/b533fe4636f4a2507c08ddab40644d20b0006d6a
BAAI_bge_large_en_v1.5,semantic_fixed,192,32,0.168270,BAAI_bge_large_en_v1.5_semantic_fixed_c192_o32/results/BAAI__bge-large-en-v1.5_d4aa6901d3a41ba39fb536a557fa166f842b0e09/BAAI__bge-large-en-v1.5/d4aa6901d3a41ba39fb536a557fa166f842b0e09
intfloat_e5_large,semantic_fixed,192,32,0.168240,intfloat_e5_large_semantic_fixed_c192_o32/results/intfloat__e5-large_4dc6d853a804b9c8886ede6dda8a073b7dc08a81/intfloat__e5-large/4dc6d853a804b9c8886ede6dda8a073b7dc08a81
intfloat_e5_large,fixed_token,192,32,0.168150,intfloat_e5_large_fixed_token_c192_o32/results/intfloat__e5-large_4dc6d853a804b9c8886ede6dda8a073b7dc08a81/intfloat__e5-large/4dc6d853a804b9c8886ede6dda8a073b7dc08a81
BAAI_bge_large_en_v1.5,recursive_token,192,16,0.168100,BAAI_bge_large_en_v1.5_recursive_token_c192_o16/results/BAAI__bge-large-en-v1.5_d4aa6901d3a41ba39fb536a557fa166f842b0e09/BAAI__bge-large-en-v1.5/d4aa6901d3a41ba39fb536a557fa166f842b0e09
intfloat_e5_base,hierarchical_section,192,16,0.168080,intfloat_e5_base_hierarchical_section_c192_o16/results/intfloat__e5-base_b533fe4636f4a2507c08ddab40644d20b0006d6a/intfloat__e5-base/b533fe4636f4a2507c08ddab40644d20b0006d6a
nomic_ai_nomic_embed_text_v1,hierarchical_section,192,48,0.167940,nomic_ai_nomic_embed_text_v1_hierarchical_section_c192_o48/results/nomic-ai__nomic-embed-text-v1_0759316f275aa0cb93a5b830973843ca66babcf5/nomic-ai__nomic-embed-text-v1/0759316f275aa0cb93a5b830973843ca66babcf5
intfloat_e5_small,semantic_fixed,192,16,0.167920,intfloat_e5_small_semantic_fixed_c192_o16/results/intfloat__e5-small_e272f3049e853b47cb5ca3952268c6662abda68f/intfloat__e5-small/e272f3049e853b47cb5ca3952268c6662abda68f
intfloat_e5_small,semantic_fixed,192,32,0.167900,intfloat_e5_small_semantic_fixed_c192_o32/results/intfloat__e5-small_e272f3049e853b47cb5ca3952268c6662abda68f/intfloat__e5-small/e272f3049e853b47cb5ca3952268c6662abda68f
nomic_ai_nomic_embed_text_v1.5,fixed_token,192,32,0.167710,nomic_ai_nomic_embed_text_v1.5_fixed_token_c192_o32/results/nomic-ai__nomic-embed-text-v1.5_b0753ae76394dd36bcfb912a46018088bca48be0/nomic-ai__nomic-embed-text-v1.5/b0753ae76394dd36bcfb912a46018088bca48be0
nomic_ai_nomic_embed_text_v1.5,recursive_token,192,32,0.167620,nomic_ai_nomic_embed_text_v1.5_recursive_token_c192_o32/results/nomic-ai__nomic-embed-text-v1.5_b0753ae76394dd36bcfb912a46018088bca48be0/nomic-ai__nomic-embed-text-v1.5/b0753ae76394dd36bcfb912a46018088bca48be0
BAAI_bge_base_en_v1.5,recursive_token,192,16,0.167480,BAAI_bge_base_en_v1.5_recursive_token_c192_o16/results/BAAI__bge-base-en-v1.5_a5beb1e3e68b9ab74eb54cfd186867f64f240e1a/BAAI__bge-base-en-v1.5/a5beb1e3e68b9ab74eb54cfd186867f64f240e1a
BAAI_bge_base_en_v1.5,hierarchical_section,192,32,0.167410,BAAI_bge_base_en_v1.5_hierarchical_section_c192_o32/results/BAAI__bge-base-en-v1.5_a5beb1e3e68b9ab74eb54cfd186867f64f240e1a/BAAI__bge-base-en-v1.5/a5beb1e3e68b9ab74eb54cfd186867f64f240e1a
intfloat_e5_small,recursive_token,192,16,0.167170,intfloat_e5_small_recursive_token_c192_o16/results/intfloat__e5-small_e272f3049e853b47cb5ca3952268c6662abda68f/intfloat__e5-small/e272f3049e853b47cb5ca3952268c6662abda68f
intfloat_e5_small,recursive_token,192,0,0.167120,intfloat_e5_small_recursive_token_c192_o0/results/intfloat__e5-small_e272f3049e853b47cb5ca3952268c6662abda68f/intfloat__e5-small/e272f3049e853b47cb5ca3952268c6662abda68f
BAAI_bge_base_en_v1.5,recursive_token,192,0,0.166780,BAAI_bge_base_en_v1.5_recursive_token_c192_o0/results/BAAI__bge-base-en-v1.5_a5beb1e3e68b9ab74eb54cfd186867f64f240e1a/BAAI__bge-base-en-v1.5/a5beb1e3e68b9ab74eb54cfd186867f64f240e1a
intfloat_multilingual_e5_base,recursive_token,256,64,0.166770,intfloat_multilingual_e5_base_recursive_token_c256_o64/results/intfloat__multilingual-e5-base_d13f1b27baf31030b7fd040960d60d909913633f/intfloat__multilingual-e5-base/d13f1b27baf31030b7fd040960d60d909913633f
BAAI_bge_large_en_v1.5,recursive_token,192,32,0.166350,BAAI_bge_large_en_v1.5_recursive_token_c192_o32/results/BAAI__bge-large-en-v1.5_d4aa6901d3a41ba39fb536a557fa166f842b0e09/BAAI__bge-large-en-v1.5/d4aa6901d3a41ba39fb536a557fa166f842b0e09
intfloat_multilingual_e5_base,fixed_token,192,16,0.166150,intfloat_multilingual_e5_base_fixed_token_c192_o16/results/intfloat__multilingual-e5-base_d13f1b27baf31030b7fd040960d60d909913633f/intfloat__multilingual-e5-base/d13f1b27baf31030b7fd040960d60d909913633f
BAAI_bge_large_en_v1.5,fixed_token,192,32,0.166140,BAAI_bge_large_en_v1.5_fixed_token_c192_o32/results/BAAI__bge-large-en-v1.5_d4aa6901d3a41ba39fb536a557fa166f842b0e09/BAAI__bge-large-en-v1.5/d4aa6901d3a41ba39fb536a557fa166f842b0e09
BAAI_bge_base_en_v1.5,semantic_fixed,192,16,0.166070,BAAI_bge_base_en_v1.5_semantic_fixed_c192_o16/results/BAAI__bge-base-en-v1.5_a5beb1e3e68b9ab74eb54cfd186867f64f240e1a/BAAI__bge-base-en-v1.5/a5beb1e3e68b9ab74eb54cfd186867f64f240e1a
intfloat_e5_base,hierarchical_section,192,32,0.165720,intfloat_e5_base_hierarchical_section_c192_o32/results/intfloat__e5-base_b533fe4636f4a2507c08ddab40644d20b0006d6a/intfloat__e5-base/b533fe4636f4a2507c08ddab40644d20b0006d6a
intfloat_multilingual_e5_base,semantic_recursive,192,0,0.165640,intfloat_multilingual_e5_base_semantic_recursive_c192_o0/results/intfloat__multilingual-e5-base_d13f1b27baf31030b7fd040960d60d909913633f/intfloat__multilingual-e5-base/d13f1b27baf31030b7fd040960d60d909913633f
intfloat_e5_base,recursive_token,192,32,0.165160,intfloat_e5_base_recursive_token_c192_o32/results/intfloat__e5-base_b533fe4636f4a2507c08ddab40644d20b0006d6a/intfloat__e5-base/b533fe4636f4a2507c08ddab40644d20b0006d6a
intfloat_multilingual_e5_base,hierarchical_section,192,16,0.164620,intfloat_multilingual_e5_base_hierarchical_section_c192_o16/results/intfloat__multilingual-e5-base_d13f1b27baf31030b7fd040960d60d909913633f/intfloat__multilingual-e5-base/d13f1b27baf31030b7fd040960d60d909913633f
intfloat_multilingual_e5_base,semantic_fixed,192,16,0.164250,intfloat_multilingual_e5_base_semantic_fixed_c192_o16/results/intfloat__multilingual-e5-base_d13f1b27baf31030b7fd040960d60d909913633f/intfloat__multilingual-e5-base/d13f1b27baf31030b7fd040960d60d909913633f
intfloat_e5_base,semantic_fixed,192,16,0.163470,intfloat_e5_base_semantic_fixed_c192_o16/results/intfloat__e5-base_b533fe4636f4a2507c08ddab40644d20b0006d6a/intfloat__e5-base/b533fe4636f4a2507c08ddab40644d20b0006d6a
intfloat_e5_small,hierarchical_section,192,48,0.162840,intfloat_e5_small_hierarchical_section_c192_o48/results/intfloat__e5-small_e272f3049e853b47cb5ca3952268c6662abda68f/intfloat__e5-small/e272f3049e853b47cb5ca3952268c6662abda68f
intfloat_e5_base,fixed_token,192,32,0.161770,intfloat_e5_base_fixed_token_c192_o32/results/intfloat__e5-base_b533fe4636f4a2507c08ddab40644d20b0006d6a/intfloat__e5-base/b533fe4636f4a2507c08ddab40644d20b0006d6a
intfloat_multilingual_e5_base,semantic_recursive,192,16,0.161290,intfloat_multilingual_e5_base_semantic_recursive_c192_o16/results/intfloat__multilingual-e5-base_d13f1b27baf31030b7fd040960d60d909913633f/intfloat__multilingual-e5-base/d13f1b27baf31030b7fd040960d60d909913633f
BAAI_bge_large_en_v1.5,hierarchical_section,192,48,0.161040,BAAI_bge_large_en_v1.5_hierarchical_section_c192_o48/results/BAAI__bge-large-en-v1.5_d4aa6901d3a41ba39fb536a557fa166f842b0e09/BAAI__bge-large-en-v1.5/d4aa6901d3a41ba39fb536a557fa166f842b0e09
intfloat_e5_large,fixed_token,192,48,0.160920,intfloat_e5_large_fixed_token_c192_o48/results/intfloat__e5-large_4dc6d853a804b9c8886ede6dda8a073b7dc08a81/intfloat__e5-large/4dc6d853a804b9c8886ede6dda8a073b7dc08a81
BAAI_bge_large_en_v1.5,semantic_recursive,192,0,0.160020,BAAI_bge_large_en_v1.5_semantic_recursive_c192_o0/results/BAAI__bge-large-en-v1.5_d4aa6901d3a41ba39fb536a557fa166f842b0e09/BAAI__bge-large-en-v1.5/d4aa6901d3a41ba39fb536a557fa166f842b0e09
nomic_ai_nomic_embed_text_v1.5,hierarchical_section,192,48,0.160020,nomic_ai_nomic_embed_text_v1.5_hierarchical_section_c192_o48/results/nomic-ai__nomic-embed-text-v1.5_b0753ae76394dd36bcfb912a46018088bca48be0/nomic-ai__nomic-embed-text-v1.5/b0753ae76394dd36bcfb912a46018088bca48be0
BAAI_bge_base_en_v1.5,fixed_token,192,32,0.159930,BAAI_bge_base_en_v1.5_fixed_token_c192_o32/results/BAAI__bge-base-en-v1.5_a5beb1e3e68b9ab74eb54cfd186867f64f240e1a/BAAI__bge-base-en-v1.5/a5beb1e3e68b9ab74eb54cfd186867f64f240e1a
nomic_ai_nomic_embed_text_v1,fixed_token,192,48,0.159610,nomic_ai_nomic_embed_text_v1_fixed_token_c192_o48/results/nomic-ai__nomic-embed-text-v1_0759316f275aa0cb93a5b830973843ca66babcf5/nomic-ai__nomic-embed-text-v1/0759316f275aa0cb93a5b830973843ca66babcf5
BAAI_bge_large_en_v1.5,semantic_recursive,192,16,0.158300,BAAI_bge_large_en_v1.5_semantic_recursive_c192_o16/results/BAAI__bge-large-en-v1.5_d4aa6901d3a41ba39fb536a557fa166f842b0e09/BAAI__bge-large-en-v1.5/d4aa6901d3a41ba39fb536a557fa166f842b0e09
BAAI_bge_base_en_v1.5,recursive_token,192,32,0.158170,BAAI_bge_base_en_v1.5_recursive_token_c192_o32/results/BAAI__bge-base-en-v1.5_a5beb1e3e68b9ab74eb54cfd186867f64f240e1a/BAAI__bge-base-en-v1.5/a5beb1e3e68b9ab74eb54cfd186867f64f240e1a
BAAI_bge_base_en_v1.5,semantic_recursive,192,0,0.158150,BAAI_bge_base_en_v1.5_semantic_recursive_c192_o0/results/BAAI__bge-base-en-v1.5_a5beb1e3e68b9ab74eb54cfd186867f64f240e1a/BAAI__bge-base-en-v1.5/a5beb1e3e68b9ab74eb54cfd186867f64f240e1a
BAAI_bge_base_en_v1.5,semantic_fixed,192,32,0.158080,BAAI_bge_base_en_v1.5_semantic_fixed_c192_o32/results/BAAI__bge-base-en-v1.5_a5beb1e3e68b9ab74eb54cfd186867f64f240e1a/BAAI__bge-base-en-v1.5/a5beb1e3e68b9ab74eb54cfd186867f64f240e1a
intfloat_multilingual_e5_base,recursive_token,192,0,0.158030,intfloat_multilingual_e5_base_recursive_token_c192_o0/results/intfloat__multilingual-e5-base_d13f1b27baf31030b7fd040960d60d909913633f/intfloat__multilingual-e5-base/d13f1b27baf31030b7fd040960d60d909913633f
BAAI_bge_base_en_v1.5,semantic_recursive,192,16,0.157860,BAAI_bge_base_en_v1.5_semantic_recursive_c192_o16/results/BAAI__bge-base-en-v1.5_a5beb1e3e68b9ab74eb54cfd186867f64f240e1a/BAAI__bge-base-en-v1.5/a5beb1e3e68b9ab74eb54cfd186867f64f240e1a
intfloat_multilingual_e5_base,hierarchical_section,192,32,0.157800,intfloat_multilingual_e5_base_hierarchical_section_c192_o32/results/intfloat__multilingual-e5-base_d13f1b27baf31030b7fd040960d60d909913633f/intfloat__multilingual-e5-base/d13f1b27baf31030b7fd040960d60d909913633f
intfloat_e5_small,fixed_token,192,48,0.157600,intfloat_e5_small_fixed_token_c192_o48/results/intfloat__e5-small_e272f3049e853b47cb5ca3952268c6662abda68f/intfloat__e5-small/e272f3049e853b47cb5ca3952268c6662abda68f
intfloat_e5_small,semantic_recursive,192,0,0.156810,intfloat_e5_small_semantic_recursive_c192_o0/results/intfloat__e5-small_e272f3049e853b47cb5ca3952268c6662abda68f/intfloat__e5-small/e272f3049e853b47cb5ca3952268c6662abda68f
nomic_ai_nomic_embed_text_v1,recursive_token,192,48,0.156380,nomic_ai_nomic_embed_text_v1_recursive_token_c192_o48/results/nomic-ai__nomic-embed-text-v1_0759316f275aa0cb93a5b830973843ca66babcf5/nomic-ai__nomic-embed-text-v1/0759316f275aa0cb93a5b830973843ca66babcf5
intfloat_e5_large,recursive_token,192,48,0.156280,intfloat_e5_large_recursive_token_c192_o48/results/intfloat__e5-large_4dc6d853a804b9c8886ede6dda8a073b7dc08a81/intfloat__e5-large/4dc6d853a804b9c8886ede6dda8a073b7dc08a81
BAAI_bge_large_en_v1.5,semantic_recursive,192,32,0.156260,BAAI_bge_large_en_v1.5_semantic_recursive_c192_o32/results/BAAI__bge-large-en-v1.5_d4aa6901d3a41ba39fb536a557fa166f842b0e09/BAAI__bge-large-en-v1.5/d4aa6901d3a41ba39fb536a557fa166f842b0e09
intfloat_e5_small,semantic_recursive,192,16,0.155700,intfloat_e5_small_semantic_recursive_c192_o16/results/intfloat__e5-small_e272f3049e853b47cb5ca3952268c6662abda68f/intfloat__e5-small/e272f3049e853b47cb5ca3952268c6662abda68f
intfloat_multilingual_e5_base,recursive_token,192,16,0.155700,intfloat_multilingual_e5_base_recursive_token_c192_o16/results/intfloat__multilingual-e5-base_d13f1b27baf31030b7fd040960d60d909913633f/intfloat__multilingual-e5-base/d13f1b27baf31030b7fd040960d60d909913633f
intfloat_e5_base,semantic_fixed,192,32,0.155620,intfloat_e5_base_semantic_fixed_c192_o32/results/intfloat__e5-base_b533fe4636f4a2507c08ddab40644d20b0006d6a/intfloat__e5-base/b533fe4636f4a2507c08ddab40644d20b0006d6a
BAAI_bge_base_en_v1.5,hierarchical_section,192,48,0.155500,BAAI_bge_base_en_v1.5_hierarchical_section_c192_o48/results/BAAI__bge-base-en-v1.5_a5beb1e3e68b9ab74eb54cfd186867f64f240e1a/BAAI__bge-base-en-v1.5/a5beb1e3e68b9ab74eb54cfd186867f64f240e1a
intfloat_multilingual_e5_base,semantic_recursive,192,32,0.155480,intfloat_multilingual_e5_base_semantic_recursive_c192_o32/results/intfloat__multilingual-e5-base_d13f1b27baf31030b7fd040960d60d909913633f/intfloat__multilingual-e5-base/d13f1b27baf31030b7fd040960d60d909913633f
intfloat_multilingual_e5_base,fixed_token,192,32,0.155200,intfloat_multilingual_e5_base_fixed_token_c192_o32/results/intfloat__multilingual-e5-base_d13f1b27baf31030b7fd040960d60d909913633f/intfloat__multilingual-e5-base/d13f1b27baf31030b7fd040960d60d909913633f
intfloat_multilingual_e5_base,semantic_fixed,192,32,0.155110,intfloat_multilingual_e5_base_semantic_fixed_c192_o32/results/intfloat__multilingual-e5-base_d13f1b27baf31030b7fd040960d60d909913633f/intfloat__multilingual-e5-base/d13f1b27baf31030b7fd040960d60d909913633f
nomic_ai_nomic_embed_text_v1.5,recursive_token,192,48,0.154840,nomic_ai_nomic_embed_text_v1.5_recursive_token_c192_o48/results/nomic-ai__nomic-embed-text-v1.5_b0753ae76394dd36bcfb912a46018088bca48be0/nomic-ai__nomic-embed-text-v1.5/b0753ae76394dd36bcfb912a46018088bca48be0
intfloat_e5_base,hierarchical_section,192,48,0.154640,intfloat_e5_base_hierarchical_section_c192_o48/results/intfloat__e5-base_b533fe4636f4a2507c08ddab40644d20b0006d6a/intfloat__e5-base/b533fe4636f4a2507c08ddab40644d20b0006d6a
nomic_ai_nomic_embed_text_v1.5,fixed_token,192,48,0.153790,nomic_ai_nomic_embed_text_v1.5_fixed_token_c192_o48/results/nomic-ai__nomic-embed-text-v1.5_b0753ae76394dd36bcfb912a46018088bca48be0/nomic-ai__nomic-embed-text-v1.5/b0753ae76394dd36bcfb912a46018088bca48be0
BAAI_bge_base_en_v1.5,semantic_recursive,192,32,0.153510,BAAI_bge_base_en_v1.5_semantic_recursive_c192_o32/results/BAAI__bge-base-en-v1.5_a5beb1e3e68b9ab74eb54cfd186867f64f240e1a/BAAI__bge-base-en-v1.5/a5beb1e3e68b9ab74eb54cfd186867f64f240e1a
intfloat_e5_small,semantic_recursive,192,32,0.152900,intfloat_e5_small_semantic_recursive_c192_o32/results/intfloat__e5-small_e272f3049e853b47cb5ca3952268c6662abda68f/intfloat__e5-small/e272f3049e853b47cb5ca3952268c6662abda68f
BAAI_bge_large_en_v1.5,fixed_token,192,48,0.152750,BAAI_bge_large_en_v1.5_fixed_token_c192_o48/results/BAAI__bge-large-en-v1.5_d4aa6901d3a41ba39fb536a557fa166f842b0e09/BAAI__bge-large-en-v1.5/d4aa6901d3a41ba39fb536a557fa166f842b0e09
BAAI_bge_large_en_v1.5,recursive_token,192,48,0.152200,BAAI_bge_large_en_v1.5_recursive_token_c192_o48/results/BAAI__bge-large-en-v1.5_d4aa6901d3a41ba39fb536a557fa166f842b0e09/BAAI__bge-large-en-v1.5/d4aa6901d3a41ba39fb536a557fa166f842b0e09
intfloat_e5_base,recursive_token,192,48,0.151960,intfloat_e5_base_recursive_token_c192_o48/results/intfloat__e5-base_b533fe4636f4a2507c08ddab40644d20b0006d6a/intfloat__e5-base/b533fe4636f4a2507c08ddab40644d20b0006d6a
intfloat_e5_large,semantic_fixed,192,48,0.151900,intfloat_e5_large_semantic_fixed_c192_o48/results/intfloat__e5-large_4dc6d853a804b9c8886ede6dda8a073b7dc08a81/intfloat__e5-large/4dc6d853a804b9c8886ede6dda8a073b7dc08a81
intfloat_e5_small,semantic_fixed,192,48,0.151680,intfloat_e5_small_semantic_fixed_c192_o48/results/intfloat__e5-small_e272f3049e853b47cb5ca3952268c6662abda68f/intfloat__e5-small/e272f3049e853b47cb5ca3952268c6662abda68f
intfloat_multilingual_e5_base,hierarchical_section,192,48,0.151100,intfloat_multilingual_e5_base_hierarchical_section_c192_o48/results/intfloat__multilingual-e5-base_d13f1b27baf31030b7fd040960d60d909913633f/intfloat__multilingual-e5-base/d13f1b27baf31030b7fd040960d60d909913633f
intfloat_e5_small,recursive_token,192,48,0.150850,intfloat_e5_small_recursive_token_c192_o48/results/intfloat__e5-small_e272f3049e853b47cb5ca3952268c6662abda68f/intfloat__e5-small/e272f3049e853b47cb5ca3952268c6662abda68f
nomic_ai_nomic_embed_text_v1,hierarchical_section,128,0,0.149980,nomic_ai_nomic_embed_text_v1_hierarchical_section_c128_o0/results/nomic-ai__nomic-embed-text-v1_0759316f275aa0cb93a5b830973843ca66babcf5/nomic-ai__nomic-embed-text-v1/0759316f275aa0cb93a5b830973843ca66babcf5
BAAI_bge_base_en_v1.5,recursive_token,192,48,0.149700,BAAI_bge_base_en_v1.5_recursive_token_c192_o48/results/BAAI__bge-base-en-v1.5_a5beb1e3e68b9ab74eb54cfd186867f64f240e1a/BAAI__bge-base-en-v1.5/a5beb1e3e68b9ab74eb54cfd186867f64f240e1a
BAAI_bge_base_en_v1.5,fixed_token,192,48,0.149400,BAAI_bge_base_en_v1.5_fixed_token_c192_o48/results/BAAI__bge-base-en-v1.5_a5beb1e3e68b9ab74eb54cfd186867f64f240e1a/BAAI__bge-base-en-v1.5/a5beb1e3e68b9ab74eb54cfd186867f64f240e1a
intfloat_e5_base,fixed_token,192,48,0.149130,intfloat_e5_base_fixed_token_c192_o48/results/intfloat__e5-base_b533fe4636f4a2507c08ddab40644d20b0006d6a/intfloat__e5-base/b533fe4636f4a2507c08ddab40644d20b0006d6a
BAAI_bge_large_en_v1.5,semantic_fixed,192,48,0.149030,BAAI_bge_large_en_v1.5_semantic_fixed_c192_o48/results/BAAI__bge-large-en-v1.5_d4aa6901d3a41ba39fb536a557fa166f842b0e09/BAAI__bge-large-en-v1.5/d4aa6901d3a41ba39fb536a557fa166f842b0e09
intfloat_e5_base,semantic_recursive,192,0,0.148650,intfloat_e5_base_semantic_recursive_c192_o0/results/intfloat__e5-base_b533fe4636f4a2507c08ddab40644d20b0006d6a/intfloat__e5-base/b533fe4636f4a2507c08ddab40644d20b0006d6a
intfloat_multilingual_e5_base,recursive_token,192,32,0.148540,intfloat_multilingual_e5_base_recursive_token_c192_o32/results/intfloat__multilingual-e5-base_d13f1b27baf31030b7fd040960d60d909913633f/intfloat__multilingual-e5-base/d13f1b27baf31030b7fd040960d60d909913633f
BAAI_bge_large_en_v1.5,semantic_recursive,192,48,0.148020,BAAI_bge_large_en_v1.5_semantic_recursive_c192_o48/results/BAAI__bge-large-en-v1.5_d4aa6901d3a41ba39fb536a557fa166f842b0e09/BAAI__bge-large-en-v1.5/d4aa6901d3a41ba39fb536a557fa166f842b0e09
intfloat_e5_base,semantic_recursive,192,16,0.147290,intfloat_e5_base_semantic_recursive_c192_o16/results/intfloat__e5-base_b533fe4636f4a2507c08ddab40644d20b0006d6a/intfloat__e5-base/b533fe4636f4a2507c08ddab40644d20b0006d6a
BAAI_bge_base_en_v1.5,semantic_recursive,192,48,0.146840,BAAI_bge_base_en_v1.5_semantic_recursive_c192_o48/results/BAAI__bge-base-en-v1.5_a5beb1e3e68b9ab74eb54cfd186867f64f240e1a/BAAI__bge-base-en-v1.5/a5beb1e3e68b9ab74eb54cfd186867f64f240e1a
intfloat_multilingual_e5_base,semantic_fixed,192,48,0.146550,intfloat_multilingual_e5_base_semantic_fixed_c192_o48/results/intfloat__multilingual-e5-base_d13f1b27baf31030b7fd040960d60d909913633f/intfloat__multilingual-e5-base/d13f1b27baf31030b7fd040960d60d909913633f
intfloat_multilingual_e5_base,semantic_recursive,192,48,0.145710,intfloat_multilingual_e5_base_semantic_recursive_c192_o48/results/intfloat__multilingual-e5-base_d13f1b27baf31030b7fd040960d60d909913633f/intfloat__multilingual-e5-base/d13f1b27baf31030b7fd040960d60d909913633f
BAAI_bge_base_en_v1.5,semantic_fixed,192,48,0.145280,BAAI_bge_base_en_v1.5_semantic_fixed_c192_o48/results/BAAI__bge-base-en-v1.5_a5beb1e3e68b9ab74eb54cfd186867f64f240e1a/BAAI__bge-base-en-v1.5/a5beb1e3e68b9ab74eb54cfd186867f64f240e1a
intfloat_e5_small,semantic_recursive,192,48,0.144700,intfloat_e5_small_semantic_recursive_c192_o48/results/intfloat__e5-small_e272f3049e853b47cb5ca3952268c6662abda68f/intfloat__e5-small/e272f3049e853b47cb5ca3952268c6662abda68f
nomic_ai_nomic_embed_text_v1.5,hierarchical_section,128,0,0.144610,nomic_ai_nomic_embed_text_v1.5_hierarchical_section_c128_o0/results/nomic-ai__nomic-embed-text-v1.5_b0753ae76394dd36bcfb912a46018088bca48be0/nomic-ai__nomic-embed-text-v1.5/b0753ae76394dd36bcfb912a46018088bca48be0
intfloat_multilingual_e5_base,fixed_token,192,48,0.143260,intfloat_multilingual_e5_base_fixed_token_c192_o48/results/intfloat__multilingual-e5-base_d13f1b27baf31030b7fd040960d60d909913633f/intfloat__multilingual-e5-base/d13f1b27baf31030b7fd040960d60d909913633f
intfloat_e5_base,semantic_recursive,192,32,0.140910,intfloat_e5_base_semantic_recursive_c192_o32/results/intfloat__e5-base_b533fe4636f4a2507c08ddab40644d20b0006d6a/intfloat__e5-base/b533fe4636f4a2507c08ddab40644d20b0006d6a
BAAI_bge_large_en_v1.5,hierarchical_section,128,0,0.140520,BAAI_bge_large_en_v1.5_hierarchical_section_c128_o0/results/BAAI__bge-large-en-v1.5_d4aa6901d3a41ba39fb536a557fa166f842b0e09/BAAI__bge-large-en-v1.5/d4aa6901d3a41ba39fb536a557fa166f842b0e09
intfloat_e5_base,semantic_fixed,192,48,0.140220,intfloat_e5_base_semantic_fixed_c192_o48/results/intfloat__e5-base_b533fe4636f4a2507c08ddab40644d20b0006d6a/intfloat__e5-base/b533fe4636f4a2507c08ddab40644d20b0006d6a
nomic_ai_nomic_embed_text_v1,fixed_token,128,0,0.139850,nomic_ai_nomic_embed_text_v1_fixed_token_c128_o0/results/nomic-ai__nomic-embed-text-v1_0759316f275aa0cb93a5b830973843ca66babcf5/nomic-ai__nomic-embed-text-v1/0759316f275aa0cb93a5b830973843ca66babcf5
intfloat_e5_large,fixed_token,128,0,0.139220,intfloat_e5_large_fixed_token_c128_o0/results/intfloat__e5-large_4dc6d853a804b9c8886ede6dda8a073b7dc08a81/intfloat__e5-large/4dc6d853a804b9c8886ede6dda8a073b7dc08a81
BAAI_bge_base_en_v1.5,hierarchical_section,128,0,0.137900,BAAI_bge_base_en_v1.5_hierarchical_section_c128_o0/results/BAAI__bge-base-en-v1.5_a5beb1e3e68b9ab74eb54cfd186867f64f240e1a/BAAI__bge-base-en-v1.5/a5beb1e3e68b9ab74eb54cfd186867f64f240e1a
intfloat_e5_base,semantic_recursive,192,48,0.136670,intfloat_e5_base_semantic_recursive_c192_o48/results/intfloat__e5-base_b533fe4636f4a2507c08ddab40644d20b0006d6a/intfloat__e5-base/b533fe4636f4a2507c08ddab40644d20b0006d6a
intfloat_e5_large,semantic_fixed,128,0,0.136180,intfloat_e5_large_semantic_fixed_c128_o0/results/intfloat__e5-large_4dc6d853a804b9c8886ede6dda8a073b7dc08a81/intfloat__e5-large/4dc6d853a804b9c8886ede6dda8a073b7dc08a81
intfloat_multilingual_e5_base,recursive_token,192,48,0.135470,intfloat_multilingual_e5_base_recursive_token_c192_o48/results/intfloat__multilingual-e5-base_d13f1b27baf31030b7fd040960d60d909913633f/intfloat__multilingual-e5-base/d13f1b27baf31030b7fd040960d60d909913633f
intfloat_e5_base,hierarchical_section,128,0,0.135310,intfloat_e5_base_hierarchical_section_c128_o0/results/intfloat__e5-base_b533fe4636f4a2507c08ddab40644d20b0006d6a/intfloat__e5-base/b533fe4636f4a2507c08ddab40644d20b0006d6a
nomic_ai_nomic_embed_text_v1.5,fixed_token,128,0,0.133730,nomic_ai_nomic_embed_text_v1.5_fixed_token_c128_o0/results/nomic-ai__nomic-embed-text-v1.5_b0753ae76394dd36bcfb912a46018088bca48be0/nomic-ai__nomic-embed-text-v1.5/b0753ae76394dd36bcfb912a46018088bca48be0
intfloat_e5_small,hierarchical_section,128,0,0.132640,intfloat_e5_small_hierarchical_section_c128_o0/results/intfloat__e5-small_e272f3049e853b47cb5ca3952268c6662abda68f/intfloat__e5-small/e272f3049e853b47cb5ca3952268c6662abda68f
BAAI_bge_large_en_v1.5,semantic_fixed,128,0,0.132190,BAAI_bge_large_en_v1.5_semantic_fixed_c128_o0/results/BAAI__bge-large-en-v1.5_d4aa6901d3a41ba39fb536a557fa166f842b0e09/BAAI__bge-large-en-v1.5/d4aa6901d3a41ba39fb536a557fa166f842b0e09
intfloat_e5_base,fixed_token,128,0,0.131740,intfloat_e5_base_fixed_token_c128_o0/results/intfloat__e5-base_b533fe4636f4a2507c08ddab40644d20b0006d6a/intfloat__e5-base/b533fe4636f4a2507c08ddab40644d20b0006d6a
intfloat_multilingual_e5_base,semantic_fixed,128,0,0.131360,intfloat_multilingual_e5_base_semantic_fixed_c128_o0/results/intfloat__multilingual-e5-base_d13f1b27baf31030b7fd040960d60d909913633f/intfloat__multilingual-e5-base/d13f1b27baf31030b7fd040960d60d909913633f
BAAI_bge_base_en_v1.5,fixed_token,128,0,0.131060,BAAI_bge_base_en_v1.5_fixed_token_c128_o0/results/BAAI__bge-base-en-v1.5_a5beb1e3e68b9ab74eb54cfd186867f64f240e1a/BAAI__bge-base-en-v1.5/a5beb1e3e68b9ab74eb54cfd186867f64f240e1a
intfloat_e5_large,recursive_token,128,0,0.131030,intfloat_e5_large_recursive_token_c128_o0/results/intfloat__e5-large_4dc6d853a804b9c8886ede6dda8a073b7dc08a81/intfloat__e5-large/4dc6d853a804b9c8886ede6dda8a073b7dc08a81
BAAI_bge_large_en_v1.5,fixed_token,128,0,0.130940,BAAI_bge_large_en_v1.5_fixed_token_c128_o0/results/BAAI__bge-large-en-v1.5_d4aa6901d3a41ba39fb536a557fa166f842b0e09/BAAI__bge-large-en-v1.5/d4aa6901d3a41ba39fb536a557fa166f842b0e09
intfloat_e5_large,fixed_token,128,16,0.130810,intfloat_e5_large_fixed_token_c128_o16/results/intfloat__e5-large_4dc6d853a804b9c8886ede6dda8a073b7dc08a81/intfloat__e5-large/4dc6d853a804b9c8886ede6dda8a073b7dc08a81
intfloat_multilingual_e5_base,hierarchical_section,128,0,0.130660,intfloat_multilingual_e5_base_hierarchical_section_c128_o0/results/intfloat__multilingual-e5-base_d13f1b27baf31030b7fd040960d60d909913633f/intfloat__multilingual-e5-base/d13f1b27baf31030b7fd040960d60d909913633f
nomic_ai_nomic_embed_text_v1,hierarchical_section,128,16,0.130370,nomic_ai_nomic_embed_text_v1_hierarchical_section_c128_o16/results/nomic-ai__nomic-embed-text-v1_0759316f275aa0cb93a5b830973843ca66babcf5/nomic-ai__nomic-embed-text-v1/0759316f275aa0cb93a5b830973843ca66babcf5
nomic_ai_nomic_embed_text_v1,fixed_token,128,16,0.129790,nomic_ai_nomic_embed_text_v1_fixed_token_c128_o16/results/nomic-ai__nomic-embed-text-v1_0759316f275aa0cb93a5b830973843ca66babcf5/nomic-ai__nomic-embed-text-v1/0759316f275aa0cb93a5b830973843ca66babcf5
BAAI_bge_base_en_v1.5,semantic_fixed,128,0,0.128780,BAAI_bge_base_en_v1.5_semantic_fixed_c128_o0/results/BAAI__bge-base-en-v1.5_a5beb1e3e68b9ab74eb54cfd186867f64f240e1a/BAAI__bge-base-en-v1.5/a5beb1e3e68b9ab74eb54cfd186867f64f240e1a
intfloat_e5_base,semantic_fixed,128,0,0.128370,intfloat_e5_base_semantic_fixed_c128_o0/results/intfloat__e5-base_b533fe4636f4a2507c08ddab40644d20b0006d6a/intfloat__e5-base/b533fe4636f4a2507c08ddab40644d20b0006d6a
intfloat_e5_large,semantic_fixed,128,16,0.128360,intfloat_e5_large_semantic_fixed_c128_o16/results/intfloat__e5-large_4dc6d853a804b9c8886ede6dda8a073b7dc08a81/intfloat__e5-large/4dc6d853a804b9c8886ede6dda8a073b7dc08a81
BAAI_bge_large_en_v1.5,hierarchical_section,128,16,0.127940,BAAI_bge_large_en_v1.5_hierarchical_section_c128_o16/results/BAAI__bge-large-en-v1.5_d4aa6901d3a41ba39fb536a557fa166f842b0e09/BAAI__bge-large-en-v1.5/d4aa6901d3a41ba39fb536a557fa166f842b0e09
nomic_ai_nomic_embed_text_v1.5,hierarchical_section,128,16,0.127900,nomic_ai_nomic_embed_text_v1.5_hierarchical_section_c128_o16/results/nomic-ai__nomic-embed-text-v1.5_b0753ae76394dd36bcfb912a46018088bca48be0/nomic-ai__nomic-embed-text-v1.5/b0753ae76394dd36bcfb912a46018088bca48be0
nomic_ai_nomic_embed_text_v1,recursive_token,128,0,0.126940,nomic_ai_nomic_embed_text_v1_recursive_token_c128_o0/results/nomic-ai__nomic-embed-text-v1_0759316f275aa0cb93a5b830973843ca66babcf5/nomic-ai__nomic-embed-text-v1/0759316f275aa0cb93a5b830973843ca66babcf5
nomic_ai_nomic_embed_text_v1.5,fixed_token,128,16,0.126800,nomic_ai_nomic_embed_text_v1.5_fixed_token_c128_o16/results/nomic-ai__nomic-embed-text-v1.5_b0753ae76394dd36bcfb912a46018088bca48be0/nomic-ai__nomic-embed-text-v1.5/b0753ae76394dd36bcfb912a46018088bca48be0
intfloat_multilingual_e5_base,fixed_token,128,0,0.126690,intfloat_multilingual_e5_base_fixed_token_c128_o0/results/intfloat__multilingual-e5-base_d13f1b27baf31030b7fd040960d60d909913633f/intfloat__multilingual-e5-base/d13f1b27baf31030b7fd040960d60d909913633f
intfloat_e5_small,semantic_fixed,128,0,0.126390,intfloat_e5_small_semantic_fixed_c128_o0/results/intfloat__e5-small_e272f3049e853b47cb5ca3952268c6662abda68f/intfloat__e5-small/e272f3049e853b47cb5ca3952268c6662abda68f
intfloat_e5_small,fixed_token,128,0,0.125860,intfloat_e5_small_fixed_token_c128_o0/results/intfloat__e5-small_e272f3049e853b47cb5ca3952268c6662abda68f/intfloat__e5-small/e272f3049e853b47cb5ca3952268c6662abda68f
intfloat_e5_large,recursive_token,128,16,0.125430,intfloat_e5_large_recursive_token_c128_o16/results/intfloat__e5-large_4dc6d853a804b9c8886ede6dda8a073b7dc08a81/intfloat__e5-large/4dc6d853a804b9c8886ede6dda8a073b7dc08a81
BAAI_bge_large_en_v1.5,recursive_token,128,0,0.124360,BAAI_bge_large_en_v1.5_recursive_token_c128_o0/results/BAAI__bge-large-en-v1.5_d4aa6901d3a41ba39fb536a557fa166f842b0e09/BAAI__bge-large-en-v1.5/d4aa6901d3a41ba39fb536a557fa166f842b0e09
nomic_ai_nomic_embed_text_v1,hierarchical_section,128,32,0.124050,nomic_ai_nomic_embed_text_v1_hierarchical_section_c128_o32/results/nomic-ai__nomic-embed-text-v1_0759316f275aa0cb93a5b830973843ca66babcf5/nomic-ai__nomic-embed-text-v1/0759316f275aa0cb93a5b830973843ca66babcf5
intfloat_multilingual_e5_base,hierarchical_section,128,16,0.123590,intfloat_multilingual_e5_base_hierarchical_section_c128_o16/results/intfloat__multilingual-e5-base_d13f1b27baf31030b7fd040960d60d909913633f/intfloat__multilingual-e5-base/d13f1b27baf31030b7fd040960d60d909913633f
intfloat_e5_base,recursive_token,128,0,0.123510,intfloat_e5_base_recursive_token_c128_o0/results/intfloat__e5-base_b533fe4636f4a2507c08ddab40644d20b0006d6a/intfloat__e5-base/b533fe4636f4a2507c08ddab40644d20b0006d6a
intfloat_e5_base,fixed_token,128,16,0.122920,intfloat_e5_base_fixed_token_c128_o16/results/intfloat__e5-base_b533fe4636f4a2507c08ddab40644d20b0006d6a/intfloat__e5-base/b533fe4636f4a2507c08ddab40644d20b0006d6a
BAAI_bge_large_en_v1.5,semantic_fixed,128,16,0.122910,BAAI_bge_large_en_v1.5_semantic_fixed_c128_o16/results/BAAI__bge-large-en-v1.5_d4aa6901d3a41ba39fb536a557fa166f842b0e09/BAAI__bge-large-en-v1.5/d4aa6901d3a41ba39fb536a557fa166f842b0e09
BAAI_bge_large_en_v1.5,fixed_token,128,16,0.122880,BAAI_bge_large_en_v1.5_fixed_token_c128_o16/results/BAAI__bge-large-en-v1.5_d4aa6901d3a41ba39fb536a557fa166f842b0e09/BAAI__bge-large-en-v1.5/d4aa6901d3a41ba39fb536a557fa166f842b0e09
intfloat_e5_base,hierarchical_section,128,16,0.122610,intfloat_e5_base_hierarchical_section_c128_o16/results/intfloat__e5-base_b533fe4636f4a2507c08ddab40644d20b0006d6a/intfloat__e5-base/b533fe4636f4a2507c08ddab40644d20b0006d6a
intfloat_e5_small,recursive_token,128,0,0.122570,intfloat_e5_small_recursive_token_c128_o0/results/intfloat__e5-small_e272f3049e853b47cb5ca3952268c6662abda68f/intfloat__e5-small/e272f3049e853b47cb5ca3952268c6662abda68f
nomic_ai_nomic_embed_text_v1.5,recursive_token,128,0,0.122290,nomic_ai_nomic_embed_text_v1.5_recursive_token_c128_o0/results/nomic-ai__nomic-embed-text-v1.5_b0753ae76394dd36bcfb912a46018088bca48be0/nomic-ai__nomic-embed-text-v1.5/b0753ae76394dd36bcfb912a46018088bca48be0
intfloat_e5_small,hierarchical_section,128,16,0.121790,intfloat_e5_small_hierarchical_section_c128_o16/results/intfloat__e5-small_e272f3049e853b47cb5ca3952268c6662abda68f/intfloat__e5-small/e272f3049e853b47cb5ca3952268c6662abda68f
BAAI_bge_base_en_v1.5,hierarchical_section,128,16,0.121320,BAAI_bge_base_en_v1.5_hierarchical_section_c128_o16/results/BAAI__bge-base-en-v1.5_a5beb1e3e68b9ab74eb54cfd186867f64f240e1a/BAAI__bge-base-en-v1.5/a5beb1e3e68b9ab74eb54cfd186867f64f240e1a
BAAI_bge_base_en_v1.5,recursive_token,128,0,0.120950,BAAI_bge_base_en_v1.5_recursive_token_c128_o0/results/BAAI__bge-base-en-v1.5_a5beb1e3e68b9ab74eb54cfd186867f64f240e1a/BAAI__bge-base-en-v1.5/a5beb1e3e68b9ab74eb54cfd186867f64f240e1a
intfloat_e5_large,recursive_token,128,32,0.120790,intfloat_e5_large_recursive_token_c128_o32/results/intfloat__e5-large_4dc6d853a804b9c8886ede6dda8a073b7dc08a81/intfloat__e5-large/4dc6d853a804b9c8886ede6dda8a073b7dc08a81
nomic_ai_nomic_embed_text_v1,recursive_token,128,32,0.120410,nomic_ai_nomic_embed_text_v1_recursive_token_c128_o32/results/nomic-ai__nomic-embed-text-v1_0759316f275aa0cb93a5b830973843ca66babcf5/nomic-ai__nomic-embed-text-v1/0759316f275aa0cb93a5b830973843ca66babcf5
nomic_ai_nomic_embed_text_v1,fixed_token,128,32,0.120380,nomic_ai_nomic_embed_text_v1_fixed_token_c128_o32/results/nomic-ai__nomic-embed-text-v1_0759316f275aa0cb93a5b830973843ca66babcf5/nomic-ai__nomic-embed-text-v1/0759316f275aa0cb93a5b830973843ca66babcf5
intfloat_e5_small,fixed_token,128,16,0.119930,intfloat_e5_small_fixed_token_c128_o16/results/intfloat__e5-small_e272f3049e853b47cb5ca3952268c6662abda68f/intfloat__e5-small/e272f3049e853b47cb5ca3952268c6662abda68f
BAAI_bge_large_en_v1.5,hierarchical_section,128,32,0.119600,BAAI_bge_large_en_v1.5_hierarchical_section_c128_o32/results/BAAI__bge-large-en-v1.5_d4aa6901d3a41ba39fb536a557fa166f842b0e09/BAAI__bge-large-en-v1.5/d4aa6901d3a41ba39fb536a557fa166f842b0e09
nomic_ai_nomic_embed_text_v1,recursive_token,128,16,0.119550,nomic_ai_nomic_embed_text_v1_recursive_token_c128_o16/results/nomic-ai__nomic-embed-text-v1_0759316f275aa0cb93a5b830973843ca66babcf5/nomic-ai__nomic-embed-text-v1/0759316f275aa0cb93a5b830973843ca66babcf5
intfloat_e5_small,recursive_token,128,16,0.119030,intfloat_e5_small_recursive_token_c128_o16/results/intfloat__e5-small_e272f3049e853b47cb5ca3952268c6662abda68f/intfloat__e5-small/e272f3049e853b47cb5ca3952268c6662abda68f
nomic_ai_nomic_embed_text_v1.5,hierarchical_section,128,32,0.118840,nomic_ai_nomic_embed_text_v1.5_hierarchical_section_c128_o32/results/nomic-ai__nomic-embed-text-v1.5_b0753ae76394dd36bcfb912a46018088bca48be0/nomic-ai__nomic-embed-text-v1.5/b0753ae76394dd36bcfb912a46018088bca48be0
BAAI_bge_large_en_v1.5,recursive_token,128,16,0.118610,BAAI_bge_large_en_v1.5_recursive_token_c128_o16/results/BAAI__bge-large-en-v1.5_d4aa6901d3a41ba39fb536a557fa166f842b0e09/BAAI__bge-large-en-v1.5/d4aa6901d3a41ba39fb536a557fa166f842b0e09
intfloat_e5_base,recursive_token,128,16,0.118390,intfloat_e5_base_recursive_token_c128_o16/results/intfloat__e5-base_b533fe4636f4a2507c08ddab40644d20b0006d6a/intfloat__e5-base/b533fe4636f4a2507c08ddab40644d20b0006d6a
BAAI_bge_base_en_v1.5,semantic_fixed,128,16,0.118320,BAAI_bge_base_en_v1.5_semantic_fixed_c128_o16/results/BAAI__bge-base-en-v1.5_a5beb1e3e68b9ab74eb54cfd186867f64f240e1a/BAAI__bge-base-en-v1.5/a5beb1e3e68b9ab74eb54cfd186867f64f240e1a
BAAI_bge_base_en_v1.5,fixed_token,128,16,0.118070,BAAI_bge_base_en_v1.5_fixed_token_c128_o16/results/BAAI__bge-base-en-v1.5_a5beb1e3e68b9ab74eb54cfd186867f64f240e1a/BAAI__bge-base-en-v1.5/a5beb1e3e68b9ab74eb54cfd186867f64f240e1a
intfloat_e5_small,semantic_fixed,128,16,0.117990,intfloat_e5_small_semantic_fixed_c128_o16/results/intfloat__e5-small_e272f3049e853b47cb5ca3952268c6662abda68f/intfloat__e5-small/e272f3049e853b47cb5ca3952268c6662abda68f
nomic_ai_nomic_embed_text_v1.5,recursive_token,128,16,0.117990,nomic_ai_nomic_embed_text_v1.5_recursive_token_c128_o16/results/nomic-ai__nomic-embed-text-v1.5_b0753ae76394dd36bcfb912a46018088bca48be0/nomic-ai__nomic-embed-text-v1.5/b0753ae76394dd36bcfb912a46018088bca48be0
BAAI_bge_large_en_v1.5,recursive_token,128,32,0.117570,BAAI_bge_large_en_v1.5_recursive_token_c128_o32/results/BAAI__bge-large-en-v1.5_d4aa6901d3a41ba39fb536a557fa166f842b0e09/BAAI__bge-large-en-v1.5/d4aa6901d3a41ba39fb536a557fa166f842b0e09
nomic_ai_nomic_embed_text_v1.5,recursive_token,128,32,0.117460,nomic_ai_nomic_embed_text_v1.5_recursive_token_c128_o32/results/nomic-ai__nomic-embed-text-v1.5_b0753ae76394dd36bcfb912a46018088bca48be0/nomic-ai__nomic-embed-text-v1.5/b0753ae76394dd36bcfb912a46018088bca48be0
BAAI_bge_base_en_v1.5,recursive_token,128,16,0.117330,BAAI_bge_base_en_v1.5_recursive_token_c128_o16/results/BAAI__bge-base-en-v1.5_a5beb1e3e68b9ab74eb54cfd186867f64f240e1a/BAAI__bge-base-en-v1.5/a5beb1e3e68b9ab74eb54cfd186867f64f240e1a
intfloat_e5_large,fixed_token,128,32,0.117140,intfloat_e5_large_fixed_token_c128_o32/results/intfloat__e5-large_4dc6d853a804b9c8886ede6dda8a073b7dc08a81/intfloat__e5-large/4dc6d853a804b9c8886ede6dda8a073b7dc08a81
BAAI_bge_base_en_v1.5,hierarchical_section,128,32,0.116350,BAAI_bge_base_en_v1.5_hierarchical_section_c128_o32/results/BAAI__bge-base-en-v1.5_a5beb1e3e68b9ab74eb54cfd186867f64f240e1a/BAAI__bge-base-en-v1.5/a5beb1e3e68b9ab74eb54cfd186867f64f240e1a
nomic_ai_nomic_embed_text_v1.5,fixed_token,128,32,0.116090,nomic_ai_nomic_embed_text_v1.5_fixed_token_c128_o32/results/nomic-ai__nomic-embed-text-v1.5_b0753ae76394dd36bcfb912a46018088bca48be0/nomic-ai__nomic-embed-text-v1.5/b0753ae76394dd36bcfb912a46018088bca48be0
intfloat_e5_base,recursive_token,128,32,0.115640,intfloat_e5_base_recursive_token_c128_o32/results/intfloat__e5-base_b533fe4636f4a2507c08ddab40644d20b0006d6a/intfloat__e5-base/b533fe4636f4a2507c08ddab40644d20b0006d6a
intfloat_multilingual_e5_base,semantic_recursive,128,0,0.115530,intfloat_multilingual_e5_base_semantic_recursive_c128_o0/results/intfloat__multilingual-e5-base_d13f1b27baf31030b7fd040960d60d909913633f/intfloat__multilingual-e5-base/d13f1b27baf31030b7fd040960d60d909913633f
intfloat_e5_small,recursive_token,128,32,0.115390,intfloat_e5_small_recursive_token_c128_o32/results/intfloat__e5-small_e272f3049e853b47cb5ca3952268c6662abda68f/intfloat__e5-small/e272f3049e853b47cb5ca3952268c6662abda68f
intfloat_e5_base,semantic_fixed,128,16,0.115100,intfloat_e5_base_semantic_fixed_c128_o16/results/intfloat__e5-base_b533fe4636f4a2507c08ddab40644d20b0006d6a/intfloat__e5-base/b533fe4636f4a2507c08ddab40644d20b0006d6a
BAAI_bge_base_en_v1.5,recursive_token,128,32,0.114590,BAAI_bge_base_en_v1.5_recursive_token_c128_o32/results/BAAI__bge-base-en-v1.5_a5beb1e3e68b9ab74eb54cfd186867f64f240e1a/BAAI__bge-base-en-v1.5/a5beb1e3e68b9ab74eb54cfd186867f64f240e1a
intfloat_e5_large,semantic_fixed,128,32,0.114190,intfloat_e5_large_semantic_fixed_c128_o32/results/intfloat__e5-large_4dc6d853a804b9c8886ede6dda8a073b7dc08a81/intfloat__e5-large/4dc6d853a804b9c8886ede6dda8a073b7dc08a81
BAAI_bge_large_en_v1.5,semantic_recursive,128,0,0.114070,BAAI_bge_large_en_v1.5_semantic_recursive_c128_o0/results/BAAI__bge-large-en-v1.5_d4aa6901d3a41ba39fb536a557fa166f842b0e09/BAAI__bge-large-en-v1.5/d4aa6901d3a41ba39fb536a557fa166f842b0e09
intfloat_multilingual_e5_base,semantic_fixed,128,16,0.113730,intfloat_multilingual_e5_base_semantic_fixed_c128_o16/results/intfloat__multilingual-e5-base_d13f1b27baf31030b7fd040960d60d909913633f/intfloat__multilingual-e5-base/d13f1b27baf31030b7fd040960d60d909913633f
intfloat_e5_base,hierarchical_section,128,32,0.113640,intfloat_e5_base_hierarchical_section_c128_o32/results/intfloat__e5-base_b533fe4636f4a2507c08ddab40644d20b0006d6a/intfloat__e5-base/b533fe4636f4a2507c08ddab40644d20b0006d6a
intfloat_multilingual_e5_base,semantic_recursive,128,16,0.113540,intfloat_multilingual_e5_base_semantic_recursive_c128_o16/results/intfloat__multilingual-e5-base_d13f1b27baf31030b7fd040960d60d909913633f/intfloat__multilingual-e5-base/d13f1b27baf31030b7fd040960d60d909913633f
intfloat_e5_small,hierarchical_section,128,32,0.113160,intfloat_e5_small_hierarchical_section_c128_o32/results/intfloat__e5-small_e272f3049e853b47cb5ca3952268c6662abda68f/intfloat__e5-small/e272f3049e853b47cb5ca3952268c6662abda68f
intfloat_e5_small,semantic_recursive,128,0,0.113150,intfloat_e5_small_semantic_recursive_c128_o0/results/intfloat__e5-small_e272f3049e853b47cb5ca3952268c6662abda68f/intfloat__e5-small/e272f3049e853b47cb5ca3952268c6662abda68f
intfloat_multilingual_e5_base,fixed_token,128,16,0.112480,intfloat_multilingual_e5_base_fixed_token_c128_o16/results/intfloat__multilingual-e5-base_d13f1b27baf31030b7fd040960d60d909913633f/intfloat__multilingual-e5-base/d13f1b27baf31030b7fd040960d60d909913633f
intfloat_multilingual_e5_base,hierarchical_section,128,32,0.112330,intfloat_multilingual_e5_base_hierarchical_section_c128_o32/results/intfloat__multilingual-e5-base_d13f1b27baf31030b7fd040960d60d909913633f/intfloat__multilingual-e5-base/d13f1b27baf31030b7fd040960d60d909913633f
BAAI_bge_large_en_v1.5,semantic_recursive,128,16,0.111910,BAAI_bge_large_en_v1.5_semantic_recursive_c128_o16/results/BAAI__bge-large-en-v1.5_d4aa6901d3a41ba39fb536a557fa166f842b0e09/BAAI__bge-large-en-v1.5/d4aa6901d3a41ba39fb536a557fa166f842b0e09
intfloat_e5_small,semantic_recursive,128,16,0.111840,intfloat_e5_small_semantic_recursive_c128_o16/results/intfloat__e5-small_e272f3049e853b47cb5ca3952268c6662abda68f/intfloat__e5-small/e272f3049e853b47cb5ca3952268c6662abda68f
intfloat_e5_base,fixed_token,128,32,0.111630,intfloat_e5_base_fixed_token_c128_o32/results/intfloat__e5-base_b533fe4636f4a2507c08ddab40644d20b0006d6a/intfloat__e5-base/b533fe4636f4a2507c08ddab40644d20b0006d6a
intfloat_multilingual_e5_base,recursive_token,128,0,0.111110,intfloat_multilingual_e5_base_recursive_token_c128_o0/results/intfloat__multilingual-e5-base_d13f1b27baf31030b7fd040960d60d909913633f/intfloat__multilingual-e5-base/d13f1b27baf31030b7fd040960d60d909913633f
BAAI_bge_large_en_v1.5,semantic_recursive,128,32,0.110510,BAAI_bge_large_en_v1.5_semantic_recursive_c128_o32/results/BAAI__bge-large-en-v1.5_d4aa6901d3a41ba39fb536a557fa166f842b0e09/BAAI__bge-large-en-v1.5/d4aa6901d3a41ba39fb536a557fa166f842b0e09
BAAI_bge_base_en_v1.5,semantic_recursive,128,16,0.110470,BAAI_bge_base_en_v1.5_semantic_recursive_c128_o16/results/BAAI__bge-base-en-v1.5_a5beb1e3e68b9ab74eb54cfd186867f64f240e1a/BAAI__bge-base-en-v1.5/a5beb1e3e68b9ab74eb54cfd186867f64f240e1a
intfloat_multilingual_e5_base,recursive_token,128,16,0.110130,intfloat_multilingual_e5_base_recursive_token_c128_o16/results/intfloat__multilingual-e5-base_d13f1b27baf31030b7fd040960d60d909913633f/intfloat__multilingual-e5-base/d13f1b27baf31030b7fd040960d60d909913633f
BAAI_bge_large_en_v1.5,fixed_token,128,32,0.110040,BAAI_bge_large_en_v1.5_fixed_token_c128_o32/results/BAAI__bge-large-en-v1.5_d4aa6901d3a41ba39fb536a557fa166f842b0e09/BAAI__bge-large-en-v1.5/d4aa6901d3a41ba39fb536a557fa166f842b0e09
BAAI_bge_large_en_v1.5,semantic_fixed,128,32,0.110040,BAAI_bge_large_en_v1.5_semantic_fixed_c128_o32/results/BAAI__bge-large-en-v1.5_d4aa6901d3a41ba39fb536a557fa166f842b0e09/BAAI__bge-large-en-v1.5/d4aa6901d3a41ba39fb536a557fa166f842b0e09
intfloat_multilingual_e5_base,semantic_recursive,128,32,0.109610,intfloat_multilingual_e5_base_semantic_recursive_c128_o32/results/intfloat__multilingual-e5-base_d13f1b27baf31030b7fd040960d60d909913633f/intfloat__multilingual-e5-base/d13f1b27baf31030b7fd040960d60d909913633f
BAAI_bge_base_en_v1.5,semantic_recursive,128,0,0.109240,BAAI_bge_base_en_v1.5_semantic_recursive_c128_o0/results/BAAI__bge-base-en-v1.5_a5beb1e3e68b9ab74eb54cfd186867f64f240e1a/BAAI__bge-base-en-v1.5/a5beb1e3e68b9ab74eb54cfd186867f64f240e1a
intfloat_e5_base,semantic_recursive,128,0,0.109090,intfloat_e5_base_semantic_recursive_c128_o0/results/intfloat__e5-base_b533fe4636f4a2507c08ddab40644d20b0006d6a/intfloat__e5-base/b533fe4636f4a2507c08ddab40644d20b0006d6a
intfloat_e5_small,fixed_token,128,32,0.108310,intfloat_e5_small_fixed_token_c128_o32/results/intfloat__e5-small_e272f3049e853b47cb5ca3952268c6662abda68f/intfloat__e5-small/e272f3049e853b47cb5ca3952268c6662abda68f
intfloat_e5_small,semantic_recursive,128,32,0.108190,intfloat_e5_small_semantic_recursive_c128_o32/results/intfloat__e5-small_e272f3049e853b47cb5ca3952268c6662abda68f/intfloat__e5-small/e272f3049e853b47cb5ca3952268c6662abda68f
intfloat_e5_base,semantic_recursive,128,16,0.108180,intfloat_e5_base_semantic_recursive_c128_o16/results/intfloat__e5-base_b533fe4636f4a2507c08ddab40644d20b0006d6a/intfloat__e5-base/b533fe4636f4a2507c08ddab40644d20b0006d6a
intfloat_e5_small,semantic_fixed,128,32,0.107930,intfloat_e5_small_semantic_fixed_c128_o32/results/intfloat__e5-small_e272f3049e853b47cb5ca3952268c6662abda68f/intfloat__e5-small/e272f3049e853b47cb5ca3952268c6662abda68f
BAAI_bge_base_en_v1.5,semantic_recursive,128,32,0.107570,BAAI_bge_base_en_v1.5_semantic_recursive_c128_o32/results/BAAI__bge-base-en-v1.5_a5beb1e3e68b9ab74eb54cfd186867f64f240e1a/BAAI__bge-base-en-v1.5/a5beb1e3e68b9ab74eb54cfd186867f64f240e1a
BAAI_bge_base_en_v1.5,semantic_fixed,128,32,0.106980,BAAI_bge_base_en_v1.5_semantic_fixed_c128_o32/results/BAAI__bge-base-en-v1.5_a5beb1e3e68b9ab74eb54cfd186867f64f240e1a/BAAI__bge-base-en-v1.5/a5beb1e3e68b9ab74eb54cfd186867f64f240e1a
BAAI_bge_base_en_v1.5,fixed_token,128,32,0.106760,BAAI_bge_base_en_v1.5_fixed_token_c128_o32/results/BAAI__bge-base-en-v1.5_a5beb1e3e68b9ab74eb54cfd186867f64f240e1a/BAAI__bge-base-en-v1.5/a5beb1e3e68b9ab74eb54cfd186867f64f240e1a
intfloat_e5_base,semantic_fixed,128,32,0.106500,intfloat_e5_base_semantic_fixed_c128_o32/results/intfloat__e5-base_b533fe4636f4a2507c08ddab40644d20b0006d6a/intfloat__e5-base/b533fe4636f4a2507c08ddab40644d20b0006d6a
intfloat_e5_base,semantic_recursive,128,32,0.105940,intfloat_e5_base_semantic_recursive_c128_o32/results/intfloat__e5-base_b533fe4636f4a2507c08ddab40644d20b0006d6a/intfloat__e5-base/b533fe4636f4a2507c08ddab40644d20b0006d6a
intfloat_multilingual_e5_base,semantic_fixed,128,32,0.103630,intfloat_multilingual_e5_base_semantic_fixed_c128_o32/results/intfloat__multilingual-e5-base_d13f1b27baf31030b7fd040960d60d909913633f/intfloat__multilingual-e5-base/d13f1b27baf31030b7fd040960d60d909913633f
intfloat_multilingual_e5_base,recursive_token,128,32,0.103550,intfloat_multilingual_e5_base_recursive_token_c128_o32/results/intfloat__multilingual-e5-base_d13f1b27baf31030b7fd040960d60d909913633f/intfloat__multilingual-e5-base/d13f1b27baf31030b7fd040960d60d909913633f
intfloat_multilingual_e5_base,fixed_token,128,32,0.101320,intfloat_multilingual_e5_base_fixed_token_c128_o32/results/intfloat__multilingual-e5-base_d13f1b27baf31030b7fd040960d60d909913633f/intfloat__multilingual-e5-base/d13f1b27baf31030b7fd040960d60d909913633f
