model_name,chunker,token_size,overlap,precision_at_1,rel_path
BAAI_bge_base_en_v1.5,semantic_fixed,448,0,0.356090,BAAI_bge_base_en_v1.5_semantic_fixed_c448_o0/results/BAAI__bge-base-en-v1.5_a5beb1e3e68b9ab74eb54cfd186867f64f240e1a/BAAI__bge-base-en-v1.5/a5beb1e3e68b9ab74eb54cfd186867f64f240e1a
nomic_ai_nomic_embed_text_v1,fixed_token,448,16,0.347690,nomic_ai_nomic_embed_text_v1_fixed_token_c448_o16/results/nomic-ai__nomic-embed-text-v1_0759316f275aa0cb93a5b830973843ca66babcf5/nomic-ai__nomic-embed-text-v1/0759316f275aa0cb93a5b830973843ca66babcf5
BAAI_bge_large_en_v1.5,semantic_fixed,448,0,0.345590,BAAI_bge_large_en_v1.5_semantic_fixed_c448_o0/results/BAAI__bge-large-en-v1.5_d4aa6901d3a41ba39fb536a557fa166f842b0e09/BAAI__bge-large-en-v1.5/d4aa6901d3a41ba39fb536a557fa166f842b0e09
BAAI_bge_large_en_v1.5,semantic_fixed,448,32,0.345590,BAAI_bge_large_en_v1.5_semantic_fixed_c448_o32/results/BAAI__bge-large-en-v1.5_d4aa6901d3a41ba39fb536a557fa166f842b0e09/BAAI__bge-large-en-v1.5/d4aa6901d3a41ba39fb536a557fa166f842b0e09
intfloat_e5_small,semantic_fixed,448,32,0.345590,intfloat_e5_small_semantic_fixed_c448_o32/results/intfloat__e5-small_e272f3049e853b47cb5ca3952268c6662abda68f/intfloat__e5-small/e272f3049e853b47cb5ca3952268c6662abda68f
intfloat_e5_small,semantic_fixed,448,0,0.344540,intfloat_e5_small_semantic_fixed_c448_o0/results/intfloat__e5-small_e272f3049e853b47cb5ca3952268c6662abda68f/intfloat__e5-small/e272f3049e853b47cb5ca3952268c6662abda68f
BAAI_bge_large_en_v1.5,semantic_fixed,448,48,0.340340,BAAI_bge_large_en_v1.5_semantic_fixed_c448_o48/results/BAAI__bge-large-en-v1.5_d4aa6901d3a41ba39fb536a557fa166f842b0e09/BAAI__bge-large-en-v1.5/d4aa6901d3a41ba39fb536a557fa166f842b0e09
BAAI_bge_large_en_v1.5,semantic_fixed,448,16,0.338240,BAAI_bge_large_en_v1.5_semantic_fixed_c448_o16/results/BAAI__bge-large-en-v1.5_d4aa6901d3a41ba39fb536a557fa166f842b0e09/BAAI__bge-large-en-v1.5/d4aa6901d3a41ba39fb536a557fa166f842b0e09
intfloat_multilingual_e5_base,semantic_fixed,448,0,0.338240,intfloat_multilingual_e5_base_semantic_fixed_c448_o0/results/intfloat__multilingual-e5-base_d13f1b27baf31030b7fd040960d60d909913633f/intfloat__multilingual-e5-base/d13f1b27baf31030b7fd040960d60d909913633f
BAAI_bge_large_en_v1.5,recursive_token,448,32,0.337180,BAAI_bge_large_en_v1.5_recursive_token_c448_o32/results/BAAI__bge-large-en-v1.5_d4aa6901d3a41ba39fb536a557fa166f842b0e09/BAAI__bge-large-en-v1.5/d4aa6901d3a41ba39fb536a557fa166f842b0e09
nomic_ai_nomic_embed_text_v1,fixed_token,448,0,0.336130,nomic_ai_nomic_embed_text_v1_fixed_token_c448_o0/results/nomic-ai__nomic-embed-text-v1_0759316f275aa0cb93a5b830973843ca66babcf5/nomic-ai__nomic-embed-text-v1/0759316f275aa0cb93a5b830973843ca66babcf5
intfloat_e5_small,fixed_token,448,16,0.331930,intfloat_e5_small_fixed_token_c448_o16/results/intfloat__e5-small_e272f3049e853b47cb5ca3952268c6662abda68f/intfloat__e5-small/e272f3049e853b47cb5ca3952268c6662abda68f
nomic_ai_nomic_embed_text_v1.5,fixed_token,448,16,0.331930,nomic_ai_nomic_embed_text_v1.5_fixed_token_c448_o16/results/nomic-ai__nomic-embed-text-v1.5_b0753ae76394dd36bcfb912a46018088bca48be0/nomic-ai__nomic-embed-text-v1.5/b0753ae76394dd36bcfb912a46018088bca48be0
BAAI_bge_base_en_v1.5,semantic_fixed,448,16,0.330880,BAAI_bge_base_en_v1.5_semantic_fixed_c448_o16/results/BAAI__bge-base-en-v1.5_a5beb1e3e68b9ab74eb54cfd186867f64f240e1a/BAAI__bge-base-en-v1.5/a5beb1e3e68b9ab74eb54cfd186867f64f240e1a
BAAI_bge_large_en_v1.5,fixed_token,448,48,0.330880,BAAI_bge_large_en_v1.5_fixed_token_c448_o48/results/BAAI__bge-large-en-v1.5_d4aa6901d3a41ba39fb536a557fa166f842b0e09/BAAI__bge-large-en-v1.5/d4aa6901d3a41ba39fb536a557fa166f842b0e09
BAAI_bge_large_en_v1.5,semantic_fixed,448,64,0.330880,BAAI_bge_large_en_v1.5_semantic_fixed_c448_o64/results/BAAI__bge-large-en-v1.5_d4aa6901d3a41ba39fb536a557fa166f842b0e09/BAAI__bge-large-en-v1.5/d4aa6901d3a41ba39fb536a557fa166f842b0e09
nomic_ai_nomic_embed_text_v1,recursive_token,448,16,0.330880,nomic_ai_nomic_embed_text_v1_recursive_token_c448_o16/results/nomic-ai__nomic-embed-text-v1_0759316f275aa0cb93a5b830973843ca66babcf5/nomic-ai__nomic-embed-text-v1/0759316f275aa0cb93a5b830973843ca66babcf5
BAAI_bge_base_en_v1.5,semantic_fixed,448,32,0.329830,BAAI_bge_base_en_v1.5_semantic_fixed_c448_o32/results/BAAI__bge-base-en-v1.5_a5beb1e3e68b9ab74eb54cfd186867f64f240e1a/BAAI__bge-base-en-v1.5/a5beb1e3e68b9ab74eb54cfd186867f64f240e1a
nomic_ai_nomic_embed_text_v1,recursive_token,448,0,0.329830,nomic_ai_nomic_embed_text_v1_recursive_token_c448_o0/results/nomic-ai__nomic-embed-text-v1_0759316f275aa0cb93a5b830973843ca66babcf5/nomic-ai__nomic-embed-text-v1/0759316f275aa0cb93a5b830973843ca66babcf5
BAAI_bge_base_en_v1.5,recursive_token,448,32,0.328780,BAAI_bge_base_en_v1.5_recursive_token_c448_o32/results/BAAI__bge-base-en-v1.5_a5beb1e3e68b9ab74eb54cfd186867f64f240e1a/BAAI__bge-base-en-v1.5/a5beb1e3e68b9ab74eb54cfd186867f64f240e1a
nomic_ai_nomic_embed_text_v1,hierarchical_section,448,32,0.328780,nomic_ai_nomic_embed_text_v1_hierarchical_section_c448_o32/results/nomic-ai__nomic-embed-text-v1_0759316f275aa0cb93a5b830973843ca66babcf5/nomic-ai__nomic-embed-text-v1/0759316f275aa0cb93a5b830973843ca66babcf5
intfloat_e5_base,recursive_token,448,48,0.327730,intfloat_e5_base_recursive_token_c448_o48/results/intfloat__e5-base_b533fe4636f4a2507c08ddab40644d20b0006d6a/intfloat__e5-base/b533fe4636f4a2507c08ddab40644d20b0006d6a
intfloat_e5_small,recursive_token,448,0,0.327730,intfloat_e5_small_recursive_token_c448_o0/results/intfloat__e5-small_e272f3049e853b47cb5ca3952268c6662abda68f/intfloat__e5-small/e272f3049e853b47cb5ca3952268c6662abda68f
intfloat_e5_small,semantic_fixed,448,16,0.327730,intfloat_e5_small_semantic_fixed_c448_o16/results/intfloat__e5-small_e272f3049e853b47cb5ca3952268c6662abda68f/intfloat__e5-small/e272f3049e853b47cb5ca3952268c6662abda68f
intfloat_e5_small,fixed_token,448,0,0.326680,intfloat_e5_small_fixed_token_c448_o0/results/intfloat__e5-small_e272f3049e853b47cb5ca3952268c6662abda68f/intfloat__e5-small/e272f3049e853b47cb5ca3952268c6662abda68f
intfloat_e5_base,fixed_token,448,16,0.325630,intfloat_e5_base_fixed_token_c448_o16/results/intfloat__e5-base_b533fe4636f4a2507c08ddab40644d20b0006d6a/intfloat__e5-base/b533fe4636f4a2507c08ddab40644d20b0006d6a
nomic_ai_nomic_embed_text_v1,fixed_token,448,32,0.325630,nomic_ai_nomic_embed_text_v1_fixed_token_c448_o32/results/nomic-ai__nomic-embed-text-v1_0759316f275aa0cb93a5b830973843ca66babcf5/nomic-ai__nomic-embed-text-v1/0759316f275aa0cb93a5b830973843ca66babcf5
BAAI_bge_large_en_v1.5,fixed_token,448,16,0.324580,BAAI_bge_large_en_v1.5_fixed_token_c448_o16/results/BAAI__bge-large-en-v1.5_d4aa6901d3a41ba39fb536a557fa166f842b0e09/BAAI__bge-large-en-v1.5/d4aa6901d3a41ba39fb536a557fa166f842b0e09
intfloat_e5_base,fixed_token,448,0,0.324580,intfloat_e5_base_fixed_token_c448_o0/results/intfloat__e5-base_b533fe4636f4a2507c08ddab40644d20b0006d6a/intfloat__e5-base/b533fe4636f4a2507c08ddab40644d20b0006d6a
nomic_ai_nomic_embed_text_v1,recursive_token,448,32,0.324580,nomic_ai_nomic_embed_text_v1_recursive_token_c448_o32/results/nomic-ai__nomic-embed-text-v1_0759316f275aa0cb93a5b830973843ca66babcf5/nomic-ai__nomic-embed-text-v1/0759316f275aa0cb93a5b830973843ca66babcf5
nomic_ai_nomic_embed_text_v1.5,hierarchical_section,448,32,0.324580,nomic_ai_nomic_embed_text_v1.5_hierarchical_section_c448_o32/results/nomic-ai__nomic-embed-text-v1.5_b0753ae76394dd36bcfb912a46018088bca48be0/nomic-ai__nomic-embed-text-v1.5/b0753ae76394dd36bcfb912a46018088bca48be0
BAAI_bge_base_en_v1.5,fixed_token,448,32,0.323530,BAAI_bge_base_en_v1.5_fixed_token_c448_o32/results/BAAI__bge-base-en-v1.5_a5beb1e3e68b9ab74eb54cfd186867f64f240e1a/BAAI__bge-base-en-v1.5/a5beb1e3e68b9ab74eb54cfd186867f64f240e1a
intfloat_multilingual_e5_base,semantic_fixed,448,16,0.323530,intfloat_multilingual_e5_base_semantic_fixed_c448_o16/results/intfloat__multilingual-e5-base_d13f1b27baf31030b7fd040960d60d909913633f/intfloat__multilingual-e5-base/d13f1b27baf31030b7fd040960d60d909913633f
nomic_ai_nomic_embed_text_v1.5,fixed_token,448,0,0.323530,nomic_ai_nomic_embed_text_v1.5_fixed_token_c448_o0/results/nomic-ai__nomic-embed-text-v1.5_b0753ae76394dd36bcfb912a46018088bca48be0/nomic-ai__nomic-embed-text-v1.5/b0753ae76394dd36bcfb912a46018088bca48be0
BAAI_bge_base_en_v1.5,fixed_token,448,0,0.322480,BAAI_bge_base_en_v1.5_fixed_token_c448_o0/results/BAAI__bge-base-en-v1.5_a5beb1e3e68b9ab74eb54cfd186867f64f240e1a/BAAI__bge-base-en-v1.5/a5beb1e3e68b9ab74eb54cfd186867f64f240e1a
BAAI_bge_large_en_v1.5,fixed_token,448,64,0.322480,BAAI_bge_large_en_v1.5_fixed_token_c448_o64/results/BAAI__bge-large-en-v1.5_d4aa6901d3a41ba39fb536a557fa166f842b0e09/BAAI__bge-large-en-v1.5/d4aa6901d3a41ba39fb536a557fa166f842b0e09
BAAI_bge_large_en_v1.5,hierarchical_section,448,0,0.322480,BAAI_bge_large_en_v1.5_hierarchical_section_c448_o0/results/BAAI__bge-large-en-v1.5_d4aa6901d3a41ba39fb536a557fa166f842b0e09/BAAI__bge-large-en-v1.5/d4aa6901d3a41ba39fb536a557fa166f842b0e09
intfloat_e5_base,fixed_token,448,64,0.322480,intfloat_e5_base_fixed_token_c448_o64/results/intfloat__e5-base_b533fe4636f4a2507c08ddab40644d20b0006d6a/intfloat__e5-base/b533fe4636f4a2507c08ddab40644d20b0006d6a
nomic_ai_nomic_embed_text_v1,recursive_token,448,48,0.322480,nomic_ai_nomic_embed_text_v1_recursive_token_c448_o48/results/nomic-ai__nomic-embed-text-v1_0759316f275aa0cb93a5b830973843ca66babcf5/nomic-ai__nomic-embed-text-v1/0759316f275aa0cb93a5b830973843ca66babcf5
nomic_ai_nomic_embed_text_v1.5,fixed_token,448,48,0.322480,nomic_ai_nomic_embed_text_v1.5_fixed_token_c448_o48/results/nomic-ai__nomic-embed-text-v1.5_b0753ae76394dd36bcfb912a46018088bca48be0/nomic-ai__nomic-embed-text-v1.5/b0753ae76394dd36bcfb912a46018088bca48be0
nomic_ai_nomic_embed_text_v1.5,recursive_token,448,32,0.322480,nomic_ai_nomic_embed_text_v1.5_recursive_token_c448_o32/results/nomic-ai__nomic-embed-text-v1.5_b0753ae76394dd36bcfb912a46018088bca48be0/nomic-ai__nomic-embed-text-v1.5/b0753ae76394dd36bcfb912a46018088bca48be0
intfloat_e5_base,fixed_token,448,48,0.321430,intfloat_e5_base_fixed_token_c448_o48/results/intfloat__e5-base_b533fe4636f4a2507c08ddab40644d20b0006d6a/intfloat__e5-base/b533fe4636f4a2507c08ddab40644d20b0006d6a
intfloat_e5_small,recursive_token,448,32,0.321430,intfloat_e5_small_recursive_token_c448_o32/results/intfloat__e5-small_e272f3049e853b47cb5ca3952268c6662abda68f/intfloat__e5-small/e272f3049e853b47cb5ca3952268c6662abda68f
nomic_ai_nomic_embed_text_v1,fixed_token,448,48,0.321430,nomic_ai_nomic_embed_text_v1_fixed_token_c448_o48/results/nomic-ai__nomic-embed-text-v1_0759316f275aa0cb93a5b830973843ca66babcf5/nomic-ai__nomic-embed-text-v1/0759316f275aa0cb93a5b830973843ca66babcf5
BAAI_bge_base_en_v1.5,recursive_token,448,48,0.320380,BAAI_bge_base_en_v1.5_recursive_token_c448_o48/results/BAAI__bge-base-en-v1.5_a5beb1e3e68b9ab74eb54cfd186867f64f240e1a/BAAI__bge-base-en-v1.5/a5beb1e3e68b9ab74eb54cfd186867f64f240e1a
BAAI_bge_large_en_v1.5,fixed_token,448,0,0.320380,BAAI_bge_large_en_v1.5_fixed_token_c448_o0/results/BAAI__bge-large-en-v1.5_d4aa6901d3a41ba39fb536a557fa166f842b0e09/BAAI__bge-large-en-v1.5/d4aa6901d3a41ba39fb536a557fa166f842b0e09
BAAI_bge_large_en_v1.5,fixed_token,448,32,0.320380,BAAI_bge_large_en_v1.5_fixed_token_c448_o32/results/BAAI__bge-large-en-v1.5_d4aa6901d3a41ba39fb536a557fa166f842b0e09/BAAI__bge-large-en-v1.5/d4aa6901d3a41ba39fb536a557fa166f842b0e09
nomic_ai_nomic_embed_text_v1.5,recursive_token,448,0,0.319330,nomic_ai_nomic_embed_text_v1.5_recursive_token_c448_o0/results/nomic-ai__nomic-embed-text-v1.5_b0753ae76394dd36bcfb912a46018088bca48be0/nomic-ai__nomic-embed-text-v1.5/b0753ae76394dd36bcfb912a46018088bca48be0
BAAI_bge_large_en_v1.5,hierarchical_section,384,0,0.318280,BAAI_bge_large_en_v1.5_hierarchical_section_c384_o0/results/BAAI__bge-large-en-v1.5_d4aa6901d3a41ba39fb536a557fa166f842b0e09/BAAI__bge-large-en-v1.5/d4aa6901d3a41ba39fb536a557fa166f842b0e09
intfloat_e5_small,semantic_fixed,448,48,0.318280,intfloat_e5_small_semantic_fixed_c448_o48/results/intfloat__e5-small_e272f3049e853b47cb5ca3952268c6662abda68f/intfloat__e5-small/e272f3049e853b47cb5ca3952268c6662abda68f
BAAI_bge_base_en_v1.5,fixed_token,448,48,0.317230,BAAI_bge_base_en_v1.5_fixed_token_c448_o48/results/BAAI__bge-base-en-v1.5_a5beb1e3e68b9ab74eb54cfd186867f64f240e1a/BAAI__bge-base-en-v1.5/a5beb1e3e68b9ab74eb54cfd186867f64f240e1a
intfloat_e5_base,recursive_token,448,32,0.317230,intfloat_e5_base_recursive_token_c448_o32/results/intfloat__e5-base_b533fe4636f4a2507c08ddab40644d20b0006d6a/intfloat__e5-base/b533fe4636f4a2507c08ddab40644d20b0006d6a
intfloat_e5_small,fixed_token,448,32,0.317230,intfloat_e5_small_fixed_token_c448_o32/results/intfloat__e5-small_e272f3049e853b47cb5ca3952268c6662abda68f/intfloat__e5-small/e272f3049e853b47cb5ca3952268c6662abda68f
BAAI_bge_base_en_v1.5,hierarchical_section,448,0,0.316180,BAAI_bge_base_en_v1.5_hierarchical_section_c448_o0/results/BAAI__bge-base-en-v1.5_a5beb1e3e68b9ab74eb54cfd186867f64f240e1a/BAAI__bge-base-en-v1.5/a5beb1e3e68b9ab74eb54cfd186867f64f240e1a
BAAI_bge_large_en_v1.5,recursive_token,448,0,0.316180,BAAI_bge_large_en_v1.5_recursive_token_c448_o0/results/BAAI__bge-large-en-v1.5_d4aa6901d3a41ba39fb536a557fa166f842b0e09/BAAI__bge-large-en-v1.5/d4aa6901d3a41ba39fb536a557fa166f842b0e09
intfloat_e5_small,recursive_token,448,48,0.316180,intfloat_e5_small_recursive_token_c448_o48/results/intfloat__e5-small_e272f3049e853b47cb5ca3952268c6662abda68f/intfloat__e5-small/e272f3049e853b47cb5ca3952268c6662abda68f
intfloat_e5_small,semantic_fixed,384,0,0.316180,intfloat_e5_small_semantic_fixed_c384_o0/results/intfloat__e5-small_e272f3049e853b47cb5ca3952268c6662abda68f/intfloat__e5-small/e272f3049e853b47cb5ca3952268c6662abda68f
intfloat_multilingual_e5_base,hierarchical_section,448,16,0.316180,intfloat_multilingual_e5_base_hierarchical_section_c448_o16/results/intfloat__multilingual-e5-base_d13f1b27baf31030b7fd040960d60d909913633f/intfloat__multilingual-e5-base/d13f1b27baf31030b7fd040960d60d909913633f
nomic_ai_nomic_embed_text_v1,recursive_token,384,16,0.316180,nomic_ai_nomic_embed_text_v1_recursive_token_c384_o16/results/nomic-ai__nomic-embed-text-v1_0759316f275aa0cb93a5b830973843ca66babcf5/nomic-ai__nomic-embed-text-v1/0759316f275aa0cb93a5b830973843ca66babcf5
BAAI_bge_large_en_v1.5,recursive_token,448,48,0.315130,BAAI_bge_large_en_v1.5_recursive_token_c448_o48/results/BAAI__bge-large-en-v1.5_d4aa6901d3a41ba39fb536a557fa166f842b0e09/BAAI__bge-large-en-v1.5/d4aa6901d3a41ba39fb536a557fa166f842b0e09
intfloat_e5_small,fixed_token,448,48,0.315130,intfloat_e5_small_fixed_token_c448_o48/results/intfloat__e5-small_e272f3049e853b47cb5ca3952268c6662abda68f/intfloat__e5-small/e272f3049e853b47cb5ca3952268c6662abda68f
intfloat_e5_small,hierarchical_section,448,32,0.315130,intfloat_e5_small_hierarchical_section_c448_o32/results/intfloat__e5-small_e272f3049e853b47cb5ca3952268c6662abda68f/intfloat__e5-small/e272f3049e853b47cb5ca3952268c6662abda68f
intfloat_multilingual_e5_base,fixed_token,448,0,0.315130,intfloat_multilingual_e5_base_fixed_token_c448_o0/results/intfloat__multilingual-e5-base_d13f1b27baf31030b7fd040960d60d909913633f/intfloat__multilingual-e5-base/d13f1b27baf31030b7fd040960d60d909913633f
nomic_ai_nomic_embed_text_v1.5,recursive_token,448,48,0.315130,nomic_ai_nomic_embed_text_v1.5_recursive_token_c448_o48/results/nomic-ai__nomic-embed-text-v1.5_b0753ae76394dd36bcfb912a46018088bca48be0/nomic-ai__nomic-embed-text-v1.5/b0753ae76394dd36bcfb912a46018088bca48be0
intfloat_e5_small,semantic_fixed,448,64,0.314080,intfloat_e5_small_semantic_fixed_c448_o64/results/intfloat__e5-small_e272f3049e853b47cb5ca3952268c6662abda68f/intfloat__e5-small/e272f3049e853b47cb5ca3952268c6662abda68f
intfloat_multilingual_e5_base,fixed_token,448,32,0.314080,intfloat_multilingual_e5_base_fixed_token_c448_o32/results/intfloat__multilingual-e5-base_d13f1b27baf31030b7fd040960d60d909913633f/intfloat__multilingual-e5-base/d13f1b27baf31030b7fd040960d60d909913633f
intfloat_multilingual_e5_base,semantic_fixed,448,32,0.314080,intfloat_multilingual_e5_base_semantic_fixed_c448_o32/results/intfloat__multilingual-e5-base_d13f1b27baf31030b7fd040960d60d909913633f/intfloat__multilingual-e5-base/d13f1b27baf31030b7fd040960d60d909913633f
BAAI_bge_large_en_v1.5,hierarchical_section,448,16,0.313030,BAAI_bge_large_en_v1.5_hierarchical_section_c448_o16/results/BAAI__bge-large-en-v1.5_d4aa6901d3a41ba39fb536a557fa166f842b0e09/BAAI__bge-large-en-v1.5/d4aa6901d3a41ba39fb536a557fa166f842b0e09
BAAI_bge_large_en_v1.5,recursive_token,448,16,0.313030,BAAI_bge_large_en_v1.5_recursive_token_c448_o16/results/BAAI__bge-large-en-v1.5_d4aa6901d3a41ba39fb536a557fa166f842b0e09/BAAI__bge-large-en-v1.5/d4aa6901d3a41ba39fb536a557fa166f842b0e09
intfloat_e5_base,recursive_token,448,64,0.313030,intfloat_e5_base_recursive_token_c448_o64/results/intfloat__e5-base_b533fe4636f4a2507c08ddab40644d20b0006d6a/intfloat__e5-base/b533fe4636f4a2507c08ddab40644d20b0006d6a
intfloat_multilingual_e5_base,semantic_fixed,448,64,0.313030,intfloat_multilingual_e5_base_semantic_fixed_c448_o64/results/intfloat__multilingual-e5-base_d13f1b27baf31030b7fd040960d60d909913633f/intfloat__multilingual-e5-base/d13f1b27baf31030b7fd040960d60d909913633f
intfloat_e5_small,hierarchical_section,448,0,0.311970,intfloat_e5_small_hierarchical_section_c448_o0/results/intfloat__e5-small_e272f3049e853b47cb5ca3952268c6662abda68f/intfloat__e5-small/e272f3049e853b47cb5ca3952268c6662abda68f
nomic_ai_nomic_embed_text_v1,hierarchical_section,448,0,0.311970,nomic_ai_nomic_embed_text_v1_hierarchical_section_c448_o0/results/nomic-ai__nomic-embed-text-v1_0759316f275aa0cb93a5b830973843ca66babcf5/nomic-ai__nomic-embed-text-v1/0759316f275aa0cb93a5b830973843ca66babcf5
BAAI_bge_base_en_v1.5,recursive_token,448,16,0.310920,BAAI_bge_base_en_v1.5_recursive_token_c448_o16/results/BAAI__bge-base-en-v1.5_a5beb1e3e68b9ab74eb54cfd186867f64f240e1a/BAAI__bge-base-en-v1.5/a5beb1e3e68b9ab74eb54cfd186867f64f240e1a
BAAI_bge_base_en_v1.5,semantic_fixed,448,48,0.310920,BAAI_bge_base_en_v1.5_semantic_fixed_c448_o48/results/BAAI__bge-base-en-v1.5_a5beb1e3e68b9ab74eb54cfd186867f64f240e1a/BAAI__bge-base-en-v1.5/a5beb1e3e68b9ab74eb54cfd186867f64f240e1a
nomic_ai_nomic_embed_text_v1,hierarchical_section,448,48,0.310920,nomic_ai_nomic_embed_text_v1_hierarchical_section_c448_o48/results/nomic-ai__nomic-embed-text-v1_0759316f275aa0cb93a5b830973843ca66babcf5/nomic-ai__nomic-embed-text-v1/0759316f275aa0cb93a5b830973843ca66babcf5
BAAI_bge_base_en_v1.5,recursive_token,448,0,0.309870,BAAI_bge_base_en_v1.5_recursive_token_c448_o0/results/BAAI__bge-base-en-v1.5_a5beb1e3e68b9ab74eb54cfd186867f64f240e1a/BAAI__bge-base-en-v1.5/a5beb1e3e68b9ab74eb54cfd186867f64f240e1a
intfloat_multilingual_e5_base,semantic_fixed,448,48,0.309870,intfloat_multilingual_e5_base_semantic_fixed_c448_o48/results/intfloat__multilingual-e5-base_d13f1b27baf31030b7fd040960d60d909913633f/intfloat__multilingual-e5-base/d13f1b27baf31030b7fd040960d60d909913633f
nomic_ai_nomic_embed_text_v1,recursive_token,384,0,0.309870,nomic_ai_nomic_embed_text_v1_recursive_token_c384_o0/results/nomic-ai__nomic-embed-text-v1_0759316f275aa0cb93a5b830973843ca66babcf5/nomic-ai__nomic-embed-text-v1/0759316f275aa0cb93a5b830973843ca66babcf5
nomic_ai_nomic_embed_text_v1,recursive_token,384,32,0.309870,nomic_ai_nomic_embed_text_v1_recursive_token_c384_o32/results/nomic-ai__nomic-embed-text-v1_0759316f275aa0cb93a5b830973843ca66babcf5/nomic-ai__nomic-embed-text-v1/0759316f275aa0cb93a5b830973843ca66babcf5
BAAI_bge_large_en_v1.5,hierarchical_section,448,48,0.308820,BAAI_bge_large_en_v1.5_hierarchical_section_c448_o48/results/BAAI__bge-large-en-v1.5_d4aa6901d3a41ba39fb536a557fa166f842b0e09/BAAI__bge-large-en-v1.5/d4aa6901d3a41ba39fb536a557fa166f842b0e09
intfloat_e5_small,hierarchical_section,384,16,0.308820,intfloat_e5_small_hierarchical_section_c384_o16/results/intfloat__e5-small_e272f3049e853b47cb5ca3952268c6662abda68f/intfloat__e5-small/e272f3049e853b47cb5ca3952268c6662abda68f
nomic_ai_nomic_embed_text_v1.5,recursive_token,448,16,0.308820,nomic_ai_nomic_embed_text_v1.5_recursive_token_c448_o16/results/nomic-ai__nomic-embed-text-v1.5_b0753ae76394dd36bcfb912a46018088bca48be0/nomic-ai__nomic-embed-text-v1.5/b0753ae76394dd36bcfb912a46018088bca48be0
BAAI_bge_base_en_v1.5,fixed_token,448,16,0.307770,BAAI_bge_base_en_v1.5_fixed_token_c448_o16/results/BAAI__bge-base-en-v1.5_a5beb1e3e68b9ab74eb54cfd186867f64f240e1a/BAAI__bge-base-en-v1.5/a5beb1e3e68b9ab74eb54cfd186867f64f240e1a
BAAI_bge_large_en_v1.5,hierarchical_section,448,32,0.307770,BAAI_bge_large_en_v1.5_hierarchical_section_c448_o32/results/BAAI__bge-large-en-v1.5_d4aa6901d3a41ba39fb536a557fa166f842b0e09/BAAI__bge-large-en-v1.5/d4aa6901d3a41ba39fb536a557fa166f842b0e09
intfloat_e5_small,hierarchical_section,448,16,0.307770,intfloat_e5_small_hierarchical_section_c448_o16/results/intfloat__e5-small_e272f3049e853b47cb5ca3952268c6662abda68f/intfloat__e5-small/e272f3049e853b47cb5ca3952268c6662abda68f
intfloat_multilingual_e5_base,hierarchical_section,384,0,0.307770,intfloat_multilingual_e5_base_hierarchical_section_c384_o0/results/intfloat__multilingual-e5-base_d13f1b27baf31030b7fd040960d60d909913633f/intfloat__multilingual-e5-base/d13f1b27baf31030b7fd040960d60d909913633f
intfloat_multilingual_e5_base,hierarchical_section,448,32,0.307770,intfloat_multilingual_e5_base_hierarchical_section_c448_o32/results/intfloat__multilingual-e5-base_d13f1b27baf31030b7fd040960d60d909913633f/intfloat__multilingual-e5-base/d13f1b27baf31030b7fd040960d60d909913633f
intfloat_multilingual_e5_base,recursive_token,448,0,0.307770,intfloat_multilingual_e5_base_recursive_token_c448_o0/results/intfloat__multilingual-e5-base_d13f1b27baf31030b7fd040960d60d909913633f/intfloat__multilingual-e5-base/d13f1b27baf31030b7fd040960d60d909913633f
nomic_ai_nomic_embed_text_v1,recursive_token,448,64,0.307770,nomic_ai_nomic_embed_text_v1_recursive_token_c448_o64/results/nomic-ai__nomic-embed-text-v1_0759316f275aa0cb93a5b830973843ca66babcf5/nomic-ai__nomic-embed-text-v1/0759316f275aa0cb93a5b830973843ca66babcf5
intfloat_e5_small,fixed_token,384,32,0.306720,intfloat_e5_small_fixed_token_c384_o32/results/intfloat__e5-small_e272f3049e853b47cb5ca3952268c6662abda68f/intfloat__e5-small/e272f3049e853b47cb5ca3952268c6662abda68f
intfloat_e5_small,semantic_fixed,384,16,0.306720,intfloat_e5_small_semantic_fixed_c384_o16/results/intfloat__e5-small_e272f3049e853b47cb5ca3952268c6662abda68f/intfloat__e5-small/e272f3049e853b47cb5ca3952268c6662abda68f
nomic_ai_nomic_embed_text_v1,hierarchical_section,448,16,0.306720,nomic_ai_nomic_embed_text_v1_hierarchical_section_c448_o16/results/nomic-ai__nomic-embed-text-v1_0759316f275aa0cb93a5b830973843ca66babcf5/nomic-ai__nomic-embed-text-v1/0759316f275aa0cb93a5b830973843ca66babcf5
nomic_ai_nomic_embed_text_v1.5,fixed_token,448,32,0.306720,nomic_ai_nomic_embed_text_v1.5_fixed_token_c448_o32/results/nomic-ai__nomic-embed-text-v1.5_b0753ae76394dd36bcfb912a46018088bca48be0/nomic-ai__nomic-embed-text-v1.5/b0753ae76394dd36bcfb912a46018088bca48be0
BAAI_bge_base_en_v1.5,hierarchical_section,448,32,0.305670,BAAI_bge_base_en_v1.5_hierarchical_section_c448_o32/results/BAAI__bge-base-en-v1.5_a5beb1e3e68b9ab74eb54cfd186867f64f240e1a/BAAI__bge-base-en-v1.5/a5beb1e3e68b9ab74eb54cfd186867f64f240e1a
BAAI_bge_large_en_v1.5,hierarchical_section,448,64,0.305670,BAAI_bge_large_en_v1.5_hierarchical_section_c448_o64/results/BAAI__bge-large-en-v1.5_d4aa6901d3a41ba39fb536a557fa166f842b0e09/BAAI__bge-large-en-v1.5/d4aa6901d3a41ba39fb536a557fa166f842b0e09
intfloat_e5_base,fixed_token,384,0,0.305670,intfloat_e5_base_fixed_token_c384_o0/results/intfloat__e5-base_b533fe4636f4a2507c08ddab40644d20b0006d6a/intfloat__e5-base/b533fe4636f4a2507c08ddab40644d20b0006d6a
intfloat_e5_small,hierarchical_section,384,0,0.305670,intfloat_e5_small_hierarchical_section_c384_o0/results/intfloat__e5-small_e272f3049e853b47cb5ca3952268c6662abda68f/intfloat__e5-small/e272f3049e853b47cb5ca3952268c6662abda68f
intfloat_multilingual_e5_base,recursive_token,448,16,0.305670,intfloat_multilingual_e5_base_recursive_token_c448_o16/results/intfloat__multilingual-e5-base_d13f1b27baf31030b7fd040960d60d909913633f/intfloat__multilingual-e5-base/d13f1b27baf31030b7fd040960d60d909913633f
intfloat_multilingual_e5_base,semantic_fixed,384,0,0.305670,intfloat_multilingual_e5_base_semantic_fixed_c384_o0/results/intfloat__multilingual-e5-base_d13f1b27baf31030b7fd040960d60d909913633f/intfloat__multilingual-e5-base/d13f1b27baf31030b7fd040960d60d909913633f
nomic_ai_nomic_embed_text_v1,fixed_token,320,0,0.305670,nomic_ai_nomic_embed_text_v1_fixed_token_c320_o0/results/nomic-ai__nomic-embed-text-v1_0759316f275aa0cb93a5b830973843ca66babcf5/nomic-ai__nomic-embed-text-v1/0759316f275aa0cb93a5b830973843ca66babcf5
nomic_ai_nomic_embed_text_v1.5,fixed_token,448,64,0.305670,nomic_ai_nomic_embed_text_v1.5_fixed_token_c448_o64/results/nomic-ai__nomic-embed-text-v1.5_b0753ae76394dd36bcfb912a46018088bca48be0/nomic-ai__nomic-embed-text-v1.5/b0753ae76394dd36bcfb912a46018088bca48be0
nomic_ai_nomic_embed_text_v1.5,hierarchical_section,448,0,0.305670,nomic_ai_nomic_embed_text_v1.5_hierarchical_section_c448_o0/results/nomic-ai__nomic-embed-text-v1.5_b0753ae76394dd36bcfb912a46018088bca48be0/nomic-ai__nomic-embed-text-v1.5/b0753ae76394dd36bcfb912a46018088bca48be0
intfloat_e5_small,hierarchical_section,384,32,0.304620,intfloat_e5_small_hierarchical_section_c384_o32/results/intfloat__e5-small_e272f3049e853b47cb5ca3952268c6662abda68f/intfloat__e5-small/e272f3049e853b47cb5ca3952268c6662abda68f
intfloat_e5_small,hierarchical_section,448,48,0.304620,intfloat_e5_small_hierarchical_section_c448_o48/results/intfloat__e5-small_e272f3049e853b47cb5ca3952268c6662abda68f/intfloat__e5-small/e272f3049e853b47cb5ca3952268c6662abda68f
intfloat_e5_small,recursive_token,448,16,0.304620,intfloat_e5_small_recursive_token_c448_o16/results/intfloat__e5-small_e272f3049e853b47cb5ca3952268c6662abda68f/intfloat__e5-small/e272f3049e853b47cb5ca3952268c6662abda68f
intfloat_multilingual_e5_base,fixed_token,448,16,0.304620,intfloat_multilingual_e5_base_fixed_token_c448_o16/results/intfloat__multilingual-e5-base_d13f1b27baf31030b7fd040960d60d909913633f/intfloat__multilingual-e5-base/d13f1b27baf31030b7fd040960d60d909913633f
nomic_ai_nomic_embed_text_v1,fixed_token,448,64,0.304620,nomic_ai_nomic_embed_text_v1_fixed_token_c448_o64/results/nomic-ai__nomic-embed-text-v1_0759316f275aa0cb93a5b830973843ca66babcf5/nomic-ai__nomic-embed-text-v1/0759316f275aa0cb93a5b830973843ca66babcf5
BAAI_bge_large_en_v1.5,hierarchical_section,384,16,0.303570,BAAI_bge_large_en_v1.5_hierarchical_section_c384_o16/results/BAAI__bge-large-en-v1.5_d4aa6901d3a41ba39fb536a557fa166f842b0e09/BAAI__bge-large-en-v1.5/d4aa6901d3a41ba39fb536a557fa166f842b0e09
BAAI_bge_base_en_v1.5,hierarchical_section,384,0,0.302520,BAAI_bge_base_en_v1.5_hierarchical_section_c384_o0/results/BAAI__bge-base-en-v1.5_a5beb1e3e68b9ab74eb54cfd186867f64f240e1a/BAAI__bge-base-en-v1.5/a5beb1e3e68b9ab74eb54cfd186867f64f240e1a
BAAI_bge_base_en_v1.5,hierarchical_section,448,48,0.302520,BAAI_bge_base_en_v1.5_hierarchical_section_c448_o48/results/BAAI__bge-base-en-v1.5_a5beb1e3e68b9ab74eb54cfd186867f64f240e1a/BAAI__bge-base-en-v1.5/a5beb1e3e68b9ab74eb54cfd186867f64f240e1a
intfloat_e5_base,fixed_token,448,32,0.302520,intfloat_e5_base_fixed_token_c448_o32/results/intfloat__e5-base_b533fe4636f4a2507c08ddab40644d20b0006d6a/intfloat__e5-base/b533fe4636f4a2507c08ddab40644d20b0006d6a
intfloat_e5_small,fixed_token,448,64,0.302520,intfloat_e5_small_fixed_token_c448_o64/results/intfloat__e5-small_e272f3049e853b47cb5ca3952268c6662abda68f/intfloat__e5-small/e272f3049e853b47cb5ca3952268c6662abda68f
intfloat_multilingual_e5_base,fixed_token,448,48,0.302520,intfloat_multilingual_e5_base_fixed_token_c448_o48/results/intfloat__multilingual-e5-base_d13f1b27baf31030b7fd040960d60d909913633f/intfloat__multilingual-e5-base/d13f1b27baf31030b7fd040960d60d909913633f
intfloat_multilingual_e5_base,hierarchical_section,448,0,0.302520,intfloat_multilingual_e5_base_hierarchical_section_c448_o0/results/intfloat__multilingual-e5-base_d13f1b27baf31030b7fd040960d60d909913633f/intfloat__multilingual-e5-base/d13f1b27baf31030b7fd040960d60d909913633f
nomic_ai_nomic_embed_text_v1,fixed_token,384,32,0.302520,nomic_ai_nomic_embed_text_v1_fixed_token_c384_o32/results/nomic-ai__nomic-embed-text-v1_0759316f275aa0cb93a5b830973843ca66babcf5/nomic-ai__nomic-embed-text-v1/0759316f275aa0cb93a5b830973843ca66babcf5
intfloat_e5_base,recursive_token,448,16,0.301470,intfloat_e5_base_recursive_token_c448_o16/results/intfloat__e5-base_b533fe4636f4a2507c08ddab40644d20b0006d6a/intfloat__e5-base/b533fe4636f4a2507c08ddab40644d20b0006d6a
intfloat_multilingual_e5_base,hierarchical_section,384,16,0.301470,intfloat_multilingual_e5_base_hierarchical_section_c384_o16/results/intfloat__multilingual-e5-base_d13f1b27baf31030b7fd040960d60d909913633f/intfloat__multilingual-e5-base/d13f1b27baf31030b7fd040960d60d909913633f
nomic_ai_nomic_embed_text_v1.5,hierarchical_section,448,16,0.301470,nomic_ai_nomic_embed_text_v1.5_hierarchical_section_c448_o16/results/nomic-ai__nomic-embed-text-v1.5_b0753ae76394dd36bcfb912a46018088bca48be0/nomic-ai__nomic-embed-text-v1.5/b0753ae76394dd36bcfb912a46018088bca48be0
nomic_ai_nomic_embed_text_v1.5,recursive_token,448,64,0.301470,nomic_ai_nomic_embed_text_v1.5_recursive_token_c448_o64/results/nomic-ai__nomic-embed-text-v1.5_b0753ae76394dd36bcfb912a46018088bca48be0/nomic-ai__nomic-embed-text-v1.5/b0753ae76394dd36bcfb912a46018088bca48be0
BAAI_bge_base_en_v1.5,fixed_token,448,64,0.300420,BAAI_bge_base_en_v1.5_fixed_token_c448_o64/results/BAAI__bge-base-en-v1.5_a5beb1e3e68b9ab74eb54cfd186867f64f240e1a/BAAI__bge-base-en-v1.5/a5beb1e3e68b9ab74eb54cfd186867f64f240e1a
BAAI_bge_base_en_v1.5,recursive_token,448,64,0.300420,BAAI_bge_base_en_v1.5_recursive_token_c448_o64/results/BAAI__bge-base-en-v1.5_a5beb1e3e68b9ab74eb54cfd186867f64f240e1a/BAAI__bge-base-en-v1.5/a5beb1e3e68b9ab74eb54cfd186867f64f240e1a
BAAI_bge_large_en_v1.5,fixed_token,384,0,0.300420,BAAI_bge_large_en_v1.5_fixed_token_c384_o0/results/BAAI__bge-large-en-v1.5_d4aa6901d3a41ba39fb536a557fa166f842b0e09/BAAI__bge-large-en-v1.5/d4aa6901d3a41ba39fb536a557fa166f842b0e09
nomic_ai_nomic_embed_text_v1,fixed_token,384,0,0.300420,nomic_ai_nomic_embed_text_v1_fixed_token_c384_o0/results/nomic-ai__nomic-embed-text-v1_0759316f275aa0cb93a5b830973843ca66babcf5/nomic-ai__nomic-embed-text-v1/0759316f275aa0cb93a5b830973843ca66babcf5
BAAI_bge_large_en_v1.5,recursive_token,448,64,0.299370,BAAI_bge_large_en_v1.5_recursive_token_c448_o64/results/BAAI__bge-large-en-v1.5_d4aa6901d3a41ba39fb536a557fa166f842b0e09/BAAI__bge-large-en-v1.5/d4aa6901d3a41ba39fb536a557fa166f842b0e09
intfloat_e5_base,recursive_token,384,0,0.299370,intfloat_e5_base_recursive_token_c384_o0/results/intfloat__e5-base_b533fe4636f4a2507c08ddab40644d20b0006d6a/intfloat__e5-base/b533fe4636f4a2507c08ddab40644d20b0006d6a
intfloat_e5_small,fixed_token,384,0,0.299370,intfloat_e5_small_fixed_token_c384_o0/results/intfloat__e5-small_e272f3049e853b47cb5ca3952268c6662abda68f/intfloat__e5-small/e272f3049e853b47cb5ca3952268c6662abda68f
intfloat_multilingual_e5_base,recursive_token,448,48,0.299370,intfloat_multilingual_e5_base_recursive_token_c448_o48/results/intfloat__multilingual-e5-base_d13f1b27baf31030b7fd040960d60d909913633f/intfloat__multilingual-e5-base/d13f1b27baf31030b7fd040960d60d909913633f
intfloat_multilingual_e5_base,semantic_fixed,384,16,0.299370,intfloat_multilingual_e5_base_semantic_fixed_c384_o16/results/intfloat__multilingual-e5-base_d13f1b27baf31030b7fd040960d60d909913633f/intfloat__multilingual-e5-base/d13f1b27baf31030b7fd040960d60d909913633f
intfloat_multilingual_e5_base,semantic_fixed,384,32,0.299370,intfloat_multilingual_e5_base_semantic_fixed_c384_o32/results/intfloat__multilingual-e5-base_d13f1b27baf31030b7fd040960d60d909913633f/intfloat__multilingual-e5-base/d13f1b27baf31030b7fd040960d60d909913633f
nomic_ai_nomic_embed_text_v1,recursive_token,384,48,0.299370,nomic_ai_nomic_embed_text_v1_recursive_token_c384_o48/results/nomic-ai__nomic-embed-text-v1_0759316f275aa0cb93a5b830973843ca66babcf5/nomic-ai__nomic-embed-text-v1/0759316f275aa0cb93a5b830973843ca66babcf5
BAAI_bge_base_en_v1.5,semantic_fixed,448,64,0.298320,BAAI_bge_base_en_v1.5_semantic_fixed_c448_o64/results/BAAI__bge-base-en-v1.5_a5beb1e3e68b9ab74eb54cfd186867f64f240e1a/BAAI__bge-base-en-v1.5/a5beb1e3e68b9ab74eb54cfd186867f64f240e1a
intfloat_e5_small,fixed_token,384,16,0.298320,intfloat_e5_small_fixed_token_c384_o16/results/intfloat__e5-small_e272f3049e853b47cb5ca3952268c6662abda68f/intfloat__e5-small/e272f3049e853b47cb5ca3952268c6662abda68f
intfloat_e5_small,recursive_token,384,16,0.298320,intfloat_e5_small_recursive_token_c384_o16/results/intfloat__e5-small_e272f3049e853b47cb5ca3952268c6662abda68f/intfloat__e5-small/e272f3049e853b47cb5ca3952268c6662abda68f
intfloat_e5_small,recursive_token,384,48,0.298320,intfloat_e5_small_recursive_token_c384_o48/results/intfloat__e5-small_e272f3049e853b47cb5ca3952268c6662abda68f/intfloat__e5-small/e272f3049e853b47cb5ca3952268c6662abda68f
intfloat_multilingual_e5_base,hierarchical_section,448,48,0.298320,intfloat_multilingual_e5_base_hierarchical_section_c448_o48/results/intfloat__multilingual-e5-base_d13f1b27baf31030b7fd040960d60d909913633f/intfloat__multilingual-e5-base/d13f1b27baf31030b7fd040960d60d909913633f
intfloat_multilingual_e5_base,recursive_token,448,32,0.298320,intfloat_multilingual_e5_base_recursive_token_c448_o32/results/intfloat__multilingual-e5-base_d13f1b27baf31030b7fd040960d60d909913633f/intfloat__multilingual-e5-base/d13f1b27baf31030b7fd040960d60d909913633f
nomic_ai_nomic_embed_text_v1,hierarchical_section,448,64,0.298320,nomic_ai_nomic_embed_text_v1_hierarchical_section_c448_o64/results/nomic-ai__nomic-embed-text-v1_0759316f275aa0cb93a5b830973843ca66babcf5/nomic-ai__nomic-embed-text-v1/0759316f275aa0cb93a5b830973843ca66babcf5
intfloat_e5_base,recursive_token,448,0,0.297270,intfloat_e5_base_recursive_token_c448_o0/results/intfloat__e5-base_b533fe4636f4a2507c08ddab40644d20b0006d6a/intfloat__e5-base/b533fe4636f4a2507c08ddab40644d20b0006d6a
nomic_ai_nomic_embed_text_v1.5,hierarchical_section,448,48,0.297270,nomic_ai_nomic_embed_text_v1.5_hierarchical_section_c448_o48/results/nomic-ai__nomic-embed-text-v1.5_b0753ae76394dd36bcfb912a46018088bca48be0/nomic-ai__nomic-embed-text-v1.5/b0753ae76394dd36bcfb912a46018088bca48be0
nomic_ai_nomic_embed_text_v1.5,hierarchical_section,448,64,0.297270,nomic_ai_nomic_embed_text_v1.5_hierarchical_section_c448_o64/results/nomic-ai__nomic-embed-text-v1.5_b0753ae76394dd36bcfb912a46018088bca48be0/nomic-ai__nomic-embed-text-v1.5/b0753ae76394dd36bcfb912a46018088bca48be0
BAAI_bge_base_en_v1.5,hierarchical_section,384,16,0.296220,BAAI_bge_base_en_v1.5_hierarchical_section_c384_o16/results/BAAI__bge-base-en-v1.5_a5beb1e3e68b9ab74eb54cfd186867f64f240e1a/BAAI__bge-base-en-v1.5/a5beb1e3e68b9ab74eb54cfd186867f64f240e1a
intfloat_e5_small,fixed_token,320,0,0.296220,intfloat_e5_small_fixed_token_c320_o0/results/intfloat__e5-small_e272f3049e853b47cb5ca3952268c6662abda68f/intfloat__e5-small/e272f3049e853b47cb5ca3952268c6662abda68f
intfloat_e5_small,fixed_token,384,48,0.296220,intfloat_e5_small_fixed_token_c384_o48/results/intfloat__e5-small_e272f3049e853b47cb5ca3952268c6662abda68f/intfloat__e5-small/e272f3049e853b47cb5ca3952268c6662abda68f
intfloat_e5_small,hierarchical_section,448,64,0.296220,intfloat_e5_small_hierarchical_section_c448_o64/results/intfloat__e5-small_e272f3049e853b47cb5ca3952268c6662abda68f/intfloat__e5-small/e272f3049e853b47cb5ca3952268c6662abda68f
intfloat_e5_small,recursive_token,448,64,0.296220,intfloat_e5_small_recursive_token_c448_o64/results/intfloat__e5-small_e272f3049e853b47cb5ca3952268c6662abda68f/intfloat__e5-small/e272f3049e853b47cb5ca3952268c6662abda68f
intfloat_multilingual_e5_base,semantic_fixed,384,48,0.296220,intfloat_multilingual_e5_base_semantic_fixed_c384_o48/results/intfloat__multilingual-e5-base_d13f1b27baf31030b7fd040960d60d909913633f/intfloat__multilingual-e5-base/d13f1b27baf31030b7fd040960d60d909913633f
BAAI_bge_large_en_v1.5,hierarchical_section,384,32,0.295170,BAAI_bge_large_en_v1.5_hierarchical_section_c384_o32/results/BAAI__bge-large-en-v1.5_d4aa6901d3a41ba39fb536a557fa166f842b0e09/BAAI__bge-large-en-v1.5/d4aa6901d3a41ba39fb536a557fa166f842b0e09
BAAI_bge_large_en_v1.5,recursive_token,384,16,0.295170,BAAI_bge_large_en_v1.5_recursive_token_c384_o16/results/BAAI__bge-large-en-v1.5_d4aa6901d3a41ba39fb536a557fa166f842b0e09/BAAI__bge-large-en-v1.5/d4aa6901d3a41ba39fb536a557fa166f842b0e09
BAAI_bge_large_en_v1.5,recursive_token,384,48,0.295170,BAAI_bge_large_en_v1.5_recursive_token_c384_o48/results/BAAI__bge-large-en-v1.5_d4aa6901d3a41ba39fb536a557fa166f842b0e09/BAAI__bge-large-en-v1.5/d4aa6901d3a41ba39fb536a557fa166f842b0e09
intfloat_e5_small,hierarchical_section,384,48,0.295170,intfloat_e5_small_hierarchical_section_c384_o48/results/intfloat__e5-small_e272f3049e853b47cb5ca3952268c6662abda68f/intfloat__e5-small/e272f3049e853b47cb5ca3952268c6662abda68f
intfloat_e5_small,semantic_fixed,384,32,0.295170,intfloat_e5_small_semantic_fixed_c384_o32/results/intfloat__e5-small_e272f3049e853b47cb5ca3952268c6662abda68f/intfloat__e5-small/e272f3049e853b47cb5ca3952268c6662abda68f
nomic_ai_nomic_embed_text_v1,hierarchical_section,384,0,0.295170,nomic_ai_nomic_embed_text_v1_hierarchical_section_c384_o0/results/nomic-ai__nomic-embed-text-v1_0759316f275aa0cb93a5b830973843ca66babcf5/nomic-ai__nomic-embed-text-v1/0759316f275aa0cb93a5b830973843ca66babcf5
nomic_ai_nomic_embed_text_v1.5,recursive_token,384,16,0.295170,nomic_ai_nomic_embed_text_v1.5_recursive_token_c384_o16/results/nomic-ai__nomic-embed-text-v1.5_b0753ae76394dd36bcfb912a46018088bca48be0/nomic-ai__nomic-embed-text-v1.5/b0753ae76394dd36bcfb912a46018088bca48be0
BAAI_bge_base_en_v1.5,hierarchical_section,448,16,0.294120,BAAI_bge_base_en_v1.5_hierarchical_section_c448_o16/results/BAAI__bge-base-en-v1.5_a5beb1e3e68b9ab74eb54cfd186867f64f240e1a/BAAI__bge-base-en-v1.5/a5beb1e3e68b9ab74eb54cfd186867f64f240e1a
BAAI_bge_large_en_v1.5,semantic_fixed,384,0,0.294120,BAAI_bge_large_en_v1.5_semantic_fixed_c384_o0/results/BAAI__bge-large-en-v1.5_d4aa6901d3a41ba39fb536a557fa166f842b0e09/BAAI__bge-large-en-v1.5/d4aa6901d3a41ba39fb536a557fa166f842b0e09
BAAI_bge_large_en_v1.5,semantic_fixed,384,16,0.294120,BAAI_bge_large_en_v1.5_semantic_fixed_c384_o16/results/BAAI__bge-large-en-v1.5_d4aa6901d3a41ba39fb536a557fa166f842b0e09/BAAI__bge-large-en-v1.5/d4aa6901d3a41ba39fb536a557fa166f842b0e09
intfloat_e5_base,recursive_token,384,16,0.294120,intfloat_e5_base_recursive_token_c384_o16/results/intfloat__e5-base_b533fe4636f4a2507c08ddab40644d20b0006d6a/intfloat__e5-base/b533fe4636f4a2507c08ddab40644d20b0006d6a
intfloat_e5_small,semantic_fixed,320,0,0.294120,intfloat_e5_small_semantic_fixed_c320_o0/results/intfloat__e5-small_e272f3049e853b47cb5ca3952268c6662abda68f/intfloat__e5-small/e272f3049e853b47cb5ca3952268c6662abda68f
intfloat_multilingual_e5_base,fixed_token,384,16,0.294120,intfloat_multilingual_e5_base_fixed_token_c384_o16/results/intfloat__multilingual-e5-base_d13f1b27baf31030b7fd040960d60d909913633f/intfloat__multilingual-e5-base/d13f1b27baf31030b7fd040960d60d909913633f
intfloat_multilingual_e5_base,fixed_token,384,32,0.294120,intfloat_multilingual_e5_base_fixed_token_c384_o32/results/intfloat__multilingual-e5-base_d13f1b27baf31030b7fd040960d60d909913633f/intfloat__multilingual-e5-base/d13f1b27baf31030b7fd040960d60d909913633f
intfloat_e5_base,recursive_token,384,48,0.293070,intfloat_e5_base_recursive_token_c384_o48/results/intfloat__e5-base_b533fe4636f4a2507c08ddab40644d20b0006d6a/intfloat__e5-base/b533fe4636f4a2507c08ddab40644d20b0006d6a
intfloat_e5_base,semantic_fixed,448,0,0.293070,intfloat_e5_base_semantic_fixed_c448_o0/results/intfloat__e5-base_b533fe4636f4a2507c08ddab40644d20b0006d6a/intfloat__e5-base/b533fe4636f4a2507c08ddab40644d20b0006d6a
intfloat_multilingual_e5_base,fixed_token,384,0,0.293070,intfloat_multilingual_e5_base_fixed_token_c384_o0/results/intfloat__multilingual-e5-base_d13f1b27baf31030b7fd040960d60d909913633f/intfloat__multilingual-e5-base/d13f1b27baf31030b7fd040960d60d909913633f
nomic_ai_nomic_embed_text_v1.5,recursive_token,384,48,0.293070,nomic_ai_nomic_embed_text_v1.5_recursive_token_c384_o48/results/nomic-ai__nomic-embed-text-v1.5_b0753ae76394dd36bcfb912a46018088bca48be0/nomic-ai__nomic-embed-text-v1.5/b0753ae76394dd36bcfb912a46018088bca48be0
BAAI_bge_base_en_v1.5,recursive_token,384,48,0.292020,BAAI_bge_base_en_v1.5_recursive_token_c384_o48/results/BAAI__bge-base-en-v1.5_a5beb1e3e68b9ab74eb54cfd186867f64f240e1a/BAAI__bge-base-en-v1.5/a5beb1e3e68b9ab74eb54cfd186867f64f240e1a
intfloat_e5_small,recursive_token,384,0,0.292020,intfloat_e5_small_recursive_token_c384_o0/results/intfloat__e5-small_e272f3049e853b47cb5ca3952268c6662abda68f/intfloat__e5-small/e272f3049e853b47cb5ca3952268c6662abda68f
intfloat_e5_small,semantic_fixed,384,48,0.292020,intfloat_e5_small_semantic_fixed_c384_o48/results/intfloat__e5-small_e272f3049e853b47cb5ca3952268c6662abda68f/intfloat__e5-small/e272f3049e853b47cb5ca3952268c6662abda68f
intfloat_multilingual_e5_base,hierarchical_section,448,64,0.292020,intfloat_multilingual_e5_base_hierarchical_section_c448_o64/results/intfloat__multilingual-e5-base_d13f1b27baf31030b7fd040960d60d909913633f/intfloat__multilingual-e5-base/d13f1b27baf31030b7fd040960d60d909913633f
nomic_ai_nomic_embed_text_v1.5,fixed_token,384,0,0.292020,nomic_ai_nomic_embed_text_v1.5_fixed_token_c384_o0/results/nomic-ai__nomic-embed-text-v1.5_b0753ae76394dd36bcfb912a46018088bca48be0/nomic-ai__nomic-embed-text-v1.5/b0753ae76394dd36bcfb912a46018088bca48be0
nomic_ai_nomic_embed_text_v1,fixed_token,384,48,0.290970,nomic_ai_nomic_embed_text_v1_fixed_token_c384_o48/results/nomic-ai__nomic-embed-text-v1_0759316f275aa0cb93a5b830973843ca66babcf5/nomic-ai__nomic-embed-text-v1/0759316f275aa0cb93a5b830973843ca66babcf5
intfloat_multilingual_e5_base,semantic_recursive,448,0,0.289920,intfloat_multilingual_e5_base_semantic_recursive_c448_o0/results/intfloat__multilingual-e5-base_d13f1b27baf31030b7fd040960d60d909913633f/intfloat__multilingual-e5-base/d13f1b27baf31030b7fd040960d60d909913633f
nomic_ai_nomic_embed_text_v1.5,fixed_token,320,0,0.289920,nomic_ai_nomic_embed_text_v1.5_fixed_token_c320_o0/results/nomic-ai__nomic-embed-text-v1.5_b0753ae76394dd36bcfb912a46018088bca48be0/nomic-ai__nomic-embed-text-v1.5/b0753ae76394dd36bcfb912a46018088bca48be0
nomic_ai_nomic_embed_text_v1.5,fixed_token,384,16,0.289920,nomic_ai_nomic_embed_text_v1.5_fixed_token_c384_o16/results/nomic-ai__nomic-embed-text-v1.5_b0753ae76394dd36bcfb912a46018088bca48be0/nomic-ai__nomic-embed-text-v1.5/b0753ae76394dd36bcfb912a46018088bca48be0
BAAI_bge_base_en_v1.5,hierarchical_section,384,32,0.288870,BAAI_bge_base_en_v1.5_hierarchical_section_c384_o32/results/BAAI__bge-base-en-v1.5_a5beb1e3e68b9ab74eb54cfd186867f64f240e1a/BAAI__bge-base-en-v1.5/a5beb1e3e68b9ab74eb54cfd186867f64f240e1a
BAAI_bge_large_en_v1.5,recursive_token,384,0,0.288870,BAAI_bge_large_en_v1.5_recursive_token_c384_o0/results/BAAI__bge-large-en-v1.5_d4aa6901d3a41ba39fb536a557fa166f842b0e09/BAAI__bge-large-en-v1.5/d4aa6901d3a41ba39fb536a557fa166f842b0e09
BAAI_bge_base_en_v1.5,semantic_fixed,384,0,0.287820,BAAI_bge_base_en_v1.5_semantic_fixed_c384_o0/results/BAAI__bge-base-en-v1.5_a5beb1e3e68b9ab74eb54cfd186867f64f240e1a/BAAI__bge-base-en-v1.5/a5beb1e3e68b9ab74eb54cfd186867f64f240e1a
BAAI_bge_base_en_v1.5,semantic_fixed,384,16,0.287820,BAAI_bge_base_en_v1.5_semantic_fixed_c384_o16/results/BAAI__bge-base-en-v1.5_a5beb1e3e68b9ab74eb54cfd186867f64f240e1a/BAAI__bge-base-en-v1.5/a5beb1e3e68b9ab74eb54cfd186867f64f240e1a
BAAI_bge_large_en_v1.5,semantic_fixed,384,32,0.287820,BAAI_bge_large_en_v1.5_semantic_fixed_c384_o32/results/BAAI__bge-large-en-v1.5_d4aa6901d3a41ba39fb536a557fa166f842b0e09/BAAI__bge-large-en-v1.5/d4aa6901d3a41ba39fb536a557fa166f842b0e09
intfloat_multilingual_e5_base,semantic_recursive,448,64,0.287820,intfloat_multilingual_e5_base_semantic_recursive_c448_o64/results/intfloat__multilingual-e5-base_d13f1b27baf31030b7fd040960d60d909913633f/intfloat__multilingual-e5-base/d13f1b27baf31030b7fd040960d60d909913633f
nomic_ai_nomic_embed_text_v1,hierarchical_section,384,16,0.287820,nomic_ai_nomic_embed_text_v1_hierarchical_section_c384_o16/results/nomic-ai__nomic-embed-text-v1_0759316f275aa0cb93a5b830973843ca66babcf5/nomic-ai__nomic-embed-text-v1/0759316f275aa0cb93a5b830973843ca66babcf5
BAAI_bge_base_en_v1.5,semantic_recursive,448,0,0.286760,BAAI_bge_base_en_v1.5_semantic_recursive_c448_o0/results/BAAI__bge-base-en-v1.5_a5beb1e3e68b9ab74eb54cfd186867f64f240e1a/BAAI__bge-base-en-v1.5/a5beb1e3e68b9ab74eb54cfd186867f64f240e1a
BAAI_bge_large_en_v1.5,fixed_token,384,16,0.286760,BAAI_bge_large_en_v1.5_fixed_token_c384_o16/results/BAAI__bge-large-en-v1.5_d4aa6901d3a41ba39fb536a557fa166f842b0e09/BAAI__bge-large-en-v1.5/d4aa6901d3a41ba39fb536a557fa166f842b0e09
BAAI_bge_large_en_v1.5,recursive_token,384,64,0.286760,BAAI_bge_large_en_v1.5_recursive_token_c384_o64/results/BAAI__bge-large-en-v1.5_d4aa6901d3a41ba39fb536a557fa166f842b0e09/BAAI__bge-large-en-v1.5/d4aa6901d3a41ba39fb536a557fa166f842b0e09
intfloat_e5_base,fixed_token,384,32,0.286760,intfloat_e5_base_fixed_token_c384_o32/results/intfloat__e5-base_b533fe4636f4a2507c08ddab40644d20b0006d6a/intfloat__e5-base/b533fe4636f4a2507c08ddab40644d20b0006d6a
nomic_ai_nomic_embed_text_v1,fixed_token,384,16,0.286760,nomic_ai_nomic_embed_text_v1_fixed_token_c384_o16/results/nomic-ai__nomic-embed-text-v1_0759316f275aa0cb93a5b830973843ca66babcf5/nomic-ai__nomic-embed-text-v1/0759316f275aa0cb93a5b830973843ca66babcf5
BAAI_bge_base_en_v1.5,fixed_token,384,0,0.285710,BAAI_bge_base_en_v1.5_fixed_token_c384_o0/results/BAAI__bge-base-en-v1.5_a5beb1e3e68b9ab74eb54cfd186867f64f240e1a/BAAI__bge-base-en-v1.5/a5beb1e3e68b9ab74eb54cfd186867f64f240e1a
BAAI_bge_base_en_v1.5,hierarchical_section,384,48,0.285710,BAAI_bge_base_en_v1.5_hierarchical_section_c384_o48/results/BAAI__bge-base-en-v1.5_a5beb1e3e68b9ab74eb54cfd186867f64f240e1a/BAAI__bge-base-en-v1.5/a5beb1e3e68b9ab74eb54cfd186867f64f240e1a
BAAI_bge_large_en_v1.5,hierarchical_section,384,48,0.285710,BAAI_bge_large_en_v1.5_hierarchical_section_c384_o48/results/BAAI__bge-large-en-v1.5_d4aa6901d3a41ba39fb536a557fa166f842b0e09/BAAI__bge-large-en-v1.5/d4aa6901d3a41ba39fb536a557fa166f842b0e09
intfloat_e5_large,recursive_token,384,0,0.285710,intfloat_e5_large_recursive_token_c384_o0/results/intfloat__e5-large_4dc6d853a804b9c8886ede6dda8a073b7dc08a81/intfloat__e5-large/4dc6d853a804b9c8886ede6dda8a073b7dc08a81
intfloat_multilingual_e5_base,semantic_recursive,384,32,0.285710,intfloat_multilingual_e5_base_semantic_recursive_c384_o32/results/intfloat__multilingual-e5-base_d13f1b27baf31030b7fd040960d60d909913633f/intfloat__multilingual-e5-base/d13f1b27baf31030b7fd040960d60d909913633f
intfloat_multilingual_e5_base,semantic_recursive,448,48,0.285710,intfloat_multilingual_e5_base_semantic_recursive_c448_o48/results/intfloat__multilingual-e5-base_d13f1b27baf31030b7fd040960d60d909913633f/intfloat__multilingual-e5-base/d13f1b27baf31030b7fd040960d60d909913633f
BAAI_bge_base_en_v1.5,semantic_recursive,448,16,0.284660,BAAI_bge_base_en_v1.5_semantic_recursive_c448_o16/results/BAAI__bge-base-en-v1.5_a5beb1e3e68b9ab74eb54cfd186867f64f240e1a/BAAI__bge-base-en-v1.5/a5beb1e3e68b9ab74eb54cfd186867f64f240e1a
BAAI_bge_base_en_v1.5,semantic_recursive,448,32,0.284660,BAAI_bge_base_en_v1.5_semantic_recursive_c448_o32/results/BAAI__bge-base-en-v1.5_a5beb1e3e68b9ab74eb54cfd186867f64f240e1a/BAAI__bge-base-en-v1.5/a5beb1e3e68b9ab74eb54cfd186867f64f240e1a
BAAI_bge_large_en_v1.5,recursive_token,384,32,0.284660,BAAI_bge_large_en_v1.5_recursive_token_c384_o32/results/BAAI__bge-large-en-v1.5_d4aa6901d3a41ba39fb536a557fa166f842b0e09/BAAI__bge-large-en-v1.5/d4aa6901d3a41ba39fb536a557fa166f842b0e09
intfloat_e5_base,fixed_token,384,16,0.284660,intfloat_e5_base_fixed_token_c384_o16/results/intfloat__e5-base_b533fe4636f4a2507c08ddab40644d20b0006d6a/intfloat__e5-base/b533fe4636f4a2507c08ddab40644d20b0006d6a
intfloat_multilingual_e5_base,hierarchical_section,384,64,0.284660,intfloat_multilingual_e5_base_hierarchical_section_c384_o64/results/intfloat__multilingual-e5-base_d13f1b27baf31030b7fd040960d60d909913633f/intfloat__multilingual-e5-base/d13f1b27baf31030b7fd040960d60d909913633f
intfloat_multilingual_e5_base,semantic_recursive,384,0,0.284660,intfloat_multilingual_e5_base_semantic_recursive_c384_o0/results/intfloat__multilingual-e5-base_d13f1b27baf31030b7fd040960d60d909913633f/intfloat__multilingual-e5-base/d13f1b27baf31030b7fd040960d60d909913633f
intfloat_multilingual_e5_base,semantic_recursive,448,16,0.284660,intfloat_multilingual_e5_base_semantic_recursive_c448_o16/results/intfloat__multilingual-e5-base_d13f1b27baf31030b7fd040960d60d909913633f/intfloat__multilingual-e5-base/d13f1b27baf31030b7fd040960d60d909913633f
nomic_ai_nomic_embed_text_v1.5,recursive_token,384,0,0.284660,nomic_ai_nomic_embed_text_v1.5_recursive_token_c384_o0/results/nomic-ai__nomic-embed-text-v1.5_b0753ae76394dd36bcfb912a46018088bca48be0/nomic-ai__nomic-embed-text-v1.5/b0753ae76394dd36bcfb912a46018088bca48be0
BAAI_bge_base_en_v1.5,hierarchical_section,448,64,0.283610,BAAI_bge_base_en_v1.5_hierarchical_section_c448_o64/results/BAAI__bge-base-en-v1.5_a5beb1e3e68b9ab74eb54cfd186867f64f240e1a/BAAI__bge-base-en-v1.5/a5beb1e3e68b9ab74eb54cfd186867f64f240e1a
intfloat_e5_base,semantic_fixed,448,48,0.283610,intfloat_e5_base_semantic_fixed_c448_o48/results/intfloat__e5-base_b533fe4636f4a2507c08ddab40644d20b0006d6a/intfloat__e5-base/b533fe4636f4a2507c08ddab40644d20b0006d6a
nomic_ai_nomic_embed_text_v1,recursive_token,384,64,0.283610,nomic_ai_nomic_embed_text_v1_recursive_token_c384_o64/results/nomic-ai__nomic-embed-text-v1_0759316f275aa0cb93a5b830973843ca66babcf5/nomic-ai__nomic-embed-text-v1/0759316f275aa0cb93a5b830973843ca66babcf5
nomic_ai_nomic_embed_text_v1.5,recursive_token,384,32,0.283610,nomic_ai_nomic_embed_text_v1.5_recursive_token_c384_o32/results/nomic-ai__nomic-embed-text-v1.5_b0753ae76394dd36bcfb912a46018088bca48be0/nomic-ai__nomic-embed-text-v1.5/b0753ae76394dd36bcfb912a46018088bca48be0
BAAI_bge_base_en_v1.5,recursive_token,384,16,0.282560,BAAI_bge_base_en_v1.5_recursive_token_c384_o16/results/BAAI__bge-base-en-v1.5_a5beb1e3e68b9ab74eb54cfd186867f64f240e1a/BAAI__bge-base-en-v1.5/a5beb1e3e68b9ab74eb54cfd186867f64f240e1a
BAAI_bge_large_en_v1.5,semantic_recursive,448,32,0.282560,BAAI_bge_large_en_v1.5_semantic_recursive_c448_o32/results/BAAI__bge-large-en-v1.5_d4aa6901d3a41ba39fb536a557fa166f842b0e09/BAAI__bge-large-en-v1.5/d4aa6901d3a41ba39fb536a557fa166f842b0e09
intfloat_e5_small,recursive_token,320,32,0.282560,intfloat_e5_small_recursive_token_c320_o32/results/intfloat__e5-small_e272f3049e853b47cb5ca3952268c6662abda68f/intfloat__e5-small/e272f3049e853b47cb5ca3952268c6662abda68f
intfloat_e5_small,recursive_token,384,32,0.282560,intfloat_e5_small_recursive_token_c384_o32/results/intfloat__e5-small_e272f3049e853b47cb5ca3952268c6662abda68f/intfloat__e5-small/e272f3049e853b47cb5ca3952268c6662abda68f
nomic_ai_nomic_embed_text_v1.5,fixed_token,384,32,0.282560,nomic_ai_nomic_embed_text_v1.5_fixed_token_c384_o32/results/nomic-ai__nomic-embed-text-v1.5_b0753ae76394dd36bcfb912a46018088bca48be0/nomic-ai__nomic-embed-text-v1.5/b0753ae76394dd36bcfb912a46018088bca48be0
BAAI_bge_large_en_v1.5,fixed_token,384,48,0.281510,BAAI_bge_large_en_v1.5_fixed_token_c384_o48/results/BAAI__bge-large-en-v1.5_d4aa6901d3a41ba39fb536a557fa166f842b0e09/BAAI__bge-large-en-v1.5/d4aa6901d3a41ba39fb536a557fa166f842b0e09
BAAI_bge_large_en_v1.5,semantic_fixed,384,64,0.281510,BAAI_bge_large_en_v1.5_semantic_fixed_c384_o64/results/BAAI__bge-large-en-v1.5_d4aa6901d3a41ba39fb536a557fa166f842b0e09/BAAI__bge-large-en-v1.5/d4aa6901d3a41ba39fb536a557fa166f842b0e09
BAAI_bge_large_en_v1.5,semantic_recursive,448,48,0.281510,BAAI_bge_large_en_v1.5_semantic_recursive_c448_o48/results/BAAI__bge-large-en-v1.5_d4aa6901d3a41ba39fb536a557fa166f842b0e09/BAAI__bge-large-en-v1.5/d4aa6901d3a41ba39fb536a557fa166f842b0e09
intfloat_e5_small,semantic_fixed,320,16,0.281510,intfloat_e5_small_semantic_fixed_c320_o16/results/intfloat__e5-small_e272f3049e853b47cb5ca3952268c6662abda68f/intfloat__e5-small/e272f3049e853b47cb5ca3952268c6662abda68f
nomic_ai_nomic_embed_text_v1.5,hierarchical_section,384,0,0.281510,nomic_ai_nomic_embed_text_v1.5_hierarchical_section_c384_o0/results/nomic-ai__nomic-embed-text-v1.5_b0753ae76394dd36bcfb912a46018088bca48be0/nomic-ai__nomic-embed-text-v1.5/b0753ae76394dd36bcfb912a46018088bca48be0
BAAI_bge_base_en_v1.5,semantic_recursive,448,48,0.280460,BAAI_bge_base_en_v1.5_semantic_recursive_c448_o48/results/BAAI__bge-base-en-v1.5_a5beb1e3e68b9ab74eb54cfd186867f64f240e1a/BAAI__bge-base-en-v1.5/a5beb1e3e68b9ab74eb54cfd186867f64f240e1a
BAAI_bge_large_en_v1.5,fixed_token,384,32,0.280460,BAAI_bge_large_en_v1.5_fixed_token_c384_o32/results/BAAI__bge-large-en-v1.5_d4aa6901d3a41ba39fb536a557fa166f842b0e09/BAAI__bge-large-en-v1.5/d4aa6901d3a41ba39fb536a557fa166f842b0e09
BAAI_bge_large_en_v1.5,semantic_recursive,448,16,0.280460,BAAI_bge_large_en_v1.5_semantic_recursive_c448_o16/results/BAAI__bge-large-en-v1.5_d4aa6901d3a41ba39fb536a557fa166f842b0e09/BAAI__bge-large-en-v1.5/d4aa6901d3a41ba39fb536a557fa166f842b0e09
intfloat_multilingual_e5_base,fixed_token,384,48,0.280460,intfloat_multilingual_e5_base_fixed_token_c384_o48/results/intfloat__multilingual-e5-base_d13f1b27baf31030b7fd040960d60d909913633f/intfloat__multilingual-e5-base/d13f1b27baf31030b7fd040960d60d909913633f
intfloat_multilingual_e5_base,hierarchical_section,384,48,0.280460,intfloat_multilingual_e5_base_hierarchical_section_c384_o48/results/intfloat__multilingual-e5-base_d13f1b27baf31030b7fd040960d60d909913633f/intfloat__multilingual-e5-base/d13f1b27baf31030b7fd040960d60d909913633f
intfloat_multilingual_e5_base,semantic_recursive,384,16,0.280460,intfloat_multilingual_e5_base_semantic_recursive_c384_o16/results/intfloat__multilingual-e5-base_d13f1b27baf31030b7fd040960d60d909913633f/intfloat__multilingual-e5-base/d13f1b27baf31030b7fd040960d60d909913633f
intfloat_multilingual_e5_base,semantic_recursive,448,32,0.280460,intfloat_multilingual_e5_base_semantic_recursive_c448_o32/results/intfloat__multilingual-e5-base_d13f1b27baf31030b7fd040960d60d909913633f/intfloat__multilingual-e5-base/d13f1b27baf31030b7fd040960d60d909913633f
BAAI_bge_base_en_v1.5,fixed_token,384,32,0.279410,BAAI_bge_base_en_v1.5_fixed_token_c384_o32/results/BAAI__bge-base-en-v1.5_a5beb1e3e68b9ab74eb54cfd186867f64f240e1a/BAAI__bge-base-en-v1.5/a5beb1e3e68b9ab74eb54cfd186867f64f240e1a
BAAI_bge_base_en_v1.5,recursive_token,384,64,0.279410,BAAI_bge_base_en_v1.5_recursive_token_c384_o64/results/BAAI__bge-base-en-v1.5_a5beb1e3e68b9ab74eb54cfd186867f64f240e1a/BAAI__bge-base-en-v1.5/a5beb1e3e68b9ab74eb54cfd186867f64f240e1a
BAAI_bge_large_en_v1.5,semantic_recursive,448,0,0.279410,BAAI_bge_large_en_v1.5_semantic_recursive_c448_o0/results/BAAI__bge-large-en-v1.5_d4aa6901d3a41ba39fb536a557fa166f842b0e09/BAAI__bge-large-en-v1.5/d4aa6901d3a41ba39fb536a557fa166f842b0e09
intfloat_e5_base,recursive_token,384,32,0.279410,intfloat_e5_base_recursive_token_c384_o32/results/intfloat__e5-base_b533fe4636f4a2507c08ddab40644d20b0006d6a/intfloat__e5-base/b533fe4636f4a2507c08ddab40644d20b0006d6a
intfloat_e5_large,recursive_token,384,16,0.279410,intfloat_e5_large_recursive_token_c384_o16/results/intfloat__e5-large_4dc6d853a804b9c8886ede6dda8a073b7dc08a81/intfloat__e5-large/4dc6d853a804b9c8886ede6dda8a073b7dc08a81
intfloat_e5_small,recursive_token,384,64,0.279410,intfloat_e5_small_recursive_token_c384_o64/results/intfloat__e5-small_e272f3049e853b47cb5ca3952268c6662abda68f/intfloat__e5-small/e272f3049e853b47cb5ca3952268c6662abda68f
intfloat_e5_small,semantic_fixed,384,64,0.279410,intfloat_e5_small_semantic_fixed_c384_o64/results/intfloat__e5-small_e272f3049e853b47cb5ca3952268c6662abda68f/intfloat__e5-small/e272f3049e853b47cb5ca3952268c6662abda68f
nomic_ai_nomic_embed_text_v1,hierarchical_section,384,32,0.279410,nomic_ai_nomic_embed_text_v1_hierarchical_section_c384_o32/results/nomic-ai__nomic-embed-text-v1_0759316f275aa0cb93a5b830973843ca66babcf5/nomic-ai__nomic-embed-text-v1/0759316f275aa0cb93a5b830973843ca66babcf5
nomic_ai_nomic_embed_text_v1.5,fixed_token,384,48,0.279410,nomic_ai_nomic_embed_text_v1.5_fixed_token_c384_o48/results/nomic-ai__nomic-embed-text-v1.5_b0753ae76394dd36bcfb912a46018088bca48be0/nomic-ai__nomic-embed-text-v1.5/b0753ae76394dd36bcfb912a46018088bca48be0
nomic_ai_nomic_embed_text_v1.5,hierarchical_section,384,16,0.279410,nomic_ai_nomic_embed_text_v1.5_hierarchical_section_c384_o16/results/nomic-ai__nomic-embed-text-v1.5_b0753ae76394dd36bcfb912a46018088bca48be0/nomic-ai__nomic-embed-text-v1.5/b0753ae76394dd36bcfb912a46018088bca48be0
intfloat_e5_small,semantic_recursive,448,0,0.278360,intfloat_e5_small_semantic_recursive_c448_o0/results/intfloat__e5-small_e272f3049e853b47cb5ca3952268c6662abda68f/intfloat__e5-small/e272f3049e853b47cb5ca3952268c6662abda68f
nomic_ai_nomic_embed_text_v1,fixed_token,384,64,0.278360,nomic_ai_nomic_embed_text_v1_fixed_token_c384_o64/results/nomic-ai__nomic-embed-text-v1_0759316f275aa0cb93a5b830973843ca66babcf5/nomic-ai__nomic-embed-text-v1/0759316f275aa0cb93a5b830973843ca66babcf5
BAAI_bge_base_en_v1.5,fixed_token,384,48,0.277310,BAAI_bge_base_en_v1.5_fixed_token_c384_o48/results/BAAI__bge-base-en-v1.5_a5beb1e3e68b9ab74eb54cfd186867f64f240e1a/BAAI__bge-base-en-v1.5/a5beb1e3e68b9ab74eb54cfd186867f64f240e1a
BAAI_bge_large_en_v1.5,fixed_token,320,16,0.277310,BAAI_bge_large_en_v1.5_fixed_token_c320_o16/results/BAAI__bge-large-en-v1.5_d4aa6901d3a41ba39fb536a557fa166f842b0e09/BAAI__bge-large-en-v1.5/d4aa6901d3a41ba39fb536a557fa166f842b0e09
intfloat_e5_base,hierarchical_section,448,32,0.277310,intfloat_e5_base_hierarchical_section_c448_o32/results/intfloat__e5-base_b533fe4636f4a2507c08ddab40644d20b0006d6a/intfloat__e5-base/b533fe4636f4a2507c08ddab40644d20b0006d6a
intfloat_e5_base,semantic_fixed,384,0,0.277310,intfloat_e5_base_semantic_fixed_c384_o0/results/intfloat__e5-base_b533fe4636f4a2507c08ddab40644d20b0006d6a/intfloat__e5-base/b533fe4636f4a2507c08ddab40644d20b0006d6a
intfloat_multilingual_e5_base,fixed_token,448,64,0.277310,intfloat_multilingual_e5_base_fixed_token_c448_o64/results/intfloat__multilingual-e5-base_d13f1b27baf31030b7fd040960d60d909913633f/intfloat__multilingual-e5-base/d13f1b27baf31030b7fd040960d60d909913633f
intfloat_multilingual_e5_base,hierarchical_section,384,32,0.277310,intfloat_multilingual_e5_base_hierarchical_section_c384_o32/results/intfloat__multilingual-e5-base_d13f1b27baf31030b7fd040960d60d909913633f/intfloat__multilingual-e5-base/d13f1b27baf31030b7fd040960d60d909913633f
intfloat_multilingual_e5_base,recursive_token,384,32,0.277310,intfloat_multilingual_e5_base_recursive_token_c384_o32/results/intfloat__multilingual-e5-base_d13f1b27baf31030b7fd040960d60d909913633f/intfloat__multilingual-e5-base/d13f1b27baf31030b7fd040960d60d909913633f
intfloat_multilingual_e5_base,semantic_recursive,384,48,0.277310,intfloat_multilingual_e5_base_semantic_recursive_c384_o48/results/intfloat__multilingual-e5-base_d13f1b27baf31030b7fd040960d60d909913633f/intfloat__multilingual-e5-base/d13f1b27baf31030b7fd040960d60d909913633f
BAAI_bge_base_en_v1.5,fixed_token,384,16,0.276260,BAAI_bge_base_en_v1.5_fixed_token_c384_o16/results/BAAI__bge-base-en-v1.5_a5beb1e3e68b9ab74eb54cfd186867f64f240e1a/BAAI__bge-base-en-v1.5/a5beb1e3e68b9ab74eb54cfd186867f64f240e1a
BAAI_bge_large_en_v1.5,fixed_token,320,0,0.275210,BAAI_bge_large_en_v1.5_fixed_token_c320_o0/results/BAAI__bge-large-en-v1.5_d4aa6901d3a41ba39fb536a557fa166f842b0e09/BAAI__bge-large-en-v1.5/d4aa6901d3a41ba39fb536a557fa166f842b0e09
BAAI_bge_large_en_v1.5,semantic_recursive,384,32,0.275210,BAAI_bge_large_en_v1.5_semantic_recursive_c384_o32/results/BAAI__bge-large-en-v1.5_d4aa6901d3a41ba39fb536a557fa166f842b0e09/BAAI__bge-large-en-v1.5/d4aa6901d3a41ba39fb536a557fa166f842b0e09
intfloat_e5_base,fixed_token,320,0,0.275210,intfloat_e5_base_fixed_token_c320_o0/results/intfloat__e5-base_b533fe4636f4a2507c08ddab40644d20b0006d6a/intfloat__e5-base/b533fe4636f4a2507c08ddab40644d20b0006d6a
intfloat_e5_base,fixed_token,384,48,0.275210,intfloat_e5_base_fixed_token_c384_o48/results/intfloat__e5-base_b533fe4636f4a2507c08ddab40644d20b0006d6a/intfloat__e5-base/b533fe4636f4a2507c08ddab40644d20b0006d6a
intfloat_e5_base,semantic_fixed,384,32,0.275210,intfloat_e5_base_semantic_fixed_c384_o32/results/intfloat__e5-base_b533fe4636f4a2507c08ddab40644d20b0006d6a/intfloat__e5-base/b533fe4636f4a2507c08ddab40644d20b0006d6a
intfloat_e5_large,recursive_token,384,32,0.275210,intfloat_e5_large_recursive_token_c384_o32/results/intfloat__e5-large_4dc6d853a804b9c8886ede6dda8a073b7dc08a81/intfloat__e5-large/4dc6d853a804b9c8886ede6dda8a073b7dc08a81
intfloat_e5_small,semantic_recursive,448,16,0.275210,intfloat_e5_small_semantic_recursive_c448_o16/results/intfloat__e5-small_e272f3049e853b47cb5ca3952268c6662abda68f/intfloat__e5-small/e272f3049e853b47cb5ca3952268c6662abda68f
intfloat_multilingual_e5_base,recursive_token,448,64,0.275210,intfloat_multilingual_e5_base_recursive_token_c448_o64/results/intfloat__multilingual-e5-base_d13f1b27baf31030b7fd040960d60d909913633f/intfloat__multilingual-e5-base/d13f1b27baf31030b7fd040960d60d909913633f
intfloat_multilingual_e5_base,semantic_fixed,320,0,0.275210,intfloat_multilingual_e5_base_semantic_fixed_c320_o0/results/intfloat__multilingual-e5-base_d13f1b27baf31030b7fd040960d60d909913633f/intfloat__multilingual-e5-base/d13f1b27baf31030b7fd040960d60d909913633f
intfloat_multilingual_e5_base,semantic_recursive,384,64,0.275210,intfloat_multilingual_e5_base_semantic_recursive_c384_o64/results/intfloat__multilingual-e5-base_d13f1b27baf31030b7fd040960d60d909913633f/intfloat__multilingual-e5-base/d13f1b27baf31030b7fd040960d60d909913633f
nomic_ai_nomic_embed_text_v1,hierarchical_section,384,48,0.275210,nomic_ai_nomic_embed_text_v1_hierarchical_section_c384_o48/results/nomic-ai__nomic-embed-text-v1_0759316f275aa0cb93a5b830973843ca66babcf5/nomic-ai__nomic-embed-text-v1/0759316f275aa0cb93a5b830973843ca66babcf5
BAAI_bge_base_en_v1.5,recursive_token,384,0,0.274160,BAAI_bge_base_en_v1.5_recursive_token_c384_o0/results/BAAI__bge-base-en-v1.5_a5beb1e3e68b9ab74eb54cfd186867f64f240e1a/BAAI__bge-base-en-v1.5/a5beb1e3e68b9ab74eb54cfd186867f64f240e1a
BAAI_bge_large_en_v1.5,semantic_fixed,384,48,0.274160,BAAI_bge_large_en_v1.5_semantic_fixed_c384_o48/results/BAAI__bge-large-en-v1.5_d4aa6901d3a41ba39fb536a557fa166f842b0e09/BAAI__bge-large-en-v1.5/d4aa6901d3a41ba39fb536a557fa166f842b0e09
BAAI_bge_large_en_v1.5,semantic_recursive,384,16,0.274160,BAAI_bge_large_en_v1.5_semantic_recursive_c384_o16/results/BAAI__bge-large-en-v1.5_d4aa6901d3a41ba39fb536a557fa166f842b0e09/BAAI__bge-large-en-v1.5/d4aa6901d3a41ba39fb536a557fa166f842b0e09
intfloat_e5_small,semantic_recursive,448,48,0.274160,intfloat_e5_small_semantic_recursive_c448_o48/results/intfloat__e5-small_e272f3049e853b47cb5ca3952268c6662abda68f/intfloat__e5-small/e272f3049e853b47cb5ca3952268c6662abda68f
intfloat_multilingual_e5_base,hierarchical_section,320,0,0.274160,intfloat_multilingual_e5_base_hierarchical_section_c320_o0/results/intfloat__multilingual-e5-base_d13f1b27baf31030b7fd040960d60d909913633f/intfloat__multilingual-e5-base/d13f1b27baf31030b7fd040960d60d909913633f
BAAI_bge_base_en_v1.5,recursive_token,384,32,0.273110,BAAI_bge_base_en_v1.5_recursive_token_c384_o32/results/BAAI__bge-base-en-v1.5_a5beb1e3e68b9ab74eb54cfd186867f64f240e1a/BAAI__bge-base-en-v1.5/a5beb1e3e68b9ab74eb54cfd186867f64f240e1a
BAAI_bge_large_en_v1.5,semantic_fixed,320,0,0.273110,BAAI_bge_large_en_v1.5_semantic_fixed_c320_o0/results/BAAI__bge-large-en-v1.5_d4aa6901d3a41ba39fb536a557fa166f842b0e09/BAAI__bge-large-en-v1.5/d4aa6901d3a41ba39fb536a557fa166f842b0e09
intfloat_e5_base,fixed_token,384,64,0.273110,intfloat_e5_base_fixed_token_c384_o64/results/intfloat__e5-base_b533fe4636f4a2507c08ddab40644d20b0006d6a/intfloat__e5-base/b533fe4636f4a2507c08ddab40644d20b0006d6a
intfloat_e5_base,hierarchical_section,448,16,0.273110,intfloat_e5_base_hierarchical_section_c448_o16/results/intfloat__e5-base_b533fe4636f4a2507c08ddab40644d20b0006d6a/intfloat__e5-base/b533fe4636f4a2507c08ddab40644d20b0006d6a
intfloat_e5_base,recursive_token,384,64,0.273110,intfloat_e5_base_recursive_token_c384_o64/results/intfloat__e5-base_b533fe4636f4a2507c08ddab40644d20b0006d6a/intfloat__e5-base/b533fe4636f4a2507c08ddab40644d20b0006d6a
intfloat_e5_base,semantic_fixed,448,64,0.273110,intfloat_e5_base_semantic_fixed_c448_o64/results/intfloat__e5-base_b533fe4636f4a2507c08ddab40644d20b0006d6a/intfloat__e5-base/b533fe4636f4a2507c08ddab40644d20b0006d6a
intfloat_e5_small,fixed_token,320,16,0.273110,intfloat_e5_small_fixed_token_c320_o16/results/intfloat__e5-small_e272f3049e853b47cb5ca3952268c6662abda68f/intfloat__e5-small/e272f3049e853b47cb5ca3952268c6662abda68f
intfloat_e5_small,semantic_recursive,384,32,0.273110,intfloat_e5_small_semantic_recursive_c384_o32/results/intfloat__e5-small_e272f3049e853b47cb5ca3952268c6662abda68f/intfloat__e5-small/e272f3049e853b47cb5ca3952268c6662abda68f
nomic_ai_nomic_embed_text_v1.5,hierarchical_section,384,32,0.273110,nomic_ai_nomic_embed_text_v1.5_hierarchical_section_c384_o32/results/nomic-ai__nomic-embed-text-v1.5_b0753ae76394dd36bcfb912a46018088bca48be0/nomic-ai__nomic-embed-text-v1.5/b0753ae76394dd36bcfb912a46018088bca48be0
intfloat_e5_base,hierarchical_section,448,0,0.272060,intfloat_e5_base_hierarchical_section_c448_o0/results/intfloat__e5-base_b533fe4636f4a2507c08ddab40644d20b0006d6a/intfloat__e5-base/b533fe4636f4a2507c08ddab40644d20b0006d6a
intfloat_e5_base,hierarchical_section,448,48,0.272060,intfloat_e5_base_hierarchical_section_c448_o48/results/intfloat__e5-base_b533fe4636f4a2507c08ddab40644d20b0006d6a/intfloat__e5-base/b533fe4636f4a2507c08ddab40644d20b0006d6a
intfloat_multilingual_e5_base,semantic_fixed,320,32,0.272060,intfloat_multilingual_e5_base_semantic_fixed_c320_o32/results/intfloat__multilingual-e5-base_d13f1b27baf31030b7fd040960d60d909913633f/intfloat__multilingual-e5-base/d13f1b27baf31030b7fd040960d60d909913633f
BAAI_bge_base_en_v1.5,fixed_token,384,64,0.271010,BAAI_bge_base_en_v1.5_fixed_token_c384_o64/results/BAAI__bge-base-en-v1.5_a5beb1e3e68b9ab74eb54cfd186867f64f240e1a/BAAI__bge-base-en-v1.5/a5beb1e3e68b9ab74eb54cfd186867f64f240e1a
BAAI_bge_base_en_v1.5,semantic_recursive,448,64,0.271010,BAAI_bge_base_en_v1.5_semantic_recursive_c448_o64/results/BAAI__bge-base-en-v1.5_a5beb1e3e68b9ab74eb54cfd186867f64f240e1a/BAAI__bge-base-en-v1.5/a5beb1e3e68b9ab74eb54cfd186867f64f240e1a
BAAI_bge_large_en_v1.5,hierarchical_section,384,64,0.271010,BAAI_bge_large_en_v1.5_hierarchical_section_c384_o64/results/BAAI__bge-large-en-v1.5_d4aa6901d3a41ba39fb536a557fa166f842b0e09/BAAI__bge-large-en-v1.5/d4aa6901d3a41ba39fb536a557fa166f842b0e09
BAAI_bge_large_en_v1.5,semantic_recursive,384,0,0.271010,BAAI_bge_large_en_v1.5_semantic_recursive_c384_o0/results/BAAI__bge-large-en-v1.5_d4aa6901d3a41ba39fb536a557fa166f842b0e09/BAAI__bge-large-en-v1.5/d4aa6901d3a41ba39fb536a557fa166f842b0e09
intfloat_e5_base,semantic_fixed,448,16,0.271010,intfloat_e5_base_semantic_fixed_c448_o16/results/intfloat__e5-base_b533fe4636f4a2507c08ddab40644d20b0006d6a/intfloat__e5-base/b533fe4636f4a2507c08ddab40644d20b0006d6a
intfloat_e5_base,semantic_fixed,448,32,0.271010,intfloat_e5_base_semantic_fixed_c448_o32/results/intfloat__e5-base_b533fe4636f4a2507c08ddab40644d20b0006d6a/intfloat__e5-base/b533fe4636f4a2507c08ddab40644d20b0006d6a
nomic_ai_nomic_embed_text_v1,fixed_token,320,16,0.271010,nomic_ai_nomic_embed_text_v1_fixed_token_c320_o16/results/nomic-ai__nomic-embed-text-v1_0759316f275aa0cb93a5b830973843ca66babcf5/nomic-ai__nomic-embed-text-v1/0759316f275aa0cb93a5b830973843ca66babcf5
nomic_ai_nomic_embed_text_v1,hierarchical_section,320,0,0.271010,nomic_ai_nomic_embed_text_v1_hierarchical_section_c320_o0/results/nomic-ai__nomic-embed-text-v1_0759316f275aa0cb93a5b830973843ca66babcf5/nomic-ai__nomic-embed-text-v1/0759316f275aa0cb93a5b830973843ca66babcf5
nomic_ai_nomic_embed_text_v1.5,recursive_token,384,64,0.271010,nomic_ai_nomic_embed_text_v1.5_recursive_token_c384_o64/results/nomic-ai__nomic-embed-text-v1.5_b0753ae76394dd36bcfb912a46018088bca48be0/nomic-ai__nomic-embed-text-v1.5/b0753ae76394dd36bcfb912a46018088bca48be0
BAAI_bge_large_en_v1.5,hierarchical_section,320,0,0.269960,BAAI_bge_large_en_v1.5_hierarchical_section_c320_o0/results/BAAI__bge-large-en-v1.5_d4aa6901d3a41ba39fb536a557fa166f842b0e09/BAAI__bge-large-en-v1.5/d4aa6901d3a41ba39fb536a557fa166f842b0e09
BAAI_bge_large_en_v1.5,semantic_recursive,384,48,0.269960,BAAI_bge_large_en_v1.5_semantic_recursive_c384_o48/results/BAAI__bge-large-en-v1.5_d4aa6901d3a41ba39fb536a557fa166f842b0e09/BAAI__bge-large-en-v1.5/d4aa6901d3a41ba39fb536a557fa166f842b0e09
intfloat_e5_small,semantic_fixed,320,32,0.269960,intfloat_e5_small_semantic_fixed_c320_o32/results/intfloat__e5-small_e272f3049e853b47cb5ca3952268c6662abda68f/intfloat__e5-small/e272f3049e853b47cb5ca3952268c6662abda68f
intfloat_e5_small,semantic_recursive,448,32,0.269960,intfloat_e5_small_semantic_recursive_c448_o32/results/intfloat__e5-small_e272f3049e853b47cb5ca3952268c6662abda68f/intfloat__e5-small/e272f3049e853b47cb5ca3952268c6662abda68f
BAAI_bge_base_en_v1.5,semantic_fixed,384,32,0.268910,BAAI_bge_base_en_v1.5_semantic_fixed_c384_o32/results/BAAI__bge-base-en-v1.5_a5beb1e3e68b9ab74eb54cfd186867f64f240e1a/BAAI__bge-base-en-v1.5/a5beb1e3e68b9ab74eb54cfd186867f64f240e1a
BAAI_bge_base_en_v1.5,semantic_fixed,384,64,0.268910,BAAI_bge_base_en_v1.5_semantic_fixed_c384_o64/results/BAAI__bge-base-en-v1.5_a5beb1e3e68b9ab74eb54cfd186867f64f240e1a/BAAI__bge-base-en-v1.5/a5beb1e3e68b9ab74eb54cfd186867f64f240e1a
BAAI_bge_large_en_v1.5,semantic_recursive,448,64,0.268910,BAAI_bge_large_en_v1.5_semantic_recursive_c448_o64/results/BAAI__bge-large-en-v1.5_d4aa6901d3a41ba39fb536a557fa166f842b0e09/BAAI__bge-large-en-v1.5/d4aa6901d3a41ba39fb536a557fa166f842b0e09
nomic_ai_nomic_embed_text_v1.5,fixed_token,384,64,0.268910,nomic_ai_nomic_embed_text_v1.5_fixed_token_c384_o64/results/nomic-ai__nomic-embed-text-v1.5_b0753ae76394dd36bcfb912a46018088bca48be0/nomic-ai__nomic-embed-text-v1.5/b0753ae76394dd36bcfb912a46018088bca48be0
nomic_ai_nomic_embed_text_v1.5,hierarchical_section,384,48,0.268910,nomic_ai_nomic_embed_text_v1.5_hierarchical_section_c384_o48/results/nomic-ai__nomic-embed-text-v1.5_b0753ae76394dd36bcfb912a46018088bca48be0/nomic-ai__nomic-embed-text-v1.5/b0753ae76394dd36bcfb912a46018088bca48be0
nomic_ai_nomic_embed_text_v1.5,recursive_token,320,32,0.268910,nomic_ai_nomic_embed_text_v1.5_recursive_token_c320_o32/results/nomic-ai__nomic-embed-text-v1.5_b0753ae76394dd36bcfb912a46018088bca48be0/nomic-ai__nomic-embed-text-v1.5/b0753ae76394dd36bcfb912a46018088bca48be0
BAAI_bge_base_en_v1.5,hierarchical_section,320,0,0.267860,BAAI_bge_base_en_v1.5_hierarchical_section_c320_o0/results/BAAI__bge-base-en-v1.5_a5beb1e3e68b9ab74eb54cfd186867f64f240e1a/BAAI__bge-base-en-v1.5/a5beb1e3e68b9ab74eb54cfd186867f64f240e1a
BAAI_bge_large_en_v1.5,semantic_fixed,320,16,0.267860,BAAI_bge_large_en_v1.5_semantic_fixed_c320_o16/results/BAAI__bge-large-en-v1.5_d4aa6901d3a41ba39fb536a557fa166f842b0e09/BAAI__bge-large-en-v1.5/d4aa6901d3a41ba39fb536a557fa166f842b0e09
intfloat_e5_base,hierarchical_section,384,0,0.267860,intfloat_e5_base_hierarchical_section_c384_o0/results/intfloat__e5-base_b533fe4636f4a2507c08ddab40644d20b0006d6a/intfloat__e5-base/b533fe4636f4a2507c08ddab40644d20b0006d6a
intfloat_e5_small,fixed_token,384,64,0.267860,intfloat_e5_small_fixed_token_c384_o64/results/intfloat__e5-small_e272f3049e853b47cb5ca3952268c6662abda68f/intfloat__e5-small/e272f3049e853b47cb5ca3952268c6662abda68f
intfloat_e5_small,hierarchical_section,320,32,0.267860,intfloat_e5_small_hierarchical_section_c320_o32/results/intfloat__e5-small_e272f3049e853b47cb5ca3952268c6662abda68f/intfloat__e5-small/e272f3049e853b47cb5ca3952268c6662abda68f
intfloat_e5_large,recursive_token,384,48,0.266810,intfloat_e5_large_recursive_token_c384_o48/results/intfloat__e5-large_4dc6d853a804b9c8886ede6dda8a073b7dc08a81/intfloat__e5-large/4dc6d853a804b9c8886ede6dda8a073b7dc08a81
intfloat_e5_small,semantic_recursive,448,64,0.266810,intfloat_e5_small_semantic_recursive_c448_o64/results/intfloat__e5-small_e272f3049e853b47cb5ca3952268c6662abda68f/intfloat__e5-small/e272f3049e853b47cb5ca3952268c6662abda68f
intfloat_multilingual_e5_base,semantic_fixed,384,64,0.266810,intfloat_multilingual_e5_base_semantic_fixed_c384_o64/results/intfloat__multilingual-e5-base_d13f1b27baf31030b7fd040960d60d909913633f/intfloat__multilingual-e5-base/d13f1b27baf31030b7fd040960d60d909913633f
BAAI_bge_large_en_v1.5,hierarchical_section,320,16,0.265760,BAAI_bge_large_en_v1.5_hierarchical_section_c320_o16/results/BAAI__bge-large-en-v1.5_d4aa6901d3a41ba39fb536a557fa166f842b0e09/BAAI__bge-large-en-v1.5/d4aa6901d3a41ba39fb536a557fa166f842b0e09
intfloat_e5_small,hierarchical_section,320,16,0.265760,intfloat_e5_small_hierarchical_section_c320_o16/results/intfloat__e5-small_e272f3049e853b47cb5ca3952268c6662abda68f/intfloat__e5-small/e272f3049e853b47cb5ca3952268c6662abda68f
intfloat_multilingual_e5_base,fixed_token,320,0,0.265760,intfloat_multilingual_e5_base_fixed_token_c320_o0/results/intfloat__multilingual-e5-base_d13f1b27baf31030b7fd040960d60d909913633f/intfloat__multilingual-e5-base/d13f1b27baf31030b7fd040960d60d909913633f
nomic_ai_nomic_embed_text_v1,fixed_token,320,48,0.265760,nomic_ai_nomic_embed_text_v1_fixed_token_c320_o48/results/nomic-ai__nomic-embed-text-v1_0759316f275aa0cb93a5b830973843ca66babcf5/nomic-ai__nomic-embed-text-v1/0759316f275aa0cb93a5b830973843ca66babcf5
nomic_ai_nomic_embed_text_v1,recursive_token,320,64,0.265760,nomic_ai_nomic_embed_text_v1_recursive_token_c320_o64/results/nomic-ai__nomic-embed-text-v1_0759316f275aa0cb93a5b830973843ca66babcf5/nomic-ai__nomic-embed-text-v1/0759316f275aa0cb93a5b830973843ca66babcf5
intfloat_e5_base,fixed_token,320,48,0.264710,intfloat_e5_base_fixed_token_c320_o48/results/intfloat__e5-base_b533fe4636f4a2507c08ddab40644d20b0006d6a/intfloat__e5-base/b533fe4636f4a2507c08ddab40644d20b0006d6a
intfloat_e5_base,hierarchical_section,448,64,0.264710,intfloat_e5_base_hierarchical_section_c448_o64/results/intfloat__e5-base_b533fe4636f4a2507c08ddab40644d20b0006d6a/intfloat__e5-base/b533fe4636f4a2507c08ddab40644d20b0006d6a
intfloat_e5_base,recursive_token,320,64,0.264710,intfloat_e5_base_recursive_token_c320_o64/results/intfloat__e5-base_b533fe4636f4a2507c08ddab40644d20b0006d6a/intfloat__e5-base/b533fe4636f4a2507c08ddab40644d20b0006d6a
intfloat_e5_small,semantic_recursive,384,0,0.264710,intfloat_e5_small_semantic_recursive_c384_o0/results/intfloat__e5-small_e272f3049e853b47cb5ca3952268c6662abda68f/intfloat__e5-small/e272f3049e853b47cb5ca3952268c6662abda68f
nomic_ai_nomic_embed_text_v1,hierarchical_section,384,64,0.264710,nomic_ai_nomic_embed_text_v1_hierarchical_section_c384_o64/results/nomic-ai__nomic-embed-text-v1_0759316f275aa0cb93a5b830973843ca66babcf5/nomic-ai__nomic-embed-text-v1/0759316f275aa0cb93a5b830973843ca66babcf5
BAAI_bge_base_en_v1.5,recursive_token,320,16,0.263660,BAAI_bge_base_en_v1.5_recursive_token_c320_o16/results/BAAI__bge-base-en-v1.5_a5beb1e3e68b9ab74eb54cfd186867f64f240e1a/BAAI__bge-base-en-v1.5/a5beb1e3e68b9ab74eb54cfd186867f64f240e1a
BAAI_bge_base_en_v1.5,semantic_fixed,320,0,0.263660,BAAI_bge_base_en_v1.5_semantic_fixed_c320_o0/results/BAAI__bge-base-en-v1.5_a5beb1e3e68b9ab74eb54cfd186867f64f240e1a/BAAI__bge-base-en-v1.5/a5beb1e3e68b9ab74eb54cfd186867f64f240e1a
BAAI_bge_large_en_v1.5,fixed_token,384,64,0.263660,BAAI_bge_large_en_v1.5_fixed_token_c384_o64/results/BAAI__bge-large-en-v1.5_d4aa6901d3a41ba39fb536a557fa166f842b0e09/BAAI__bge-large-en-v1.5/d4aa6901d3a41ba39fb536a557fa166f842b0e09
intfloat_e5_small,hierarchical_section,384,64,0.263660,intfloat_e5_small_hierarchical_section_c384_o64/results/intfloat__e5-small_e272f3049e853b47cb5ca3952268c6662abda68f/intfloat__e5-small/e272f3049e853b47cb5ca3952268c6662abda68f
intfloat_e5_small,recursive_token,320,0,0.263660,intfloat_e5_small_recursive_token_c320_o0/results/intfloat__e5-small_e272f3049e853b47cb5ca3952268c6662abda68f/intfloat__e5-small/e272f3049e853b47cb5ca3952268c6662abda68f
intfloat_e5_small,semantic_recursive,384,16,0.263660,intfloat_e5_small_semantic_recursive_c384_o16/results/intfloat__e5-small_e272f3049e853b47cb5ca3952268c6662abda68f/intfloat__e5-small/e272f3049e853b47cb5ca3952268c6662abda68f
nomic_ai_nomic_embed_text_v1,hierarchical_section,320,16,0.263660,nomic_ai_nomic_embed_text_v1_hierarchical_section_c320_o16/results/nomic-ai__nomic-embed-text-v1_0759316f275aa0cb93a5b830973843ca66babcf5/nomic-ai__nomic-embed-text-v1/0759316f275aa0cb93a5b830973843ca66babcf5
nomic_ai_nomic_embed_text_v1,recursive_token,320,16,0.263660,nomic_ai_nomic_embed_text_v1_recursive_token_c320_o16/results/nomic-ai__nomic-embed-text-v1_0759316f275aa0cb93a5b830973843ca66babcf5/nomic-ai__nomic-embed-text-v1/0759316f275aa0cb93a5b830973843ca66babcf5
nomic_ai_nomic_embed_text_v1,recursive_token,320,32,0.263660,nomic_ai_nomic_embed_text_v1_recursive_token_c320_o32/results/nomic-ai__nomic-embed-text-v1_0759316f275aa0cb93a5b830973843ca66babcf5/nomic-ai__nomic-embed-text-v1/0759316f275aa0cb93a5b830973843ca66babcf5
BAAI_bge_base_en_v1.5,fixed_token,320,0,0.262610,BAAI_bge_base_en_v1.5_fixed_token_c320_o0/results/BAAI__bge-base-en-v1.5_a5beb1e3e68b9ab74eb54cfd186867f64f240e1a/BAAI__bge-base-en-v1.5/a5beb1e3e68b9ab74eb54cfd186867f64f240e1a
intfloat_e5_base,hierarchical_section,384,16,0.262610,intfloat_e5_base_hierarchical_section_c384_o16/results/intfloat__e5-base_b533fe4636f4a2507c08ddab40644d20b0006d6a/intfloat__e5-base/b533fe4636f4a2507c08ddab40644d20b0006d6a
intfloat_e5_small,fixed_token,320,32,0.262610,intfloat_e5_small_fixed_token_c320_o32/results/intfloat__e5-small_e272f3049e853b47cb5ca3952268c6662abda68f/intfloat__e5-small/e272f3049e853b47cb5ca3952268c6662abda68f
intfloat_e5_base,semantic_recursive,448,0,0.261550,intfloat_e5_base_semantic_recursive_c448_o0/results/intfloat__e5-base_b533fe4636f4a2507c08ddab40644d20b0006d6a/intfloat__e5-base/b533fe4636f4a2507c08ddab40644d20b0006d6a
intfloat_e5_small,fixed_token,320,48,0.261550,intfloat_e5_small_fixed_token_c320_o48/results/intfloat__e5-small_e272f3049e853b47cb5ca3952268c6662abda68f/intfloat__e5-small/e272f3049e853b47cb5ca3952268c6662abda68f
intfloat_e5_small,hierarchical_section,320,0,0.261550,intfloat_e5_small_hierarchical_section_c320_o0/results/intfloat__e5-small_e272f3049e853b47cb5ca3952268c6662abda68f/intfloat__e5-small/e272f3049e853b47cb5ca3952268c6662abda68f
intfloat_e5_small,recursive_token,320,16,0.261550,intfloat_e5_small_recursive_token_c320_o16/results/intfloat__e5-small_e272f3049e853b47cb5ca3952268c6662abda68f/intfloat__e5-small/e272f3049e853b47cb5ca3952268c6662abda68f
intfloat_multilingual_e5_base,semantic_recursive,320,0,0.261550,intfloat_multilingual_e5_base_semantic_recursive_c320_o0/results/intfloat__multilingual-e5-base_d13f1b27baf31030b7fd040960d60d909913633f/intfloat__multilingual-e5-base/d13f1b27baf31030b7fd040960d60d909913633f
BAAI_bge_large_en_v1.5,hierarchical_section,320,32,0.260500,BAAI_bge_large_en_v1.5_hierarchical_section_c320_o32/results/BAAI__bge-large-en-v1.5_d4aa6901d3a41ba39fb536a557fa166f842b0e09/BAAI__bge-large-en-v1.5/d4aa6901d3a41ba39fb536a557fa166f842b0e09
BAAI_bge_large_en_v1.5,semantic_recursive,384,64,0.260500,BAAI_bge_large_en_v1.5_semantic_recursive_c384_o64/results/BAAI__bge-large-en-v1.5_d4aa6901d3a41ba39fb536a557fa166f842b0e09/BAAI__bge-large-en-v1.5/d4aa6901d3a41ba39fb536a557fa166f842b0e09
intfloat_e5_base,hierarchical_section,384,32,0.260500,intfloat_e5_base_hierarchical_section_c384_o32/results/intfloat__e5-base_b533fe4636f4a2507c08ddab40644d20b0006d6a/intfloat__e5-base/b533fe4636f4a2507c08ddab40644d20b0006d6a
BAAI_bge_base_en_v1.5,hierarchical_section,384,64,0.259450,BAAI_bge_base_en_v1.5_hierarchical_section_c384_o64/results/BAAI__bge-base-en-v1.5_a5beb1e3e68b9ab74eb54cfd186867f64f240e1a/BAAI__bge-base-en-v1.5/a5beb1e3e68b9ab74eb54cfd186867f64f240e1a
BAAI_bge_large_en_v1.5,recursive_token,320,16,0.259450,BAAI_bge_large_en_v1.5_recursive_token_c320_o16/results/BAAI__bge-large-en-v1.5_d4aa6901d3a41ba39fb536a557fa166f842b0e09/BAAI__bge-large-en-v1.5/d4aa6901d3a41ba39fb536a557fa166f842b0e09
intfloat_e5_large,recursive_token,384,64,0.259450,intfloat_e5_large_recursive_token_c384_o64/results/intfloat__e5-large_4dc6d853a804b9c8886ede6dda8a073b7dc08a81/intfloat__e5-large/4dc6d853a804b9c8886ede6dda8a073b7dc08a81
nomic_ai_nomic_embed_text_v1.5,fixed_token,320,16,0.259450,nomic_ai_nomic_embed_text_v1.5_fixed_token_c320_o16/results/nomic-ai__nomic-embed-text-v1.5_b0753ae76394dd36bcfb912a46018088bca48be0/nomic-ai__nomic-embed-text-v1.5/b0753ae76394dd36bcfb912a46018088bca48be0
nomic_ai_nomic_embed_text_v1.5,hierarchical_section,320,0,0.259450,nomic_ai_nomic_embed_text_v1.5_hierarchical_section_c320_o0/results/nomic-ai__nomic-embed-text-v1.5_b0753ae76394dd36bcfb912a46018088bca48be0/nomic-ai__nomic-embed-text-v1.5/b0753ae76394dd36bcfb912a46018088bca48be0
BAAI_bge_base_en_v1.5,hierarchical_section,320,16,0.258400,BAAI_bge_base_en_v1.5_hierarchical_section_c320_o16/results/BAAI__bge-base-en-v1.5_a5beb1e3e68b9ab74eb54cfd186867f64f240e1a/BAAI__bge-base-en-v1.5/a5beb1e3e68b9ab74eb54cfd186867f64f240e1a
BAAI_bge_base_en_v1.5,semantic_fixed,384,48,0.258400,BAAI_bge_base_en_v1.5_semantic_fixed_c384_o48/results/BAAI__bge-base-en-v1.5_a5beb1e3e68b9ab74eb54cfd186867f64f240e1a/BAAI__bge-base-en-v1.5/a5beb1e3e68b9ab74eb54cfd186867f64f240e1a
intfloat_e5_base,recursive_token,320,0,0.258400,intfloat_e5_base_recursive_token_c320_o0/results/intfloat__e5-base_b533fe4636f4a2507c08ddab40644d20b0006d6a/intfloat__e5-base/b533fe4636f4a2507c08ddab40644d20b0006d6a
intfloat_e5_small,semantic_fixed,320,48,0.258400,intfloat_e5_small_semantic_fixed_c320_o48/results/intfloat__e5-small_e272f3049e853b47cb5ca3952268c6662abda68f/intfloat__e5-small/e272f3049e853b47cb5ca3952268c6662abda68f
intfloat_multilingual_e5_base,recursive_token,384,16,0.258400,intfloat_multilingual_e5_base_recursive_token_c384_o16/results/intfloat__multilingual-e5-base_d13f1b27baf31030b7fd040960d60d909913633f/intfloat__multilingual-e5-base/d13f1b27baf31030b7fd040960d60d909913633f
nomic_ai_nomic_embed_text_v1,fixed_token,320,32,0.258400,nomic_ai_nomic_embed_text_v1_fixed_token_c320_o32/results/nomic-ai__nomic-embed-text-v1_0759316f275aa0cb93a5b830973843ca66babcf5/nomic-ai__nomic-embed-text-v1/0759316f275aa0cb93a5b830973843ca66babcf5
nomic_ai_nomic_embed_text_v1.5,recursive_token,320,48,0.258400,nomic_ai_nomic_embed_text_v1.5_recursive_token_c320_o48/results/nomic-ai__nomic-embed-text-v1.5_b0753ae76394dd36bcfb912a46018088bca48be0/nomic-ai__nomic-embed-text-v1.5/b0753ae76394dd36bcfb912a46018088bca48be0
BAAI_bge_base_en_v1.5,recursive_token,320,32,0.257350,BAAI_bge_base_en_v1.5_recursive_token_c320_o32/results/BAAI__bge-base-en-v1.5_a5beb1e3e68b9ab74eb54cfd186867f64f240e1a/BAAI__bge-base-en-v1.5/a5beb1e3e68b9ab74eb54cfd186867f64f240e1a
intfloat_e5_base,fixed_token,320,32,0.257350,intfloat_e5_base_fixed_token_c320_o32/results/intfloat__e5-base_b533fe4636f4a2507c08ddab40644d20b0006d6a/intfloat__e5-base/b533fe4636f4a2507c08ddab40644d20b0006d6a
intfloat_e5_base,recursive_token,320,16,0.257350,intfloat_e5_base_recursive_token_c320_o16/results/intfloat__e5-base_b533fe4636f4a2507c08ddab40644d20b0006d6a/intfloat__e5-base/b533fe4636f4a2507c08ddab40644d20b0006d6a
intfloat_multilingual_e5_base,fixed_token,320,32,0.257350,intfloat_multilingual_e5_base_fixed_token_c320_o32/results/intfloat__multilingual-e5-base_d13f1b27baf31030b7fd040960d60d909913633f/intfloat__multilingual-e5-base/d13f1b27baf31030b7fd040960d60d909913633f
nomic_ai_nomic_embed_text_v1,recursive_token,320,48,0.257350,nomic_ai_nomic_embed_text_v1_recursive_token_c320_o48/results/nomic-ai__nomic-embed-text-v1_0759316f275aa0cb93a5b830973843ca66babcf5/nomic-ai__nomic-embed-text-v1/0759316f275aa0cb93a5b830973843ca66babcf5
nomic_ai_nomic_embed_text_v1.5,fixed_token,320,32,0.257350,nomic_ai_nomic_embed_text_v1.5_fixed_token_c320_o32/results/nomic-ai__nomic-embed-text-v1.5_b0753ae76394dd36bcfb912a46018088bca48be0/nomic-ai__nomic-embed-text-v1.5/b0753ae76394dd36bcfb912a46018088bca48be0
intfloat_e5_small,semantic_recursive,384,48,0.256300,intfloat_e5_small_semantic_recursive_c384_o48/results/intfloat__e5-small_e272f3049e853b47cb5ca3952268c6662abda68f/intfloat__e5-small/e272f3049e853b47cb5ca3952268c6662abda68f
nomic_ai_nomic_embed_text_v1,fixed_token,256,16,0.256300,nomic_ai_nomic_embed_text_v1_fixed_token_c256_o16/results/nomic-ai__nomic-embed-text-v1_0759316f275aa0cb93a5b830973843ca66babcf5/nomic-ai__nomic-embed-text-v1/0759316f275aa0cb93a5b830973843ca66babcf5
nomic_ai_nomic_embed_text_v1,hierarchical_section,320,32,0.256300,nomic_ai_nomic_embed_text_v1_hierarchical_section_c320_o32/results/nomic-ai__nomic-embed-text-v1_0759316f275aa0cb93a5b830973843ca66babcf5/nomic-ai__nomic-embed-text-v1/0759316f275aa0cb93a5b830973843ca66babcf5
intfloat_e5_base,semantic_fixed,384,16,0.255250,intfloat_e5_base_semantic_fixed_c384_o16/results/intfloat__e5-base_b533fe4636f4a2507c08ddab40644d20b0006d6a/intfloat__e5-base/b533fe4636f4a2507c08ddab40644d20b0006d6a
intfloat_e5_base,semantic_recursive,448,16,0.255250,intfloat_e5_base_semantic_recursive_c448_o16/results/intfloat__e5-base_b533fe4636f4a2507c08ddab40644d20b0006d6a/intfloat__e5-base/b533fe4636f4a2507c08ddab40644d20b0006d6a
intfloat_multilingual_e5_base,recursive_token,320,0,0.255250,intfloat_multilingual_e5_base_recursive_token_c320_o0/results/intfloat__multilingual-e5-base_d13f1b27baf31030b7fd040960d60d909913633f/intfloat__multilingual-e5-base/d13f1b27baf31030b7fd040960d60d909913633f
BAAI_bge_base_en_v1.5,fixed_token,320,48,0.254200,BAAI_bge_base_en_v1.5_fixed_token_c320_o48/results/BAAI__bge-base-en-v1.5_a5beb1e3e68b9ab74eb54cfd186867f64f240e1a/BAAI__bge-base-en-v1.5/a5beb1e3e68b9ab74eb54cfd186867f64f240e1a
intfloat_e5_base,semantic_fixed,384,64,0.254200,intfloat_e5_base_semantic_fixed_c384_o64/results/intfloat__e5-base_b533fe4636f4a2507c08ddab40644d20b0006d6a/intfloat__e5-base/b533fe4636f4a2507c08ddab40644d20b0006d6a
intfloat_e5_small,fixed_token,320,64,0.254200,intfloat_e5_small_fixed_token_c320_o64/results/intfloat__e5-small_e272f3049e853b47cb5ca3952268c6662abda68f/intfloat__e5-small/e272f3049e853b47cb5ca3952268c6662abda68f
intfloat_multilingual_e5_base,semantic_recursive,320,16,0.254200,intfloat_multilingual_e5_base_semantic_recursive_c320_o16/results/intfloat__multilingual-e5-base_d13f1b27baf31030b7fd040960d60d909913633f/intfloat__multilingual-e5-base/d13f1b27baf31030b7fd040960d60d909913633f
nomic_ai_nomic_embed_text_v1,hierarchical_section,320,48,0.254200,nomic_ai_nomic_embed_text_v1_hierarchical_section_c320_o48/results/nomic-ai__nomic-embed-text-v1_0759316f275aa0cb93a5b830973843ca66babcf5/nomic-ai__nomic-embed-text-v1/0759316f275aa0cb93a5b830973843ca66babcf5
nomic_ai_nomic_embed_text_v1,recursive_token,320,0,0.254200,nomic_ai_nomic_embed_text_v1_recursive_token_c320_o0/results/nomic-ai__nomic-embed-text-v1_0759316f275aa0cb93a5b830973843ca66babcf5/nomic-ai__nomic-embed-text-v1/0759316f275aa0cb93a5b830973843ca66babcf5
nomic_ai_nomic_embed_text_v1.5,hierarchical_section,320,16,0.254200,nomic_ai_nomic_embed_text_v1.5_hierarchical_section_c320_o16/results/nomic-ai__nomic-embed-text-v1.5_b0753ae76394dd36bcfb912a46018088bca48be0/nomic-ai__nomic-embed-text-v1.5/b0753ae76394dd36bcfb912a46018088bca48be0
BAAI_bge_base_en_v1.5,fixed_token,256,16,0.253150,BAAI_bge_base_en_v1.5_fixed_token_c256_o16/results/BAAI__bge-base-en-v1.5_a5beb1e3e68b9ab74eb54cfd186867f64f240e1a/BAAI__bge-base-en-v1.5/a5beb1e3e68b9ab74eb54cfd186867f64f240e1a
BAAI_bge_base_en_v1.5,recursive_token,320,0,0.253150,BAAI_bge_base_en_v1.5_recursive_token_c320_o0/results/BAAI__bge-base-en-v1.5_a5beb1e3e68b9ab74eb54cfd186867f64f240e1a/BAAI__bge-base-en-v1.5/a5beb1e3e68b9ab74eb54cfd186867f64f240e1a
BAAI_bge_large_en_v1.5,fixed_token,320,32,0.253150,BAAI_bge_large_en_v1.5_fixed_token_c320_o32/results/BAAI__bge-large-en-v1.5_d4aa6901d3a41ba39fb536a557fa166f842b0e09/BAAI__bge-large-en-v1.5/d4aa6901d3a41ba39fb536a557fa166f842b0e09
intfloat_e5_large,recursive_token,256,0,0.253150,intfloat_e5_large_recursive_token_c256_o0/results/intfloat__e5-large_4dc6d853a804b9c8886ede6dda8a073b7dc08a81/intfloat__e5-large/4dc6d853a804b9c8886ede6dda8a073b7dc08a81
intfloat_multilingual_e5_base,hierarchical_section,320,16,0.253150,intfloat_multilingual_e5_base_hierarchical_section_c320_o16/results/intfloat__multilingual-e5-base_d13f1b27baf31030b7fd040960d60d909913633f/intfloat__multilingual-e5-base/d13f1b27baf31030b7fd040960d60d909913633f
intfloat_multilingual_e5_base,recursive_token,320,32,0.253150,intfloat_multilingual_e5_base_recursive_token_c320_o32/results/intfloat__multilingual-e5-base_d13f1b27baf31030b7fd040960d60d909913633f/intfloat__multilingual-e5-base/d13f1b27baf31030b7fd040960d60d909913633f
intfloat_multilingual_e5_base,semantic_fixed,256,0,0.253150,intfloat_multilingual_e5_base_semantic_fixed_c256_o0/results/intfloat__multilingual-e5-base_d13f1b27baf31030b7fd040960d60d909913633f/intfloat__multilingual-e5-base/d13f1b27baf31030b7fd040960d60d909913633f
nomic_ai_nomic_embed_text_v1,recursive_token,256,0,0.253150,nomic_ai_nomic_embed_text_v1_recursive_token_c256_o0/results/nomic-ai__nomic-embed-text-v1_0759316f275aa0cb93a5b830973843ca66babcf5/nomic-ai__nomic-embed-text-v1/0759316f275aa0cb93a5b830973843ca66babcf5
intfloat_e5_base,fixed_token,320,64,0.252100,intfloat_e5_base_fixed_token_c320_o64/results/intfloat__e5-base_b533fe4636f4a2507c08ddab40644d20b0006d6a/intfloat__e5-base/b533fe4636f4a2507c08ddab40644d20b0006d6a
intfloat_e5_small,fixed_token,256,16,0.252100,intfloat_e5_small_fixed_token_c256_o16/results/intfloat__e5-small_e272f3049e853b47cb5ca3952268c6662abda68f/intfloat__e5-small/e272f3049e853b47cb5ca3952268c6662abda68f
intfloat_multilingual_e5_base,fixed_token,384,64,0.252100,intfloat_multilingual_e5_base_fixed_token_c384_o64/results/intfloat__multilingual-e5-base_d13f1b27baf31030b7fd040960d60d909913633f/intfloat__multilingual-e5-base/d13f1b27baf31030b7fd040960d60d909913633f
nomic_ai_nomic_embed_text_v1.5,recursive_token,320,16,0.252100,nomic_ai_nomic_embed_text_v1.5_recursive_token_c320_o16/results/nomic-ai__nomic-embed-text-v1.5_b0753ae76394dd36bcfb912a46018088bca48be0/nomic-ai__nomic-embed-text-v1.5/b0753ae76394dd36bcfb912a46018088bca48be0
BAAI_bge_large_en_v1.5,recursive_token,320,32,0.251050,BAAI_bge_large_en_v1.5_recursive_token_c320_o32/results/BAAI__bge-large-en-v1.5_d4aa6901d3a41ba39fb536a557fa166f842b0e09/BAAI__bge-large-en-v1.5/d4aa6901d3a41ba39fb536a557fa166f842b0e09
intfloat_e5_base,fixed_token,320,16,0.251050,intfloat_e5_base_fixed_token_c320_o16/results/intfloat__e5-base_b533fe4636f4a2507c08ddab40644d20b0006d6a/intfloat__e5-base/b533fe4636f4a2507c08ddab40644d20b0006d6a
intfloat_e5_small,fixed_token,256,0,0.251050,intfloat_e5_small_fixed_token_c256_o0/results/intfloat__e5-small_e272f3049e853b47cb5ca3952268c6662abda68f/intfloat__e5-small/e272f3049e853b47cb5ca3952268c6662abda68f
intfloat_e5_small,semantic_recursive,384,64,0.251050,intfloat_e5_small_semantic_recursive_c384_o64/results/intfloat__e5-small_e272f3049e853b47cb5ca3952268c6662abda68f/intfloat__e5-small/e272f3049e853b47cb5ca3952268c6662abda68f
intfloat_multilingual_e5_base,recursive_token,320,16,0.251050,intfloat_multilingual_e5_base_recursive_token_c320_o16/results/intfloat__multilingual-e5-base_d13f1b27baf31030b7fd040960d60d909913633f/intfloat__multilingual-e5-base/d13f1b27baf31030b7fd040960d60d909913633f
intfloat_multilingual_e5_base,recursive_token,384,64,0.251050,intfloat_multilingual_e5_base_recursive_token_c384_o64/results/intfloat__multilingual-e5-base_d13f1b27baf31030b7fd040960d60d909913633f/intfloat__multilingual-e5-base/d13f1b27baf31030b7fd040960d60d909913633f
nomic_ai_nomic_embed_text_v1.5,fixed_token,320,48,0.251050,nomic_ai_nomic_embed_text_v1.5_fixed_token_c320_o48/results/nomic-ai__nomic-embed-text-v1.5_b0753ae76394dd36bcfb912a46018088bca48be0/nomic-ai__nomic-embed-text-v1.5/b0753ae76394dd36bcfb912a46018088bca48be0
nomic_ai_nomic_embed_text_v1.5,recursive_token,320,64,0.251050,nomic_ai_nomic_embed_text_v1.5_recursive_token_c320_o64/results/nomic-ai__nomic-embed-text-v1.5_b0753ae76394dd36bcfb912a46018088bca48be0/nomic-ai__nomic-embed-text-v1.5/b0753ae76394dd36bcfb912a46018088bca48be0
BAAI_bge_base_en_v1.5,recursive_token,320,64,0.250000,BAAI_bge_base_en_v1.5_recursive_token_c320_o64/results/BAAI__bge-base-en-v1.5_a5beb1e3e68b9ab74eb54cfd186867f64f240e1a/BAAI__bge-base-en-v1.5/a5beb1e3e68b9ab74eb54cfd186867f64f240e1a
BAAI_bge_base_en_v1.5,semantic_recursive,384,48,0.250000,BAAI_bge_base_en_v1.5_semantic_recursive_c384_o48/results/BAAI__bge-base-en-v1.5_a5beb1e3e68b9ab74eb54cfd186867f64f240e1a/BAAI__bge-base-en-v1.5/a5beb1e3e68b9ab74eb54cfd186867f64f240e1a
intfloat_e5_small,semantic_fixed,320,64,0.250000,intfloat_e5_small_semantic_fixed_c320_o64/results/intfloat__e5-small_e272f3049e853b47cb5ca3952268c6662abda68f/intfloat__e5-small/e272f3049e853b47cb5ca3952268c6662abda68f
intfloat_multilingual_e5_base,recursive_token,384,0,0.250000,intfloat_multilingual_e5_base_recursive_token_c384_o0/results/intfloat__multilingual-e5-base_d13f1b27baf31030b7fd040960d60d909913633f/intfloat__multilingual-e5-base/d13f1b27baf31030b7fd040960d60d909913633f
intfloat_multilingual_e5_base,semantic_recursive,320,32,0.250000,intfloat_multilingual_e5_base_semantic_recursive_c320_o32/results/intfloat__multilingual-e5-base_d13f1b27baf31030b7fd040960d60d909913633f/intfloat__multilingual-e5-base/d13f1b27baf31030b7fd040960d60d909913633f
BAAI_bge_base_en_v1.5,fixed_token,320,16,0.248950,BAAI_bge_base_en_v1.5_fixed_token_c320_o16/results/BAAI__bge-base-en-v1.5_a5beb1e3e68b9ab74eb54cfd186867f64f240e1a/BAAI__bge-base-en-v1.5/a5beb1e3e68b9ab74eb54cfd186867f64f240e1a
BAAI_bge_base_en_v1.5,recursive_token,320,48,0.248950,BAAI_bge_base_en_v1.5_recursive_token_c320_o48/results/BAAI__bge-base-en-v1.5_a5beb1e3e68b9ab74eb54cfd186867f64f240e1a/BAAI__bge-base-en-v1.5/a5beb1e3e68b9ab74eb54cfd186867f64f240e1a
BAAI_bge_large_en_v1.5,fixed_token,320,64,0.248950,BAAI_bge_large_en_v1.5_fixed_token_c320_o64/results/BAAI__bge-large-en-v1.5_d4aa6901d3a41ba39fb536a557fa166f842b0e09/BAAI__bge-large-en-v1.5/d4aa6901d3a41ba39fb536a557fa166f842b0e09
BAAI_bge_large_en_v1.5,hierarchical_section,256,16,0.248950,BAAI_bge_large_en_v1.5_hierarchical_section_c256_o16/results/BAAI__bge-large-en-v1.5_d4aa6901d3a41ba39fb536a557fa166f842b0e09/BAAI__bge-large-en-v1.5/d4aa6901d3a41ba39fb536a557fa166f842b0e09
intfloat_e5_base,hierarchical_section,384,48,0.248950,intfloat_e5_base_hierarchical_section_c384_o48/results/intfloat__e5-base_b533fe4636f4a2507c08ddab40644d20b0006d6a/intfloat__e5-base/b533fe4636f4a2507c08ddab40644d20b0006d6a
intfloat_e5_base,recursive_token,320,48,0.248950,intfloat_e5_base_recursive_token_c320_o48/results/intfloat__e5-base_b533fe4636f4a2507c08ddab40644d20b0006d6a/intfloat__e5-base/b533fe4636f4a2507c08ddab40644d20b0006d6a
intfloat_e5_base,semantic_fixed,320,0,0.248950,intfloat_e5_base_semantic_fixed_c320_o0/results/intfloat__e5-base_b533fe4636f4a2507c08ddab40644d20b0006d6a/intfloat__e5-base/b533fe4636f4a2507c08ddab40644d20b0006d6a
intfloat_multilingual_e5_base,fixed_token,320,64,0.248950,intfloat_multilingual_e5_base_fixed_token_c320_o64/results/intfloat__multilingual-e5-base_d13f1b27baf31030b7fd040960d60d909913633f/intfloat__multilingual-e5-base/d13f1b27baf31030b7fd040960d60d909913633f
intfloat_multilingual_e5_base,recursive_token,384,48,0.248950,intfloat_multilingual_e5_base_recursive_token_c384_o48/results/intfloat__multilingual-e5-base_d13f1b27baf31030b7fd040960d60d909913633f/intfloat__multilingual-e5-base/d13f1b27baf31030b7fd040960d60d909913633f
intfloat_multilingual_e5_base,semantic_fixed,320,16,0.248950,intfloat_multilingual_e5_base_semantic_fixed_c320_o16/results/intfloat__multilingual-e5-base_d13f1b27baf31030b7fd040960d60d909913633f/intfloat__multilingual-e5-base/d13f1b27baf31030b7fd040960d60d909913633f
BAAI_bge_large_en_v1.5,recursive_token,320,0,0.247900,BAAI_bge_large_en_v1.5_recursive_token_c320_o0/results/BAAI__bge-large-en-v1.5_d4aa6901d3a41ba39fb536a557fa166f842b0e09/BAAI__bge-large-en-v1.5/d4aa6901d3a41ba39fb536a557fa166f842b0e09
intfloat_e5_base,semantic_fixed,384,48,0.247900,intfloat_e5_base_semantic_fixed_c384_o48/results/intfloat__e5-base_b533fe4636f4a2507c08ddab40644d20b0006d6a/intfloat__e5-base/b533fe4636f4a2507c08ddab40644d20b0006d6a
intfloat_e5_base,semantic_recursive,448,32,0.247900,intfloat_e5_base_semantic_recursive_c448_o32/results/intfloat__e5-base_b533fe4636f4a2507c08ddab40644d20b0006d6a/intfloat__e5-base/b533fe4636f4a2507c08ddab40644d20b0006d6a
nomic_ai_nomic_embed_text_v1,fixed_token,256,0,0.247900,nomic_ai_nomic_embed_text_v1_fixed_token_c256_o0/results/nomic-ai__nomic-embed-text-v1_0759316f275aa0cb93a5b830973843ca66babcf5/nomic-ai__nomic-embed-text-v1/0759316f275aa0cb93a5b830973843ca66babcf5
nomic_ai_nomic_embed_text_v1.5,fixed_token,320,64,0.247900,nomic_ai_nomic_embed_text_v1.5_fixed_token_c320_o64/results/nomic-ai__nomic-embed-text-v1.5_b0753ae76394dd36bcfb912a46018088bca48be0/nomic-ai__nomic-embed-text-v1.5/b0753ae76394dd36bcfb912a46018088bca48be0
nomic_ai_nomic_embed_text_v1.5,recursive_token,320,0,0.247900,nomic_ai_nomic_embed_text_v1.5_recursive_token_c320_o0/results/nomic-ai__nomic-embed-text-v1.5_b0753ae76394dd36bcfb912a46018088bca48be0/nomic-ai__nomic-embed-text-v1.5/b0753ae76394dd36bcfb912a46018088bca48be0
BAAI_bge_base_en_v1.5,semantic_recursive,384,16,0.246850,BAAI_bge_base_en_v1.5_semantic_recursive_c384_o16/results/BAAI__bge-base-en-v1.5_a5beb1e3e68b9ab74eb54cfd186867f64f240e1a/BAAI__bge-base-en-v1.5/a5beb1e3e68b9ab74eb54cfd186867f64f240e1a
BAAI_bge_base_en_v1.5,semantic_recursive,384,32,0.246850,BAAI_bge_base_en_v1.5_semantic_recursive_c384_o32/results/BAAI__bge-base-en-v1.5_a5beb1e3e68b9ab74eb54cfd186867f64f240e1a/BAAI__bge-base-en-v1.5/a5beb1e3e68b9ab74eb54cfd186867f64f240e1a
BAAI_bge_large_en_v1.5,hierarchical_section,320,48,0.246850,BAAI_bge_large_en_v1.5_hierarchical_section_c320_o48/results/BAAI__bge-large-en-v1.5_d4aa6901d3a41ba39fb536a557fa166f842b0e09/BAAI__bge-large-en-v1.5/d4aa6901d3a41ba39fb536a557fa166f842b0e09
intfloat_e5_base,semantic_recursive,384,32,0.246850,intfloat_e5_base_semantic_recursive_c384_o32/results/intfloat__e5-base_b533fe4636f4a2507c08ddab40644d20b0006d6a/intfloat__e5-base/b533fe4636f4a2507c08ddab40644d20b0006d6a
intfloat_multilingual_e5_base,fixed_token,320,48,0.246850,intfloat_multilingual_e5_base_fixed_token_c320_o48/results/intfloat__multilingual-e5-base_d13f1b27baf31030b7fd040960d60d909913633f/intfloat__multilingual-e5-base/d13f1b27baf31030b7fd040960d60d909913633f
nomic_ai_nomic_embed_text_v1,fixed_token,320,64,0.246850,nomic_ai_nomic_embed_text_v1_fixed_token_c320_o64/results/nomic-ai__nomic-embed-text-v1_0759316f275aa0cb93a5b830973843ca66babcf5/nomic-ai__nomic-embed-text-v1/0759316f275aa0cb93a5b830973843ca66babcf5
BAAI_bge_base_en_v1.5,semantic_fixed,320,48,0.245800,BAAI_bge_base_en_v1.5_semantic_fixed_c320_o48/results/BAAI__bge-base-en-v1.5_a5beb1e3e68b9ab74eb54cfd186867f64f240e1a/BAAI__bge-base-en-v1.5/a5beb1e3e68b9ab74eb54cfd186867f64f240e1a
BAAI_bge_large_en_v1.5,fixed_token,320,48,0.245800,BAAI_bge_large_en_v1.5_fixed_token_c320_o48/results/BAAI__bge-large-en-v1.5_d4aa6901d3a41ba39fb536a557fa166f842b0e09/BAAI__bge-large-en-v1.5/d4aa6901d3a41ba39fb536a557fa166f842b0e09
BAAI_bge_large_en_v1.5,semantic_fixed,320,64,0.245800,BAAI_bge_large_en_v1.5_semantic_fixed_c320_o64/results/BAAI__bge-large-en-v1.5_d4aa6901d3a41ba39fb536a557fa166f842b0e09/BAAI__bge-large-en-v1.5/d4aa6901d3a41ba39fb536a557fa166f842b0e09
intfloat_e5_base,fixed_token,256,0,0.245800,intfloat_e5_base_fixed_token_c256_o0/results/intfloat__e5-base_b533fe4636f4a2507c08ddab40644d20b0006d6a/intfloat__e5-base/b533fe4636f4a2507c08ddab40644d20b0006d6a
intfloat_e5_base,hierarchical_section,384,64,0.245800,intfloat_e5_base_hierarchical_section_c384_o64/results/intfloat__e5-base_b533fe4636f4a2507c08ddab40644d20b0006d6a/intfloat__e5-base/b533fe4636f4a2507c08ddab40644d20b0006d6a
intfloat_e5_base,recursive_token,320,32,0.245800,intfloat_e5_base_recursive_token_c320_o32/results/intfloat__e5-base_b533fe4636f4a2507c08ddab40644d20b0006d6a/intfloat__e5-base/b533fe4636f4a2507c08ddab40644d20b0006d6a
BAAI_bge_base_en_v1.5,semantic_fixed,320,32,0.244750,BAAI_bge_base_en_v1.5_semantic_fixed_c320_o32/results/BAAI__bge-base-en-v1.5_a5beb1e3e68b9ab74eb54cfd186867f64f240e1a/BAAI__bge-base-en-v1.5/a5beb1e3e68b9ab74eb54cfd186867f64f240e1a
BAAI_bge_large_en_v1.5,fixed_token,256,16,0.244750,BAAI_bge_large_en_v1.5_fixed_token_c256_o16/results/BAAI__bge-large-en-v1.5_d4aa6901d3a41ba39fb536a557fa166f842b0e09/BAAI__bge-large-en-v1.5/d4aa6901d3a41ba39fb536a557fa166f842b0e09
BAAI_bge_large_en_v1.5,semantic_fixed,320,48,0.244750,BAAI_bge_large_en_v1.5_semantic_fixed_c320_o48/results/BAAI__bge-large-en-v1.5_d4aa6901d3a41ba39fb536a557fa166f842b0e09/BAAI__bge-large-en-v1.5/d4aa6901d3a41ba39fb536a557fa166f842b0e09
intfloat_multilingual_e5_base,hierarchical_section,320,32,0.244750,intfloat_multilingual_e5_base_hierarchical_section_c320_o32/results/intfloat__multilingual-e5-base_d13f1b27baf31030b7fd040960d60d909913633f/intfloat__multilingual-e5-base/d13f1b27baf31030b7fd040960d60d909913633f
nomic_ai_nomic_embed_text_v1.5,fixed_token,256,16,0.244750,nomic_ai_nomic_embed_text_v1.5_fixed_token_c256_o16/results/nomic-ai__nomic-embed-text-v1.5_b0753ae76394dd36bcfb912a46018088bca48be0/nomic-ai__nomic-embed-text-v1.5/b0753ae76394dd36bcfb912a46018088bca48be0
BAAI_bge_base_en_v1.5,semantic_fixed,320,16,0.243700,BAAI_bge_base_en_v1.5_semantic_fixed_c320_o16/results/BAAI__bge-base-en-v1.5_a5beb1e3e68b9ab74eb54cfd186867f64f240e1a/BAAI__bge-base-en-v1.5/a5beb1e3e68b9ab74eb54cfd186867f64f240e1a
BAAI_bge_large_en_v1.5,semantic_fixed,256,16,0.243700,BAAI_bge_large_en_v1.5_semantic_fixed_c256_o16/results/BAAI__bge-large-en-v1.5_d4aa6901d3a41ba39fb536a557fa166f842b0e09/BAAI__bge-large-en-v1.5/d4aa6901d3a41ba39fb536a557fa166f842b0e09
intfloat_e5_small,recursive_token,320,64,0.243700,intfloat_e5_small_recursive_token_c320_o64/results/intfloat__e5-small_e272f3049e853b47cb5ca3952268c6662abda68f/intfloat__e5-small/e272f3049e853b47cb5ca3952268c6662abda68f
BAAI_bge_base_en_v1.5,hierarchical_section,320,48,0.242650,BAAI_bge_base_en_v1.5_hierarchical_section_c320_o48/results/BAAI__bge-base-en-v1.5_a5beb1e3e68b9ab74eb54cfd186867f64f240e1a/BAAI__bge-base-en-v1.5/a5beb1e3e68b9ab74eb54cfd186867f64f240e1a
intfloat_e5_base,semantic_recursive,448,64,0.242650,intfloat_e5_base_semantic_recursive_c448_o64/results/intfloat__e5-base_b533fe4636f4a2507c08ddab40644d20b0006d6a/intfloat__e5-base/b533fe4636f4a2507c08ddab40644d20b0006d6a
BAAI_bge_base_en_v1.5,semantic_recursive,384,0,0.241600,BAAI_bge_base_en_v1.5_semantic_recursive_c384_o0/results/BAAI__bge-base-en-v1.5_a5beb1e3e68b9ab74eb54cfd186867f64f240e1a/BAAI__bge-base-en-v1.5/a5beb1e3e68b9ab74eb54cfd186867f64f240e1a
BAAI_bge_large_en_v1.5,fixed_token,256,0,0.241600,BAAI_bge_large_en_v1.5_fixed_token_c256_o0/results/BAAI__bge-large-en-v1.5_d4aa6901d3a41ba39fb536a557fa166f842b0e09/BAAI__bge-large-en-v1.5/d4aa6901d3a41ba39fb536a557fa166f842b0e09
BAAI_bge_large_en_v1.5,semantic_fixed,256,0,0.241600,BAAI_bge_large_en_v1.5_semantic_fixed_c256_o0/results/BAAI__bge-large-en-v1.5_d4aa6901d3a41ba39fb536a557fa166f842b0e09/BAAI__bge-large-en-v1.5/d4aa6901d3a41ba39fb536a557fa166f842b0e09
intfloat_e5_base,hierarchical_section,320,32,0.241600,intfloat_e5_base_hierarchical_section_c320_o32/results/intfloat__e5-base_b533fe4636f4a2507c08ddab40644d20b0006d6a/intfloat__e5-base/b533fe4636f4a2507c08ddab40644d20b0006d6a
intfloat_multilingual_e5_base,fixed_token,320,16,0.241600,intfloat_multilingual_e5_base_fixed_token_c320_o16/results/intfloat__multilingual-e5-base_d13f1b27baf31030b7fd040960d60d909913633f/intfloat__multilingual-e5-base/d13f1b27baf31030b7fd040960d60d909913633f
nomic_ai_nomic_embed_text_v1.5,hierarchical_section,320,32,0.241600,nomic_ai_nomic_embed_text_v1.5_hierarchical_section_c320_o32/results/nomic-ai__nomic-embed-text-v1.5_b0753ae76394dd36bcfb912a46018088bca48be0/nomic-ai__nomic-embed-text-v1.5/b0753ae76394dd36bcfb912a46018088bca48be0
BAAI_bge_base_en_v1.5,semantic_fixed,256,16,0.240550,BAAI_bge_base_en_v1.5_semantic_fixed_c256_o16/results/BAAI__bge-base-en-v1.5_a5beb1e3e68b9ab74eb54cfd186867f64f240e1a/BAAI__bge-base-en-v1.5/a5beb1e3e68b9ab74eb54cfd186867f64f240e1a
BAAI_bge_large_en_v1.5,hierarchical_section,256,0,0.240550,BAAI_bge_large_en_v1.5_hierarchical_section_c256_o0/results/BAAI__bge-large-en-v1.5_d4aa6901d3a41ba39fb536a557fa166f842b0e09/BAAI__bge-large-en-v1.5/d4aa6901d3a41ba39fb536a557fa166f842b0e09
BAAI_bge_large_en_v1.5,recursive_token,320,48,0.240550,BAAI_bge_large_en_v1.5_recursive_token_c320_o48/results/BAAI__bge-large-en-v1.5_d4aa6901d3a41ba39fb536a557fa166f842b0e09/BAAI__bge-large-en-v1.5/d4aa6901d3a41ba39fb536a557fa166f842b0e09
intfloat_multilingual_e5_base,hierarchical_section,320,64,0.240550,intfloat_multilingual_e5_base_hierarchical_section_c320_o64/results/intfloat__multilingual-e5-base_d13f1b27baf31030b7fd040960d60d909913633f/intfloat__multilingual-e5-base/d13f1b27baf31030b7fd040960d60d909913633f
nomic_ai_nomic_embed_text_v1,fixed_token,256,32,0.240550,nomic_ai_nomic_embed_text_v1_fixed_token_c256_o32/results/nomic-ai__nomic-embed-text-v1_0759316f275aa0cb93a5b830973843ca66babcf5/nomic-ai__nomic-embed-text-v1/0759316f275aa0cb93a5b830973843ca66babcf5
BAAI_bge_base_en_v1.5,fixed_token,320,32,0.239500,BAAI_bge_base_en_v1.5_fixed_token_c320_o32/results/BAAI__bge-base-en-v1.5_a5beb1e3e68b9ab74eb54cfd186867f64f240e1a/BAAI__bge-base-en-v1.5/a5beb1e3e68b9ab74eb54cfd186867f64f240e1a
BAAI_bge_base_en_v1.5,hierarchical_section,320,32,0.239500,BAAI_bge_base_en_v1.5_hierarchical_section_c320_o32/results/BAAI__bge-base-en-v1.5_a5beb1e3e68b9ab74eb54cfd186867f64f240e1a/BAAI__bge-base-en-v1.5/a5beb1e3e68b9ab74eb54cfd186867f64f240e1a
BAAI_bge_base_en_v1.5,semantic_recursive,384,64,0.239500,BAAI_bge_base_en_v1.5_semantic_recursive_c384_o64/results/BAAI__bge-base-en-v1.5_a5beb1e3e68b9ab74eb54cfd186867f64f240e1a/BAAI__bge-base-en-v1.5/a5beb1e3e68b9ab74eb54cfd186867f64f240e1a
intfloat_e5_base,hierarchical_section,320,0,0.239500,intfloat_e5_base_hierarchical_section_c320_o0/results/intfloat__e5-base_b533fe4636f4a2507c08ddab40644d20b0006d6a/intfloat__e5-base/b533fe4636f4a2507c08ddab40644d20b0006d6a
intfloat_e5_base,hierarchical_section,320,16,0.239500,intfloat_e5_base_hierarchical_section_c320_o16/results/intfloat__e5-base_b533fe4636f4a2507c08ddab40644d20b0006d6a/intfloat__e5-base/b533fe4636f4a2507c08ddab40644d20b0006d6a
intfloat_e5_small,semantic_fixed,256,16,0.239500,intfloat_e5_small_semantic_fixed_c256_o16/results/intfloat__e5-small_e272f3049e853b47cb5ca3952268c6662abda68f/intfloat__e5-small/e272f3049e853b47cb5ca3952268c6662abda68f
intfloat_multilingual_e5_base,semantic_fixed,320,48,0.239500,intfloat_multilingual_e5_base_semantic_fixed_c320_o48/results/intfloat__multilingual-e5-base_d13f1b27baf31030b7fd040960d60d909913633f/intfloat__multilingual-e5-base/d13f1b27baf31030b7fd040960d60d909913633f
nomic_ai_nomic_embed_text_v1,recursive_token,256,16,0.239500,nomic_ai_nomic_embed_text_v1_recursive_token_c256_o16/results/nomic-ai__nomic-embed-text-v1_0759316f275aa0cb93a5b830973843ca66babcf5/nomic-ai__nomic-embed-text-v1/0759316f275aa0cb93a5b830973843ca66babcf5
nomic_ai_nomic_embed_text_v1.5,hierarchical_section,320,48,0.239500,nomic_ai_nomic_embed_text_v1.5_hierarchical_section_c320_o48/results/nomic-ai__nomic-embed-text-v1.5_b0753ae76394dd36bcfb912a46018088bca48be0/nomic-ai__nomic-embed-text-v1.5/b0753ae76394dd36bcfb912a46018088bca48be0
intfloat_e5_base,fixed_token,256,16,0.238450,intfloat_e5_base_fixed_token_c256_o16/results/intfloat__e5-base_b533fe4636f4a2507c08ddab40644d20b0006d6a/intfloat__e5-base/b533fe4636f4a2507c08ddab40644d20b0006d6a
intfloat_e5_small,recursive_token,256,0,0.238450,intfloat_e5_small_recursive_token_c256_o0/results/intfloat__e5-small_e272f3049e853b47cb5ca3952268c6662abda68f/intfloat__e5-small/e272f3049e853b47cb5ca3952268c6662abda68f
intfloat_multilingual_e5_base,semantic_fixed,320,64,0.238450,intfloat_multilingual_e5_base_semantic_fixed_c320_o64/results/intfloat__multilingual-e5-base_d13f1b27baf31030b7fd040960d60d909913633f/intfloat__multilingual-e5-base/d13f1b27baf31030b7fd040960d60d909913633f
nomic_ai_nomic_embed_text_v1.5,hierarchical_section,384,64,0.238450,nomic_ai_nomic_embed_text_v1.5_hierarchical_section_c384_o64/results/nomic-ai__nomic-embed-text-v1.5_b0753ae76394dd36bcfb912a46018088bca48be0/nomic-ai__nomic-embed-text-v1.5/b0753ae76394dd36bcfb912a46018088bca48be0
intfloat_e5_base,semantic_fixed,256,0,0.237390,intfloat_e5_base_semantic_fixed_c256_o0/results/intfloat__e5-base_b533fe4636f4a2507c08ddab40644d20b0006d6a/intfloat__e5-base/b533fe4636f4a2507c08ddab40644d20b0006d6a
intfloat_e5_small,hierarchical_section,320,48,0.237390,intfloat_e5_small_hierarchical_section_c320_o48/results/intfloat__e5-small_e272f3049e853b47cb5ca3952268c6662abda68f/intfloat__e5-small/e272f3049e853b47cb5ca3952268c6662abda68f
nomic_ai_nomic_embed_text_v1.5,fixed_token,256,0,0.237390,nomic_ai_nomic_embed_text_v1.5_fixed_token_c256_o0/results/nomic-ai__nomic-embed-text-v1.5_b0753ae76394dd36bcfb912a46018088bca48be0/nomic-ai__nomic-embed-text-v1.5/b0753ae76394dd36bcfb912a46018088bca48be0
BAAI_bge_large_en_v1.5,recursive_token,320,64,0.236340,BAAI_bge_large_en_v1.5_recursive_token_c320_o64/results/BAAI__bge-large-en-v1.5_d4aa6901d3a41ba39fb536a557fa166f842b0e09/BAAI__bge-large-en-v1.5/d4aa6901d3a41ba39fb536a557fa166f842b0e09
intfloat_e5_small,recursive_token,256,48,0.236340,intfloat_e5_small_recursive_token_c256_o48/results/intfloat__e5-small_e272f3049e853b47cb5ca3952268c6662abda68f/intfloat__e5-small/e272f3049e853b47cb5ca3952268c6662abda68f
intfloat_e5_small,recursive_token,320,48,0.236340,intfloat_e5_small_recursive_token_c320_o48/results/intfloat__e5-small_e272f3049e853b47cb5ca3952268c6662abda68f/intfloat__e5-small/e272f3049e853b47cb5ca3952268c6662abda68f
intfloat_e5_small,semantic_fixed,256,0,0.236340,intfloat_e5_small_semantic_fixed_c256_o0/results/intfloat__e5-small_e272f3049e853b47cb5ca3952268c6662abda68f/intfloat__e5-small/e272f3049e853b47cb5ca3952268c6662abda68f
intfloat_multilingual_e5_base,fixed_token,256,0,0.236340,intfloat_multilingual_e5_base_fixed_token_c256_o0/results/intfloat__multilingual-e5-base_d13f1b27baf31030b7fd040960d60d909913633f/intfloat__multilingual-e5-base/d13f1b27baf31030b7fd040960d60d909913633f
nomic_ai_nomic_embed_text_v1.5,recursive_token,256,0,0.236340,nomic_ai_nomic_embed_text_v1.5_recursive_token_c256_o0/results/nomic-ai__nomic-embed-text-v1.5_b0753ae76394dd36bcfb912a46018088bca48be0/nomic-ai__nomic-embed-text-v1.5/b0753ae76394dd36bcfb912a46018088bca48be0
BAAI_bge_large_en_v1.5,semantic_recursive,320,0,0.235290,BAAI_bge_large_en_v1.5_semantic_recursive_c320_o0/results/BAAI__bge-large-en-v1.5_d4aa6901d3a41ba39fb536a557fa166f842b0e09/BAAI__bge-large-en-v1.5/d4aa6901d3a41ba39fb536a557fa166f842b0e09
intfloat_e5_base,semantic_recursive,448,48,0.235290,intfloat_e5_base_semantic_recursive_c448_o48/results/intfloat__e5-base_b533fe4636f4a2507c08ddab40644d20b0006d6a/intfloat__e5-base/b533fe4636f4a2507c08ddab40644d20b0006d6a
BAAI_bge_base_en_v1.5,semantic_recursive,320,0,0.234240,BAAI_bge_base_en_v1.5_semantic_recursive_c320_o0/results/BAAI__bge-base-en-v1.5_a5beb1e3e68b9ab74eb54cfd186867f64f240e1a/BAAI__bge-base-en-v1.5/a5beb1e3e68b9ab74eb54cfd186867f64f240e1a
BAAI_bge_base_en_v1.5,semantic_recursive,320,32,0.234240,BAAI_bge_base_en_v1.5_semantic_recursive_c320_o32/results/BAAI__bge-base-en-v1.5_a5beb1e3e68b9ab74eb54cfd186867f64f240e1a/BAAI__bge-base-en-v1.5/a5beb1e3e68b9ab74eb54cfd186867f64f240e1a
BAAI_bge_large_en_v1.5,semantic_fixed,320,32,0.234240,BAAI_bge_large_en_v1.5_semantic_fixed_c320_o32/results/BAAI__bge-large-en-v1.5_d4aa6901d3a41ba39fb536a557fa166f842b0e09/BAAI__bge-large-en-v1.5/d4aa6901d3a41ba39fb536a557fa166f842b0e09
BAAI_bge_large_en_v1.5,semantic_recursive,320,16,0.234240,BAAI_bge_large_en_v1.5_semantic_recursive_c320_o16/results/BAAI__bge-large-en-v1.5_d4aa6901d3a41ba39fb536a557fa166f842b0e09/BAAI__bge-large-en-v1.5/d4aa6901d3a41ba39fb536a557fa166f842b0e09
intfloat_e5_base,semantic_fixed,256,16,0.234240,intfloat_e5_base_semantic_fixed_c256_o16/results/intfloat__e5-base_b533fe4636f4a2507c08ddab40644d20b0006d6a/intfloat__e5-base/b533fe4636f4a2507c08ddab40644d20b0006d6a
intfloat_e5_small,hierarchical_section,256,0,0.234240,intfloat_e5_small_hierarchical_section_c256_o0/results/intfloat__e5-small_e272f3049e853b47cb5ca3952268c6662abda68f/intfloat__e5-small/e272f3049e853b47cb5ca3952268c6662abda68f
intfloat_e5_small,hierarchical_section,256,16,0.234240,intfloat_e5_small_hierarchical_section_c256_o16/results/intfloat__e5-small_e272f3049e853b47cb5ca3952268c6662abda68f/intfloat__e5-small/e272f3049e853b47cb5ca3952268c6662abda68f
intfloat_multilingual_e5_base,fixed_token,256,16,0.234240,intfloat_multilingual_e5_base_fixed_token_c256_o16/results/intfloat__multilingual-e5-base_d13f1b27baf31030b7fd040960d60d909913633f/intfloat__multilingual-e5-base/d13f1b27baf31030b7fd040960d60d909913633f
intfloat_multilingual_e5_base,semantic_fixed,256,16,0.234240,intfloat_multilingual_e5_base_semantic_fixed_c256_o16/results/intfloat__multilingual-e5-base_d13f1b27baf31030b7fd040960d60d909913633f/intfloat__multilingual-e5-base/d13f1b27baf31030b7fd040960d60d909913633f
intfloat_multilingual_e5_base,semantic_recursive,320,48,0.234240,intfloat_multilingual_e5_base_semantic_recursive_c320_o48/results/intfloat__multilingual-e5-base_d13f1b27baf31030b7fd040960d60d909913633f/intfloat__multilingual-e5-base/d13f1b27baf31030b7fd040960d60d909913633f
intfloat_e5_small,semantic_recursive,320,0,0.233190,intfloat_e5_small_semantic_recursive_c320_o0/results/intfloat__e5-small_e272f3049e853b47cb5ca3952268c6662abda68f/intfloat__e5-small/e272f3049e853b47cb5ca3952268c6662abda68f
intfloat_multilingual_e5_base,semantic_recursive,320,64,0.233190,intfloat_multilingual_e5_base_semantic_recursive_c320_o64/results/intfloat__multilingual-e5-base_d13f1b27baf31030b7fd040960d60d909913633f/intfloat__multilingual-e5-base/d13f1b27baf31030b7fd040960d60d909913633f
nomic_ai_nomic_embed_text_v1.5,hierarchical_section,256,16,0.233190,nomic_ai_nomic_embed_text_v1.5_hierarchical_section_c256_o16/results/nomic-ai__nomic-embed-text-v1.5_b0753ae76394dd36bcfb912a46018088bca48be0/nomic-ai__nomic-embed-text-v1.5/b0753ae76394dd36bcfb912a46018088bca48be0
BAAI_bge_base_en_v1.5,fixed_token,320,64,0.232140,BAAI_bge_base_en_v1.5_fixed_token_c320_o64/results/BAAI__bge-base-en-v1.5_a5beb1e3e68b9ab74eb54cfd186867f64f240e1a/BAAI__bge-base-en-v1.5/a5beb1e3e68b9ab74eb54cfd186867f64f240e1a
intfloat_e5_base,recursive_token,256,48,0.232140,intfloat_e5_base_recursive_token_c256_o48/results/intfloat__e5-base_b533fe4636f4a2507c08ddab40644d20b0006d6a/intfloat__e5-base/b533fe4636f4a2507c08ddab40644d20b0006d6a
intfloat_e5_large,recursive_token,256,48,0.232140,intfloat_e5_large_recursive_token_c256_o48/results/intfloat__e5-large_4dc6d853a804b9c8886ede6dda8a073b7dc08a81/intfloat__e5-large/4dc6d853a804b9c8886ede6dda8a073b7dc08a81
BAAI_bge_base_en_v1.5,hierarchical_section,256,16,0.231090,BAAI_bge_base_en_v1.5_hierarchical_section_c256_o16/results/BAAI__bge-base-en-v1.5_a5beb1e3e68b9ab74eb54cfd186867f64f240e1a/BAAI__bge-base-en-v1.5/a5beb1e3e68b9ab74eb54cfd186867f64f240e1a
BAAI_bge_base_en_v1.5,semantic_fixed,256,32,0.231090,BAAI_bge_base_en_v1.5_semantic_fixed_c256_o32/results/BAAI__bge-base-en-v1.5_a5beb1e3e68b9ab74eb54cfd186867f64f240e1a/BAAI__bge-base-en-v1.5/a5beb1e3e68b9ab74eb54cfd186867f64f240e1a
BAAI_bge_base_en_v1.5,semantic_recursive,320,16,0.231090,BAAI_bge_base_en_v1.5_semantic_recursive_c320_o16/results/BAAI__bge-base-en-v1.5_a5beb1e3e68b9ab74eb54cfd186867f64f240e1a/BAAI__bge-base-en-v1.5/a5beb1e3e68b9ab74eb54cfd186867f64f240e1a
BAAI_bge_large_en_v1.5,semantic_recursive,320,32,0.231090,BAAI_bge_large_en_v1.5_semantic_recursive_c320_o32/results/BAAI__bge-large-en-v1.5_d4aa6901d3a41ba39fb536a557fa166f842b0e09/BAAI__bge-large-en-v1.5/d4aa6901d3a41ba39fb536a557fa166f842b0e09
BAAI_bge_large_en_v1.5,semantic_recursive,320,64,0.231090,BAAI_bge_large_en_v1.5_semantic_recursive_c320_o64/results/BAAI__bge-large-en-v1.5_d4aa6901d3a41ba39fb536a557fa166f842b0e09/BAAI__bge-large-en-v1.5/d4aa6901d3a41ba39fb536a557fa166f842b0e09
intfloat_e5_base,semantic_fixed,320,32,0.231090,intfloat_e5_base_semantic_fixed_c320_o32/results/intfloat__e5-base_b533fe4636f4a2507c08ddab40644d20b0006d6a/intfloat__e5-base/b533fe4636f4a2507c08ddab40644d20b0006d6a
intfloat_e5_base,semantic_fixed,320,48,0.231090,intfloat_e5_base_semantic_fixed_c320_o48/results/intfloat__e5-base_b533fe4636f4a2507c08ddab40644d20b0006d6a/intfloat__e5-base/b533fe4636f4a2507c08ddab40644d20b0006d6a
intfloat_e5_large,recursive_token,256,32,0.231090,intfloat_e5_large_recursive_token_c256_o32/results/intfloat__e5-large_4dc6d853a804b9c8886ede6dda8a073b7dc08a81/intfloat__e5-large/4dc6d853a804b9c8886ede6dda8a073b7dc08a81
intfloat_e5_small,hierarchical_section,320,64,0.231090,intfloat_e5_small_hierarchical_section_c320_o64/results/intfloat__e5-small_e272f3049e853b47cb5ca3952268c6662abda68f/intfloat__e5-small/e272f3049e853b47cb5ca3952268c6662abda68f
intfloat_e5_small,semantic_recursive,320,32,0.231090,intfloat_e5_small_semantic_recursive_c320_o32/results/intfloat__e5-small_e272f3049e853b47cb5ca3952268c6662abda68f/intfloat__e5-small/e272f3049e853b47cb5ca3952268c6662abda68f
nomic_ai_nomic_embed_text_v1,hierarchical_section,256,48,0.231090,nomic_ai_nomic_embed_text_v1_hierarchical_section_c256_o48/results/nomic-ai__nomic-embed-text-v1_0759316f275aa0cb93a5b830973843ca66babcf5/nomic-ai__nomic-embed-text-v1/0759316f275aa0cb93a5b830973843ca66babcf5
BAAI_bge_base_en_v1.5,hierarchical_section,256,32,0.230040,BAAI_bge_base_en_v1.5_hierarchical_section_c256_o32/results/BAAI__bge-base-en-v1.5_a5beb1e3e68b9ab74eb54cfd186867f64f240e1a/BAAI__bge-base-en-v1.5/a5beb1e3e68b9ab74eb54cfd186867f64f240e1a
BAAI_bge_base_en_v1.5,semantic_fixed,256,0,0.230040,BAAI_bge_base_en_v1.5_semantic_fixed_c256_o0/results/BAAI__bge-base-en-v1.5_a5beb1e3e68b9ab74eb54cfd186867f64f240e1a/BAAI__bge-base-en-v1.5/a5beb1e3e68b9ab74eb54cfd186867f64f240e1a
BAAI_bge_large_en_v1.5,semantic_recursive,320,48,0.230040,BAAI_bge_large_en_v1.5_semantic_recursive_c320_o48/results/BAAI__bge-large-en-v1.5_d4aa6901d3a41ba39fb536a557fa166f842b0e09/BAAI__bge-large-en-v1.5/d4aa6901d3a41ba39fb536a557fa166f842b0e09
intfloat_e5_base,semantic_fixed,320,16,0.230040,intfloat_e5_base_semantic_fixed_c320_o16/results/intfloat__e5-base_b533fe4636f4a2507c08ddab40644d20b0006d6a/intfloat__e5-base/b533fe4636f4a2507c08ddab40644d20b0006d6a
nomic_ai_nomic_embed_text_v1,hierarchical_section,256,16,0.230040,nomic_ai_nomic_embed_text_v1_hierarchical_section_c256_o16/results/nomic-ai__nomic-embed-text-v1_0759316f275aa0cb93a5b830973843ca66babcf5/nomic-ai__nomic-embed-text-v1/0759316f275aa0cb93a5b830973843ca66babcf5
BAAI_bge_base_en_v1.5,semantic_fixed,320,64,0.228990,BAAI_bge_base_en_v1.5_semantic_fixed_c320_o64/results/BAAI__bge-base-en-v1.5_a5beb1e3e68b9ab74eb54cfd186867f64f240e1a/BAAI__bge-base-en-v1.5/a5beb1e3e68b9ab74eb54cfd186867f64f240e1a
BAAI_bge_large_en_v1.5,recursive_token,256,0,0.228990,BAAI_bge_large_en_v1.5_recursive_token_c256_o0/results/BAAI__bge-large-en-v1.5_d4aa6901d3a41ba39fb536a557fa166f842b0e09/BAAI__bge-large-en-v1.5/d4aa6901d3a41ba39fb536a557fa166f842b0e09
intfloat_e5_base,recursive_token,256,32,0.228990,intfloat_e5_base_recursive_token_c256_o32/results/intfloat__e5-base_b533fe4636f4a2507c08ddab40644d20b0006d6a/intfloat__e5-base/b533fe4636f4a2507c08ddab40644d20b0006d6a
intfloat_e5_base,semantic_fixed,320,64,0.228990,intfloat_e5_base_semantic_fixed_c320_o64/results/intfloat__e5-base_b533fe4636f4a2507c08ddab40644d20b0006d6a/intfloat__e5-base/b533fe4636f4a2507c08ddab40644d20b0006d6a
intfloat_e5_large,recursive_token,256,16,0.228990,intfloat_e5_large_recursive_token_c256_o16/results/intfloat__e5-large_4dc6d853a804b9c8886ede6dda8a073b7dc08a81/intfloat__e5-large/4dc6d853a804b9c8886ede6dda8a073b7dc08a81
intfloat_multilingual_e5_base,hierarchical_section,256,0,0.228990,intfloat_multilingual_e5_base_hierarchical_section_c256_o0/results/intfloat__multilingual-e5-base_d13f1b27baf31030b7fd040960d60d909913633f/intfloat__multilingual-e5-base/d13f1b27baf31030b7fd040960d60d909913633f
intfloat_multilingual_e5_base,hierarchical_section,320,48,0.228990,intfloat_multilingual_e5_base_hierarchical_section_c320_o48/results/intfloat__multilingual-e5-base_d13f1b27baf31030b7fd040960d60d909913633f/intfloat__multilingual-e5-base/d13f1b27baf31030b7fd040960d60d909913633f
nomic_ai_nomic_embed_text_v1,hierarchical_section,256,0,0.228990,nomic_ai_nomic_embed_text_v1_hierarchical_section_c256_o0/results/nomic-ai__nomic-embed-text-v1_0759316f275aa0cb93a5b830973843ca66babcf5/nomic-ai__nomic-embed-text-v1/0759316f275aa0cb93a5b830973843ca66babcf5
nomic_ai_nomic_embed_text_v1.5,fixed_token,256,32,0.228990,nomic_ai_nomic_embed_text_v1.5_fixed_token_c256_o32/results/nomic-ai__nomic-embed-text-v1.5_b0753ae76394dd36bcfb912a46018088bca48be0/nomic-ai__nomic-embed-text-v1.5/b0753ae76394dd36bcfb912a46018088bca48be0
BAAI_bge_base_en_v1.5,fixed_token,256,0,0.227940,BAAI_bge_base_en_v1.5_fixed_token_c256_o0/results/BAAI__bge-base-en-v1.5_a5beb1e3e68b9ab74eb54cfd186867f64f240e1a/BAAI__bge-base-en-v1.5/a5beb1e3e68b9ab74eb54cfd186867f64f240e1a
BAAI_bge_base_en_v1.5,semantic_recursive,320,64,0.227940,BAAI_bge_base_en_v1.5_semantic_recursive_c320_o64/results/BAAI__bge-base-en-v1.5_a5beb1e3e68b9ab74eb54cfd186867f64f240e1a/BAAI__bge-base-en-v1.5/a5beb1e3e68b9ab74eb54cfd186867f64f240e1a
intfloat_e5_base,semantic_recursive,384,0,0.227940,intfloat_e5_base_semantic_recursive_c384_o0/results/intfloat__e5-base_b533fe4636f4a2507c08ddab40644d20b0006d6a/intfloat__e5-base/b533fe4636f4a2507c08ddab40644d20b0006d6a
intfloat_e5_base,semantic_recursive,384,16,0.227940,intfloat_e5_base_semantic_recursive_c384_o16/results/intfloat__e5-base_b533fe4636f4a2507c08ddab40644d20b0006d6a/intfloat__e5-base/b533fe4636f4a2507c08ddab40644d20b0006d6a
intfloat_multilingual_e5_base,recursive_token,320,48,0.227940,intfloat_multilingual_e5_base_recursive_token_c320_o48/results/intfloat__multilingual-e5-base_d13f1b27baf31030b7fd040960d60d909913633f/intfloat__multilingual-e5-base/d13f1b27baf31030b7fd040960d60d909913633f
BAAI_bge_large_en_v1.5,hierarchical_section,320,64,0.226890,BAAI_bge_large_en_v1.5_hierarchical_section_c320_o64/results/BAAI__bge-large-en-v1.5_d4aa6901d3a41ba39fb536a557fa166f842b0e09/BAAI__bge-large-en-v1.5/d4aa6901d3a41ba39fb536a557fa166f842b0e09
BAAI_bge_large_en_v1.5,recursive_token,256,48,0.226890,BAAI_bge_large_en_v1.5_recursive_token_c256_o48/results/BAAI__bge-large-en-v1.5_d4aa6901d3a41ba39fb536a557fa166f842b0e09/BAAI__bge-large-en-v1.5/d4aa6901d3a41ba39fb536a557fa166f842b0e09
BAAI_bge_base_en_v1.5,fixed_token,256,48,0.225840,BAAI_bge_base_en_v1.5_fixed_token_c256_o48/results/BAAI__bge-base-en-v1.5_a5beb1e3e68b9ab74eb54cfd186867f64f240e1a/BAAI__bge-base-en-v1.5/a5beb1e3e68b9ab74eb54cfd186867f64f240e1a
BAAI_bge_large_en_v1.5,hierarchical_section,256,32,0.225840,BAAI_bge_large_en_v1.5_hierarchical_section_c256_o32/results/BAAI__bge-large-en-v1.5_d4aa6901d3a41ba39fb536a557fa166f842b0e09/BAAI__bge-large-en-v1.5/d4aa6901d3a41ba39fb536a557fa166f842b0e09
intfloat_e5_small,recursive_token,256,32,0.225840,intfloat_e5_small_recursive_token_c256_o32/results/intfloat__e5-small_e272f3049e853b47cb5ca3952268c6662abda68f/intfloat__e5-small/e272f3049e853b47cb5ca3952268c6662abda68f
intfloat_e5_small,semantic_recursive,320,16,0.225840,intfloat_e5_small_semantic_recursive_c320_o16/results/intfloat__e5-small_e272f3049e853b47cb5ca3952268c6662abda68f/intfloat__e5-small/e272f3049e853b47cb5ca3952268c6662abda68f
nomic_ai_nomic_embed_text_v1.5,recursive_token,256,32,0.225840,nomic_ai_nomic_embed_text_v1.5_recursive_token_c256_o32/results/nomic-ai__nomic-embed-text-v1.5_b0753ae76394dd36bcfb912a46018088bca48be0/nomic-ai__nomic-embed-text-v1.5/b0753ae76394dd36bcfb912a46018088bca48be0
BAAI_bge_large_en_v1.5,semantic_fixed,256,32,0.224790,BAAI_bge_large_en_v1.5_semantic_fixed_c256_o32/results/BAAI__bge-large-en-v1.5_d4aa6901d3a41ba39fb536a557fa166f842b0e09/BAAI__bge-large-en-v1.5/d4aa6901d3a41ba39fb536a557fa166f842b0e09
nomic_ai_nomic_embed_text_v1.5,recursive_token,256,16,0.224790,nomic_ai_nomic_embed_text_v1.5_recursive_token_c256_o16/results/nomic-ai__nomic-embed-text-v1.5_b0753ae76394dd36bcfb912a46018088bca48be0/nomic-ai__nomic-embed-text-v1.5/b0753ae76394dd36bcfb912a46018088bca48be0
BAAI_bge_base_en_v1.5,fixed_token,256,32,0.223740,BAAI_bge_base_en_v1.5_fixed_token_c256_o32/results/BAAI__bge-base-en-v1.5_a5beb1e3e68b9ab74eb54cfd186867f64f240e1a/BAAI__bge-base-en-v1.5/a5beb1e3e68b9ab74eb54cfd186867f64f240e1a
BAAI_bge_base_en_v1.5,hierarchical_section,256,0,0.223740,BAAI_bge_base_en_v1.5_hierarchical_section_c256_o0/results/BAAI__bge-base-en-v1.5_a5beb1e3e68b9ab74eb54cfd186867f64f240e1a/BAAI__bge-base-en-v1.5/a5beb1e3e68b9ab74eb54cfd186867f64f240e1a
BAAI_bge_large_en_v1.5,fixed_token,256,32,0.223740,BAAI_bge_large_en_v1.5_fixed_token_c256_o32/results/BAAI__bge-large-en-v1.5_d4aa6901d3a41ba39fb536a557fa166f842b0e09/BAAI__bge-large-en-v1.5/d4aa6901d3a41ba39fb536a557fa166f842b0e09
intfloat_e5_small,recursive_token,256,16,0.223740,intfloat_e5_small_recursive_token_c256_o16/results/intfloat__e5-small_e272f3049e853b47cb5ca3952268c6662abda68f/intfloat__e5-small/e272f3049e853b47cb5ca3952268c6662abda68f
nomic_ai_nomic_embed_text_v1.5,hierarchical_section,256,0,0.223740,nomic_ai_nomic_embed_text_v1.5_hierarchical_section_c256_o0/results/nomic-ai__nomic-embed-text-v1.5_b0753ae76394dd36bcfb912a46018088bca48be0/nomic-ai__nomic-embed-text-v1.5/b0753ae76394dd36bcfb912a46018088bca48be0
BAAI_bge_base_en_v1.5,recursive_token,256,48,0.222690,BAAI_bge_base_en_v1.5_recursive_token_c256_o48/results/BAAI__bge-base-en-v1.5_a5beb1e3e68b9ab74eb54cfd186867f64f240e1a/BAAI__bge-base-en-v1.5/a5beb1e3e68b9ab74eb54cfd186867f64f240e1a
BAAI_bge_large_en_v1.5,recursive_token,256,32,0.222690,BAAI_bge_large_en_v1.5_recursive_token_c256_o32/results/BAAI__bge-large-en-v1.5_d4aa6901d3a41ba39fb536a557fa166f842b0e09/BAAI__bge-large-en-v1.5/d4aa6901d3a41ba39fb536a557fa166f842b0e09
intfloat_e5_small,semantic_fixed,256,64,0.222690,intfloat_e5_small_semantic_fixed_c256_o64/results/intfloat__e5-small_e272f3049e853b47cb5ca3952268c6662abda68f/intfloat__e5-small/e272f3049e853b47cb5ca3952268c6662abda68f
intfloat_e5_small,semantic_recursive,320,48,0.222690,intfloat_e5_small_semantic_recursive_c320_o48/results/intfloat__e5-small_e272f3049e853b47cb5ca3952268c6662abda68f/intfloat__e5-small/e272f3049e853b47cb5ca3952268c6662abda68f
intfloat_multilingual_e5_base,hierarchical_section,256,16,0.222690,intfloat_multilingual_e5_base_hierarchical_section_c256_o16/results/intfloat__multilingual-e5-base_d13f1b27baf31030b7fd040960d60d909913633f/intfloat__multilingual-e5-base/d13f1b27baf31030b7fd040960d60d909913633f
nomic_ai_nomic_embed_text_v1,hierarchical_section,256,32,0.222690,nomic_ai_nomic_embed_text_v1_hierarchical_section_c256_o32/results/nomic-ai__nomic-embed-text-v1_0759316f275aa0cb93a5b830973843ca66babcf5/nomic-ai__nomic-embed-text-v1/0759316f275aa0cb93a5b830973843ca66babcf5
BAAI_bge_base_en_v1.5,hierarchical_section,256,48,0.221640,BAAI_bge_base_en_v1.5_hierarchical_section_c256_o48/results/BAAI__bge-base-en-v1.5_a5beb1e3e68b9ab74eb54cfd186867f64f240e1a/BAAI__bge-base-en-v1.5/a5beb1e3e68b9ab74eb54cfd186867f64f240e1a
intfloat_e5_base,hierarchical_section,320,48,0.221640,intfloat_e5_base_hierarchical_section_c320_o48/results/intfloat__e5-base_b533fe4636f4a2507c08ddab40644d20b0006d6a/intfloat__e5-base/b533fe4636f4a2507c08ddab40644d20b0006d6a
intfloat_e5_small,fixed_token,256,32,0.221640,intfloat_e5_small_fixed_token_c256_o32/results/intfloat__e5-small_e272f3049e853b47cb5ca3952268c6662abda68f/intfloat__e5-small/e272f3049e853b47cb5ca3952268c6662abda68f
intfloat_e5_small,hierarchical_section,256,32,0.221640,intfloat_e5_small_hierarchical_section_c256_o32/results/intfloat__e5-small_e272f3049e853b47cb5ca3952268c6662abda68f/intfloat__e5-small/e272f3049e853b47cb5ca3952268c6662abda68f
intfloat_multilingual_e5_base,recursive_token,320,64,0.221640,intfloat_multilingual_e5_base_recursive_token_c320_o64/results/intfloat__multilingual-e5-base_d13f1b27baf31030b7fd040960d60d909913633f/intfloat__multilingual-e5-base/d13f1b27baf31030b7fd040960d60d909913633f
nomic_ai_nomic_embed_text_v1,hierarchical_section,320,64,0.221640,nomic_ai_nomic_embed_text_v1_hierarchical_section_c320_o64/results/nomic-ai__nomic-embed-text-v1_0759316f275aa0cb93a5b830973843ca66babcf5/nomic-ai__nomic-embed-text-v1/0759316f275aa0cb93a5b830973843ca66babcf5
BAAI_bge_base_en_v1.5,semantic_recursive,320,48,0.220590,BAAI_bge_base_en_v1.5_semantic_recursive_c320_o48/results/BAAI__bge-base-en-v1.5_a5beb1e3e68b9ab74eb54cfd186867f64f240e1a/BAAI__bge-base-en-v1.5/a5beb1e3e68b9ab74eb54cfd186867f64f240e1a
intfloat_e5_base,recursive_token,256,0,0.220590,intfloat_e5_base_recursive_token_c256_o0/results/intfloat__e5-base_b533fe4636f4a2507c08ddab40644d20b0006d6a/intfloat__e5-base/b533fe4636f4a2507c08ddab40644d20b0006d6a
nomic_ai_nomic_embed_text_v1,recursive_token,256,48,0.220590,nomic_ai_nomic_embed_text_v1_recursive_token_c256_o48/results/nomic-ai__nomic-embed-text-v1_0759316f275aa0cb93a5b830973843ca66babcf5/nomic-ai__nomic-embed-text-v1/0759316f275aa0cb93a5b830973843ca66babcf5
intfloat_e5_small,hierarchical_section,256,48,0.219540,intfloat_e5_small_hierarchical_section_c256_o48/results/intfloat__e5-small_e272f3049e853b47cb5ca3952268c6662abda68f/intfloat__e5-small/e272f3049e853b47cb5ca3952268c6662abda68f
intfloat_e5_small,semantic_fixed,256,32,0.219540,intfloat_e5_small_semantic_fixed_c256_o32/results/intfloat__e5-small_e272f3049e853b47cb5ca3952268c6662abda68f/intfloat__e5-small/e272f3049e853b47cb5ca3952268c6662abda68f
BAAI_bge_base_en_v1.5,hierarchical_section,320,64,0.218490,BAAI_bge_base_en_v1.5_hierarchical_section_c320_o64/results/BAAI__bge-base-en-v1.5_a5beb1e3e68b9ab74eb54cfd186867f64f240e1a/BAAI__bge-base-en-v1.5/a5beb1e3e68b9ab74eb54cfd186867f64f240e1a
BAAI_bge_base_en_v1.5,recursive_token,256,0,0.218490,BAAI_bge_base_en_v1.5_recursive_token_c256_o0/results/BAAI__bge-base-en-v1.5_a5beb1e3e68b9ab74eb54cfd186867f64f240e1a/BAAI__bge-base-en-v1.5/a5beb1e3e68b9ab74eb54cfd186867f64f240e1a
intfloat_e5_base,fixed_token,256,48,0.218490,intfloat_e5_base_fixed_token_c256_o48/results/intfloat__e5-base_b533fe4636f4a2507c08ddab40644d20b0006d6a/intfloat__e5-base/b533fe4636f4a2507c08ddab40644d20b0006d6a
intfloat_e5_base,hierarchical_section,320,64,0.218490,intfloat_e5_base_hierarchical_section_c320_o64/results/intfloat__e5-base_b533fe4636f4a2507c08ddab40644d20b0006d6a/intfloat__e5-base/b533fe4636f4a2507c08ddab40644d20b0006d6a
intfloat_e5_base,semantic_recursive,384,48,0.218490,intfloat_e5_base_semantic_recursive_c384_o48/results/intfloat__e5-base_b533fe4636f4a2507c08ddab40644d20b0006d6a/intfloat__e5-base/b533fe4636f4a2507c08ddab40644d20b0006d6a
intfloat_e5_small,fixed_token,256,48,0.218490,intfloat_e5_small_fixed_token_c256_o48/results/intfloat__e5-small_e272f3049e853b47cb5ca3952268c6662abda68f/intfloat__e5-small/e272f3049e853b47cb5ca3952268c6662abda68f
nomic_ai_nomic_embed_text_v1,recursive_token,256,32,0.218490,nomic_ai_nomic_embed_text_v1_recursive_token_c256_o32/results/nomic-ai__nomic-embed-text-v1_0759316f275aa0cb93a5b830973843ca66babcf5/nomic-ai__nomic-embed-text-v1/0759316f275aa0cb93a5b830973843ca66babcf5
BAAI_bge_large_en_v1.5,recursive_token,256,16,0.217440,BAAI_bge_large_en_v1.5_recursive_token_c256_o16/results/BAAI__bge-large-en-v1.5_d4aa6901d3a41ba39fb536a557fa166f842b0e09/BAAI__bge-large-en-v1.5/d4aa6901d3a41ba39fb536a557fa166f842b0e09
intfloat_e5_base,semantic_fixed,256,48,0.217440,intfloat_e5_base_semantic_fixed_c256_o48/results/intfloat__e5-base_b533fe4636f4a2507c08ddab40644d20b0006d6a/intfloat__e5-base/b533fe4636f4a2507c08ddab40644d20b0006d6a
intfloat_e5_small,semantic_recursive,320,64,0.217440,intfloat_e5_small_semantic_recursive_c320_o64/results/intfloat__e5-small_e272f3049e853b47cb5ca3952268c6662abda68f/intfloat__e5-small/e272f3049e853b47cb5ca3952268c6662abda68f
nomic_ai_nomic_embed_text_v1.5,fixed_token,256,48,0.217440,nomic_ai_nomic_embed_text_v1.5_fixed_token_c256_o48/results/nomic-ai__nomic-embed-text-v1.5_b0753ae76394dd36bcfb912a46018088bca48be0/nomic-ai__nomic-embed-text-v1.5/b0753ae76394dd36bcfb912a46018088bca48be0
intfloat_e5_base,hierarchical_section,256,0,0.216390,intfloat_e5_base_hierarchical_section_c256_o0/results/intfloat__e5-base_b533fe4636f4a2507c08ddab40644d20b0006d6a/intfloat__e5-base/b533fe4636f4a2507c08ddab40644d20b0006d6a
intfloat_multilingual_e5_base,hierarchical_section,256,32,0.216390,intfloat_multilingual_e5_base_hierarchical_section_c256_o32/results/intfloat__multilingual-e5-base_d13f1b27baf31030b7fd040960d60d909913633f/intfloat__multilingual-e5-base/d13f1b27baf31030b7fd040960d60d909913633f
BAAI_bge_large_en_v1.5,hierarchical_section,256,64,0.215340,BAAI_bge_large_en_v1.5_hierarchical_section_c256_o64/results/BAAI__bge-large-en-v1.5_d4aa6901d3a41ba39fb536a557fa166f842b0e09/BAAI__bge-large-en-v1.5/d4aa6901d3a41ba39fb536a557fa166f842b0e09
intfloat_e5_base,fixed_token,256,32,0.215340,intfloat_e5_base_fixed_token_c256_o32/results/intfloat__e5-base_b533fe4636f4a2507c08ddab40644d20b0006d6a/intfloat__e5-base/b533fe4636f4a2507c08ddab40644d20b0006d6a
intfloat_e5_base,hierarchical_section,256,16,0.215340,intfloat_e5_base_hierarchical_section_c256_o16/results/intfloat__e5-base_b533fe4636f4a2507c08ddab40644d20b0006d6a/intfloat__e5-base/b533fe4636f4a2507c08ddab40644d20b0006d6a
intfloat_e5_base,semantic_recursive,320,0,0.215340,intfloat_e5_base_semantic_recursive_c320_o0/results/intfloat__e5-base_b533fe4636f4a2507c08ddab40644d20b0006d6a/intfloat__e5-base/b533fe4636f4a2507c08ddab40644d20b0006d6a
intfloat_e5_small,recursive_token,256,64,0.215340,intfloat_e5_small_recursive_token_c256_o64/results/intfloat__e5-small_e272f3049e853b47cb5ca3952268c6662abda68f/intfloat__e5-small/e272f3049e853b47cb5ca3952268c6662abda68f
nomic_ai_nomic_embed_text_v1,recursive_token,256,64,0.215340,nomic_ai_nomic_embed_text_v1_recursive_token_c256_o64/results/nomic-ai__nomic-embed-text-v1_0759316f275aa0cb93a5b830973843ca66babcf5/nomic-ai__nomic-embed-text-v1/0759316f275aa0cb93a5b830973843ca66babcf5
BAAI_bge_large_en_v1.5,hierarchical_section,256,48,0.214290,BAAI_bge_large_en_v1.5_hierarchical_section_c256_o48/results/BAAI__bge-large-en-v1.5_d4aa6901d3a41ba39fb536a557fa166f842b0e09/BAAI__bge-large-en-v1.5/d4aa6901d3a41ba39fb536a557fa166f842b0e09
BAAI_bge_large_en_v1.5,semantic_fixed,256,48,0.214290,BAAI_bge_large_en_v1.5_semantic_fixed_c256_o48/results/BAAI__bge-large-en-v1.5_d4aa6901d3a41ba39fb536a557fa166f842b0e09/BAAI__bge-large-en-v1.5/d4aa6901d3a41ba39fb536a557fa166f842b0e09
intfloat_e5_base,hierarchical_section,256,32,0.214290,intfloat_e5_base_hierarchical_section_c256_o32/results/intfloat__e5-base_b533fe4636f4a2507c08ddab40644d20b0006d6a/intfloat__e5-base/b533fe4636f4a2507c08ddab40644d20b0006d6a
intfloat_e5_base,semantic_recursive,320,16,0.214290,intfloat_e5_base_semantic_recursive_c320_o16/results/intfloat__e5-base_b533fe4636f4a2507c08ddab40644d20b0006d6a/intfloat__e5-base/b533fe4636f4a2507c08ddab40644d20b0006d6a
intfloat_e5_base,semantic_recursive,384,64,0.214290,intfloat_e5_base_semantic_recursive_c384_o64/results/intfloat__e5-base_b533fe4636f4a2507c08ddab40644d20b0006d6a/intfloat__e5-base/b533fe4636f4a2507c08ddab40644d20b0006d6a
nomic_ai_nomic_embed_text_v1.5,recursive_token,256,48,0.214290,nomic_ai_nomic_embed_text_v1.5_recursive_token_c256_o48/results/nomic-ai__nomic-embed-text-v1.5_b0753ae76394dd36bcfb912a46018088bca48be0/nomic-ai__nomic-embed-text-v1.5/b0753ae76394dd36bcfb912a46018088bca48be0
nomic_ai_nomic_embed_text_v1.5,recursive_token,256,64,0.214290,nomic_ai_nomic_embed_text_v1.5_recursive_token_c256_o64/results/nomic-ai__nomic-embed-text-v1.5_b0753ae76394dd36bcfb912a46018088bca48be0/nomic-ai__nomic-embed-text-v1.5/b0753ae76394dd36bcfb912a46018088bca48be0
BAAI_bge_base_en_v1.5,recursive_token,256,32,0.212180,BAAI_bge_base_en_v1.5_recursive_token_c256_o32/results/BAAI__bge-base-en-v1.5_a5beb1e3e68b9ab74eb54cfd186867f64f240e1a/BAAI__bge-base-en-v1.5/a5beb1e3e68b9ab74eb54cfd186867f64f240e1a
BAAI_bge_base_en_v1.5,semantic_fixed,256,48,0.211130,BAAI_bge_base_en_v1.5_semantic_fixed_c256_o48/results/BAAI__bge-base-en-v1.5_a5beb1e3e68b9ab74eb54cfd186867f64f240e1a/BAAI__bge-base-en-v1.5/a5beb1e3e68b9ab74eb54cfd186867f64f240e1a
nomic_ai_nomic_embed_text_v1.5,hierarchical_section,320,64,0.211130,nomic_ai_nomic_embed_text_v1.5_hierarchical_section_c320_o64/results/nomic-ai__nomic-embed-text-v1.5_b0753ae76394dd36bcfb912a46018088bca48be0/nomic-ai__nomic-embed-text-v1.5/b0753ae76394dd36bcfb912a46018088bca48be0
intfloat_e5_base,recursive_token,256,16,0.210080,intfloat_e5_base_recursive_token_c256_o16/results/intfloat__e5-base_b533fe4636f4a2507c08ddab40644d20b0006d6a/intfloat__e5-base/b533fe4636f4a2507c08ddab40644d20b0006d6a
intfloat_e5_small,semantic_fixed,256,48,0.210080,intfloat_e5_small_semantic_fixed_c256_o48/results/intfloat__e5-small_e272f3049e853b47cb5ca3952268c6662abda68f/intfloat__e5-small/e272f3049e853b47cb5ca3952268c6662abda68f
intfloat_multilingual_e5_base,semantic_fixed,256,32,0.210080,intfloat_multilingual_e5_base_semantic_fixed_c256_o32/results/intfloat__multilingual-e5-base_d13f1b27baf31030b7fd040960d60d909913633f/intfloat__multilingual-e5-base/d13f1b27baf31030b7fd040960d60d909913633f
nomic_ai_nomic_embed_text_v1.5,hierarchical_section,256,32,0.210080,nomic_ai_nomic_embed_text_v1.5_hierarchical_section_c256_o32/results/nomic-ai__nomic-embed-text-v1.5_b0753ae76394dd36bcfb912a46018088bca48be0/nomic-ai__nomic-embed-text-v1.5/b0753ae76394dd36bcfb912a46018088bca48be0
intfloat_multilingual_e5_base,recursive_token,256,0,0.209030,intfloat_multilingual_e5_base_recursive_token_c256_o0/results/intfloat__multilingual-e5-base_d13f1b27baf31030b7fd040960d60d909913633f/intfloat__multilingual-e5-base/d13f1b27baf31030b7fd040960d60d909913633f
intfloat_multilingual_e5_base,recursive_token,256,32,0.209030,intfloat_multilingual_e5_base_recursive_token_c256_o32/results/intfloat__multilingual-e5-base_d13f1b27baf31030b7fd040960d60d909913633f/intfloat__multilingual-e5-base/d13f1b27baf31030b7fd040960d60d909913633f
nomic_ai_nomic_embed_text_v1,fixed_token,256,48,0.209030,nomic_ai_nomic_embed_text_v1_fixed_token_c256_o48/results/nomic-ai__nomic-embed-text-v1_0759316f275aa0cb93a5b830973843ca66babcf5/nomic-ai__nomic-embed-text-v1/0759316f275aa0cb93a5b830973843ca66babcf5
intfloat_e5_base,fixed_token,256,64,0.207980,intfloat_e5_base_fixed_token_c256_o64/results/intfloat__e5-base_b533fe4636f4a2507c08ddab40644d20b0006d6a/intfloat__e5-base/b533fe4636f4a2507c08ddab40644d20b0006d6a
intfloat_e5_base,semantic_recursive,320,32,0.207980,intfloat_e5_base_semantic_recursive_c320_o32/results/intfloat__e5-base_b533fe4636f4a2507c08ddab40644d20b0006d6a/intfloat__e5-base/b533fe4636f4a2507c08ddab40644d20b0006d6a
BAAI_bge_large_en_v1.5,fixed_token,256,48,0.206930,BAAI_bge_large_en_v1.5_fixed_token_c256_o48/results/BAAI__bge-large-en-v1.5_d4aa6901d3a41ba39fb536a557fa166f842b0e09/BAAI__bge-large-en-v1.5/d4aa6901d3a41ba39fb536a557fa166f842b0e09
BAAI_bge_large_en_v1.5,semantic_recursive,256,16,0.206930,BAAI_bge_large_en_v1.5_semantic_recursive_c256_o16/results/BAAI__bge-large-en-v1.5_d4aa6901d3a41ba39fb536a557fa166f842b0e09/BAAI__bge-large-en-v1.5/d4aa6901d3a41ba39fb536a557fa166f842b0e09
intfloat_e5_base,hierarchical_section,256,48,0.206930,intfloat_e5_base_hierarchical_section_c256_o48/results/intfloat__e5-base_b533fe4636f4a2507c08ddab40644d20b0006d6a/intfloat__e5-base/b533fe4636f4a2507c08ddab40644d20b0006d6a
nomic_ai_nomic_embed_text_v1.5,hierarchical_section,256,48,0.206930,nomic_ai_nomic_embed_text_v1.5_hierarchical_section_c256_o48/results/nomic-ai__nomic-embed-text-v1.5_b0753ae76394dd36bcfb912a46018088bca48be0/nomic-ai__nomic-embed-text-v1.5/b0753ae76394dd36bcfb912a46018088bca48be0
intfloat_e5_small,hierarchical_section,256,64,0.205880,intfloat_e5_small_hierarchical_section_c256_o64/results/intfloat__e5-small_e272f3049e853b47cb5ca3952268c6662abda68f/intfloat__e5-small/e272f3049e853b47cb5ca3952268c6662abda68f
intfloat_e5_small,semantic_fixed,192,0,0.205880,intfloat_e5_small_semantic_fixed_c192_o0/results/intfloat__e5-small_e272f3049e853b47cb5ca3952268c6662abda68f/intfloat__e5-small/e272f3049e853b47cb5ca3952268c6662abda68f
nomic_ai_nomic_embed_text_v1,fixed_token,256,64,0.205880,nomic_ai_nomic_embed_text_v1_fixed_token_c256_o64/results/nomic-ai__nomic-embed-text-v1_0759316f275aa0cb93a5b830973843ca66babcf5/nomic-ai__nomic-embed-text-v1/0759316f275aa0cb93a5b830973843ca66babcf5
BAAI_bge_large_en_v1.5,fixed_token,192,16,0.204830,BAAI_bge_large_en_v1.5_fixed_token_c192_o16/results/BAAI__bge-large-en-v1.5_d4aa6901d3a41ba39fb536a557fa166f842b0e09/BAAI__bge-large-en-v1.5/d4aa6901d3a41ba39fb536a557fa166f842b0e09
BAAI_bge_large_en_v1.5,semantic_recursive,256,0,0.204830,BAAI_bge_large_en_v1.5_semantic_recursive_c256_o0/results/BAAI__bge-large-en-v1.5_d4aa6901d3a41ba39fb536a557fa166f842b0e09/BAAI__bge-large-en-v1.5/d4aa6901d3a41ba39fb536a557fa166f842b0e09
intfloat_e5_base,semantic_fixed,256,32,0.204830,intfloat_e5_base_semantic_fixed_c256_o32/results/intfloat__e5-base_b533fe4636f4a2507c08ddab40644d20b0006d6a/intfloat__e5-base/b533fe4636f4a2507c08ddab40644d20b0006d6a
intfloat_e5_small,fixed_token,256,64,0.204830,intfloat_e5_small_fixed_token_c256_o64/results/intfloat__e5-small_e272f3049e853b47cb5ca3952268c6662abda68f/intfloat__e5-small/e272f3049e853b47cb5ca3952268c6662abda68f
intfloat_multilingual_e5_base,fixed_token,256,32,0.204830,intfloat_multilingual_e5_base_fixed_token_c256_o32/results/intfloat__multilingual-e5-base_d13f1b27baf31030b7fd040960d60d909913633f/intfloat__multilingual-e5-base/d13f1b27baf31030b7fd040960d60d909913633f
BAAI_bge_base_en_v1.5,recursive_token,256,64,0.203780,BAAI_bge_base_en_v1.5_recursive_token_c256_o64/results/BAAI__bge-base-en-v1.5_a5beb1e3e68b9ab74eb54cfd186867f64f240e1a/BAAI__bge-base-en-v1.5/a5beb1e3e68b9ab74eb54cfd186867f64f240e1a
intfloat_e5_small,hierarchical_section,192,0,0.203780,intfloat_e5_small_hierarchical_section_c192_o0/results/intfloat__e5-small_e272f3049e853b47cb5ca3952268c6662abda68f/intfloat__e5-small/e272f3049e853b47cb5ca3952268c6662abda68f
BAAI_bge_base_en_v1.5,recursive_token,256,16,0.202730,BAAI_bge_base_en_v1.5_recursive_token_c256_o16/results/BAAI__bge-base-en-v1.5_a5beb1e3e68b9ab74eb54cfd186867f64f240e1a/BAAI__bge-base-en-v1.5/a5beb1e3e68b9ab74eb54cfd186867f64f240e1a
intfloat_e5_base,recursive_token,256,64,0.202730,intfloat_e5_base_recursive_token_c256_o64/results/intfloat__e5-base_b533fe4636f4a2507c08ddab40644d20b0006d6a/intfloat__e5-base/b533fe4636f4a2507c08ddab40644d20b0006d6a
intfloat_multilingual_e5_base,semantic_fixed,256,64,0.202730,intfloat_multilingual_e5_base_semantic_fixed_c256_o64/results/intfloat__multilingual-e5-base_d13f1b27baf31030b7fd040960d60d909913633f/intfloat__multilingual-e5-base/d13f1b27baf31030b7fd040960d60d909913633f
nomic_ai_nomic_embed_text_v1.5,fixed_token,256,64,0.202730,nomic_ai_nomic_embed_text_v1.5_fixed_token_c256_o64/results/nomic-ai__nomic-embed-text-v1.5_b0753ae76394dd36bcfb912a46018088bca48be0/nomic-ai__nomic-embed-text-v1.5/b0753ae76394dd36bcfb912a46018088bca48be0
BAAI_bge_large_en_v1.5,hierarchical_section,192,0,0.201680,BAAI_bge_large_en_v1.5_hierarchical_section_c192_o0/results/BAAI__bge-large-en-v1.5_d4aa6901d3a41ba39fb536a557fa166f842b0e09/BAAI__bge-large-en-v1.5/d4aa6901d3a41ba39fb536a557fa166f842b0e09
BAAI_bge_large_en_v1.5,semantic_recursive,256,32,0.201680,BAAI_bge_large_en_v1.5_semantic_recursive_c256_o32/results/BAAI__bge-large-en-v1.5_d4aa6901d3a41ba39fb536a557fa166f842b0e09/BAAI__bge-large-en-v1.5/d4aa6901d3a41ba39fb536a557fa166f842b0e09
nomic_ai_nomic_embed_text_v1,hierarchical_section,256,64,0.201680,nomic_ai_nomic_embed_text_v1_hierarchical_section_c256_o64/results/nomic-ai__nomic-embed-text-v1_0759316f275aa0cb93a5b830973843ca66babcf5/nomic-ai__nomic-embed-text-v1/0759316f275aa0cb93a5b830973843ca66babcf5
BAAI_bge_large_en_v1.5,hierarchical_section,192,16,0.200630,BAAI_bge_large_en_v1.5_hierarchical_section_c192_o16/results/BAAI__bge-large-en-v1.5_d4aa6901d3a41ba39fb536a557fa166f842b0e09/BAAI__bge-large-en-v1.5/d4aa6901d3a41ba39fb536a557fa166f842b0e09
BAAI_bge_large_en_v1.5,semantic_recursive,256,48,0.200630,BAAI_bge_large_en_v1.5_semantic_recursive_c256_o48/results/BAAI__bge-large-en-v1.5_d4aa6901d3a41ba39fb536a557fa166f842b0e09/BAAI__bge-large-en-v1.5/d4aa6901d3a41ba39fb536a557fa166f842b0e09
BAAI_bge_base_en_v1.5,semantic_recursive,256,48,0.199580,BAAI_bge_base_en_v1.5_semantic_recursive_c256_o48/results/BAAI__bge-base-en-v1.5_a5beb1e3e68b9ab74eb54cfd186867f64f240e1a/BAAI__bge-base-en-v1.5/a5beb1e3e68b9ab74eb54cfd186867f64f240e1a
BAAI_bge_large_en_v1.5,semantic_fixed,256,64,0.199580,BAAI_bge_large_en_v1.5_semantic_fixed_c256_o64/results/BAAI__bge-large-en-v1.5_d4aa6901d3a41ba39fb536a557fa166f842b0e09/BAAI__bge-large-en-v1.5/d4aa6901d3a41ba39fb536a557fa166f842b0e09
BAAI_bge_base_en_v1.5,semantic_recursive,256,0,0.198530,BAAI_bge_base_en_v1.5_semantic_recursive_c256_o0/results/BAAI__bge-base-en-v1.5_a5beb1e3e68b9ab74eb54cfd186867f64f240e1a/BAAI__bge-base-en-v1.5/a5beb1e3e68b9ab74eb54cfd186867f64f240e1a
intfloat_e5_base,fixed_token,192,16,0.198530,intfloat_e5_base_fixed_token_c192_o16/results/intfloat__e5-base_b533fe4636f4a2507c08ddab40644d20b0006d6a/intfloat__e5-base/b533fe4636f4a2507c08ddab40644d20b0006d6a
intfloat_e5_base,semantic_fixed,256,64,0.198530,intfloat_e5_base_semantic_fixed_c256_o64/results/intfloat__e5-base_b533fe4636f4a2507c08ddab40644d20b0006d6a/intfloat__e5-base/b533fe4636f4a2507c08ddab40644d20b0006d6a
intfloat_e5_base,semantic_recursive,320,48,0.198530,intfloat_e5_base_semantic_recursive_c320_o48/results/intfloat__e5-base_b533fe4636f4a2507c08ddab40644d20b0006d6a/intfloat__e5-base/b533fe4636f4a2507c08ddab40644d20b0006d6a
intfloat_e5_base,semantic_recursive,320,64,0.198530,intfloat_e5_base_semantic_recursive_c320_o64/results/intfloat__e5-base_b533fe4636f4a2507c08ddab40644d20b0006d6a/intfloat__e5-base/b533fe4636f4a2507c08ddab40644d20b0006d6a
intfloat_e5_base,hierarchical_section,256,64,0.197480,intfloat_e5_base_hierarchical_section_c256_o64/results/intfloat__e5-base_b533fe4636f4a2507c08ddab40644d20b0006d6a/intfloat__e5-base/b533fe4636f4a2507c08ddab40644d20b0006d6a
intfloat_e5_small,recursive_token,192,32,0.196430,intfloat_e5_small_recursive_token_c192_o32/results/intfloat__e5-small_e272f3049e853b47cb5ca3952268c6662abda68f/intfloat__e5-small/e272f3049e853b47cb5ca3952268c6662abda68f
intfloat_multilingual_e5_base,hierarchical_section,256,48,0.196430,intfloat_multilingual_e5_base_hierarchical_section_c256_o48/results/intfloat__multilingual-e5-base_d13f1b27baf31030b7fd040960d60d909913633f/intfloat__multilingual-e5-base/d13f1b27baf31030b7fd040960d60d909913633f
intfloat_multilingual_e5_base,recursive_token,256,16,0.196430,intfloat_multilingual_e5_base_recursive_token_c256_o16/results/intfloat__multilingual-e5-base_d13f1b27baf31030b7fd040960d60d909913633f/intfloat__multilingual-e5-base/d13f1b27baf31030b7fd040960d60d909913633f
BAAI_bge_base_en_v1.5,hierarchical_section,192,0,0.195380,BAAI_bge_base_en_v1.5_hierarchical_section_c192_o0/results/BAAI__bge-base-en-v1.5_a5beb1e3e68b9ab74eb54cfd186867f64f240e1a/BAAI__bge-base-en-v1.5/a5beb1e3e68b9ab74eb54cfd186867f64f240e1a
BAAI_bge_large_en_v1.5,semantic_fixed,192,16,0.195380,BAAI_bge_large_en_v1.5_semantic_fixed_c192_o16/results/BAAI__bge-large-en-v1.5_d4aa6901d3a41ba39fb536a557fa166f842b0e09/BAAI__bge-large-en-v1.5/d4aa6901d3a41ba39fb536a557fa166f842b0e09
intfloat_e5_small,semantic_recursive,256,0,0.195380,intfloat_e5_small_semantic_recursive_c256_o0/results/intfloat__e5-small_e272f3049e853b47cb5ca3952268c6662abda68f/intfloat__e5-small/e272f3049e853b47cb5ca3952268c6662abda68f
intfloat_multilingual_e5_base,fixed_token,192,0,0.195380,intfloat_multilingual_e5_base_fixed_token_c192_o0/results/intfloat__multilingual-e5-base_d13f1b27baf31030b7fd040960d60d909913633f/intfloat__multilingual-e5-base/d13f1b27baf31030b7fd040960d60d909913633f
intfloat_multilingual_e5_base,hierarchical_section,256,64,0.195380,intfloat_multilingual_e5_base_hierarchical_section_c256_o64/results/intfloat__multilingual-e5-base_d13f1b27baf31030b7fd040960d60d909913633f/intfloat__multilingual-e5-base/d13f1b27baf31030b7fd040960d60d909913633f
intfloat_multilingual_e5_base,semantic_recursive,256,16,0.195380,intfloat_multilingual_e5_base_semantic_recursive_c256_o16/results/intfloat__multilingual-e5-base_d13f1b27baf31030b7fd040960d60d909913633f/intfloat__multilingual-e5-base/d13f1b27baf31030b7fd040960d60d909913633f
BAAI_bge_base_en_v1.5,fixed_token,256,64,0.194330,BAAI_bge_base_en_v1.5_fixed_token_c256_o64/results/BAAI__bge-base-en-v1.5_a5beb1e3e68b9ab74eb54cfd186867f64f240e1a/BAAI__bge-base-en-v1.5/a5beb1e3e68b9ab74eb54cfd186867f64f240e1a
BAAI_bge_base_en_v1.5,hierarchical_section,192,16,0.194330,BAAI_bge_base_en_v1.5_hierarchical_section_c192_o16/results/BAAI__bge-base-en-v1.5_a5beb1e3e68b9ab74eb54cfd186867f64f240e1a/BAAI__bge-base-en-v1.5/a5beb1e3e68b9ab74eb54cfd186867f64f240e1a
BAAI_bge_base_en_v1.5,hierarchical_section,256,64,0.194330,BAAI_bge_base_en_v1.5_hierarchical_section_c256_o64/results/BAAI__bge-base-en-v1.5_a5beb1e3e68b9ab74eb54cfd186867f64f240e1a/BAAI__bge-base-en-v1.5/a5beb1e3e68b9ab74eb54cfd186867f64f240e1a
BAAI_bge_base_en_v1.5,semantic_recursive,256,16,0.194330,BAAI_bge_base_en_v1.5_semantic_recursive_c256_o16/results/BAAI__bge-base-en-v1.5_a5beb1e3e68b9ab74eb54cfd186867f64f240e1a/BAAI__bge-base-en-v1.5/a5beb1e3e68b9ab74eb54cfd186867f64f240e1a
BAAI_bge_large_en_v1.5,fixed_token,192,0,0.194330,BAAI_bge_large_en_v1.5_fixed_token_c192_o0/results/BAAI__bge-large-en-v1.5_d4aa6901d3a41ba39fb536a557fa166f842b0e09/BAAI__bge-large-en-v1.5/d4aa6901d3a41ba39fb536a557fa166f842b0e09
BAAI_bge_large_en_v1.5,recursive_token,256,64,0.194330,BAAI_bge_large_en_v1.5_recursive_token_c256_o64/results/BAAI__bge-large-en-v1.5_d4aa6901d3a41ba39fb536a557fa166f842b0e09/BAAI__bge-large-en-v1.5/d4aa6901d3a41ba39fb536a557fa166f842b0e09
intfloat_e5_small,hierarchical_section,192,16,0.194330,intfloat_e5_small_hierarchical_section_c192_o16/results/intfloat__e5-small_e272f3049e853b47cb5ca3952268c6662abda68f/intfloat__e5-small/e272f3049e853b47cb5ca3952268c6662abda68f
intfloat_multilingual_e5_base,semantic_recursive,256,0,0.194330,intfloat_multilingual_e5_base_semantic_recursive_c256_o0/results/intfloat__multilingual-e5-base_d13f1b27baf31030b7fd040960d60d909913633f/intfloat__multilingual-e5-base/d13f1b27baf31030b7fd040960d60d909913633f
nomic_ai_nomic_embed_text_v1,recursive_token,192,16,0.194330,nomic_ai_nomic_embed_text_v1_recursive_token_c192_o16/results/nomic-ai__nomic-embed-text-v1_0759316f275aa0cb93a5b830973843ca66babcf5/nomic-ai__nomic-embed-text-v1/0759316f275aa0cb93a5b830973843ca66babcf5
nomic_ai_nomic_embed_text_v1.5,hierarchical_section,256,64,0.194330,nomic_ai_nomic_embed_text_v1.5_hierarchical_section_c256_o64/results/nomic-ai__nomic-embed-text-v1.5_b0753ae76394dd36bcfb912a46018088bca48be0/nomic-ai__nomic-embed-text-v1.5/b0753ae76394dd36bcfb912a46018088bca48be0
intfloat_e5_small,semantic_recursive,256,16,0.193280,intfloat_e5_small_semantic_recursive_c256_o16/results/intfloat__e5-small_e272f3049e853b47cb5ca3952268c6662abda68f/intfloat__e5-small/e272f3049e853b47cb5ca3952268c6662abda68f
intfloat_e5_small,semantic_recursive,256,32,0.193280,intfloat_e5_small_semantic_recursive_c256_o32/results/intfloat__e5-small_e272f3049e853b47cb5ca3952268c6662abda68f/intfloat__e5-small/e272f3049e853b47cb5ca3952268c6662abda68f
intfloat_e5_small,semantic_recursive,256,48,0.193280,intfloat_e5_small_semantic_recursive_c256_o48/results/intfloat__e5-small_e272f3049e853b47cb5ca3952268c6662abda68f/intfloat__e5-small/e272f3049e853b47cb5ca3952268c6662abda68f
intfloat_multilingual_e5_base,semantic_recursive,256,32,0.193280,intfloat_multilingual_e5_base_semantic_recursive_c256_o32/results/intfloat__multilingual-e5-base_d13f1b27baf31030b7fd040960d60d909913633f/intfloat__multilingual-e5-base/d13f1b27baf31030b7fd040960d60d909913633f
nomic_ai_nomic_embed_text_v1,hierarchical_section,192,0,0.193280,nomic_ai_nomic_embed_text_v1_hierarchical_section_c192_o0/results/nomic-ai__nomic-embed-text-v1_0759316f275aa0cb93a5b830973843ca66babcf5/nomic-ai__nomic-embed-text-v1/0759316f275aa0cb93a5b830973843ca66babcf5
BAAI_bge_large_en_v1.5,semantic_fixed,192,32,0.192230,BAAI_bge_large_en_v1.5_semantic_fixed_c192_o32/results/BAAI__bge-large-en-v1.5_d4aa6901d3a41ba39fb536a557fa166f842b0e09/BAAI__bge-large-en-v1.5/d4aa6901d3a41ba39fb536a557fa166f842b0e09
intfloat_e5_base,semantic_fixed,192,0,0.192230,intfloat_e5_base_semantic_fixed_c192_o0/results/intfloat__e5-base_b533fe4636f4a2507c08ddab40644d20b0006d6a/intfloat__e5-base/b533fe4636f4a2507c08ddab40644d20b0006d6a
BAAI_bge_base_en_v1.5,semantic_fixed,256,64,0.191180,BAAI_bge_base_en_v1.5_semantic_fixed_c256_o64/results/BAAI__bge-base-en-v1.5_a5beb1e3e68b9ab74eb54cfd186867f64f240e1a/BAAI__bge-base-en-v1.5/a5beb1e3e68b9ab74eb54cfd186867f64f240e1a
intfloat_e5_small,semantic_recursive,256,64,0.191180,intfloat_e5_small_semantic_recursive_c256_o64/results/intfloat__e5-small_e272f3049e853b47cb5ca3952268c6662abda68f/intfloat__e5-small/e272f3049e853b47cb5ca3952268c6662abda68f
nomic_ai_nomic_embed_text_v1.5,fixed_token,192,16,0.191180,nomic_ai_nomic_embed_text_v1.5_fixed_token_c192_o16/results/nomic-ai__nomic-embed-text-v1.5_b0753ae76394dd36bcfb912a46018088bca48be0/nomic-ai__nomic-embed-text-v1.5/b0753ae76394dd36bcfb912a46018088bca48be0
BAAI_bge_large_en_v1.5,fixed_token,256,64,0.190130,BAAI_bge_large_en_v1.5_fixed_token_c256_o64/results/BAAI__bge-large-en-v1.5_d4aa6901d3a41ba39fb536a557fa166f842b0e09/BAAI__bge-large-en-v1.5/d4aa6901d3a41ba39fb536a557fa166f842b0e09
BAAI_bge_large_en_v1.5,semantic_fixed,192,0,0.190130,BAAI_bge_large_en_v1.5_semantic_fixed_c192_o0/results/BAAI__bge-large-en-v1.5_d4aa6901d3a41ba39fb536a557fa166f842b0e09/BAAI__bge-large-en-v1.5/d4aa6901d3a41ba39fb536a557fa166f842b0e09
intfloat_e5_small,hierarchical_section,192,48,0.190130,intfloat_e5_small_hierarchical_section_c192_o48/results/intfloat__e5-small_e272f3049e853b47cb5ca3952268c6662abda68f/intfloat__e5-small/e272f3049e853b47cb5ca3952268c6662abda68f
intfloat_multilingual_e5_base,fixed_token,256,48,0.190130,intfloat_multilingual_e5_base_fixed_token_c256_o48/results/intfloat__multilingual-e5-base_d13f1b27baf31030b7fd040960d60d909913633f/intfloat__multilingual-e5-base/d13f1b27baf31030b7fd040960d60d909913633f
intfloat_multilingual_e5_base,fixed_token,256,64,0.190130,intfloat_multilingual_e5_base_fixed_token_c256_o64/results/intfloat__multilingual-e5-base_d13f1b27baf31030b7fd040960d60d909913633f/intfloat__multilingual-e5-base/d13f1b27baf31030b7fd040960d60d909913633f
nomic_ai_nomic_embed_text_v1.5,hierarchical_section,192,16,0.190130,nomic_ai_nomic_embed_text_v1.5_hierarchical_section_c192_o16/results/nomic-ai__nomic-embed-text-v1.5_b0753ae76394dd36bcfb912a46018088bca48be0/nomic-ai__nomic-embed-text-v1.5/b0753ae76394dd36bcfb912a46018088bca48be0
BAAI_bge_base_en_v1.5,recursive_token,192,0,0.189080,BAAI_bge_base_en_v1.5_recursive_token_c192_o0/results/BAAI__bge-base-en-v1.5_a5beb1e3e68b9ab74eb54cfd186867f64f240e1a/BAAI__bge-base-en-v1.5/a5beb1e3e68b9ab74eb54cfd186867f64f240e1a
BAAI_bge_base_en_v1.5,semantic_recursive,256,32,0.189080,BAAI_bge_base_en_v1.5_semantic_recursive_c256_o32/results/BAAI__bge-base-en-v1.5_a5beb1e3e68b9ab74eb54cfd186867f64f240e1a/BAAI__bge-base-en-v1.5/a5beb1e3e68b9ab74eb54cfd186867f64f240e1a
intfloat_e5_base,semantic_recursive,256,16,0.189080,intfloat_e5_base_semantic_recursive_c256_o16/results/intfloat__e5-base_b533fe4636f4a2507c08ddab40644d20b0006d6a/intfloat__e5-base/b533fe4636f4a2507c08ddab40644d20b0006d6a
intfloat_e5_small,fixed_token,192,0,0.189080,intfloat_e5_small_fixed_token_c192_o0/results/intfloat__e5-small_e272f3049e853b47cb5ca3952268c6662abda68f/intfloat__e5-small/e272f3049e853b47cb5ca3952268c6662abda68f
intfloat_multilingual_e5_base,semantic_fixed,192,0,0.189080,intfloat_multilingual_e5_base_semantic_fixed_c192_o0/results/intfloat__multilingual-e5-base_d13f1b27baf31030b7fd040960d60d909913633f/intfloat__multilingual-e5-base/d13f1b27baf31030b7fd040960d60d909913633f
intfloat_multilingual_e5_base,semantic_recursive,256,48,0.189080,intfloat_multilingual_e5_base_semantic_recursive_c256_o48/results/intfloat__multilingual-e5-base_d13f1b27baf31030b7fd040960d60d909913633f/intfloat__multilingual-e5-base/d13f1b27baf31030b7fd040960d60d909913633f
nomic_ai_nomic_embed_text_v1,hierarchical_section,192,16,0.189080,nomic_ai_nomic_embed_text_v1_hierarchical_section_c192_o16/results/nomic-ai__nomic-embed-text-v1_0759316f275aa0cb93a5b830973843ca66babcf5/nomic-ai__nomic-embed-text-v1/0759316f275aa0cb93a5b830973843ca66babcf5
BAAI_bge_base_en_v1.5,hierarchical_section,192,32,0.188030,BAAI_bge_base_en_v1.5_hierarchical_section_c192_o32/results/BAAI__bge-base-en-v1.5_a5beb1e3e68b9ab74eb54cfd186867f64f240e1a/BAAI__bge-base-en-v1.5/a5beb1e3e68b9ab74eb54cfd186867f64f240e1a
BAAI_bge_base_en_v1.5,semantic_fixed,192,16,0.188030,BAAI_bge_base_en_v1.5_semantic_fixed_c192_o16/results/BAAI__bge-base-en-v1.5_a5beb1e3e68b9ab74eb54cfd186867f64f240e1a/BAAI__bge-base-en-v1.5/a5beb1e3e68b9ab74eb54cfd186867f64f240e1a
BAAI_bge_large_en_v1.5,semantic_recursive,256,64,0.188030,BAAI_bge_large_en_v1.5_semantic_recursive_c256_o64/results/BAAI__bge-large-en-v1.5_d4aa6901d3a41ba39fb536a557fa166f842b0e09/BAAI__bge-large-en-v1.5/d4aa6901d3a41ba39fb536a557fa166f842b0e09
intfloat_e5_base,semantic_recursive,256,0,0.188030,intfloat_e5_base_semantic_recursive_c256_o0/results/intfloat__e5-base_b533fe4636f4a2507c08ddab40644d20b0006d6a/intfloat__e5-base/b533fe4636f4a2507c08ddab40644d20b0006d6a
intfloat_e5_large,recursive_token,192,16,0.188030,intfloat_e5_large_recursive_token_c192_o16/results/intfloat__e5-large_4dc6d853a804b9c8886ede6dda8a073b7dc08a81/intfloat__e5-large/4dc6d853a804b9c8886ede6dda8a073b7dc08a81
intfloat_e5_small,fixed_token,192,16,0.188030,intfloat_e5_small_fixed_token_c192_o16/results/intfloat__e5-small_e272f3049e853b47cb5ca3952268c6662abda68f/intfloat__e5-small/e272f3049e853b47cb5ca3952268c6662abda68f
intfloat_e5_small,semantic_fixed,192,16,0.188030,intfloat_e5_small_semantic_fixed_c192_o16/results/intfloat__e5-small_e272f3049e853b47cb5ca3952268c6662abda68f/intfloat__e5-small/e272f3049e853b47cb5ca3952268c6662abda68f
nomic_ai_nomic_embed_text_v1,fixed_token,192,0,0.188030,nomic_ai_nomic_embed_text_v1_fixed_token_c192_o0/results/nomic-ai__nomic-embed-text-v1_0759316f275aa0cb93a5b830973843ca66babcf5/nomic-ai__nomic-embed-text-v1/0759316f275aa0cb93a5b830973843ca66babcf5
nomic_ai_nomic_embed_text_v1.5,hierarchical_section,192,32,0.188030,nomic_ai_nomic_embed_text_v1.5_hierarchical_section_c192_o32/results/nomic-ai__nomic-embed-text-v1.5_b0753ae76394dd36bcfb912a46018088bca48be0/nomic-ai__nomic-embed-text-v1.5/b0753ae76394dd36bcfb912a46018088bca48be0
BAAI_bge_base_en_v1.5,fixed_token,192,16,0.186970,BAAI_bge_base_en_v1.5_fixed_token_c192_o16/results/BAAI__bge-base-en-v1.5_a5beb1e3e68b9ab74eb54cfd186867f64f240e1a/BAAI__bge-base-en-v1.5/a5beb1e3e68b9ab74eb54cfd186867f64f240e1a
BAAI_bge_base_en_v1.5,semantic_recursive,256,64,0.186970,BAAI_bge_base_en_v1.5_semantic_recursive_c256_o64/results/BAAI__bge-base-en-v1.5_a5beb1e3e68b9ab74eb54cfd186867f64f240e1a/BAAI__bge-base-en-v1.5/a5beb1e3e68b9ab74eb54cfd186867f64f240e1a
intfloat_multilingual_e5_base,semantic_fixed,256,48,0.186970,intfloat_multilingual_e5_base_semantic_fixed_c256_o48/results/intfloat__multilingual-e5-base_d13f1b27baf31030b7fd040960d60d909913633f/intfloat__multilingual-e5-base/d13f1b27baf31030b7fd040960d60d909913633f
intfloat_multilingual_e5_base,semantic_recursive,192,0,0.186970,intfloat_multilingual_e5_base_semantic_recursive_c192_o0/results/intfloat__multilingual-e5-base_d13f1b27baf31030b7fd040960d60d909913633f/intfloat__multilingual-e5-base/d13f1b27baf31030b7fd040960d60d909913633f
intfloat_e5_base,hierarchical_section,192,0,0.185920,intfloat_e5_base_hierarchical_section_c192_o0/results/intfloat__e5-base_b533fe4636f4a2507c08ddab40644d20b0006d6a/intfloat__e5-base/b533fe4636f4a2507c08ddab40644d20b0006d6a
intfloat_e5_base,semantic_fixed,192,16,0.185920,intfloat_e5_base_semantic_fixed_c192_o16/results/intfloat__e5-base_b533fe4636f4a2507c08ddab40644d20b0006d6a/intfloat__e5-base/b533fe4636f4a2507c08ddab40644d20b0006d6a
intfloat_e5_base,semantic_recursive,256,32,0.185920,intfloat_e5_base_semantic_recursive_c256_o32/results/intfloat__e5-base_b533fe4636f4a2507c08ddab40644d20b0006d6a/intfloat__e5-base/b533fe4636f4a2507c08ddab40644d20b0006d6a
intfloat_multilingual_e5_base,semantic_recursive,192,16,0.185920,intfloat_multilingual_e5_base_semantic_recursive_c192_o16/results/intfloat__multilingual-e5-base_d13f1b27baf31030b7fd040960d60d909913633f/intfloat__multilingual-e5-base/d13f1b27baf31030b7fd040960d60d909913633f
BAAI_bge_base_en_v1.5,recursive_token,192,16,0.184870,BAAI_bge_base_en_v1.5_recursive_token_c192_o16/results/BAAI__bge-base-en-v1.5_a5beb1e3e68b9ab74eb54cfd186867f64f240e1a/BAAI__bge-base-en-v1.5/a5beb1e3e68b9ab74eb54cfd186867f64f240e1a
intfloat_e5_base,semantic_recursive,256,64,0.184870,intfloat_e5_base_semantic_recursive_c256_o64/results/intfloat__e5-base_b533fe4636f4a2507c08ddab40644d20b0006d6a/intfloat__e5-base/b533fe4636f4a2507c08ddab40644d20b0006d6a
intfloat_multilingual_e5_base,hierarchical_section,192,0,0.184870,intfloat_multilingual_e5_base_hierarchical_section_c192_o0/results/intfloat__multilingual-e5-base_d13f1b27baf31030b7fd040960d60d909913633f/intfloat__multilingual-e5-base/d13f1b27baf31030b7fd040960d60d909913633f
intfloat_multilingual_e5_base,recursive_token,256,48,0.184870,intfloat_multilingual_e5_base_recursive_token_c256_o48/results/intfloat__multilingual-e5-base_d13f1b27baf31030b7fd040960d60d909913633f/intfloat__multilingual-e5-base/d13f1b27baf31030b7fd040960d60d909913633f
nomic_ai_nomic_embed_text_v1.5,recursive_token,192,16,0.184870,nomic_ai_nomic_embed_text_v1.5_recursive_token_c192_o16/results/nomic-ai__nomic-embed-text-v1.5_b0753ae76394dd36bcfb912a46018088bca48be0/nomic-ai__nomic-embed-text-v1.5/b0753ae76394dd36bcfb912a46018088bca48be0
BAAI_bge_base_en_v1.5,hierarchical_section,192,48,0.183820,BAAI_bge_base_en_v1.5_hierarchical_section_c192_o48/results/BAAI__bge-base-en-v1.5_a5beb1e3e68b9ab74eb54cfd186867f64f240e1a/BAAI__bge-base-en-v1.5/a5beb1e3e68b9ab74eb54cfd186867f64f240e1a
BAAI_bge_large_en_v1.5,recursive_token,192,0,0.183820,BAAI_bge_large_en_v1.5_recursive_token_c192_o0/results/BAAI__bge-large-en-v1.5_d4aa6901d3a41ba39fb536a557fa166f842b0e09/BAAI__bge-large-en-v1.5/d4aa6901d3a41ba39fb536a557fa166f842b0e09
BAAI_bge_large_en_v1.5,recursive_token,192,16,0.183820,BAAI_bge_large_en_v1.5_recursive_token_c192_o16/results/BAAI__bge-large-en-v1.5_d4aa6901d3a41ba39fb536a557fa166f842b0e09/BAAI__bge-large-en-v1.5/d4aa6901d3a41ba39fb536a557fa166f842b0e09
intfloat_e5_small,semantic_fixed,192,32,0.183820,intfloat_e5_small_semantic_fixed_c192_o32/results/intfloat__e5-small_e272f3049e853b47cb5ca3952268c6662abda68f/intfloat__e5-small/e272f3049e853b47cb5ca3952268c6662abda68f
nomic_ai_nomic_embed_text_v1.5,hierarchical_section,192,0,0.183820,nomic_ai_nomic_embed_text_v1.5_hierarchical_section_c192_o0/results/nomic-ai__nomic-embed-text-v1.5_b0753ae76394dd36bcfb912a46018088bca48be0/nomic-ai__nomic-embed-text-v1.5/b0753ae76394dd36bcfb912a46018088bca48be0
BAAI_bge_base_en_v1.5,semantic_fixed,192,0,0.182770,BAAI_bge_base_en_v1.5_semantic_fixed_c192_o0/results/BAAI__bge-base-en-v1.5_a5beb1e3e68b9ab74eb54cfd186867f64f240e1a/BAAI__bge-base-en-v1.5/a5beb1e3e68b9ab74eb54cfd186867f64f240e1a
intfloat_e5_base,fixed_token,192,0,0.182770,intfloat_e5_base_fixed_token_c192_o0/results/intfloat__e5-base_b533fe4636f4a2507c08ddab40644d20b0006d6a/intfloat__e5-base/b533fe4636f4a2507c08ddab40644d20b0006d6a
intfloat_e5_base,semantic_recursive,192,0,0.182770,intfloat_e5_base_semantic_recursive_c192_o0/results/intfloat__e5-base_b533fe4636f4a2507c08ddab40644d20b0006d6a/intfloat__e5-base/b533fe4636f4a2507c08ddab40644d20b0006d6a
intfloat_e5_large,recursive_token,192,32,0.182770,intfloat_e5_large_recursive_token_c192_o32/results/intfloat__e5-large_4dc6d853a804b9c8886ede6dda8a073b7dc08a81/intfloat__e5-large/4dc6d853a804b9c8886ede6dda8a073b7dc08a81
BAAI_bge_base_en_v1.5,semantic_recursive,192,16,0.181720,BAAI_bge_base_en_v1.5_semantic_recursive_c192_o16/results/BAAI__bge-base-en-v1.5_a5beb1e3e68b9ab74eb54cfd186867f64f240e1a/BAAI__bge-base-en-v1.5/a5beb1e3e68b9ab74eb54cfd186867f64f240e1a
BAAI_bge_base_en_v1.5,semantic_recursive,192,32,0.181720,BAAI_bge_base_en_v1.5_semantic_recursive_c192_o32/results/BAAI__bge-base-en-v1.5_a5beb1e3e68b9ab74eb54cfd186867f64f240e1a/BAAI__bge-base-en-v1.5/a5beb1e3e68b9ab74eb54cfd186867f64f240e1a
intfloat_e5_large,recursive_token,192,0,0.181720,intfloat_e5_large_recursive_token_c192_o0/results/intfloat__e5-large_4dc6d853a804b9c8886ede6dda8a073b7dc08a81/intfloat__e5-large/4dc6d853a804b9c8886ede6dda8a073b7dc08a81
BAAI_bge_large_en_v1.5,hierarchical_section,192,48,0.180670,BAAI_bge_large_en_v1.5_hierarchical_section_c192_o48/results/BAAI__bge-large-en-v1.5_d4aa6901d3a41ba39fb536a557fa166f842b0e09/BAAI__bge-large-en-v1.5/d4aa6901d3a41ba39fb536a557fa166f842b0e09
intfloat_e5_base,semantic_recursive,192,16,0.180670,intfloat_e5_base_semantic_recursive_c192_o16/results/intfloat__e5-base_b533fe4636f4a2507c08ddab40644d20b0006d6a/intfloat__e5-base/b533fe4636f4a2507c08ddab40644d20b0006d6a
intfloat_e5_small,fixed_token,192,48,0.180670,intfloat_e5_small_fixed_token_c192_o48/results/intfloat__e5-small_e272f3049e853b47cb5ca3952268c6662abda68f/intfloat__e5-small/e272f3049e853b47cb5ca3952268c6662abda68f
nomic_ai_nomic_embed_text_v1.5,recursive_token,192,0,0.180670,nomic_ai_nomic_embed_text_v1.5_recursive_token_c192_o0/results/nomic-ai__nomic-embed-text-v1.5_b0753ae76394dd36bcfb912a46018088bca48be0/nomic-ai__nomic-embed-text-v1.5/b0753ae76394dd36bcfb912a46018088bca48be0
BAAI_bge_large_en_v1.5,semantic_recursive,192,0,0.179620,BAAI_bge_large_en_v1.5_semantic_recursive_c192_o0/results/BAAI__bge-large-en-v1.5_d4aa6901d3a41ba39fb536a557fa166f842b0e09/BAAI__bge-large-en-v1.5/d4aa6901d3a41ba39fb536a557fa166f842b0e09
intfloat_multilingual_e5_base,semantic_recursive,256,64,0.179620,intfloat_multilingual_e5_base_semantic_recursive_c256_o64/results/intfloat__multilingual-e5-base_d13f1b27baf31030b7fd040960d60d909913633f/intfloat__multilingual-e5-base/d13f1b27baf31030b7fd040960d60d909913633f
nomic_ai_nomic_embed_text_v1,recursive_token,192,32,0.179620,nomic_ai_nomic_embed_text_v1_recursive_token_c192_o32/results/nomic-ai__nomic-embed-text-v1_0759316f275aa0cb93a5b830973843ca66babcf5/nomic-ai__nomic-embed-text-v1/0759316f275aa0cb93a5b830973843ca66babcf5
BAAI_bge_large_en_v1.5,fixed_token,192,48,0.178570,BAAI_bge_large_en_v1.5_fixed_token_c192_o48/results/BAAI__bge-large-en-v1.5_d4aa6901d3a41ba39fb536a557fa166f842b0e09/BAAI__bge-large-en-v1.5/d4aa6901d3a41ba39fb536a557fa166f842b0e09
intfloat_e5_base,semantic_recursive,256,48,0.178570,intfloat_e5_base_semantic_recursive_c256_o48/results/intfloat__e5-base_b533fe4636f4a2507c08ddab40644d20b0006d6a/intfloat__e5-base/b533fe4636f4a2507c08ddab40644d20b0006d6a
intfloat_multilingual_e5_base,semantic_recursive,192,32,0.178570,intfloat_multilingual_e5_base_semantic_recursive_c192_o32/results/intfloat__multilingual-e5-base_d13f1b27baf31030b7fd040960d60d909913633f/intfloat__multilingual-e5-base/d13f1b27baf31030b7fd040960d60d909913633f
nomic_ai_nomic_embed_text_v1,recursive_token,192,0,0.178570,nomic_ai_nomic_embed_text_v1_recursive_token_c192_o0/results/nomic-ai__nomic-embed-text-v1_0759316f275aa0cb93a5b830973843ca66babcf5/nomic-ai__nomic-embed-text-v1/0759316f275aa0cb93a5b830973843ca66babcf5
BAAI_bge_base_en_v1.5,semantic_recursive,192,0,0.177520,BAAI_bge_base_en_v1.5_semantic_recursive_c192_o0/results/BAAI__bge-base-en-v1.5_a5beb1e3e68b9ab74eb54cfd186867f64f240e1a/BAAI__bge-base-en-v1.5/a5beb1e3e68b9ab74eb54cfd186867f64f240e1a
intfloat_e5_base,recursive_token,192,0,0.177520,intfloat_e5_base_recursive_token_c192_o0/results/intfloat__e5-base_b533fe4636f4a2507c08ddab40644d20b0006d6a/intfloat__e5-base/b533fe4636f4a2507c08ddab40644d20b0006d6a
intfloat_e5_small,semantic_recursive,192,32,0.177520,intfloat_e5_small_semantic_recursive_c192_o32/results/intfloat__e5-small_e272f3049e853b47cb5ca3952268c6662abda68f/intfloat__e5-small/e272f3049e853b47cb5ca3952268c6662abda68f
nomic_ai_nomic_embed_text_v1,fixed_token,192,16,0.177520,nomic_ai_nomic_embed_text_v1_fixed_token_c192_o16/results/nomic-ai__nomic-embed-text-v1_0759316f275aa0cb93a5b830973843ca66babcf5/nomic-ai__nomic-embed-text-v1/0759316f275aa0cb93a5b830973843ca66babcf5
nomic_ai_nomic_embed_text_v1,hierarchical_section,192,32,0.177520,nomic_ai_nomic_embed_text_v1_hierarchical_section_c192_o32/results/nomic-ai__nomic-embed-text-v1_0759316f275aa0cb93a5b830973843ca66babcf5/nomic-ai__nomic-embed-text-v1/0759316f275aa0cb93a5b830973843ca66babcf5
BAAI_bge_large_en_v1.5,fixed_token,192,32,0.176470,BAAI_bge_large_en_v1.5_fixed_token_c192_o32/results/BAAI__bge-large-en-v1.5_d4aa6901d3a41ba39fb536a557fa166f842b0e09/BAAI__bge-large-en-v1.5/d4aa6901d3a41ba39fb536a557fa166f842b0e09
BAAI_bge_large_en_v1.5,hierarchical_section,192,32,0.176470,BAAI_bge_large_en_v1.5_hierarchical_section_c192_o32/results/BAAI__bge-large-en-v1.5_d4aa6901d3a41ba39fb536a557fa166f842b0e09/BAAI__bge-large-en-v1.5/d4aa6901d3a41ba39fb536a557fa166f842b0e09
BAAI_bge_large_en_v1.5,semantic_recursive,192,16,0.176470,BAAI_bge_large_en_v1.5_semantic_recursive_c192_o16/results/BAAI__bge-large-en-v1.5_d4aa6901d3a41ba39fb536a557fa166f842b0e09/BAAI__bge-large-en-v1.5/d4aa6901d3a41ba39fb536a557fa166f842b0e09
intfloat_e5_base,recursive_token,192,32,0.176470,intfloat_e5_base_recursive_token_c192_o32/results/intfloat__e5-base_b533fe4636f4a2507c08ddab40644d20b0006d6a/intfloat__e5-base/b533fe4636f4a2507c08ddab40644d20b0006d6a
intfloat_e5_small,hierarchical_section,192,32,0.176470,intfloat_e5_small_hierarchical_section_c192_o32/results/intfloat__e5-small_e272f3049e853b47cb5ca3952268c6662abda68f/intfloat__e5-small/e272f3049e853b47cb5ca3952268c6662abda68f
intfloat_multilingual_e5_base,fixed_token,192,16,0.176470,intfloat_multilingual_e5_base_fixed_token_c192_o16/results/intfloat__multilingual-e5-base_d13f1b27baf31030b7fd040960d60d909913633f/intfloat__multilingual-e5-base/d13f1b27baf31030b7fd040960d60d909913633f
nomic_ai_nomic_embed_text_v1,hierarchical_section,192,48,0.176470,nomic_ai_nomic_embed_text_v1_hierarchical_section_c192_o48/results/nomic-ai__nomic-embed-text-v1_0759316f275aa0cb93a5b830973843ca66babcf5/nomic-ai__nomic-embed-text-v1/0759316f275aa0cb93a5b830973843ca66babcf5
BAAI_bge_base_en_v1.5,fixed_token,192,0,0.175420,BAAI_bge_base_en_v1.5_fixed_token_c192_o0/results/BAAI__bge-base-en-v1.5_a5beb1e3e68b9ab74eb54cfd186867f64f240e1a/BAAI__bge-base-en-v1.5/a5beb1e3e68b9ab74eb54cfd186867f64f240e1a
intfloat_e5_small,recursive_token,192,0,0.175420,intfloat_e5_small_recursive_token_c192_o0/results/intfloat__e5-small_e272f3049e853b47cb5ca3952268c6662abda68f/intfloat__e5-small/e272f3049e853b47cb5ca3952268c6662abda68f
intfloat_e5_small,recursive_token,192,16,0.174370,intfloat_e5_small_recursive_token_c192_o16/results/intfloat__e5-small_e272f3049e853b47cb5ca3952268c6662abda68f/intfloat__e5-small/e272f3049e853b47cb5ca3952268c6662abda68f
intfloat_e5_small,semantic_fixed,192,48,0.174370,intfloat_e5_small_semantic_fixed_c192_o48/results/intfloat__e5-small_e272f3049e853b47cb5ca3952268c6662abda68f/intfloat__e5-small/e272f3049e853b47cb5ca3952268c6662abda68f
intfloat_multilingual_e5_base,hierarchical_section,192,16,0.174370,intfloat_multilingual_e5_base_hierarchical_section_c192_o16/results/intfloat__multilingual-e5-base_d13f1b27baf31030b7fd040960d60d909913633f/intfloat__multilingual-e5-base/d13f1b27baf31030b7fd040960d60d909913633f
intfloat_multilingual_e5_base,hierarchical_section,192,32,0.174370,intfloat_multilingual_e5_base_hierarchical_section_c192_o32/results/intfloat__multilingual-e5-base_d13f1b27baf31030b7fd040960d60d909913633f/intfloat__multilingual-e5-base/d13f1b27baf31030b7fd040960d60d909913633f
intfloat_multilingual_e5_base,semantic_fixed,192,32,0.174370,intfloat_multilingual_e5_base_semantic_fixed_c192_o32/results/intfloat__multilingual-e5-base_d13f1b27baf31030b7fd040960d60d909913633f/intfloat__multilingual-e5-base/d13f1b27baf31030b7fd040960d60d909913633f
BAAI_bge_large_en_v1.5,recursive_token,192,32,0.173320,BAAI_bge_large_en_v1.5_recursive_token_c192_o32/results/BAAI__bge-large-en-v1.5_d4aa6901d3a41ba39fb536a557fa166f842b0e09/BAAI__bge-large-en-v1.5/d4aa6901d3a41ba39fb536a557fa166f842b0e09
intfloat_e5_base,hierarchical_section,192,16,0.173320,intfloat_e5_base_hierarchical_section_c192_o16/results/intfloat__e5-base_b533fe4636f4a2507c08ddab40644d20b0006d6a/intfloat__e5-base/b533fe4636f4a2507c08ddab40644d20b0006d6a
nomic_ai_nomic_embed_text_v1,fixed_token,192,32,0.173320,nomic_ai_nomic_embed_text_v1_fixed_token_c192_o32/results/nomic-ai__nomic-embed-text-v1_0759316f275aa0cb93a5b830973843ca66babcf5/nomic-ai__nomic-embed-text-v1/0759316f275aa0cb93a5b830973843ca66babcf5
BAAI_bge_base_en_v1.5,semantic_fixed,192,32,0.172270,BAAI_bge_base_en_v1.5_semantic_fixed_c192_o32/results/BAAI__bge-base-en-v1.5_a5beb1e3e68b9ab74eb54cfd186867f64f240e1a/BAAI__bge-base-en-v1.5/a5beb1e3e68b9ab74eb54cfd186867f64f240e1a
intfloat_multilingual_e5_base,fixed_token,192,32,0.172270,intfloat_multilingual_e5_base_fixed_token_c192_o32/results/intfloat__multilingual-e5-base_d13f1b27baf31030b7fd040960d60d909913633f/intfloat__multilingual-e5-base/d13f1b27baf31030b7fd040960d60d909913633f
nomic_ai_nomic_embed_text_v1.5,fixed_token,192,0,0.172270,nomic_ai_nomic_embed_text_v1.5_fixed_token_c192_o0/results/nomic-ai__nomic-embed-text-v1.5_b0753ae76394dd36bcfb912a46018088bca48be0/nomic-ai__nomic-embed-text-v1.5/b0753ae76394dd36bcfb912a46018088bca48be0
intfloat_e5_base,recursive_token,192,16,0.171220,intfloat_e5_base_recursive_token_c192_o16/results/intfloat__e5-base_b533fe4636f4a2507c08ddab40644d20b0006d6a/intfloat__e5-base/b533fe4636f4a2507c08ddab40644d20b0006d6a
intfloat_e5_small,fixed_token,192,32,0.171220,intfloat_e5_small_fixed_token_c192_o32/results/intfloat__e5-small_e272f3049e853b47cb5ca3952268c6662abda68f/intfloat__e5-small/e272f3049e853b47cb5ca3952268c6662abda68f
intfloat_e5_small,semantic_recursive,192,0,0.171220,intfloat_e5_small_semantic_recursive_c192_o0/results/intfloat__e5-small_e272f3049e853b47cb5ca3952268c6662abda68f/intfloat__e5-small/e272f3049e853b47cb5ca3952268c6662abda68f
intfloat_multilingual_e5_base,recursive_token,256,64,0.171220,intfloat_multilingual_e5_base_recursive_token_c256_o64/results/intfloat__multilingual-e5-base_d13f1b27baf31030b7fd040960d60d909913633f/intfloat__multilingual-e5-base/d13f1b27baf31030b7fd040960d60d909913633f
BAAI_bge_base_en_v1.5,fixed_token,192,32,0.170170,BAAI_bge_base_en_v1.5_fixed_token_c192_o32/results/BAAI__bge-base-en-v1.5_a5beb1e3e68b9ab74eb54cfd186867f64f240e1a/BAAI__bge-base-en-v1.5/a5beb1e3e68b9ab74eb54cfd186867f64f240e1a
BAAI_bge_large_en_v1.5,semantic_fixed,192,48,0.170170,BAAI_bge_large_en_v1.5_semantic_fixed_c192_o48/results/BAAI__bge-large-en-v1.5_d4aa6901d3a41ba39fb536a557fa166f842b0e09/BAAI__bge-large-en-v1.5/d4aa6901d3a41ba39fb536a557fa166f842b0e09
intfloat_e5_base,hierarchical_section,192,32,0.170170,intfloat_e5_base_hierarchical_section_c192_o32/results/intfloat__e5-base_b533fe4636f4a2507c08ddab40644d20b0006d6a/intfloat__e5-base/b533fe4636f4a2507c08ddab40644d20b0006d6a
intfloat_e5_small,semantic_recursive,192,16,0.170170,intfloat_e5_small_semantic_recursive_c192_o16/results/intfloat__e5-small_e272f3049e853b47cb5ca3952268c6662abda68f/intfloat__e5-small/e272f3049e853b47cb5ca3952268c6662abda68f
nomic_ai_nomic_embed_text_v1.5,recursive_token,192,32,0.170170,nomic_ai_nomic_embed_text_v1.5_recursive_token_c192_o32/results/nomic-ai__nomic-embed-text-v1.5_b0753ae76394dd36bcfb912a46018088bca48be0/nomic-ai__nomic-embed-text-v1.5/b0753ae76394dd36bcfb912a46018088bca48be0
BAAI_bge_base_en_v1.5,fixed_token,192,48,0.169120,BAAI_bge_base_en_v1.5_fixed_token_c192_o48/results/BAAI__bge-base-en-v1.5_a5beb1e3e68b9ab74eb54cfd186867f64f240e1a/BAAI__bge-base-en-v1.5/a5beb1e3e68b9ab74eb54cfd186867f64f240e1a
BAAI_bge_large_en_v1.5,semantic_recursive,192,32,0.169120,BAAI_bge_large_en_v1.5_semantic_recursive_c192_o32/results/BAAI__bge-large-en-v1.5_d4aa6901d3a41ba39fb536a557fa166f842b0e09/BAAI__bge-large-en-v1.5/d4aa6901d3a41ba39fb536a557fa166f842b0e09
intfloat_multilingual_e5_base,semantic_fixed,192,16,0.169120,intfloat_multilingual_e5_base_semantic_fixed_c192_o16/results/intfloat__multilingual-e5-base_d13f1b27baf31030b7fd040960d60d909913633f/intfloat__multilingual-e5-base/d13f1b27baf31030b7fd040960d60d909913633f
nomic_ai_nomic_embed_text_v1.5,hierarchical_section,192,48,0.169120,nomic_ai_nomic_embed_text_v1.5_hierarchical_section_c192_o48/results/nomic-ai__nomic-embed-text-v1.5_b0753ae76394dd36bcfb912a46018088bca48be0/nomic-ai__nomic-embed-text-v1.5/b0753ae76394dd36bcfb912a46018088bca48be0
intfloat_multilingual_e5_base,recursive_token,192,32,0.165970,intfloat_multilingual_e5_base_recursive_token_c192_o32/results/intfloat__multilingual-e5-base_d13f1b27baf31030b7fd040960d60d909913633f/intfloat__multilingual-e5-base/d13f1b27baf31030b7fd040960d60d909913633f
intfloat_multilingual_e5_base,semantic_recursive,192,48,0.165970,intfloat_multilingual_e5_base_semantic_recursive_c192_o48/results/intfloat__multilingual-e5-base_d13f1b27baf31030b7fd040960d60d909913633f/intfloat__multilingual-e5-base/d13f1b27baf31030b7fd040960d60d909913633f
intfloat_e5_base,semantic_fixed,192,32,0.164920,intfloat_e5_base_semantic_fixed_c192_o32/results/intfloat__e5-base_b533fe4636f4a2507c08ddab40644d20b0006d6a/intfloat__e5-base/b533fe4636f4a2507c08ddab40644d20b0006d6a
nomic_ai_nomic_embed_text_v1.5,fixed_token,192,32,0.164920,nomic_ai_nomic_embed_text_v1.5_fixed_token_c192_o32/results/nomic-ai__nomic-embed-text-v1.5_b0753ae76394dd36bcfb912a46018088bca48be0/nomic-ai__nomic-embed-text-v1.5/b0753ae76394dd36bcfb912a46018088bca48be0
BAAI_bge_large_en_v1.5,semantic_recursive,192,48,0.163870,BAAI_bge_large_en_v1.5_semantic_recursive_c192_o48/results/BAAI__bge-large-en-v1.5_d4aa6901d3a41ba39fb536a557fa166f842b0e09/BAAI__bge-large-en-v1.5/d4aa6901d3a41ba39fb536a557fa166f842b0e09
nomic_ai_nomic_embed_text_v1.5,fixed_token,192,48,0.163870,nomic_ai_nomic_embed_text_v1.5_fixed_token_c192_o48/results/nomic-ai__nomic-embed-text-v1.5_b0753ae76394dd36bcfb912a46018088bca48be0/nomic-ai__nomic-embed-text-v1.5/b0753ae76394dd36bcfb912a46018088bca48be0
intfloat_e5_base,fixed_token,192,32,0.162820,intfloat_e5_base_fixed_token_c192_o32/results/intfloat__e5-base_b533fe4636f4a2507c08ddab40644d20b0006d6a/intfloat__e5-base/b533fe4636f4a2507c08ddab40644d20b0006d6a
intfloat_multilingual_e5_base,hierarchical_section,192,48,0.162820,intfloat_multilingual_e5_base_hierarchical_section_c192_o48/results/intfloat__multilingual-e5-base_d13f1b27baf31030b7fd040960d60d909913633f/intfloat__multilingual-e5-base/d13f1b27baf31030b7fd040960d60d909913633f
intfloat_multilingual_e5_base,recursive_token,192,16,0.162820,intfloat_multilingual_e5_base_recursive_token_c192_o16/results/intfloat__multilingual-e5-base_d13f1b27baf31030b7fd040960d60d909913633f/intfloat__multilingual-e5-base/d13f1b27baf31030b7fd040960d60d909913633f
intfloat_multilingual_e5_base,semantic_fixed,192,48,0.162820,intfloat_multilingual_e5_base_semantic_fixed_c192_o48/results/intfloat__multilingual-e5-base_d13f1b27baf31030b7fd040960d60d909913633f/intfloat__multilingual-e5-base/d13f1b27baf31030b7fd040960d60d909913633f
nomic_ai_nomic_embed_text_v1,fixed_token,192,48,0.162820,nomic_ai_nomic_embed_text_v1_fixed_token_c192_o48/results/nomic-ai__nomic-embed-text-v1_0759316f275aa0cb93a5b830973843ca66babcf5/nomic-ai__nomic-embed-text-v1/0759316f275aa0cb93a5b830973843ca66babcf5
BAAI_bge_base_en_v1.5,semantic_fixed,192,48,0.161760,BAAI_bge_base_en_v1.5_semantic_fixed_c192_o48/results/BAAI__bge-base-en-v1.5_a5beb1e3e68b9ab74eb54cfd186867f64f240e1a/BAAI__bge-base-en-v1.5/a5beb1e3e68b9ab74eb54cfd186867f64f240e1a
intfloat_e5_base,semantic_fixed,128,0,0.161760,intfloat_e5_base_semantic_fixed_c128_o0/results/intfloat__e5-base_b533fe4636f4a2507c08ddab40644d20b0006d6a/intfloat__e5-base/b533fe4636f4a2507c08ddab40644d20b0006d6a
intfloat_multilingual_e5_base,recursive_token,192,0,0.160710,intfloat_multilingual_e5_base_recursive_token_c192_o0/results/intfloat__multilingual-e5-base_d13f1b27baf31030b7fd040960d60d909913633f/intfloat__multilingual-e5-base/d13f1b27baf31030b7fd040960d60d909913633f
intfloat_e5_base,semantic_recursive,192,32,0.159660,intfloat_e5_base_semantic_recursive_c192_o32/results/intfloat__e5-base_b533fe4636f4a2507c08ddab40644d20b0006d6a/intfloat__e5-base/b533fe4636f4a2507c08ddab40644d20b0006d6a
BAAI_bge_base_en_v1.5,semantic_recursive,192,48,0.158610,BAAI_bge_base_en_v1.5_semantic_recursive_c192_o48/results/BAAI__bge-base-en-v1.5_a5beb1e3e68b9ab74eb54cfd186867f64f240e1a/BAAI__bge-base-en-v1.5/a5beb1e3e68b9ab74eb54cfd186867f64f240e1a
BAAI_bge_large_en_v1.5,recursive_token,192,48,0.158610,BAAI_bge_large_en_v1.5_recursive_token_c192_o48/results/BAAI__bge-large-en-v1.5_d4aa6901d3a41ba39fb536a557fa166f842b0e09/BAAI__bge-large-en-v1.5/d4aa6901d3a41ba39fb536a557fa166f842b0e09
BAAI_bge_base_en_v1.5,recursive_token,192,32,0.157560,BAAI_bge_base_en_v1.5_recursive_token_c192_o32/results/BAAI__bge-base-en-v1.5_a5beb1e3e68b9ab74eb54cfd186867f64f240e1a/BAAI__bge-base-en-v1.5/a5beb1e3e68b9ab74eb54cfd186867f64f240e1a
intfloat_e5_base,hierarchical_section,192,48,0.157560,intfloat_e5_base_hierarchical_section_c192_o48/results/intfloat__e5-base_b533fe4636f4a2507c08ddab40644d20b0006d6a/intfloat__e5-base/b533fe4636f4a2507c08ddab40644d20b0006d6a
intfloat_multilingual_e5_base,fixed_token,192,48,0.157560,intfloat_multilingual_e5_base_fixed_token_c192_o48/results/intfloat__multilingual-e5-base_d13f1b27baf31030b7fd040960d60d909913633f/intfloat__multilingual-e5-base/d13f1b27baf31030b7fd040960d60d909913633f
intfloat_e5_base,recursive_token,192,48,0.156510,intfloat_e5_base_recursive_token_c192_o48/results/intfloat__e5-base_b533fe4636f4a2507c08ddab40644d20b0006d6a/intfloat__e5-base/b533fe4636f4a2507c08ddab40644d20b0006d6a
intfloat_e5_small,semantic_recursive,192,48,0.156510,intfloat_e5_small_semantic_recursive_c192_o48/results/intfloat__e5-small_e272f3049e853b47cb5ca3952268c6662abda68f/intfloat__e5-small/e272f3049e853b47cb5ca3952268c6662abda68f
nomic_ai_nomic_embed_text_v1.5,recursive_token,192,48,0.156510,nomic_ai_nomic_embed_text_v1.5_recursive_token_c192_o48/results/nomic-ai__nomic-embed-text-v1.5_b0753ae76394dd36bcfb912a46018088bca48be0/nomic-ai__nomic-embed-text-v1.5/b0753ae76394dd36bcfb912a46018088bca48be0
intfloat_e5_base,fixed_token,192,48,0.155460,intfloat_e5_base_fixed_token_c192_o48/results/intfloat__e5-base_b533fe4636f4a2507c08ddab40644d20b0006d6a/intfloat__e5-base/b533fe4636f4a2507c08ddab40644d20b0006d6a
nomic_ai_nomic_embed_text_v1,hierarchical_section,128,0,0.155460,nomic_ai_nomic_embed_text_v1_hierarchical_section_c128_o0/results/nomic-ai__nomic-embed-text-v1_0759316f275aa0cb93a5b830973843ca66babcf5/nomic-ai__nomic-embed-text-v1/0759316f275aa0cb93a5b830973843ca66babcf5
intfloat_e5_base,semantic_recursive,192,48,0.153360,intfloat_e5_base_semantic_recursive_c192_o48/results/intfloat__e5-base_b533fe4636f4a2507c08ddab40644d20b0006d6a/intfloat__e5-base/b533fe4636f4a2507c08ddab40644d20b0006d6a
intfloat_e5_large,recursive_token,192,48,0.153360,intfloat_e5_large_recursive_token_c192_o48/results/intfloat__e5-large_4dc6d853a804b9c8886ede6dda8a073b7dc08a81/intfloat__e5-large/4dc6d853a804b9c8886ede6dda8a073b7dc08a81
intfloat_e5_base,fixed_token,128,0,0.152310,intfloat_e5_base_fixed_token_c128_o0/results/intfloat__e5-base_b533fe4636f4a2507c08ddab40644d20b0006d6a/intfloat__e5-base/b533fe4636f4a2507c08ddab40644d20b0006d6a
intfloat_multilingual_e5_base,semantic_fixed,128,0,0.152310,intfloat_multilingual_e5_base_semantic_fixed_c128_o0/results/intfloat__multilingual-e5-base_d13f1b27baf31030b7fd040960d60d909913633f/intfloat__multilingual-e5-base/d13f1b27baf31030b7fd040960d60d909913633f
BAAI_bge_large_en_v1.5,semantic_fixed,128,0,0.151260,BAAI_bge_large_en_v1.5_semantic_fixed_c128_o0/results/BAAI__bge-large-en-v1.5_d4aa6901d3a41ba39fb536a557fa166f842b0e09/BAAI__bge-large-en-v1.5/d4aa6901d3a41ba39fb536a557fa166f842b0e09
intfloat_e5_base,hierarchical_section,128,0,0.151260,intfloat_e5_base_hierarchical_section_c128_o0/results/intfloat__e5-base_b533fe4636f4a2507c08ddab40644d20b0006d6a/intfloat__e5-base/b533fe4636f4a2507c08ddab40644d20b0006d6a
intfloat_e5_base,semantic_fixed,192,48,0.149160,intfloat_e5_base_semantic_fixed_c192_o48/results/intfloat__e5-base_b533fe4636f4a2507c08ddab40644d20b0006d6a/intfloat__e5-base/b533fe4636f4a2507c08ddab40644d20b0006d6a
intfloat_e5_small,recursive_token,192,48,0.149160,intfloat_e5_small_recursive_token_c192_o48/results/intfloat__e5-small_e272f3049e853b47cb5ca3952268c6662abda68f/intfloat__e5-small/e272f3049e853b47cb5ca3952268c6662abda68f
nomic_ai_nomic_embed_text_v1.5,hierarchical_section,128,0,0.149160,nomic_ai_nomic_embed_text_v1.5_hierarchical_section_c128_o0/results/nomic-ai__nomic-embed-text-v1.5_b0753ae76394dd36bcfb912a46018088bca48be0/nomic-ai__nomic-embed-text-v1.5/b0753ae76394dd36bcfb912a46018088bca48be0
BAAI_bge_base_en_v1.5,hierarchical_section,128,0,0.148110,BAAI_bge_base_en_v1.5_hierarchical_section_c128_o0/results/BAAI__bge-base-en-v1.5_a5beb1e3e68b9ab74eb54cfd186867f64f240e1a/BAAI__bge-base-en-v1.5/a5beb1e3e68b9ab74eb54cfd186867f64f240e1a
BAAI_bge_base_en_v1.5,semantic_fixed,128,0,0.148110,BAAI_bge_base_en_v1.5_semantic_fixed_c128_o0/results/BAAI__bge-base-en-v1.5_a5beb1e3e68b9ab74eb54cfd186867f64f240e1a/BAAI__bge-base-en-v1.5/a5beb1e3e68b9ab74eb54cfd186867f64f240e1a
BAAI_bge_large_en_v1.5,hierarchical_section,128,0,0.148110,BAAI_bge_large_en_v1.5_hierarchical_section_c128_o0/results/BAAI__bge-large-en-v1.5_d4aa6901d3a41ba39fb536a557fa166f842b0e09/BAAI__bge-large-en-v1.5/d4aa6901d3a41ba39fb536a557fa166f842b0e09
intfloat_e5_small,hierarchical_section,128,0,0.148110,intfloat_e5_small_hierarchical_section_c128_o0/results/intfloat__e5-small_e272f3049e853b47cb5ca3952268c6662abda68f/intfloat__e5-small/e272f3049e853b47cb5ca3952268c6662abda68f
intfloat_multilingual_e5_base,recursive_token,192,48,0.148110,intfloat_multilingual_e5_base_recursive_token_c192_o48/results/intfloat__multilingual-e5-base_d13f1b27baf31030b7fd040960d60d909913633f/intfloat__multilingual-e5-base/d13f1b27baf31030b7fd040960d60d909913633f
nomic_ai_nomic_embed_text_v1,recursive_token,128,32,0.148110,nomic_ai_nomic_embed_text_v1_recursive_token_c128_o32/results/nomic-ai__nomic-embed-text-v1_0759316f275aa0cb93a5b830973843ca66babcf5/nomic-ai__nomic-embed-text-v1/0759316f275aa0cb93a5b830973843ca66babcf5
BAAI_bge_base_en_v1.5,fixed_token,128,0,0.147060,BAAI_bge_base_en_v1.5_fixed_token_c128_o0/results/BAAI__bge-base-en-v1.5_a5beb1e3e68b9ab74eb54cfd186867f64f240e1a/BAAI__bge-base-en-v1.5/a5beb1e3e68b9ab74eb54cfd186867f64f240e1a
BAAI_bge_base_en_v1.5,recursive_token,128,32,0.147060,BAAI_bge_base_en_v1.5_recursive_token_c128_o32/results/BAAI__bge-base-en-v1.5_a5beb1e3e68b9ab74eb54cfd186867f64f240e1a/BAAI__bge-base-en-v1.5/a5beb1e3e68b9ab74eb54cfd186867f64f240e1a
BAAI_bge_large_en_v1.5,fixed_token,128,0,0.147060,BAAI_bge_large_en_v1.5_fixed_token_c128_o0/results/BAAI__bge-large-en-v1.5_d4aa6901d3a41ba39fb536a557fa166f842b0e09/BAAI__bge-large-en-v1.5/d4aa6901d3a41ba39fb536a557fa166f842b0e09
intfloat_e5_small,hierarchical_section,128,16,0.146010,intfloat_e5_small_hierarchical_section_c128_o16/results/intfloat__e5-small_e272f3049e853b47cb5ca3952268c6662abda68f/intfloat__e5-small/e272f3049e853b47cb5ca3952268c6662abda68f
nomic_ai_nomic_embed_text_v1.5,fixed_token,128,16,0.146010,nomic_ai_nomic_embed_text_v1.5_fixed_token_c128_o16/results/nomic-ai__nomic-embed-text-v1.5_b0753ae76394dd36bcfb912a46018088bca48be0/nomic-ai__nomic-embed-text-v1.5/b0753ae76394dd36bcfb912a46018088bca48be0
BAAI_bge_base_en_v1.5,recursive_token,192,48,0.144960,BAAI_bge_base_en_v1.5_recursive_token_c192_o48/results/BAAI__bge-base-en-v1.5_a5beb1e3e68b9ab74eb54cfd186867f64f240e1a/BAAI__bge-base-en-v1.5/a5beb1e3e68b9ab74eb54cfd186867f64f240e1a
nomic_ai_nomic_embed_text_v1,fixed_token,128,0,0.144960,nomic_ai_nomic_embed_text_v1_fixed_token_c128_o0/results/nomic-ai__nomic-embed-text-v1_0759316f275aa0cb93a5b830973843ca66babcf5/nomic-ai__nomic-embed-text-v1/0759316f275aa0cb93a5b830973843ca66babcf5
nomic_ai_nomic_embed_text_v1,recursive_token,192,48,0.144960,nomic_ai_nomic_embed_text_v1_recursive_token_c192_o48/results/nomic-ai__nomic-embed-text-v1_0759316f275aa0cb93a5b830973843ca66babcf5/nomic-ai__nomic-embed-text-v1/0759316f275aa0cb93a5b830973843ca66babcf5
intfloat_e5_large,recursive_token,128,0,0.143910,intfloat_e5_large_recursive_token_c128_o0/results/intfloat__e5-large_4dc6d853a804b9c8886ede6dda8a073b7dc08a81/intfloat__e5-large/4dc6d853a804b9c8886ede6dda8a073b7dc08a81
intfloat_multilingual_e5_base,hierarchical_section,128,16,0.143910,intfloat_multilingual_e5_base_hierarchical_section_c128_o16/results/intfloat__multilingual-e5-base_d13f1b27baf31030b7fd040960d60d909913633f/intfloat__multilingual-e5-base/d13f1b27baf31030b7fd040960d60d909913633f
intfloat_e5_small,semantic_fixed,128,0,0.142860,intfloat_e5_small_semantic_fixed_c128_o0/results/intfloat__e5-small_e272f3049e853b47cb5ca3952268c6662abda68f/intfloat__e5-small/e272f3049e853b47cb5ca3952268c6662abda68f
intfloat_multilingual_e5_base,hierarchical_section,128,0,0.142860,intfloat_multilingual_e5_base_hierarchical_section_c128_o0/results/intfloat__multilingual-e5-base_d13f1b27baf31030b7fd040960d60d909913633f/intfloat__multilingual-e5-base/d13f1b27baf31030b7fd040960d60d909913633f
intfloat_e5_base,fixed_token,128,16,0.141810,intfloat_e5_base_fixed_token_c128_o16/results/intfloat__e5-base_b533fe4636f4a2507c08ddab40644d20b0006d6a/intfloat__e5-base/b533fe4636f4a2507c08ddab40644d20b0006d6a
intfloat_e5_base,recursive_token,128,0,0.141810,intfloat_e5_base_recursive_token_c128_o0/results/intfloat__e5-base_b533fe4636f4a2507c08ddab40644d20b0006d6a/intfloat__e5-base/b533fe4636f4a2507c08ddab40644d20b0006d6a
intfloat_e5_small,recursive_token,128,32,0.141810,intfloat_e5_small_recursive_token_c128_o32/results/intfloat__e5-small_e272f3049e853b47cb5ca3952268c6662abda68f/intfloat__e5-small/e272f3049e853b47cb5ca3952268c6662abda68f
nomic_ai_nomic_embed_text_v1,fixed_token,128,16,0.141810,nomic_ai_nomic_embed_text_v1_fixed_token_c128_o16/results/nomic-ai__nomic-embed-text-v1_0759316f275aa0cb93a5b830973843ca66babcf5/nomic-ai__nomic-embed-text-v1/0759316f275aa0cb93a5b830973843ca66babcf5
nomic_ai_nomic_embed_text_v1.5,fixed_token,128,0,0.140760,nomic_ai_nomic_embed_text_v1.5_fixed_token_c128_o0/results/nomic-ai__nomic-embed-text-v1.5_b0753ae76394dd36bcfb912a46018088bca48be0/nomic-ai__nomic-embed-text-v1.5/b0753ae76394dd36bcfb912a46018088bca48be0
BAAI_bge_base_en_v1.5,semantic_recursive,128,32,0.139710,BAAI_bge_base_en_v1.5_semantic_recursive_c128_o32/results/BAAI__bge-base-en-v1.5_a5beb1e3e68b9ab74eb54cfd186867f64f240e1a/BAAI__bge-base-en-v1.5/a5beb1e3e68b9ab74eb54cfd186867f64f240e1a
BAAI_bge_large_en_v1.5,recursive_token,128,32,0.139710,BAAI_bge_large_en_v1.5_recursive_token_c128_o32/results/BAAI__bge-large-en-v1.5_d4aa6901d3a41ba39fb536a557fa166f842b0e09/BAAI__bge-large-en-v1.5/d4aa6901d3a41ba39fb536a557fa166f842b0e09
intfloat_e5_small,fixed_token,128,0,0.139710,intfloat_e5_small_fixed_token_c128_o0/results/intfloat__e5-small_e272f3049e853b47cb5ca3952268c6662abda68f/intfloat__e5-small/e272f3049e853b47cb5ca3952268c6662abda68f
intfloat_e5_small,recursive_token,128,0,0.139710,intfloat_e5_small_recursive_token_c128_o0/results/intfloat__e5-small_e272f3049e853b47cb5ca3952268c6662abda68f/intfloat__e5-small/e272f3049e853b47cb5ca3952268c6662abda68f
BAAI_bge_base_en_v1.5,recursive_token,128,0,0.138660,BAAI_bge_base_en_v1.5_recursive_token_c128_o0/results/BAAI__bge-base-en-v1.5_a5beb1e3e68b9ab74eb54cfd186867f64f240e1a/BAAI__bge-base-en-v1.5/a5beb1e3e68b9ab74eb54cfd186867f64f240e1a
BAAI_bge_large_en_v1.5,hierarchical_section,128,32,0.137610,BAAI_bge_large_en_v1.5_hierarchical_section_c128_o32/results/BAAI__bge-large-en-v1.5_d4aa6901d3a41ba39fb536a557fa166f842b0e09/BAAI__bge-large-en-v1.5/d4aa6901d3a41ba39fb536a557fa166f842b0e09
intfloat_e5_small,recursive_token,128,16,0.137610,intfloat_e5_small_recursive_token_c128_o16/results/intfloat__e5-small_e272f3049e853b47cb5ca3952268c6662abda68f/intfloat__e5-small/e272f3049e853b47cb5ca3952268c6662abda68f
intfloat_multilingual_e5_base,semantic_recursive,128,0,0.137610,intfloat_multilingual_e5_base_semantic_recursive_c128_o0/results/intfloat__multilingual-e5-base_d13f1b27baf31030b7fd040960d60d909913633f/intfloat__multilingual-e5-base/d13f1b27baf31030b7fd040960d60d909913633f
intfloat_multilingual_e5_base,semantic_recursive,128,16,0.137610,intfloat_multilingual_e5_base_semantic_recursive_c128_o16/results/intfloat__multilingual-e5-base_d13f1b27baf31030b7fd040960d60d909913633f/intfloat__multilingual-e5-base/d13f1b27baf31030b7fd040960d60d909913633f
nomic_ai_nomic_embed_text_v1,hierarchical_section,128,16,0.137610,nomic_ai_nomic_embed_text_v1_hierarchical_section_c128_o16/results/nomic-ai__nomic-embed-text-v1_0759316f275aa0cb93a5b830973843ca66babcf5/nomic-ai__nomic-embed-text-v1/0759316f275aa0cb93a5b830973843ca66babcf5
intfloat_multilingual_e5_base,semantic_recursive,128,32,0.136550,intfloat_multilingual_e5_base_semantic_recursive_c128_o32/results/intfloat__multilingual-e5-base_d13f1b27baf31030b7fd040960d60d909913633f/intfloat__multilingual-e5-base/d13f1b27baf31030b7fd040960d60d909913633f
BAAI_bge_large_en_v1.5,semantic_recursive,128,32,0.135500,BAAI_bge_large_en_v1.5_semantic_recursive_c128_o32/results/BAAI__bge-large-en-v1.5_d4aa6901d3a41ba39fb536a557fa166f842b0e09/BAAI__bge-large-en-v1.5/d4aa6901d3a41ba39fb536a557fa166f842b0e09
intfloat_e5_small,semantic_recursive,128,0,0.135500,intfloat_e5_small_semantic_recursive_c128_o0/results/intfloat__e5-small_e272f3049e853b47cb5ca3952268c6662abda68f/intfloat__e5-small/e272f3049e853b47cb5ca3952268c6662abda68f
intfloat_e5_small,semantic_recursive,128,32,0.135500,intfloat_e5_small_semantic_recursive_c128_o32/results/intfloat__e5-small_e272f3049e853b47cb5ca3952268c6662abda68f/intfloat__e5-small/e272f3049e853b47cb5ca3952268c6662abda68f
nomic_ai_nomic_embed_text_v1,recursive_token,128,0,0.135500,nomic_ai_nomic_embed_text_v1_recursive_token_c128_o0/results/nomic-ai__nomic-embed-text-v1_0759316f275aa0cb93a5b830973843ca66babcf5/nomic-ai__nomic-embed-text-v1/0759316f275aa0cb93a5b830973843ca66babcf5
nomic_ai_nomic_embed_text_v1.5,recursive_token,128,32,0.135500,nomic_ai_nomic_embed_text_v1.5_recursive_token_c128_o32/results/nomic-ai__nomic-embed-text-v1.5_b0753ae76394dd36bcfb912a46018088bca48be0/nomic-ai__nomic-embed-text-v1.5/b0753ae76394dd36bcfb912a46018088bca48be0
intfloat_e5_large,recursive_token,128,32,0.134450,intfloat_e5_large_recursive_token_c128_o32/results/intfloat__e5-large_4dc6d853a804b9c8886ede6dda8a073b7dc08a81/intfloat__e5-large/4dc6d853a804b9c8886ede6dda8a073b7dc08a81
intfloat_multilingual_e5_base,recursive_token,128,0,0.134450,intfloat_multilingual_e5_base_recursive_token_c128_o0/results/intfloat__multilingual-e5-base_d13f1b27baf31030b7fd040960d60d909913633f/intfloat__multilingual-e5-base/d13f1b27baf31030b7fd040960d60d909913633f
BAAI_bge_large_en_v1.5,semantic_recursive,128,0,0.133400,BAAI_bge_large_en_v1.5_semantic_recursive_c128_o0/results/BAAI__bge-large-en-v1.5_d4aa6901d3a41ba39fb536a557fa166f842b0e09/BAAI__bge-large-en-v1.5/d4aa6901d3a41ba39fb536a557fa166f842b0e09
intfloat_e5_small,semantic_recursive,128,16,0.133400,intfloat_e5_small_semantic_recursive_c128_o16/results/intfloat__e5-small_e272f3049e853b47cb5ca3952268c6662abda68f/intfloat__e5-small/e272f3049e853b47cb5ca3952268c6662abda68f
nomic_ai_nomic_embed_text_v1.5,recursive_token,128,0,0.133400,nomic_ai_nomic_embed_text_v1.5_recursive_token_c128_o0/results/nomic-ai__nomic-embed-text-v1.5_b0753ae76394dd36bcfb912a46018088bca48be0/nomic-ai__nomic-embed-text-v1.5/b0753ae76394dd36bcfb912a46018088bca48be0
BAAI_bge_base_en_v1.5,recursive_token,128,16,0.132350,BAAI_bge_base_en_v1.5_recursive_token_c128_o16/results/BAAI__bge-base-en-v1.5_a5beb1e3e68b9ab74eb54cfd186867f64f240e1a/BAAI__bge-base-en-v1.5/a5beb1e3e68b9ab74eb54cfd186867f64f240e1a
BAAI_bge_large_en_v1.5,fixed_token,128,16,0.132350,BAAI_bge_large_en_v1.5_fixed_token_c128_o16/results/BAAI__bge-large-en-v1.5_d4aa6901d3a41ba39fb536a557fa166f842b0e09/BAAI__bge-large-en-v1.5/d4aa6901d3a41ba39fb536a557fa166f842b0e09
BAAI_bge_large_en_v1.5,recursive_token,128,0,0.132350,BAAI_bge_large_en_v1.5_recursive_token_c128_o0/results/BAAI__bge-large-en-v1.5_d4aa6901d3a41ba39fb536a557fa166f842b0e09/BAAI__bge-large-en-v1.5/d4aa6901d3a41ba39fb536a557fa166f842b0e09
intfloat_multilingual_e5_base,fixed_token,128,0,0.132350,intfloat_multilingual_e5_base_fixed_token_c128_o0/results/intfloat__multilingual-e5-base_d13f1b27baf31030b7fd040960d60d909913633f/intfloat__multilingual-e5-base/d13f1b27baf31030b7fd040960d60d909913633f
intfloat_multilingual_e5_base,hierarchical_section,128,32,0.132350,intfloat_multilingual_e5_base_hierarchical_section_c128_o32/results/intfloat__multilingual-e5-base_d13f1b27baf31030b7fd040960d60d909913633f/intfloat__multilingual-e5-base/d13f1b27baf31030b7fd040960d60d909913633f
intfloat_multilingual_e5_base,semantic_fixed,128,16,0.132350,intfloat_multilingual_e5_base_semantic_fixed_c128_o16/results/intfloat__multilingual-e5-base_d13f1b27baf31030b7fd040960d60d909913633f/intfloat__multilingual-e5-base/d13f1b27baf31030b7fd040960d60d909913633f
nomic_ai_nomic_embed_text_v1.5,hierarchical_section,128,16,0.132350,nomic_ai_nomic_embed_text_v1.5_hierarchical_section_c128_o16/results/nomic-ai__nomic-embed-text-v1.5_b0753ae76394dd36bcfb912a46018088bca48be0/nomic-ai__nomic-embed-text-v1.5/b0753ae76394dd36bcfb912a46018088bca48be0
BAAI_bge_base_en_v1.5,semantic_fixed,128,16,0.131300,BAAI_bge_base_en_v1.5_semantic_fixed_c128_o16/results/BAAI__bge-base-en-v1.5_a5beb1e3e68b9ab74eb54cfd186867f64f240e1a/BAAI__bge-base-en-v1.5/a5beb1e3e68b9ab74eb54cfd186867f64f240e1a
intfloat_e5_base,recursive_token,128,32,0.131300,intfloat_e5_base_recursive_token_c128_o32/results/intfloat__e5-base_b533fe4636f4a2507c08ddab40644d20b0006d6a/intfloat__e5-base/b533fe4636f4a2507c08ddab40644d20b0006d6a
BAAI_bge_base_en_v1.5,semantic_recursive,128,16,0.130250,BAAI_bge_base_en_v1.5_semantic_recursive_c128_o16/results/BAAI__bge-base-en-v1.5_a5beb1e3e68b9ab74eb54cfd186867f64f240e1a/BAAI__bge-base-en-v1.5/a5beb1e3e68b9ab74eb54cfd186867f64f240e1a
intfloat_e5_small,semantic_fixed,128,16,0.130250,intfloat_e5_small_semantic_fixed_c128_o16/results/intfloat__e5-small_e272f3049e853b47cb5ca3952268c6662abda68f/intfloat__e5-small/e272f3049e853b47cb5ca3952268c6662abda68f
intfloat_e5_small,fixed_token,128,16,0.129200,intfloat_e5_small_fixed_token_c128_o16/results/intfloat__e5-small_e272f3049e853b47cb5ca3952268c6662abda68f/intfloat__e5-small/e272f3049e853b47cb5ca3952268c6662abda68f
nomic_ai_nomic_embed_text_v1,hierarchical_section,128,32,0.129200,nomic_ai_nomic_embed_text_v1_hierarchical_section_c128_o32/results/nomic-ai__nomic-embed-text-v1_0759316f275aa0cb93a5b830973843ca66babcf5/nomic-ai__nomic-embed-text-v1/0759316f275aa0cb93a5b830973843ca66babcf5
nomic_ai_nomic_embed_text_v1.5,fixed_token,128,32,0.129200,nomic_ai_nomic_embed_text_v1.5_fixed_token_c128_o32/results/nomic-ai__nomic-embed-text-v1.5_b0753ae76394dd36bcfb912a46018088bca48be0/nomic-ai__nomic-embed-text-v1.5/b0753ae76394dd36bcfb912a46018088bca48be0
BAAI_bge_large_en_v1.5,semantic_fixed,128,16,0.127100,BAAI_bge_large_en_v1.5_semantic_fixed_c128_o16/results/BAAI__bge-large-en-v1.5_d4aa6901d3a41ba39fb536a557fa166f842b0e09/BAAI__bge-large-en-v1.5/d4aa6901d3a41ba39fb536a557fa166f842b0e09
intfloat_e5_base,hierarchical_section,128,16,0.127100,intfloat_e5_base_hierarchical_section_c128_o16/results/intfloat__e5-base_b533fe4636f4a2507c08ddab40644d20b0006d6a/intfloat__e5-base/b533fe4636f4a2507c08ddab40644d20b0006d6a
intfloat_e5_base,recursive_token,128,16,0.127100,intfloat_e5_base_recursive_token_c128_o16/results/intfloat__e5-base_b533fe4636f4a2507c08ddab40644d20b0006d6a/intfloat__e5-base/b533fe4636f4a2507c08ddab40644d20b0006d6a
intfloat_e5_small,hierarchical_section,128,32,0.127100,intfloat_e5_small_hierarchical_section_c128_o32/results/intfloat__e5-small_e272f3049e853b47cb5ca3952268c6662abda68f/intfloat__e5-small/e272f3049e853b47cb5ca3952268c6662abda68f
intfloat_multilingual_e5_base,recursive_token,128,16,0.127100,intfloat_multilingual_e5_base_recursive_token_c128_o16/results/intfloat__multilingual-e5-base_d13f1b27baf31030b7fd040960d60d909913633f/intfloat__multilingual-e5-base/d13f1b27baf31030b7fd040960d60d909913633f
nomic_ai_nomic_embed_text_v1,recursive_token,128,16,0.127100,nomic_ai_nomic_embed_text_v1_recursive_token_c128_o16/results/nomic-ai__nomic-embed-text-v1_0759316f275aa0cb93a5b830973843ca66babcf5/nomic-ai__nomic-embed-text-v1/0759316f275aa0cb93a5b830973843ca66babcf5
BAAI_bge_base_en_v1.5,hierarchical_section,128,16,0.126050,BAAI_bge_base_en_v1.5_hierarchical_section_c128_o16/results/BAAI__bge-base-en-v1.5_a5beb1e3e68b9ab74eb54cfd186867f64f240e1a/BAAI__bge-base-en-v1.5/a5beb1e3e68b9ab74eb54cfd186867f64f240e1a
intfloat_e5_base,semantic_recursive,128,32,0.126050,intfloat_e5_base_semantic_recursive_c128_o32/results/intfloat__e5-base_b533fe4636f4a2507c08ddab40644d20b0006d6a/intfloat__e5-base/b533fe4636f4a2507c08ddab40644d20b0006d6a
intfloat_e5_small,semantic_fixed,128,32,0.126050,intfloat_e5_small_semantic_fixed_c128_o32/results/intfloat__e5-small_e272f3049e853b47cb5ca3952268c6662abda68f/intfloat__e5-small/e272f3049e853b47cb5ca3952268c6662abda68f
intfloat_multilingual_e5_base,fixed_token,128,16,0.126050,intfloat_multilingual_e5_base_fixed_token_c128_o16/results/intfloat__multilingual-e5-base_d13f1b27baf31030b7fd040960d60d909913633f/intfloat__multilingual-e5-base/d13f1b27baf31030b7fd040960d60d909913633f
nomic_ai_nomic_embed_text_v1,fixed_token,128,32,0.126050,nomic_ai_nomic_embed_text_v1_fixed_token_c128_o32/results/nomic-ai__nomic-embed-text-v1_0759316f275aa0cb93a5b830973843ca66babcf5/nomic-ai__nomic-embed-text-v1/0759316f275aa0cb93a5b830973843ca66babcf5
BAAI_bge_base_en_v1.5,fixed_token,128,16,0.125000,BAAI_bge_base_en_v1.5_fixed_token_c128_o16/results/BAAI__bge-base-en-v1.5_a5beb1e3e68b9ab74eb54cfd186867f64f240e1a/BAAI__bge-base-en-v1.5/a5beb1e3e68b9ab74eb54cfd186867f64f240e1a
BAAI_bge_large_en_v1.5,semantic_recursive,128,16,0.125000,BAAI_bge_large_en_v1.5_semantic_recursive_c128_o16/results/BAAI__bge-large-en-v1.5_d4aa6901d3a41ba39fb536a557fa166f842b0e09/BAAI__bge-large-en-v1.5/d4aa6901d3a41ba39fb536a557fa166f842b0e09
intfloat_e5_base,semantic_fixed,128,16,0.125000,intfloat_e5_base_semantic_fixed_c128_o16/results/intfloat__e5-base_b533fe4636f4a2507c08ddab40644d20b0006d6a/intfloat__e5-base/b533fe4636f4a2507c08ddab40644d20b0006d6a
BAAI_bge_base_en_v1.5,hierarchical_section,128,32,0.123950,BAAI_bge_base_en_v1.5_hierarchical_section_c128_o32/results/BAAI__bge-base-en-v1.5_a5beb1e3e68b9ab74eb54cfd186867f64f240e1a/BAAI__bge-base-en-v1.5/a5beb1e3e68b9ab74eb54cfd186867f64f240e1a
intfloat_e5_base,hierarchical_section,128,32,0.123950,intfloat_e5_base_hierarchical_section_c128_o32/results/intfloat__e5-base_b533fe4636f4a2507c08ddab40644d20b0006d6a/intfloat__e5-base/b533fe4636f4a2507c08ddab40644d20b0006d6a
intfloat_e5_base,semantic_recursive,128,0,0.123950,intfloat_e5_base_semantic_recursive_c128_o0/results/intfloat__e5-base_b533fe4636f4a2507c08ddab40644d20b0006d6a/intfloat__e5-base/b533fe4636f4a2507c08ddab40644d20b0006d6a
intfloat_e5_base,semantic_recursive,128,16,0.123950,intfloat_e5_base_semantic_recursive_c128_o16/results/intfloat__e5-base_b533fe4636f4a2507c08ddab40644d20b0006d6a/intfloat__e5-base/b533fe4636f4a2507c08ddab40644d20b0006d6a
BAAI_bge_base_en_v1.5,semantic_recursive,128,0,0.122900,BAAI_bge_base_en_v1.5_semantic_recursive_c128_o0/results/BAAI__bge-base-en-v1.5_a5beb1e3e68b9ab74eb54cfd186867f64f240e1a/BAAI__bge-base-en-v1.5/a5beb1e3e68b9ab74eb54cfd186867f64f240e1a
intfloat_e5_large,recursive_token,128,16,0.122900,intfloat_e5_large_recursive_token_c128_o16/results/intfloat__e5-large_4dc6d853a804b9c8886ede6dda8a073b7dc08a81/intfloat__e5-large/4dc6d853a804b9c8886ede6dda8a073b7dc08a81
intfloat_multilingual_e5_base,semantic_fixed,128,32,0.122900,intfloat_multilingual_e5_base_semantic_fixed_c128_o32/results/intfloat__multilingual-e5-base_d13f1b27baf31030b7fd040960d60d909913633f/intfloat__multilingual-e5-base/d13f1b27baf31030b7fd040960d60d909913633f
BAAI_bge_base_en_v1.5,fixed_token,128,32,0.121850,BAAI_bge_base_en_v1.5_fixed_token_c128_o32/results/BAAI__bge-base-en-v1.5_a5beb1e3e68b9ab74eb54cfd186867f64f240e1a/BAAI__bge-base-en-v1.5/a5beb1e3e68b9ab74eb54cfd186867f64f240e1a
BAAI_bge_large_en_v1.5,hierarchical_section,128,16,0.121850,BAAI_bge_large_en_v1.5_hierarchical_section_c128_o16/results/BAAI__bge-large-en-v1.5_d4aa6901d3a41ba39fb536a557fa166f842b0e09/BAAI__bge-large-en-v1.5/d4aa6901d3a41ba39fb536a557fa166f842b0e09
BAAI_bge_large_en_v1.5,recursive_token,128,16,0.120800,BAAI_bge_large_en_v1.5_recursive_token_c128_o16/results/BAAI__bge-large-en-v1.5_d4aa6901d3a41ba39fb536a557fa166f842b0e09/BAAI__bge-large-en-v1.5/d4aa6901d3a41ba39fb536a557fa166f842b0e09
intfloat_e5_base,fixed_token,128,32,0.120800,intfloat_e5_base_fixed_token_c128_o32/results/intfloat__e5-base_b533fe4636f4a2507c08ddab40644d20b0006d6a/intfloat__e5-base/b533fe4636f4a2507c08ddab40644d20b0006d6a
intfloat_e5_small,fixed_token,128,32,0.120800,intfloat_e5_small_fixed_token_c128_o32/results/intfloat__e5-small_e272f3049e853b47cb5ca3952268c6662abda68f/intfloat__e5-small/e272f3049e853b47cb5ca3952268c6662abda68f
nomic_ai_nomic_embed_text_v1.5,hierarchical_section,128,32,0.120800,nomic_ai_nomic_embed_text_v1.5_hierarchical_section_c128_o32/results/nomic-ai__nomic-embed-text-v1.5_b0753ae76394dd36bcfb912a46018088bca48be0/nomic-ai__nomic-embed-text-v1.5/b0753ae76394dd36bcfb912a46018088bca48be0
intfloat_e5_base,semantic_fixed,128,32,0.117650,intfloat_e5_base_semantic_fixed_c128_o32/results/intfloat__e5-base_b533fe4636f4a2507c08ddab40644d20b0006d6a/intfloat__e5-base/b533fe4636f4a2507c08ddab40644d20b0006d6a
nomic_ai_nomic_embed_text_v1.5,recursive_token,128,16,0.117650,nomic_ai_nomic_embed_text_v1.5_recursive_token_c128_o16/results/nomic-ai__nomic-embed-text-v1.5_b0753ae76394dd36bcfb912a46018088bca48be0/nomic-ai__nomic-embed-text-v1.5/b0753ae76394dd36bcfb912a46018088bca48be0
BAAI_bge_large_en_v1.5,fixed_token,128,32,0.115550,BAAI_bge_large_en_v1.5_fixed_token_c128_o32/results/BAAI__bge-large-en-v1.5_d4aa6901d3a41ba39fb536a557fa166f842b0e09/BAAI__bge-large-en-v1.5/d4aa6901d3a41ba39fb536a557fa166f842b0e09
BAAI_bge_base_en_v1.5,semantic_fixed,128,32,0.112390,BAAI_bge_base_en_v1.5_semantic_fixed_c128_o32/results/BAAI__bge-base-en-v1.5_a5beb1e3e68b9ab74eb54cfd186867f64f240e1a/BAAI__bge-base-en-v1.5/a5beb1e3e68b9ab74eb54cfd186867f64f240e1a
intfloat_multilingual_e5_base,fixed_token,128,32,0.112390,intfloat_multilingual_e5_base_fixed_token_c128_o32/results/intfloat__multilingual-e5-base_d13f1b27baf31030b7fd040960d60d909913633f/intfloat__multilingual-e5-base/d13f1b27baf31030b7fd040960d60d909913633f
BAAI_bge_large_en_v1.5,semantic_fixed,128,32,0.111340,BAAI_bge_large_en_v1.5_semantic_fixed_c128_o32/results/BAAI__bge-large-en-v1.5_d4aa6901d3a41ba39fb536a557fa166f842b0e09/BAAI__bge-large-en-v1.5/d4aa6901d3a41ba39fb536a557fa166f842b0e09
intfloat_multilingual_e5_base,recursive_token,128,32,0.109240,intfloat_multilingual_e5_base_recursive_token_c128_o32/results/intfloat__multilingual-e5-base_d13f1b27baf31030b7fd040960d60d909913633f/intfloat__multilingual-e5-base/d13f1b27baf31030b7fd040960d60d909913633f
