model_name,chunker,token_size,overlap,recall_at_10,rel_path
nomic_ai_nomic_embed_text_v1,fixed_token,448,0,0.399310,nomic_ai_nomic_embed_text_v1_fixed_token_c448_o0/results/nomic-ai__nomic-embed-text-v1_0759316f275aa0cb93a5b830973843ca66babcf5/nomic-ai__nomic-embed-text-v1/0759316f275aa0cb93a5b830973843ca66babcf5
intfloat_e5_base,fixed_token,448,0,0.395680,intfloat_e5_base_fixed_token_c448_o0/results/intfloat__e5-base_b533fe4636f4a2507c08ddab40644d20b0006d6a/intfloat__e5-base/b533fe4636f4a2507c08ddab40644d20b0006d6a
nomic_ai_nomic_embed_text_v1,fixed_token,448,16,0.393830,nomic_ai_nomic_embed_text_v1_fixed_token_c448_o16/results/nomic-ai__nomic-embed-text-v1_0759316f275aa0cb93a5b830973843ca66babcf5/nomic-ai__nomic-embed-text-v1/0759316f275aa0cb93a5b830973843ca66babcf5
BAAI_bge_large_en_v1.5,fixed_token,448,0,0.387700,BAAI_bge_large_en_v1.5_fixed_token_c448_o0/results/BAAI__bge-large-en-v1.5_d4aa6901d3a41ba39fb536a557fa166f842b0e09/BAAI__bge-large-en-v1.5/d4aa6901d3a41ba39fb536a557fa166f842b0e09
intfloat_e5_base,fixed_token,448,16,0.387590,intfloat_e5_base_fixed_token_c448_o16/results/intfloat__e5-base_b533fe4636f4a2507c08ddab40644d20b0006d6a/intfloat__e5-base/b533fe4636f4a2507c08ddab40644d20b0006d6a
nomic_ai_nomic_embed_text_v1,recursive_token,448,16,0.385540,nomic_ai_nomic_embed_text_v1_recursive_token_c448_o16/results/nomic-ai__nomic-embed-text-v1_0759316f275aa0cb93a5b830973843ca66babcf5/nomic-ai__nomic-embed-text-v1/0759316f275aa0cb93a5b830973843ca66babcf5
nomic_ai_nomic_embed_text_v1,fixed_token,448,32,0.385190,nomic_ai_nomic_embed_text_v1_fixed_token_c448_o32/results/nomic-ai__nomic-embed-text-v1_0759316f275aa0cb93a5b830973843ca66babcf5/nomic-ai__nomic-embed-text-v1/0759316f275aa0cb93a5b830973843ca66babcf5
nomic_ai_nomic_embed_text_v1,recursive_token,448,0,0.384080,nomic_ai_nomic_embed_text_v1_recursive_token_c448_o0/results/nomic-ai__nomic-embed-text-v1_0759316f275aa0cb93a5b830973843ca66babcf5/nomic-ai__nomic-embed-text-v1/0759316f275aa0cb93a5b830973843ca66babcf5
nomic_ai_nomic_embed_text_v1.5,fixed_token,448,0,0.381320,nomic_ai_nomic_embed_text_v1.5_fixed_token_c448_o0/results/nomic-ai__nomic-embed-text-v1.5_b0753ae76394dd36bcfb912a46018088bca48be0/nomic-ai__nomic-embed-text-v1.5/b0753ae76394dd36bcfb912a46018088bca48be0
intfloat_e5_base,fixed_token,448,32,0.380050,intfloat_e5_base_fixed_token_c448_o32/results/intfloat__e5-base_b533fe4636f4a2507c08ddab40644d20b0006d6a/intfloat__e5-base/b533fe4636f4a2507c08ddab40644d20b0006d6a
nomic_ai_nomic_embed_text_v1,recursive_token,448,32,0.376040,nomic_ai_nomic_embed_text_v1_recursive_token_c448_o32/results/nomic-ai__nomic-embed-text-v1_0759316f275aa0cb93a5b830973843ca66babcf5/nomic-ai__nomic-embed-text-v1/0759316f275aa0cb93a5b830973843ca66babcf5
intfloat_e5_base,recursive_token,448,0,0.375160,intfloat_e5_base_recursive_token_c448_o0/results/intfloat__e5-base_b533fe4636f4a2507c08ddab40644d20b0006d6a/intfloat__e5-base/b533fe4636f4a2507c08ddab40644d20b0006d6a
BAAI_bge_large_en_v1.5,fixed_token,448,32,0.374630,BAAI_bge_large_en_v1.5_fixed_token_c448_o32/results/BAAI__bge-large-en-v1.5_d4aa6901d3a41ba39fb536a557fa166f842b0e09/BAAI__bge-large-en-v1.5/d4aa6901d3a41ba39fb536a557fa166f842b0e09
nomic_ai_nomic_embed_text_v1.5,fixed_token,448,16,0.374250,nomic_ai_nomic_embed_text_v1.5_fixed_token_c448_o16/results/nomic-ai__nomic-embed-text-v1.5_b0753ae76394dd36bcfb912a46018088bca48be0/nomic-ai__nomic-embed-text-v1.5/b0753ae76394dd36bcfb912a46018088bca48be0
intfloat_e5_large,fixed_token,448,0,0.374230,intfloat_e5_large_fixed_token_c448_o0/results/intfloat__e5-large_4dc6d853a804b9c8886ede6dda8a073b7dc08a81/intfloat__e5-large/4dc6d853a804b9c8886ede6dda8a073b7dc08a81
BAAI_bge_large_en_v1.5,recursive_token,448,0,0.374080,BAAI_bge_large_en_v1.5_recursive_token_c448_o0/results/BAAI__bge-large-en-v1.5_d4aa6901d3a41ba39fb536a557fa166f842b0e09/BAAI__bge-large-en-v1.5/d4aa6901d3a41ba39fb536a557fa166f842b0e09
BAAI_bge_large_en_v1.5,fixed_token,448,16,0.373270,BAAI_bge_large_en_v1.5_fixed_token_c448_o16/results/BAAI__bge-large-en-v1.5_d4aa6901d3a41ba39fb536a557fa166f842b0e09/BAAI__bge-large-en-v1.5/d4aa6901d3a41ba39fb536a557fa166f842b0e09
BAAI_bge_large_en_v1.5,recursive_token,448,16,0.373240,BAAI_bge_large_en_v1.5_recursive_token_c448_o16/results/BAAI__bge-large-en-v1.5_d4aa6901d3a41ba39fb536a557fa166f842b0e09/BAAI__bge-large-en-v1.5/d4aa6901d3a41ba39fb536a557fa166f842b0e09
nomic_ai_nomic_embed_text_v1,recursive_token,448,48,0.372620,nomic_ai_nomic_embed_text_v1_recursive_token_c448_o48/results/nomic-ai__nomic-embed-text-v1_0759316f275aa0cb93a5b830973843ca66babcf5/nomic-ai__nomic-embed-text-v1/0759316f275aa0cb93a5b830973843ca66babcf5
nomic_ai_nomic_embed_text_v1,fixed_token,448,48,0.371910,nomic_ai_nomic_embed_text_v1_fixed_token_c448_o48/results/nomic-ai__nomic-embed-text-v1_0759316f275aa0cb93a5b830973843ca66babcf5/nomic-ai__nomic-embed-text-v1/0759316f275aa0cb93a5b830973843ca66babcf5
intfloat_e5_base,fixed_token,448,48,0.371850,intfloat_e5_base_fixed_token_c448_o48/results/intfloat__e5-base_b533fe4636f4a2507c08ddab40644d20b0006d6a/intfloat__e5-base/b533fe4636f4a2507c08ddab40644d20b0006d6a
intfloat_e5_base,recursive_token,448,32,0.371570,intfloat_e5_base_recursive_token_c448_o32/results/intfloat__e5-base_b533fe4636f4a2507c08ddab40644d20b0006d6a/intfloat__e5-base/b533fe4636f4a2507c08ddab40644d20b0006d6a
intfloat_e5_base,recursive_token,448,16,0.371300,intfloat_e5_base_recursive_token_c448_o16/results/intfloat__e5-base_b533fe4636f4a2507c08ddab40644d20b0006d6a/intfloat__e5-base/b533fe4636f4a2507c08ddab40644d20b0006d6a
nomic_ai_nomic_embed_text_v1,fixed_token,448,64,0.370680,nomic_ai_nomic_embed_text_v1_fixed_token_c448_o64/results/nomic-ai__nomic-embed-text-v1_0759316f275aa0cb93a5b830973843ca66babcf5/nomic-ai__nomic-embed-text-v1/0759316f275aa0cb93a5b830973843ca66babcf5
intfloat_e5_base,fixed_token,448,64,0.369390,intfloat_e5_base_fixed_token_c448_o64/results/intfloat__e5-base_b533fe4636f4a2507c08ddab40644d20b0006d6a/intfloat__e5-base/b533fe4636f4a2507c08ddab40644d20b0006d6a
BAAI_bge_large_en_v1.5,semantic_fixed,448,0,0.368950,BAAI_bge_large_en_v1.5_semantic_fixed_c448_o0/results/BAAI__bge-large-en-v1.5_d4aa6901d3a41ba39fb536a557fa166f842b0e09/BAAI__bge-large-en-v1.5/d4aa6901d3a41ba39fb536a557fa166f842b0e09
intfloat_e5_large,fixed_token,448,16,0.368620,intfloat_e5_large_fixed_token_c448_o16/results/intfloat__e5-large_4dc6d853a804b9c8886ede6dda8a073b7dc08a81/intfloat__e5-large/4dc6d853a804b9c8886ede6dda8a073b7dc08a81
nomic_ai_nomic_embed_text_v1,fixed_token,384,0,0.366550,nomic_ai_nomic_embed_text_v1_fixed_token_c384_o0/results/nomic-ai__nomic-embed-text-v1_0759316f275aa0cb93a5b830973843ca66babcf5/nomic-ai__nomic-embed-text-v1/0759316f275aa0cb93a5b830973843ca66babcf5
intfloat_e5_large,fixed_token,448,32,0.366100,intfloat_e5_large_fixed_token_c448_o32/results/intfloat__e5-large_4dc6d853a804b9c8886ede6dda8a073b7dc08a81/intfloat__e5-large/4dc6d853a804b9c8886ede6dda8a073b7dc08a81
intfloat_e5_large,recursive_token,448,16,0.365930,intfloat_e5_large_recursive_token_c448_o16/results/intfloat__e5-large_4dc6d853a804b9c8886ede6dda8a073b7dc08a81/intfloat__e5-large/4dc6d853a804b9c8886ede6dda8a073b7dc08a81
BAAI_bge_base_en_v1.5,fixed_token,448,0,0.365880,BAAI_bge_base_en_v1.5_fixed_token_c448_o0/results/BAAI__bge-base-en-v1.5_a5beb1e3e68b9ab74eb54cfd186867f64f240e1a/BAAI__bge-base-en-v1.5/a5beb1e3e68b9ab74eb54cfd186867f64f240e1a
nomic_ai_nomic_embed_text_v1.5,fixed_token,448,32,0.365070,nomic_ai_nomic_embed_text_v1.5_fixed_token_c448_o32/results/nomic-ai__nomic-embed-text-v1.5_b0753ae76394dd36bcfb912a46018088bca48be0/nomic-ai__nomic-embed-text-v1.5/b0753ae76394dd36bcfb912a46018088bca48be0
intfloat_e5_large,recursive_token,448,0,0.364810,intfloat_e5_large_recursive_token_c448_o0/results/intfloat__e5-large_4dc6d853a804b9c8886ede6dda8a073b7dc08a81/intfloat__e5-large/4dc6d853a804b9c8886ede6dda8a073b7dc08a81
nomic_ai_nomic_embed_text_v1,recursive_token,448,64,0.364670,nomic_ai_nomic_embed_text_v1_recursive_token_c448_o64/results/nomic-ai__nomic-embed-text-v1_0759316f275aa0cb93a5b830973843ca66babcf5/nomic-ai__nomic-embed-text-v1/0759316f275aa0cb93a5b830973843ca66babcf5
intfloat_e5_base,recursive_token,448,48,0.364250,intfloat_e5_base_recursive_token_c448_o48/results/intfloat__e5-base_b533fe4636f4a2507c08ddab40644d20b0006d6a/intfloat__e5-base/b533fe4636f4a2507c08ddab40644d20b0006d6a
intfloat_e5_base,recursive_token,448,64,0.364080,intfloat_e5_base_recursive_token_c448_o64/results/intfloat__e5-base_b533fe4636f4a2507c08ddab40644d20b0006d6a/intfloat__e5-base/b533fe4636f4a2507c08ddab40644d20b0006d6a
nomic_ai_nomic_embed_text_v1.5,recursive_token,448,16,0.363120,nomic_ai_nomic_embed_text_v1.5_recursive_token_c448_o16/results/nomic-ai__nomic-embed-text-v1.5_b0753ae76394dd36bcfb912a46018088bca48be0/nomic-ai__nomic-embed-text-v1.5/b0753ae76394dd36bcfb912a46018088bca48be0
nomic_ai_nomic_embed_text_v1,hierarchical_section,448,0,0.360130,nomic_ai_nomic_embed_text_v1_hierarchical_section_c448_o0/results/nomic-ai__nomic-embed-text-v1_0759316f275aa0cb93a5b830973843ca66babcf5/nomic-ai__nomic-embed-text-v1/0759316f275aa0cb93a5b830973843ca66babcf5
nomic_ai_nomic_embed_text_v1.5,recursive_token,448,0,0.360130,nomic_ai_nomic_embed_text_v1.5_recursive_token_c448_o0/results/nomic-ai__nomic-embed-text-v1.5_b0753ae76394dd36bcfb912a46018088bca48be0/nomic-ai__nomic-embed-text-v1.5/b0753ae76394dd36bcfb912a46018088bca48be0
BAAI_bge_large_en_v1.5,semantic_fixed,448,32,0.359720,BAAI_bge_large_en_v1.5_semantic_fixed_c448_o32/results/BAAI__bge-large-en-v1.5_d4aa6901d3a41ba39fb536a557fa166f842b0e09/BAAI__bge-large-en-v1.5/d4aa6901d3a41ba39fb536a557fa166f842b0e09
BAAI_bge_large_en_v1.5,fixed_token,448,48,0.359490,BAAI_bge_large_en_v1.5_fixed_token_c448_o48/results/BAAI__bge-large-en-v1.5_d4aa6901d3a41ba39fb536a557fa166f842b0e09/BAAI__bge-large-en-v1.5/d4aa6901d3a41ba39fb536a557fa166f842b0e09
intfloat_e5_small,fixed_token,448,0,0.359410,intfloat_e5_small_fixed_token_c448_o0/results/intfloat__e5-small_e272f3049e853b47cb5ca3952268c6662abda68f/intfloat__e5-small/e272f3049e853b47cb5ca3952268c6662abda68f
BAAI_bge_large_en_v1.5,recursive_token,448,32,0.359160,BAAI_bge_large_en_v1.5_recursive_token_c448_o32/results/BAAI__bge-large-en-v1.5_d4aa6901d3a41ba39fb536a557fa166f842b0e09/BAAI__bge-large-en-v1.5/d4aa6901d3a41ba39fb536a557fa166f842b0e09
intfloat_e5_large,recursive_token,448,32,0.358980,intfloat_e5_large_recursive_token_c448_o32/results/intfloat__e5-large_4dc6d853a804b9c8886ede6dda8a073b7dc08a81/intfloat__e5-large/4dc6d853a804b9c8886ede6dda8a073b7dc08a81
intfloat_e5_small,fixed_token,448,16,0.358630,intfloat_e5_small_fixed_token_c448_o16/results/intfloat__e5-small_e272f3049e853b47cb5ca3952268c6662abda68f/intfloat__e5-small/e272f3049e853b47cb5ca3952268c6662abda68f
nomic_ai_nomic_embed_text_v1.5,recursive_token,448,32,0.357730,nomic_ai_nomic_embed_text_v1.5_recursive_token_c448_o32/results/nomic-ai__nomic-embed-text-v1.5_b0753ae76394dd36bcfb912a46018088bca48be0/nomic-ai__nomic-embed-text-v1.5/b0753ae76394dd36bcfb912a46018088bca48be0
nomic_ai_nomic_embed_text_v1,fixed_token,384,16,0.356660,nomic_ai_nomic_embed_text_v1_fixed_token_c384_o16/results/nomic-ai__nomic-embed-text-v1_0759316f275aa0cb93a5b830973843ca66babcf5/nomic-ai__nomic-embed-text-v1/0759316f275aa0cb93a5b830973843ca66babcf5
nomic_ai_nomic_embed_text_v1,hierarchical_section,448,32,0.356560,nomic_ai_nomic_embed_text_v1_hierarchical_section_c448_o32/results/nomic-ai__nomic-embed-text-v1_0759316f275aa0cb93a5b830973843ca66babcf5/nomic-ai__nomic-embed-text-v1/0759316f275aa0cb93a5b830973843ca66babcf5
nomic_ai_nomic_embed_text_v1,hierarchical_section,448,16,0.356470,nomic_ai_nomic_embed_text_v1_hierarchical_section_c448_o16/results/nomic-ai__nomic-embed-text-v1_0759316f275aa0cb93a5b830973843ca66babcf5/nomic-ai__nomic-embed-text-v1/0759316f275aa0cb93a5b830973843ca66babcf5
BAAI_bge_large_en_v1.5,hierarchical_section,448,0,0.355630,BAAI_bge_large_en_v1.5_hierarchical_section_c448_o0/results/BAAI__bge-large-en-v1.5_d4aa6901d3a41ba39fb536a557fa166f842b0e09/BAAI__bge-large-en-v1.5/d4aa6901d3a41ba39fb536a557fa166f842b0e09
BAAI_bge_large_en_v1.5,semantic_fixed,448,16,0.354710,BAAI_bge_large_en_v1.5_semantic_fixed_c448_o16/results/BAAI__bge-large-en-v1.5_d4aa6901d3a41ba39fb536a557fa166f842b0e09/BAAI__bge-large-en-v1.5/d4aa6901d3a41ba39fb536a557fa166f842b0e09
BAAI_bge_base_en_v1.5,fixed_token,448,16,0.354610,BAAI_bge_base_en_v1.5_fixed_token_c448_o16/results/BAAI__bge-base-en-v1.5_a5beb1e3e68b9ab74eb54cfd186867f64f240e1a/BAAI__bge-base-en-v1.5/a5beb1e3e68b9ab74eb54cfd186867f64f240e1a
intfloat_multilingual_e5_base,fixed_token,448,0,0.354540,intfloat_multilingual_e5_base_fixed_token_c448_o0/results/intfloat__multilingual-e5-base_d13f1b27baf31030b7fd040960d60d909913633f/intfloat__multilingual-e5-base/d13f1b27baf31030b7fd040960d60d909913633f
nomic_ai_nomic_embed_text_v1,recursive_token,384,0,0.354330,nomic_ai_nomic_embed_text_v1_recursive_token_c384_o0/results/nomic-ai__nomic-embed-text-v1_0759316f275aa0cb93a5b830973843ca66babcf5/nomic-ai__nomic-embed-text-v1/0759316f275aa0cb93a5b830973843ca66babcf5
BAAI_bge_large_en_v1.5,recursive_token,448,48,0.354160,BAAI_bge_large_en_v1.5_recursive_token_c448_o48/results/BAAI__bge-large-en-v1.5_d4aa6901d3a41ba39fb536a557fa166f842b0e09/BAAI__bge-large-en-v1.5/d4aa6901d3a41ba39fb536a557fa166f842b0e09
intfloat_e5_large,recursive_token,448,48,0.353750,intfloat_e5_large_recursive_token_c448_o48/results/intfloat__e5-large_4dc6d853a804b9c8886ede6dda8a073b7dc08a81/intfloat__e5-large/4dc6d853a804b9c8886ede6dda8a073b7dc08a81
intfloat_e5_base,fixed_token,384,0,0.353440,intfloat_e5_base_fixed_token_c384_o0/results/intfloat__e5-base_b533fe4636f4a2507c08ddab40644d20b0006d6a/intfloat__e5-base/b533fe4636f4a2507c08ddab40644d20b0006d6a
intfloat_e5_large,fixed_token,448,48,0.353230,intfloat_e5_large_fixed_token_c448_o48/results/intfloat__e5-large_4dc6d853a804b9c8886ede6dda8a073b7dc08a81/intfloat__e5-large/4dc6d853a804b9c8886ede6dda8a073b7dc08a81
intfloat_e5_small,recursive_token,448,16,0.353220,intfloat_e5_small_recursive_token_c448_o16/results/intfloat__e5-small_e272f3049e853b47cb5ca3952268c6662abda68f/intfloat__e5-small/e272f3049e853b47cb5ca3952268c6662abda68f
nomic_ai_nomic_embed_text_v1.5,fixed_token,448,48,0.352730,nomic_ai_nomic_embed_text_v1.5_fixed_token_c448_o48/results/nomic-ai__nomic-embed-text-v1.5_b0753ae76394dd36bcfb912a46018088bca48be0/nomic-ai__nomic-embed-text-v1.5/b0753ae76394dd36bcfb912a46018088bca48be0
BAAI_bge_large_en_v1.5,hierarchical_section,448,32,0.352690,BAAI_bge_large_en_v1.5_hierarchical_section_c448_o32/results/BAAI__bge-large-en-v1.5_d4aa6901d3a41ba39fb536a557fa166f842b0e09/BAAI__bge-large-en-v1.5/d4aa6901d3a41ba39fb536a557fa166f842b0e09
intfloat_e5_small,fixed_token,448,32,0.352570,intfloat_e5_small_fixed_token_c448_o32/results/intfloat__e5-small_e272f3049e853b47cb5ca3952268c6662abda68f/intfloat__e5-small/e272f3049e853b47cb5ca3952268c6662abda68f
nomic_ai_nomic_embed_text_v1.5,fixed_token,448,64,0.352500,nomic_ai_nomic_embed_text_v1.5_fixed_token_c448_o64/results/nomic-ai__nomic-embed-text-v1.5_b0753ae76394dd36bcfb912a46018088bca48be0/nomic-ai__nomic-embed-text-v1.5/b0753ae76394dd36bcfb912a46018088bca48be0
nomic_ai_nomic_embed_text_v1.5,recursive_token,448,48,0.351730,nomic_ai_nomic_embed_text_v1.5_recursive_token_c448_o48/results/nomic-ai__nomic-embed-text-v1.5_b0753ae76394dd36bcfb912a46018088bca48be0/nomic-ai__nomic-embed-text-v1.5/b0753ae76394dd36bcfb912a46018088bca48be0
BAAI_bge_large_en_v1.5,fixed_token,448,64,0.351490,BAAI_bge_large_en_v1.5_fixed_token_c448_o64/results/BAAI__bge-large-en-v1.5_d4aa6901d3a41ba39fb536a557fa166f842b0e09/BAAI__bge-large-en-v1.5/d4aa6901d3a41ba39fb536a557fa166f842b0e09
BAAI_bge_base_en_v1.5,fixed_token,448,32,0.351030,BAAI_bge_base_en_v1.5_fixed_token_c448_o32/results/BAAI__bge-base-en-v1.5_a5beb1e3e68b9ab74eb54cfd186867f64f240e1a/BAAI__bge-base-en-v1.5/a5beb1e3e68b9ab74eb54cfd186867f64f240e1a
BAAI_bge_large_en_v1.5,hierarchical_section,448,16,0.350920,BAAI_bge_large_en_v1.5_hierarchical_section_c448_o16/results/BAAI__bge-large-en-v1.5_d4aa6901d3a41ba39fb536a557fa166f842b0e09/BAAI__bge-large-en-v1.5/d4aa6901d3a41ba39fb536a557fa166f842b0e09
nomic_ai_nomic_embed_text_v1,hierarchical_section,448,48,0.350410,nomic_ai_nomic_embed_text_v1_hierarchical_section_c448_o48/results/nomic-ai__nomic-embed-text-v1_0759316f275aa0cb93a5b830973843ca66babcf5/nomic-ai__nomic-embed-text-v1/0759316f275aa0cb93a5b830973843ca66babcf5
nomic_ai_nomic_embed_text_v1,recursive_token,384,16,0.350410,nomic_ai_nomic_embed_text_v1_recursive_token_c384_o16/results/nomic-ai__nomic-embed-text-v1_0759316f275aa0cb93a5b830973843ca66babcf5/nomic-ai__nomic-embed-text-v1/0759316f275aa0cb93a5b830973843ca66babcf5
intfloat_e5_small,recursive_token,448,0,0.349980,intfloat_e5_small_recursive_token_c448_o0/results/intfloat__e5-small_e272f3049e853b47cb5ca3952268c6662abda68f/intfloat__e5-small/e272f3049e853b47cb5ca3952268c6662abda68f
intfloat_e5_small,recursive_token,448,32,0.349550,intfloat_e5_small_recursive_token_c448_o32/results/intfloat__e5-small_e272f3049e853b47cb5ca3952268c6662abda68f/intfloat__e5-small/e272f3049e853b47cb5ca3952268c6662abda68f
intfloat_e5_base,fixed_token,384,16,0.348860,intfloat_e5_base_fixed_token_c384_o16/results/intfloat__e5-base_b533fe4636f4a2507c08ddab40644d20b0006d6a/intfloat__e5-base/b533fe4636f4a2507c08ddab40644d20b0006d6a
BAAI_bge_base_en_v1.5,recursive_token,448,16,0.348130,BAAI_bge_base_en_v1.5_recursive_token_c448_o16/results/BAAI__bge-base-en-v1.5_a5beb1e3e68b9ab74eb54cfd186867f64f240e1a/BAAI__bge-base-en-v1.5/a5beb1e3e68b9ab74eb54cfd186867f64f240e1a
BAAI_bge_large_en_v1.5,recursive_token,448,64,0.347420,BAAI_bge_large_en_v1.5_recursive_token_c448_o64/results/BAAI__bge-large-en-v1.5_d4aa6901d3a41ba39fb536a557fa166f842b0e09/BAAI__bge-large-en-v1.5/d4aa6901d3a41ba39fb536a557fa166f842b0e09
nomic_ai_nomic_embed_text_v1.5,hierarchical_section,448,0,0.347040,nomic_ai_nomic_embed_text_v1.5_hierarchical_section_c448_o0/results/nomic-ai__nomic-embed-text-v1.5_b0753ae76394dd36bcfb912a46018088bca48be0/nomic-ai__nomic-embed-text-v1.5/b0753ae76394dd36bcfb912a46018088bca48be0
BAAI_bge_large_en_v1.5,fixed_token,384,16,0.346710,BAAI_bge_large_en_v1.5_fixed_token_c384_o16/results/BAAI__bge-large-en-v1.5_d4aa6901d3a41ba39fb536a557fa166f842b0e09/BAAI__bge-large-en-v1.5/d4aa6901d3a41ba39fb536a557fa166f842b0e09
intfloat_e5_large,fixed_token,448,64,0.346600,intfloat_e5_large_fixed_token_c448_o64/results/intfloat__e5-large_4dc6d853a804b9c8886ede6dda8a073b7dc08a81/intfloat__e5-large/4dc6d853a804b9c8886ede6dda8a073b7dc08a81
intfloat_e5_small,fixed_token,448,64,0.346600,intfloat_e5_small_fixed_token_c448_o64/results/intfloat__e5-small_e272f3049e853b47cb5ca3952268c6662abda68f/intfloat__e5-small/e272f3049e853b47cb5ca3952268c6662abda68f
nomic_ai_nomic_embed_text_v1,fixed_token,384,32,0.345840,nomic_ai_nomic_embed_text_v1_fixed_token_c384_o32/results/nomic-ai__nomic-embed-text-v1_0759316f275aa0cb93a5b830973843ca66babcf5/nomic-ai__nomic-embed-text-v1/0759316f275aa0cb93a5b830973843ca66babcf5
nomic_ai_nomic_embed_text_v1.5,fixed_token,384,0,0.345700,nomic_ai_nomic_embed_text_v1.5_fixed_token_c384_o0/results/nomic-ai__nomic-embed-text-v1.5_b0753ae76394dd36bcfb912a46018088bca48be0/nomic-ai__nomic-embed-text-v1.5/b0753ae76394dd36bcfb912a46018088bca48be0
intfloat_multilingual_e5_base,fixed_token,448,16,0.345670,intfloat_multilingual_e5_base_fixed_token_c448_o16/results/intfloat__multilingual-e5-base_d13f1b27baf31030b7fd040960d60d909913633f/intfloat__multilingual-e5-base/d13f1b27baf31030b7fd040960d60d909913633f
nomic_ai_nomic_embed_text_v1,recursive_token,384,32,0.345480,nomic_ai_nomic_embed_text_v1_recursive_token_c384_o32/results/nomic-ai__nomic-embed-text-v1_0759316f275aa0cb93a5b830973843ca66babcf5/nomic-ai__nomic-embed-text-v1/0759316f275aa0cb93a5b830973843ca66babcf5
BAAI_bge_base_en_v1.5,recursive_token,448,32,0.345310,BAAI_bge_base_en_v1.5_recursive_token_c448_o32/results/BAAI__bge-base-en-v1.5_a5beb1e3e68b9ab74eb54cfd186867f64f240e1a/BAAI__bge-base-en-v1.5/a5beb1e3e68b9ab74eb54cfd186867f64f240e1a
BAAI_bge_base_en_v1.5,fixed_token,448,48,0.344640,BAAI_bge_base_en_v1.5_fixed_token_c448_o48/results/BAAI__bge-base-en-v1.5_a5beb1e3e68b9ab74eb54cfd186867f64f240e1a/BAAI__bge-base-en-v1.5/a5beb1e3e68b9ab74eb54cfd186867f64f240e1a
BAAI_bge_base_en_v1.5,recursive_token,448,48,0.344310,BAAI_bge_base_en_v1.5_recursive_token_c448_o48/results/BAAI__bge-base-en-v1.5_a5beb1e3e68b9ab74eb54cfd186867f64f240e1a/BAAI__bge-base-en-v1.5/a5beb1e3e68b9ab74eb54cfd186867f64f240e1a
BAAI_bge_large_en_v1.5,fixed_token,384,0,0.344290,BAAI_bge_large_en_v1.5_fixed_token_c384_o0/results/BAAI__bge-large-en-v1.5_d4aa6901d3a41ba39fb536a557fa166f842b0e09/BAAI__bge-large-en-v1.5/d4aa6901d3a41ba39fb536a557fa166f842b0e09
intfloat_e5_large,fixed_token,384,0,0.344200,intfloat_e5_large_fixed_token_c384_o0/results/intfloat__e5-large_4dc6d853a804b9c8886ede6dda8a073b7dc08a81/intfloat__e5-large/4dc6d853a804b9c8886ede6dda8a073b7dc08a81
BAAI_bge_base_en_v1.5,recursive_token,448,64,0.343830,BAAI_bge_base_en_v1.5_recursive_token_c448_o64/results/BAAI__bge-base-en-v1.5_a5beb1e3e68b9ab74eb54cfd186867f64f240e1a/BAAI__bge-base-en-v1.5/a5beb1e3e68b9ab74eb54cfd186867f64f240e1a
BAAI_bge_base_en_v1.5,semantic_fixed,448,0,0.343460,BAAI_bge_base_en_v1.5_semantic_fixed_c448_o0/results/BAAI__bge-base-en-v1.5_a5beb1e3e68b9ab74eb54cfd186867f64f240e1a/BAAI__bge-base-en-v1.5/a5beb1e3e68b9ab74eb54cfd186867f64f240e1a
BAAI_bge_base_en_v1.5,recursive_token,448,0,0.343440,BAAI_bge_base_en_v1.5_recursive_token_c448_o0/results/BAAI__bge-base-en-v1.5_a5beb1e3e68b9ab74eb54cfd186867f64f240e1a/BAAI__bge-base-en-v1.5/a5beb1e3e68b9ab74eb54cfd186867f64f240e1a
intfloat_e5_small,semantic_fixed,448,0,0.343350,intfloat_e5_small_semantic_fixed_c448_o0/results/intfloat__e5-small_e272f3049e853b47cb5ca3952268c6662abda68f/intfloat__e5-small/e272f3049e853b47cb5ca3952268c6662abda68f
BAAI_bge_large_en_v1.5,semantic_fixed,448,48,0.343220,BAAI_bge_large_en_v1.5_semantic_fixed_c448_o48/results/BAAI__bge-large-en-v1.5_d4aa6901d3a41ba39fb536a557fa166f842b0e09/BAAI__bge-large-en-v1.5/d4aa6901d3a41ba39fb536a557fa166f842b0e09
nomic_ai_nomic_embed_text_v1.5,fixed_token,384,16,0.343210,nomic_ai_nomic_embed_text_v1.5_fixed_token_c384_o16/results/nomic-ai__nomic-embed-text-v1.5_b0753ae76394dd36bcfb912a46018088bca48be0/nomic-ai__nomic-embed-text-v1.5/b0753ae76394dd36bcfb912a46018088bca48be0
nomic_ai_nomic_embed_text_v1.5,recursive_token,448,64,0.342970,nomic_ai_nomic_embed_text_v1.5_recursive_token_c448_o64/results/nomic-ai__nomic-embed-text-v1.5_b0753ae76394dd36bcfb912a46018088bca48be0/nomic-ai__nomic-embed-text-v1.5/b0753ae76394dd36bcfb912a46018088bca48be0
intfloat_e5_large,recursive_token,448,64,0.342460,intfloat_e5_large_recursive_token_c448_o64/results/intfloat__e5-large_4dc6d853a804b9c8886ede6dda8a073b7dc08a81/intfloat__e5-large/4dc6d853a804b9c8886ede6dda8a073b7dc08a81
BAAI_bge_base_en_v1.5,hierarchical_section,448,0,0.342100,BAAI_bge_base_en_v1.5_hierarchical_section_c448_o0/results/BAAI__bge-base-en-v1.5_a5beb1e3e68b9ab74eb54cfd186867f64f240e1a/BAAI__bge-base-en-v1.5/a5beb1e3e68b9ab74eb54cfd186867f64f240e1a
intfloat_e5_small,recursive_token,448,64,0.342050,intfloat_e5_small_recursive_token_c448_o64/results/intfloat__e5-small_e272f3049e853b47cb5ca3952268c6662abda68f/intfloat__e5-small/e272f3049e853b47cb5ca3952268c6662abda68f
nomic_ai_nomic_embed_text_v1,hierarchical_section,448,64,0.341880,nomic_ai_nomic_embed_text_v1_hierarchical_section_c448_o64/results/nomic-ai__nomic-embed-text-v1_0759316f275aa0cb93a5b830973843ca66babcf5/nomic-ai__nomic-embed-text-v1/0759316f275aa0cb93a5b830973843ca66babcf5
BAAI_bge_base_en_v1.5,fixed_token,448,64,0.341800,BAAI_bge_base_en_v1.5_fixed_token_c448_o64/results/BAAI__bge-base-en-v1.5_a5beb1e3e68b9ab74eb54cfd186867f64f240e1a/BAAI__bge-base-en-v1.5/a5beb1e3e68b9ab74eb54cfd186867f64f240e1a
intfloat_e5_small,fixed_token,448,48,0.341090,intfloat_e5_small_fixed_token_c448_o48/results/intfloat__e5-small_e272f3049e853b47cb5ca3952268c6662abda68f/intfloat__e5-small/e272f3049e853b47cb5ca3952268c6662abda68f
nomic_ai_nomic_embed_text_v1.5,hierarchical_section,448,16,0.341010,nomic_ai_nomic_embed_text_v1.5_hierarchical_section_c448_o16/results/nomic-ai__nomic-embed-text-v1.5_b0753ae76394dd36bcfb912a46018088bca48be0/nomic-ai__nomic-embed-text-v1.5/b0753ae76394dd36bcfb912a46018088bca48be0
intfloat_multilingual_e5_base,fixed_token,448,32,0.340550,intfloat_multilingual_e5_base_fixed_token_c448_o32/results/intfloat__multilingual-e5-base_d13f1b27baf31030b7fd040960d60d909913633f/intfloat__multilingual-e5-base/d13f1b27baf31030b7fd040960d60d909913633f
BAAI_bge_large_en_v1.5,hierarchical_section,448,48,0.340350,BAAI_bge_large_en_v1.5_hierarchical_section_c448_o48/results/BAAI__bge-large-en-v1.5_d4aa6901d3a41ba39fb536a557fa166f842b0e09/BAAI__bge-large-en-v1.5/d4aa6901d3a41ba39fb536a557fa166f842b0e09
intfloat_e5_small,recursive_token,448,48,0.339330,intfloat_e5_small_recursive_token_c448_o48/results/intfloat__e5-small_e272f3049e853b47cb5ca3952268c6662abda68f/intfloat__e5-small/e272f3049e853b47cb5ca3952268c6662abda68f
nomic_ai_nomic_embed_text_v1.5,hierarchical_section,448,32,0.338720,nomic_ai_nomic_embed_text_v1.5_hierarchical_section_c448_o32/results/nomic-ai__nomic-embed-text-v1.5_b0753ae76394dd36bcfb912a46018088bca48be0/nomic-ai__nomic-embed-text-v1.5/b0753ae76394dd36bcfb912a46018088bca48be0
intfloat_e5_base,recursive_token,384,16,0.338460,intfloat_e5_base_recursive_token_c384_o16/results/intfloat__e5-base_b533fe4636f4a2507c08ddab40644d20b0006d6a/intfloat__e5-base/b533fe4636f4a2507c08ddab40644d20b0006d6a
nomic_ai_nomic_embed_text_v1.5,recursive_token,384,0,0.338270,nomic_ai_nomic_embed_text_v1.5_recursive_token_c384_o0/results/nomic-ai__nomic-embed-text-v1.5_b0753ae76394dd36bcfb912a46018088bca48be0/nomic-ai__nomic-embed-text-v1.5/b0753ae76394dd36bcfb912a46018088bca48be0
BAAI_bge_base_en_v1.5,hierarchical_section,448,32,0.337800,BAAI_bge_base_en_v1.5_hierarchical_section_c448_o32/results/BAAI__bge-base-en-v1.5_a5beb1e3e68b9ab74eb54cfd186867f64f240e1a/BAAI__bge-base-en-v1.5/a5beb1e3e68b9ab74eb54cfd186867f64f240e1a
intfloat_e5_base,fixed_token,384,32,0.336790,intfloat_e5_base_fixed_token_c384_o32/results/intfloat__e5-base_b533fe4636f4a2507c08ddab40644d20b0006d6a/intfloat__e5-base/b533fe4636f4a2507c08ddab40644d20b0006d6a
intfloat_e5_small,fixed_token,384,0,0.336790,intfloat_e5_small_fixed_token_c384_o0/results/intfloat__e5-small_e272f3049e853b47cb5ca3952268c6662abda68f/intfloat__e5-small/e272f3049e853b47cb5ca3952268c6662abda68f
BAAI_bge_base_en_v1.5,fixed_token,384,0,0.336400,BAAI_bge_base_en_v1.5_fixed_token_c384_o0/results/BAAI__bge-base-en-v1.5_a5beb1e3e68b9ab74eb54cfd186867f64f240e1a/BAAI__bge-base-en-v1.5/a5beb1e3e68b9ab74eb54cfd186867f64f240e1a
intfloat_e5_large,semantic_fixed,448,0,0.335960,intfloat_e5_large_semantic_fixed_c448_o0/results/intfloat__e5-large_4dc6d853a804b9c8886ede6dda8a073b7dc08a81/intfloat__e5-large/4dc6d853a804b9c8886ede6dda8a073b7dc08a81
BAAI_bge_base_en_v1.5,hierarchical_section,448,16,0.335650,BAAI_bge_base_en_v1.5_hierarchical_section_c448_o16/results/BAAI__bge-base-en-v1.5_a5beb1e3e68b9ab74eb54cfd186867f64f240e1a/BAAI__bge-base-en-v1.5/a5beb1e3e68b9ab74eb54cfd186867f64f240e1a
intfloat_e5_small,hierarchical_section,448,0,0.335310,intfloat_e5_small_hierarchical_section_c448_o0/results/intfloat__e5-small_e272f3049e853b47cb5ca3952268c6662abda68f/intfloat__e5-small/e272f3049e853b47cb5ca3952268c6662abda68f
intfloat_e5_small,semantic_fixed,448,16,0.335310,intfloat_e5_small_semantic_fixed_c448_o16/results/intfloat__e5-small_e272f3049e853b47cb5ca3952268c6662abda68f/intfloat__e5-small/e272f3049e853b47cb5ca3952268c6662abda68f
intfloat_e5_large,fixed_token,384,16,0.335160,intfloat_e5_large_fixed_token_c384_o16/results/intfloat__e5-large_4dc6d853a804b9c8886ede6dda8a073b7dc08a81/intfloat__e5-large/4dc6d853a804b9c8886ede6dda8a073b7dc08a81
BAAI_bge_large_en_v1.5,semantic_fixed,448,64,0.334880,BAAI_bge_large_en_v1.5_semantic_fixed_c448_o64/results/BAAI__bge-large-en-v1.5_d4aa6901d3a41ba39fb536a557fa166f842b0e09/BAAI__bge-large-en-v1.5/d4aa6901d3a41ba39fb536a557fa166f842b0e09
nomic_ai_nomic_embed_text_v1.5,hierarchical_section,448,48,0.334190,nomic_ai_nomic_embed_text_v1.5_hierarchical_section_c448_o48/results/nomic-ai__nomic-embed-text-v1.5_b0753ae76394dd36bcfb912a46018088bca48be0/nomic-ai__nomic-embed-text-v1.5/b0753ae76394dd36bcfb912a46018088bca48be0
intfloat_e5_large,semantic_fixed,448,16,0.333940,intfloat_e5_large_semantic_fixed_c448_o16/results/intfloat__e5-large_4dc6d853a804b9c8886ede6dda8a073b7dc08a81/intfloat__e5-large/4dc6d853a804b9c8886ede6dda8a073b7dc08a81
BAAI_bge_large_en_v1.5,hierarchical_section,448,64,0.333920,BAAI_bge_large_en_v1.5_hierarchical_section_c448_o64/results/BAAI__bge-large-en-v1.5_d4aa6901d3a41ba39fb536a557fa166f842b0e09/BAAI__bge-large-en-v1.5/d4aa6901d3a41ba39fb536a557fa166f842b0e09
BAAI_bge_base_en_v1.5,fixed_token,384,16,0.333720,BAAI_bge_base_en_v1.5_fixed_token_c384_o16/results/BAAI__bge-base-en-v1.5_a5beb1e3e68b9ab74eb54cfd186867f64f240e1a/BAAI__bge-base-en-v1.5/a5beb1e3e68b9ab74eb54cfd186867f64f240e1a
BAAI_bge_base_en_v1.5,semantic_fixed,448,16,0.333620,BAAI_bge_base_en_v1.5_semantic_fixed_c448_o16/results/BAAI__bge-base-en-v1.5_a5beb1e3e68b9ab74eb54cfd186867f64f240e1a/BAAI__bge-base-en-v1.5/a5beb1e3e68b9ab74eb54cfd186867f64f240e1a
nomic_ai_nomic_embed_text_v1.5,recursive_token,384,16,0.333400,nomic_ai_nomic_embed_text_v1.5_recursive_token_c384_o16/results/nomic-ai__nomic-embed-text-v1.5_b0753ae76394dd36bcfb912a46018088bca48be0/nomic-ai__nomic-embed-text-v1.5/b0753ae76394dd36bcfb912a46018088bca48be0
intfloat_e5_large,recursive_token,384,0,0.333290,intfloat_e5_large_recursive_token_c384_o0/results/intfloat__e5-large_4dc6d853a804b9c8886ede6dda8a073b7dc08a81/intfloat__e5-large/4dc6d853a804b9c8886ede6dda8a073b7dc08a81
intfloat_e5_base,recursive_token,384,32,0.333220,intfloat_e5_base_recursive_token_c384_o32/results/intfloat__e5-base_b533fe4636f4a2507c08ddab40644d20b0006d6a/intfloat__e5-base/b533fe4636f4a2507c08ddab40644d20b0006d6a
BAAI_bge_large_en_v1.5,recursive_token,384,0,0.333060,BAAI_bge_large_en_v1.5_recursive_token_c384_o0/results/BAAI__bge-large-en-v1.5_d4aa6901d3a41ba39fb536a557fa166f842b0e09/BAAI__bge-large-en-v1.5/d4aa6901d3a41ba39fb536a557fa166f842b0e09
intfloat_e5_base,hierarchical_section,448,0,0.332950,intfloat_e5_base_hierarchical_section_c448_o0/results/intfloat__e5-base_b533fe4636f4a2507c08ddab40644d20b0006d6a/intfloat__e5-base/b533fe4636f4a2507c08ddab40644d20b0006d6a
intfloat_e5_small,hierarchical_section,448,32,0.332100,intfloat_e5_small_hierarchical_section_c448_o32/results/intfloat__e5-small_e272f3049e853b47cb5ca3952268c6662abda68f/intfloat__e5-small/e272f3049e853b47cb5ca3952268c6662abda68f
BAAI_bge_base_en_v1.5,hierarchical_section,448,48,0.332020,BAAI_bge_base_en_v1.5_hierarchical_section_c448_o48/results/BAAI__bge-base-en-v1.5_a5beb1e3e68b9ab74eb54cfd186867f64f240e1a/BAAI__bge-base-en-v1.5/a5beb1e3e68b9ab74eb54cfd186867f64f240e1a
intfloat_e5_base,recursive_token,384,0,0.331850,intfloat_e5_base_recursive_token_c384_o0/results/intfloat__e5-base_b533fe4636f4a2507c08ddab40644d20b0006d6a/intfloat__e5-base/b533fe4636f4a2507c08ddab40644d20b0006d6a
nomic_ai_nomic_embed_text_v1,recursive_token,384,48,0.331740,nomic_ai_nomic_embed_text_v1_recursive_token_c384_o48/results/nomic-ai__nomic-embed-text-v1_0759316f275aa0cb93a5b830973843ca66babcf5/nomic-ai__nomic-embed-text-v1/0759316f275aa0cb93a5b830973843ca66babcf5
intfloat_multilingual_e5_base,semantic_fixed,448,0,0.331470,intfloat_multilingual_e5_base_semantic_fixed_c448_o0/results/intfloat__multilingual-e5-base_d13f1b27baf31030b7fd040960d60d909913633f/intfloat__multilingual-e5-base/d13f1b27baf31030b7fd040960d60d909913633f
intfloat_multilingual_e5_base,semantic_fixed,448,16,0.331210,intfloat_multilingual_e5_base_semantic_fixed_c448_o16/results/intfloat__multilingual-e5-base_d13f1b27baf31030b7fd040960d60d909913633f/intfloat__multilingual-e5-base/d13f1b27baf31030b7fd040960d60d909913633f
nomic_ai_nomic_embed_text_v1,hierarchical_section,384,0,0.330870,nomic_ai_nomic_embed_text_v1_hierarchical_section_c384_o0/results/nomic-ai__nomic-embed-text-v1_0759316f275aa0cb93a5b830973843ca66babcf5/nomic-ai__nomic-embed-text-v1/0759316f275aa0cb93a5b830973843ca66babcf5
BAAI_bge_base_en_v1.5,semantic_fixed,448,32,0.330550,BAAI_bge_base_en_v1.5_semantic_fixed_c448_o32/results/BAAI__bge-base-en-v1.5_a5beb1e3e68b9ab74eb54cfd186867f64f240e1a/BAAI__bge-base-en-v1.5/a5beb1e3e68b9ab74eb54cfd186867f64f240e1a
intfloat_e5_large,recursive_token,384,16,0.330450,intfloat_e5_large_recursive_token_c384_o16/results/intfloat__e5-large_4dc6d853a804b9c8886ede6dda8a073b7dc08a81/intfloat__e5-large/4dc6d853a804b9c8886ede6dda8a073b7dc08a81
intfloat_e5_large,semantic_fixed,448,32,0.330370,intfloat_e5_large_semantic_fixed_c448_o32/results/intfloat__e5-large_4dc6d853a804b9c8886ede6dda8a073b7dc08a81/intfloat__e5-large/4dc6d853a804b9c8886ede6dda8a073b7dc08a81
intfloat_e5_small,hierarchical_section,448,16,0.330310,intfloat_e5_small_hierarchical_section_c448_o16/results/intfloat__e5-small_e272f3049e853b47cb5ca3952268c6662abda68f/intfloat__e5-small/e272f3049e853b47cb5ca3952268c6662abda68f
nomic_ai_nomic_embed_text_v1,fixed_token,384,64,0.330280,nomic_ai_nomic_embed_text_v1_fixed_token_c384_o64/results/nomic-ai__nomic-embed-text-v1_0759316f275aa0cb93a5b830973843ca66babcf5/nomic-ai__nomic-embed-text-v1/0759316f275aa0cb93a5b830973843ca66babcf5
BAAI_bge_large_en_v1.5,recursive_token,384,16,0.330160,BAAI_bge_large_en_v1.5_recursive_token_c384_o16/results/BAAI__bge-large-en-v1.5_d4aa6901d3a41ba39fb536a557fa166f842b0e09/BAAI__bge-large-en-v1.5/d4aa6901d3a41ba39fb536a557fa166f842b0e09
intfloat_multilingual_e5_base,fixed_token,448,48,0.330050,intfloat_multilingual_e5_base_fixed_token_c448_o48/results/intfloat__multilingual-e5-base_d13f1b27baf31030b7fd040960d60d909913633f/intfloat__multilingual-e5-base/d13f1b27baf31030b7fd040960d60d909913633f
nomic_ai_nomic_embed_text_v1.5,fixed_token,384,32,0.329700,nomic_ai_nomic_embed_text_v1.5_fixed_token_c384_o32/results/nomic-ai__nomic-embed-text-v1.5_b0753ae76394dd36bcfb912a46018088bca48be0/nomic-ai__nomic-embed-text-v1.5/b0753ae76394dd36bcfb912a46018088bca48be0
intfloat_e5_base,hierarchical_section,448,16,0.329690,intfloat_e5_base_hierarchical_section_c448_o16/results/intfloat__e5-base_b533fe4636f4a2507c08ddab40644d20b0006d6a/intfloat__e5-base/b533fe4636f4a2507c08ddab40644d20b0006d6a
intfloat_e5_small,fixed_token,384,16,0.328930,intfloat_e5_small_fixed_token_c384_o16/results/intfloat__e5-small_e272f3049e853b47cb5ca3952268c6662abda68f/intfloat__e5-small/e272f3049e853b47cb5ca3952268c6662abda68f
intfloat_e5_base,fixed_token,384,48,0.328730,intfloat_e5_base_fixed_token_c384_o48/results/intfloat__e5-base_b533fe4636f4a2507c08ddab40644d20b0006d6a/intfloat__e5-base/b533fe4636f4a2507c08ddab40644d20b0006d6a
BAAI_bge_large_en_v1.5,fixed_token,384,32,0.328640,BAAI_bge_large_en_v1.5_fixed_token_c384_o32/results/BAAI__bge-large-en-v1.5_d4aa6901d3a41ba39fb536a557fa166f842b0e09/BAAI__bge-large-en-v1.5/d4aa6901d3a41ba39fb536a557fa166f842b0e09
nomic_ai_nomic_embed_text_v1,recursive_token,384,64,0.328560,nomic_ai_nomic_embed_text_v1_recursive_token_c384_o64/results/nomic-ai__nomic-embed-text-v1_0759316f275aa0cb93a5b830973843ca66babcf5/nomic-ai__nomic-embed-text-v1/0759316f275aa0cb93a5b830973843ca66babcf5
nomic_ai_nomic_embed_text_v1,hierarchical_section,384,16,0.328160,nomic_ai_nomic_embed_text_v1_hierarchical_section_c384_o16/results/nomic-ai__nomic-embed-text-v1_0759316f275aa0cb93a5b830973843ca66babcf5/nomic-ai__nomic-embed-text-v1/0759316f275aa0cb93a5b830973843ca66babcf5
nomic_ai_nomic_embed_text_v1.5,recursive_token,384,32,0.327860,nomic_ai_nomic_embed_text_v1.5_recursive_token_c384_o32/results/nomic-ai__nomic-embed-text-v1.5_b0753ae76394dd36bcfb912a46018088bca48be0/nomic-ai__nomic-embed-text-v1.5/b0753ae76394dd36bcfb912a46018088bca48be0
intfloat_e5_large,fixed_token,384,32,0.327800,intfloat_e5_large_fixed_token_c384_o32/results/intfloat__e5-large_4dc6d853a804b9c8886ede6dda8a073b7dc08a81/intfloat__e5-large/4dc6d853a804b9c8886ede6dda8a073b7dc08a81
BAAI_bge_large_en_v1.5,semantic_fixed,384,0,0.327740,BAAI_bge_large_en_v1.5_semantic_fixed_c384_o0/results/BAAI__bge-large-en-v1.5_d4aa6901d3a41ba39fb536a557fa166f842b0e09/BAAI__bge-large-en-v1.5/d4aa6901d3a41ba39fb536a557fa166f842b0e09
nomic_ai_nomic_embed_text_v1,fixed_token,384,48,0.327520,nomic_ai_nomic_embed_text_v1_fixed_token_c384_o48/results/nomic-ai__nomic-embed-text-v1_0759316f275aa0cb93a5b830973843ca66babcf5/nomic-ai__nomic-embed-text-v1/0759316f275aa0cb93a5b830973843ca66babcf5
nomic_ai_nomic_embed_text_v1,fixed_token,320,0,0.327000,nomic_ai_nomic_embed_text_v1_fixed_token_c320_o0/results/nomic-ai__nomic-embed-text-v1_0759316f275aa0cb93a5b830973843ca66babcf5/nomic-ai__nomic-embed-text-v1/0759316f275aa0cb93a5b830973843ca66babcf5
BAAI_bge_large_en_v1.5,recursive_token,384,32,0.326990,BAAI_bge_large_en_v1.5_recursive_token_c384_o32/results/BAAI__bge-large-en-v1.5_d4aa6901d3a41ba39fb536a557fa166f842b0e09/BAAI__bge-large-en-v1.5/d4aa6901d3a41ba39fb536a557fa166f842b0e09
intfloat_e5_small,semantic_fixed,448,32,0.326840,intfloat_e5_small_semantic_fixed_c448_o32/results/intfloat__e5-small_e272f3049e853b47cb5ca3952268c6662abda68f/intfloat__e5-small/e272f3049e853b47cb5ca3952268c6662abda68f
BAAI_bge_base_en_v1.5,recursive_token,384,0,0.326070,BAAI_bge_base_en_v1.5_recursive_token_c384_o0/results/BAAI__bge-base-en-v1.5_a5beb1e3e68b9ab74eb54cfd186867f64f240e1a/BAAI__bge-base-en-v1.5/a5beb1e3e68b9ab74eb54cfd186867f64f240e1a
BAAI_bge_base_en_v1.5,hierarchical_section,448,64,0.325150,BAAI_bge_base_en_v1.5_hierarchical_section_c448_o64/results/BAAI__bge-base-en-v1.5_a5beb1e3e68b9ab74eb54cfd186867f64f240e1a/BAAI__bge-base-en-v1.5/a5beb1e3e68b9ab74eb54cfd186867f64f240e1a
intfloat_e5_small,hierarchical_section,448,48,0.325070,intfloat_e5_small_hierarchical_section_c448_o48/results/intfloat__e5-small_e272f3049e853b47cb5ca3952268c6662abda68f/intfloat__e5-small/e272f3049e853b47cb5ca3952268c6662abda68f
BAAI_bge_large_en_v1.5,semantic_fixed,384,16,0.324850,BAAI_bge_large_en_v1.5_semantic_fixed_c384_o16/results/BAAI__bge-large-en-v1.5_d4aa6901d3a41ba39fb536a557fa166f842b0e09/BAAI__bge-large-en-v1.5/d4aa6901d3a41ba39fb536a557fa166f842b0e09
intfloat_multilingual_e5_base,recursive_token,448,0,0.324700,intfloat_multilingual_e5_base_recursive_token_c448_o0/results/intfloat__multilingual-e5-base_d13f1b27baf31030b7fd040960d60d909913633f/intfloat__multilingual-e5-base/d13f1b27baf31030b7fd040960d60d909913633f
intfloat_e5_large,recursive_token,384,32,0.324650,intfloat_e5_large_recursive_token_c384_o32/results/intfloat__e5-large_4dc6d853a804b9c8886ede6dda8a073b7dc08a81/intfloat__e5-large/4dc6d853a804b9c8886ede6dda8a073b7dc08a81
nomic_ai_nomic_embed_text_v1.5,hierarchical_section,448,64,0.324420,nomic_ai_nomic_embed_text_v1.5_hierarchical_section_c448_o64/results/nomic-ai__nomic-embed-text-v1.5_b0753ae76394dd36bcfb912a46018088bca48be0/nomic-ai__nomic-embed-text-v1.5/b0753ae76394dd36bcfb912a46018088bca48be0
intfloat_multilingual_e5_base,fixed_token,448,64,0.323960,intfloat_multilingual_e5_base_fixed_token_c448_o64/results/intfloat__multilingual-e5-base_d13f1b27baf31030b7fd040960d60d909913633f/intfloat__multilingual-e5-base/d13f1b27baf31030b7fd040960d60d909913633f
BAAI_bge_base_en_v1.5,recursive_token,384,16,0.323910,BAAI_bge_base_en_v1.5_recursive_token_c384_o16/results/BAAI__bge-base-en-v1.5_a5beb1e3e68b9ab74eb54cfd186867f64f240e1a/BAAI__bge-base-en-v1.5/a5beb1e3e68b9ab74eb54cfd186867f64f240e1a
intfloat_e5_small,fixed_token,384,32,0.323780,intfloat_e5_small_fixed_token_c384_o32/results/intfloat__e5-small_e272f3049e853b47cb5ca3952268c6662abda68f/intfloat__e5-small/e272f3049e853b47cb5ca3952268c6662abda68f
BAAI_bge_large_en_v1.5,hierarchical_section,384,0,0.323700,BAAI_bge_large_en_v1.5_hierarchical_section_c384_o0/results/BAAI__bge-large-en-v1.5_d4aa6901d3a41ba39fb536a557fa166f842b0e09/BAAI__bge-large-en-v1.5/d4aa6901d3a41ba39fb536a557fa166f842b0e09
intfloat_e5_small,recursive_token,384,16,0.323670,intfloat_e5_small_recursive_token_c384_o16/results/intfloat__e5-small_e272f3049e853b47cb5ca3952268c6662abda68f/intfloat__e5-small/e272f3049e853b47cb5ca3952268c6662abda68f
intfloat_e5_base,hierarchical_section,448,32,0.322590,intfloat_e5_base_hierarchical_section_c448_o32/results/intfloat__e5-base_b533fe4636f4a2507c08ddab40644d20b0006d6a/intfloat__e5-base/b533fe4636f4a2507c08ddab40644d20b0006d6a
intfloat_multilingual_e5_base,hierarchical_section,448,0,0.322500,intfloat_multilingual_e5_base_hierarchical_section_c448_o0/results/intfloat__multilingual-e5-base_d13f1b27baf31030b7fd040960d60d909913633f/intfloat__multilingual-e5-base/d13f1b27baf31030b7fd040960d60d909913633f
intfloat_multilingual_e5_base,recursive_token,448,16,0.322270,intfloat_multilingual_e5_base_recursive_token_c448_o16/results/intfloat__multilingual-e5-base_d13f1b27baf31030b7fd040960d60d909913633f/intfloat__multilingual-e5-base/d13f1b27baf31030b7fd040960d60d909913633f
intfloat_e5_base,recursive_token,384,48,0.322220,intfloat_e5_base_recursive_token_c384_o48/results/intfloat__e5-base_b533fe4636f4a2507c08ddab40644d20b0006d6a/intfloat__e5-base/b533fe4636f4a2507c08ddab40644d20b0006d6a
intfloat_e5_small,recursive_token,384,0,0.322160,intfloat_e5_small_recursive_token_c384_o0/results/intfloat__e5-small_e272f3049e853b47cb5ca3952268c6662abda68f/intfloat__e5-small/e272f3049e853b47cb5ca3952268c6662abda68f
BAAI_bge_base_en_v1.5,recursive_token,384,32,0.321280,BAAI_bge_base_en_v1.5_recursive_token_c384_o32/results/BAAI__bge-base-en-v1.5_a5beb1e3e68b9ab74eb54cfd186867f64f240e1a/BAAI__bge-base-en-v1.5/a5beb1e3e68b9ab74eb54cfd186867f64f240e1a
intfloat_e5_small,semantic_fixed,448,64,0.321200,intfloat_e5_small_semantic_fixed_c448_o64/results/intfloat__e5-small_e272f3049e853b47cb5ca3952268c6662abda68f/intfloat__e5-small/e272f3049e853b47cb5ca3952268c6662abda68f
intfloat_e5_large,semantic_fixed,448,48,0.321120,intfloat_e5_large_semantic_fixed_c448_o48/results/intfloat__e5-large_4dc6d853a804b9c8886ede6dda8a073b7dc08a81/intfloat__e5-large/4dc6d853a804b9c8886ede6dda8a073b7dc08a81
intfloat_e5_base,fixed_token,384,64,0.320810,intfloat_e5_base_fixed_token_c384_o64/results/intfloat__e5-base_b533fe4636f4a2507c08ddab40644d20b0006d6a/intfloat__e5-base/b533fe4636f4a2507c08ddab40644d20b0006d6a
intfloat_multilingual_e5_base,semantic_fixed,448,32,0.320460,intfloat_multilingual_e5_base_semantic_fixed_c448_o32/results/intfloat__multilingual-e5-base_d13f1b27baf31030b7fd040960d60d909913633f/intfloat__multilingual-e5-base/d13f1b27baf31030b7fd040960d60d909913633f
intfloat_e5_small,semantic_fixed,384,0,0.320100,intfloat_e5_small_semantic_fixed_c384_o0/results/intfloat__e5-small_e272f3049e853b47cb5ca3952268c6662abda68f/intfloat__e5-small/e272f3049e853b47cb5ca3952268c6662abda68f
intfloat_e5_base,hierarchical_section,448,48,0.320000,intfloat_e5_base_hierarchical_section_c448_o48/results/intfloat__e5-base_b533fe4636f4a2507c08ddab40644d20b0006d6a/intfloat__e5-base/b533fe4636f4a2507c08ddab40644d20b0006d6a
nomic_ai_nomic_embed_text_v1.5,recursive_token,384,48,0.319920,nomic_ai_nomic_embed_text_v1.5_recursive_token_c384_o48/results/nomic-ai__nomic-embed-text-v1.5_b0753ae76394dd36bcfb912a46018088bca48be0/nomic-ai__nomic-embed-text-v1.5/b0753ae76394dd36bcfb912a46018088bca48be0
nomic_ai_nomic_embed_text_v1.5,fixed_token,384,48,0.319730,nomic_ai_nomic_embed_text_v1.5_fixed_token_c384_o48/results/nomic-ai__nomic-embed-text-v1.5_b0753ae76394dd36bcfb912a46018088bca48be0/nomic-ai__nomic-embed-text-v1.5/b0753ae76394dd36bcfb912a46018088bca48be0
intfloat_e5_small,semantic_fixed,448,48,0.319710,intfloat_e5_small_semantic_fixed_c448_o48/results/intfloat__e5-small_e272f3049e853b47cb5ca3952268c6662abda68f/intfloat__e5-small/e272f3049e853b47cb5ca3952268c6662abda68f
intfloat_e5_small,hierarchical_section,448,64,0.319530,intfloat_e5_small_hierarchical_section_c448_o64/results/intfloat__e5-small_e272f3049e853b47cb5ca3952268c6662abda68f/intfloat__e5-small/e272f3049e853b47cb5ca3952268c6662abda68f
BAAI_bge_base_en_v1.5,semantic_fixed,448,64,0.319520,BAAI_bge_base_en_v1.5_semantic_fixed_c448_o64/results/BAAI__bge-base-en-v1.5_a5beb1e3e68b9ab74eb54cfd186867f64f240e1a/BAAI__bge-base-en-v1.5/a5beb1e3e68b9ab74eb54cfd186867f64f240e1a
BAAI_bge_large_en_v1.5,hierarchical_section,384,16,0.319120,BAAI_bge_large_en_v1.5_hierarchical_section_c384_o16/results/BAAI__bge-large-en-v1.5_d4aa6901d3a41ba39fb536a557fa166f842b0e09/BAAI__bge-large-en-v1.5/d4aa6901d3a41ba39fb536a557fa166f842b0e09
intfloat_e5_small,recursive_token,384,32,0.318740,intfloat_e5_small_recursive_token_c384_o32/results/intfloat__e5-small_e272f3049e853b47cb5ca3952268c6662abda68f/intfloat__e5-small/e272f3049e853b47cb5ca3952268c6662abda68f
intfloat_e5_base,semantic_fixed,448,0,0.318670,intfloat_e5_base_semantic_fixed_c448_o0/results/intfloat__e5-base_b533fe4636f4a2507c08ddab40644d20b0006d6a/intfloat__e5-base/b533fe4636f4a2507c08ddab40644d20b0006d6a
BAAI_bge_large_en_v1.5,recursive_token,384,48,0.318060,BAAI_bge_large_en_v1.5_recursive_token_c384_o48/results/BAAI__bge-large-en-v1.5_d4aa6901d3a41ba39fb536a557fa166f842b0e09/BAAI__bge-large-en-v1.5/d4aa6901d3a41ba39fb536a557fa166f842b0e09
nomic_ai_nomic_embed_text_v1,hierarchical_section,384,48,0.317970,nomic_ai_nomic_embed_text_v1_hierarchical_section_c384_o48/results/nomic-ai__nomic-embed-text-v1_0759316f275aa0cb93a5b830973843ca66babcf5/nomic-ai__nomic-embed-text-v1/0759316f275aa0cb93a5b830973843ca66babcf5
BAAI_bge_base_en_v1.5,semantic_fixed,384,0,0.317880,BAAI_bge_base_en_v1.5_semantic_fixed_c384_o0/results/BAAI__bge-base-en-v1.5_a5beb1e3e68b9ab74eb54cfd186867f64f240e1a/BAAI__bge-base-en-v1.5/a5beb1e3e68b9ab74eb54cfd186867f64f240e1a
intfloat_e5_base,hierarchical_section,448,64,0.317440,intfloat_e5_base_hierarchical_section_c448_o64/results/intfloat__e5-base_b533fe4636f4a2507c08ddab40644d20b0006d6a/intfloat__e5-base/b533fe4636f4a2507c08ddab40644d20b0006d6a
intfloat_multilingual_e5_base,recursive_token,448,32,0.317330,intfloat_multilingual_e5_base_recursive_token_c448_o32/results/intfloat__multilingual-e5-base_d13f1b27baf31030b7fd040960d60d909913633f/intfloat__multilingual-e5-base/d13f1b27baf31030b7fd040960d60d909913633f
intfloat_multilingual_e5_base,hierarchical_section,448,16,0.317320,intfloat_multilingual_e5_base_hierarchical_section_c448_o16/results/intfloat__multilingual-e5-base_d13f1b27baf31030b7fd040960d60d909913633f/intfloat__multilingual-e5-base/d13f1b27baf31030b7fd040960d60d909913633f
nomic_ai_nomic_embed_text_v1.5,recursive_token,384,64,0.317030,nomic_ai_nomic_embed_text_v1.5_recursive_token_c384_o64/results/nomic-ai__nomic-embed-text-v1.5_b0753ae76394dd36bcfb912a46018088bca48be0/nomic-ai__nomic-embed-text-v1.5/b0753ae76394dd36bcfb912a46018088bca48be0
BAAI_bge_large_en_v1.5,fixed_token,384,48,0.316740,BAAI_bge_large_en_v1.5_fixed_token_c384_o48/results/BAAI__bge-large-en-v1.5_d4aa6901d3a41ba39fb536a557fa166f842b0e09/BAAI__bge-large-en-v1.5/d4aa6901d3a41ba39fb536a557fa166f842b0e09
nomic_ai_nomic_embed_text_v1,hierarchical_section,384,32,0.315620,nomic_ai_nomic_embed_text_v1_hierarchical_section_c384_o32/results/nomic-ai__nomic-embed-text-v1_0759316f275aa0cb93a5b830973843ca66babcf5/nomic-ai__nomic-embed-text-v1/0759316f275aa0cb93a5b830973843ca66babcf5
intfloat_e5_large,recursive_token,384,48,0.315550,intfloat_e5_large_recursive_token_c384_o48/results/intfloat__e5-large_4dc6d853a804b9c8886ede6dda8a073b7dc08a81/intfloat__e5-large/4dc6d853a804b9c8886ede6dda8a073b7dc08a81
nomic_ai_nomic_embed_text_v1.5,hierarchical_section,384,0,0.315490,nomic_ai_nomic_embed_text_v1.5_hierarchical_section_c384_o0/results/nomic-ai__nomic-embed-text-v1.5_b0753ae76394dd36bcfb912a46018088bca48be0/nomic-ai__nomic-embed-text-v1.5/b0753ae76394dd36bcfb912a46018088bca48be0
BAAI_bge_base_en_v1.5,hierarchical_section,384,0,0.315390,BAAI_bge_base_en_v1.5_hierarchical_section_c384_o0/results/BAAI__bge-base-en-v1.5_a5beb1e3e68b9ab74eb54cfd186867f64f240e1a/BAAI__bge-base-en-v1.5/a5beb1e3e68b9ab74eb54cfd186867f64f240e1a
nomic_ai_nomic_embed_text_v1.5,hierarchical_section,384,16,0.315370,nomic_ai_nomic_embed_text_v1.5_hierarchical_section_c384_o16/results/nomic-ai__nomic-embed-text-v1.5_b0753ae76394dd36bcfb912a46018088bca48be0/nomic-ai__nomic-embed-text-v1.5/b0753ae76394dd36bcfb912a46018088bca48be0
BAAI_bge_base_en_v1.5,semantic_fixed,448,48,0.315250,BAAI_bge_base_en_v1.5_semantic_fixed_c448_o48/results/BAAI__bge-base-en-v1.5_a5beb1e3e68b9ab74eb54cfd186867f64f240e1a/BAAI__bge-base-en-v1.5/a5beb1e3e68b9ab74eb54cfd186867f64f240e1a
intfloat_e5_large,fixed_token,384,48,0.314970,intfloat_e5_large_fixed_token_c384_o48/results/intfloat__e5-large_4dc6d853a804b9c8886ede6dda8a073b7dc08a81/intfloat__e5-large/4dc6d853a804b9c8886ede6dda8a073b7dc08a81
BAAI_bge_large_en_v1.5,recursive_token,384,64,0.314460,BAAI_bge_large_en_v1.5_recursive_token_c384_o64/results/BAAI__bge-large-en-v1.5_d4aa6901d3a41ba39fb536a557fa166f842b0e09/BAAI__bge-large-en-v1.5/d4aa6901d3a41ba39fb536a557fa166f842b0e09
BAAI_bge_base_en_v1.5,fixed_token,384,32,0.314140,BAAI_bge_base_en_v1.5_fixed_token_c384_o32/results/BAAI__bge-base-en-v1.5_a5beb1e3e68b9ab74eb54cfd186867f64f240e1a/BAAI__bge-base-en-v1.5/a5beb1e3e68b9ab74eb54cfd186867f64f240e1a
intfloat_multilingual_e5_base,fixed_token,384,0,0.313730,intfloat_multilingual_e5_base_fixed_token_c384_o0/results/intfloat__multilingual-e5-base_d13f1b27baf31030b7fd040960d60d909913633f/intfloat__multilingual-e5-base/d13f1b27baf31030b7fd040960d60d909913633f
BAAI_bge_large_en_v1.5,hierarchical_section,384,32,0.313380,BAAI_bge_large_en_v1.5_hierarchical_section_c384_o32/results/BAAI__bge-large-en-v1.5_d4aa6901d3a41ba39fb536a557fa166f842b0e09/BAAI__bge-large-en-v1.5/d4aa6901d3a41ba39fb536a557fa166f842b0e09
intfloat_e5_large,semantic_fixed,384,0,0.312920,intfloat_e5_large_semantic_fixed_c384_o0/results/intfloat__e5-large_4dc6d853a804b9c8886ede6dda8a073b7dc08a81/intfloat__e5-large/4dc6d853a804b9c8886ede6dda8a073b7dc08a81
intfloat_e5_base,fixed_token,320,0,0.312430,intfloat_e5_base_fixed_token_c320_o0/results/intfloat__e5-base_b533fe4636f4a2507c08ddab40644d20b0006d6a/intfloat__e5-base/b533fe4636f4a2507c08ddab40644d20b0006d6a
BAAI_bge_large_en_v1.5,semantic_fixed,384,32,0.312120,BAAI_bge_large_en_v1.5_semantic_fixed_c384_o32/results/BAAI__bge-large-en-v1.5_d4aa6901d3a41ba39fb536a557fa166f842b0e09/BAAI__bge-large-en-v1.5/d4aa6901d3a41ba39fb536a557fa166f842b0e09
nomic_ai_nomic_embed_text_v1,hierarchical_section,384,64,0.312030,nomic_ai_nomic_embed_text_v1_hierarchical_section_c384_o64/results/nomic-ai__nomic-embed-text-v1_0759316f275aa0cb93a5b830973843ca66babcf5/nomic-ai__nomic-embed-text-v1/0759316f275aa0cb93a5b830973843ca66babcf5
nomic_ai_nomic_embed_text_v1.5,fixed_token,384,64,0.311910,nomic_ai_nomic_embed_text_v1.5_fixed_token_c384_o64/results/nomic-ai__nomic-embed-text-v1.5_b0753ae76394dd36bcfb912a46018088bca48be0/nomic-ai__nomic-embed-text-v1.5/b0753ae76394dd36bcfb912a46018088bca48be0
BAAI_bge_large_en_v1.5,fixed_token,320,0,0.311760,BAAI_bge_large_en_v1.5_fixed_token_c320_o0/results/BAAI__bge-large-en-v1.5_d4aa6901d3a41ba39fb536a557fa166f842b0e09/BAAI__bge-large-en-v1.5/d4aa6901d3a41ba39fb536a557fa166f842b0e09
intfloat_multilingual_e5_base,semantic_fixed,448,48,0.311320,intfloat_multilingual_e5_base_semantic_fixed_c448_o48/results/intfloat__multilingual-e5-base_d13f1b27baf31030b7fd040960d60d909913633f/intfloat__multilingual-e5-base/d13f1b27baf31030b7fd040960d60d909913633f
intfloat_e5_base,recursive_token,384,64,0.310870,intfloat_e5_base_recursive_token_c384_o64/results/intfloat__e5-base_b533fe4636f4a2507c08ddab40644d20b0006d6a/intfloat__e5-base/b533fe4636f4a2507c08ddab40644d20b0006d6a
nomic_ai_nomic_embed_text_v1.5,fixed_token,320,0,0.310610,nomic_ai_nomic_embed_text_v1.5_fixed_token_c320_o0/results/nomic-ai__nomic-embed-text-v1.5_b0753ae76394dd36bcfb912a46018088bca48be0/nomic-ai__nomic-embed-text-v1.5/b0753ae76394dd36bcfb912a46018088bca48be0
intfloat_e5_base,semantic_fixed,448,16,0.310220,intfloat_e5_base_semantic_fixed_c448_o16/results/intfloat__e5-base_b533fe4636f4a2507c08ddab40644d20b0006d6a/intfloat__e5-base/b533fe4636f4a2507c08ddab40644d20b0006d6a
intfloat_e5_large,fixed_token,320,0,0.309440,intfloat_e5_large_fixed_token_c320_o0/results/intfloat__e5-large_4dc6d853a804b9c8886ede6dda8a073b7dc08a81/intfloat__e5-large/4dc6d853a804b9c8886ede6dda8a073b7dc08a81
BAAI_bge_large_en_v1.5,hierarchical_section,384,48,0.309180,BAAI_bge_large_en_v1.5_hierarchical_section_c384_o48/results/BAAI__bge-large-en-v1.5_d4aa6901d3a41ba39fb536a557fa166f842b0e09/BAAI__bge-large-en-v1.5/d4aa6901d3a41ba39fb536a557fa166f842b0e09
intfloat_multilingual_e5_base,hierarchical_section,448,48,0.308760,intfloat_multilingual_e5_base_hierarchical_section_c448_o48/results/intfloat__multilingual-e5-base_d13f1b27baf31030b7fd040960d60d909913633f/intfloat__multilingual-e5-base/d13f1b27baf31030b7fd040960d60d909913633f
intfloat_e5_small,hierarchical_section,384,0,0.308590,intfloat_e5_small_hierarchical_section_c384_o0/results/intfloat__e5-small_e272f3049e853b47cb5ca3952268c6662abda68f/intfloat__e5-small/e272f3049e853b47cb5ca3952268c6662abda68f
intfloat_e5_large,recursive_token,384,64,0.308570,intfloat_e5_large_recursive_token_c384_o64/results/intfloat__e5-large_4dc6d853a804b9c8886ede6dda8a073b7dc08a81/intfloat__e5-large/4dc6d853a804b9c8886ede6dda8a073b7dc08a81
intfloat_multilingual_e5_base,recursive_token,448,48,0.308380,intfloat_multilingual_e5_base_recursive_token_c448_o48/results/intfloat__multilingual-e5-base_d13f1b27baf31030b7fd040960d60d909913633f/intfloat__multilingual-e5-base/d13f1b27baf31030b7fd040960d60d909913633f
intfloat_e5_base,hierarchical_section,384,0,0.308360,intfloat_e5_base_hierarchical_section_c384_o0/results/intfloat__e5-base_b533fe4636f4a2507c08ddab40644d20b0006d6a/intfloat__e5-base/b533fe4636f4a2507c08ddab40644d20b0006d6a
nomic_ai_nomic_embed_text_v1,recursive_token,320,0,0.308230,nomic_ai_nomic_embed_text_v1_recursive_token_c320_o0/results/nomic-ai__nomic-embed-text-v1_0759316f275aa0cb93a5b830973843ca66babcf5/nomic-ai__nomic-embed-text-v1/0759316f275aa0cb93a5b830973843ca66babcf5
BAAI_bge_base_en_v1.5,recursive_token,384,48,0.308040,BAAI_bge_base_en_v1.5_recursive_token_c384_o48/results/BAAI__bge-base-en-v1.5_a5beb1e3e68b9ab74eb54cfd186867f64f240e1a/BAAI__bge-base-en-v1.5/a5beb1e3e68b9ab74eb54cfd186867f64f240e1a
intfloat_e5_small,fixed_token,384,48,0.308000,intfloat_e5_small_fixed_token_c384_o48/results/intfloat__e5-small_e272f3049e853b47cb5ca3952268c6662abda68f/intfloat__e5-small/e272f3049e853b47cb5ca3952268c6662abda68f
intfloat_e5_large,fixed_token,384,64,0.307990,intfloat_e5_large_fixed_token_c384_o64/results/intfloat__e5-large_4dc6d853a804b9c8886ede6dda8a073b7dc08a81/intfloat__e5-large/4dc6d853a804b9c8886ede6dda8a073b7dc08a81
intfloat_multilingual_e5_base,hierarchical_section,448,32,0.307940,intfloat_multilingual_e5_base_hierarchical_section_c448_o32/results/intfloat__multilingual-e5-base_d13f1b27baf31030b7fd040960d60d909913633f/intfloat__multilingual-e5-base/d13f1b27baf31030b7fd040960d60d909913633f
nomic_ai_nomic_embed_text_v1,recursive_token,320,16,0.307780,nomic_ai_nomic_embed_text_v1_recursive_token_c320_o16/results/nomic-ai__nomic-embed-text-v1_0759316f275aa0cb93a5b830973843ca66babcf5/nomic-ai__nomic-embed-text-v1/0759316f275aa0cb93a5b830973843ca66babcf5
nomic_ai_nomic_embed_text_v1,fixed_token,320,16,0.307740,nomic_ai_nomic_embed_text_v1_fixed_token_c320_o16/results/nomic-ai__nomic-embed-text-v1_0759316f275aa0cb93a5b830973843ca66babcf5/nomic-ai__nomic-embed-text-v1/0759316f275aa0cb93a5b830973843ca66babcf5
nomic_ai_nomic_embed_text_v1.5,hierarchical_section,384,48,0.307710,nomic_ai_nomic_embed_text_v1.5_hierarchical_section_c384_o48/results/nomic-ai__nomic-embed-text-v1.5_b0753ae76394dd36bcfb912a46018088bca48be0/nomic-ai__nomic-embed-text-v1.5/b0753ae76394dd36bcfb912a46018088bca48be0
intfloat_e5_small,hierarchical_section,384,16,0.307460,intfloat_e5_small_hierarchical_section_c384_o16/results/intfloat__e5-small_e272f3049e853b47cb5ca3952268c6662abda68f/intfloat__e5-small/e272f3049e853b47cb5ca3952268c6662abda68f
intfloat_e5_base,semantic_fixed,448,32,0.307440,intfloat_e5_base_semantic_fixed_c448_o32/results/intfloat__e5-base_b533fe4636f4a2507c08ddab40644d20b0006d6a/intfloat__e5-base/b533fe4636f4a2507c08ddab40644d20b0006d6a
intfloat_multilingual_e5_base,semantic_fixed,448,64,0.307340,intfloat_multilingual_e5_base_semantic_fixed_c448_o64/results/intfloat__multilingual-e5-base_d13f1b27baf31030b7fd040960d60d909913633f/intfloat__multilingual-e5-base/d13f1b27baf31030b7fd040960d60d909913633f
intfloat_e5_small,recursive_token,384,48,0.307180,intfloat_e5_small_recursive_token_c384_o48/results/intfloat__e5-small_e272f3049e853b47cb5ca3952268c6662abda68f/intfloat__e5-small/e272f3049e853b47cb5ca3952268c6662abda68f
intfloat_multilingual_e5_base,recursive_token,448,64,0.306990,intfloat_multilingual_e5_base_recursive_token_c448_o64/results/intfloat__multilingual-e5-base_d13f1b27baf31030b7fd040960d60d909913633f/intfloat__multilingual-e5-base/d13f1b27baf31030b7fd040960d60d909913633f
BAAI_bge_base_en_v1.5,hierarchical_section,384,16,0.306830,BAAI_bge_base_en_v1.5_hierarchical_section_c384_o16/results/BAAI__bge-base-en-v1.5_a5beb1e3e68b9ab74eb54cfd186867f64f240e1a/BAAI__bge-base-en-v1.5/a5beb1e3e68b9ab74eb54cfd186867f64f240e1a
BAAI_bge_large_en_v1.5,fixed_token,384,64,0.306320,BAAI_bge_large_en_v1.5_fixed_token_c384_o64/results/BAAI__bge-large-en-v1.5_d4aa6901d3a41ba39fb536a557fa166f842b0e09/BAAI__bge-large-en-v1.5/d4aa6901d3a41ba39fb536a557fa166f842b0e09
intfloat_e5_large,semantic_fixed,384,16,0.305800,intfloat_e5_large_semantic_fixed_c384_o16/results/intfloat__e5-large_4dc6d853a804b9c8886ede6dda8a073b7dc08a81/intfloat__e5-large/4dc6d853a804b9c8886ede6dda8a073b7dc08a81
BAAI_bge_base_en_v1.5,fixed_token,384,48,0.305380,BAAI_bge_base_en_v1.5_fixed_token_c384_o48/results/BAAI__bge-base-en-v1.5_a5beb1e3e68b9ab74eb54cfd186867f64f240e1a/BAAI__bge-base-en-v1.5/a5beb1e3e68b9ab74eb54cfd186867f64f240e1a
nomic_ai_nomic_embed_text_v1.5,hierarchical_section,384,32,0.304910,nomic_ai_nomic_embed_text_v1.5_hierarchical_section_c384_o32/results/nomic-ai__nomic-embed-text-v1.5_b0753ae76394dd36bcfb912a46018088bca48be0/nomic-ai__nomic-embed-text-v1.5/b0753ae76394dd36bcfb912a46018088bca48be0
intfloat_e5_small,semantic_fixed,384,16,0.304800,intfloat_e5_small_semantic_fixed_c384_o16/results/intfloat__e5-small_e272f3049e853b47cb5ca3952268c6662abda68f/intfloat__e5-small/e272f3049e853b47cb5ca3952268c6662abda68f
intfloat_multilingual_e5_base,fixed_token,384,16,0.304640,intfloat_multilingual_e5_base_fixed_token_c384_o16/results/intfloat__multilingual-e5-base_d13f1b27baf31030b7fd040960d60d909913633f/intfloat__multilingual-e5-base/d13f1b27baf31030b7fd040960d60d909913633f
BAAI_bge_base_en_v1.5,semantic_fixed,384,16,0.304340,BAAI_bge_base_en_v1.5_semantic_fixed_c384_o16/results/BAAI__bge-base-en-v1.5_a5beb1e3e68b9ab74eb54cfd186867f64f240e1a/BAAI__bge-base-en-v1.5/a5beb1e3e68b9ab74eb54cfd186867f64f240e1a
intfloat_e5_base,hierarchical_section,384,16,0.303280,intfloat_e5_base_hierarchical_section_c384_o16/results/intfloat__e5-base_b533fe4636f4a2507c08ddab40644d20b0006d6a/intfloat__e5-base/b533fe4636f4a2507c08ddab40644d20b0006d6a
intfloat_multilingual_e5_base,hierarchical_section,448,64,0.303070,intfloat_multilingual_e5_base_hierarchical_section_c448_o64/results/intfloat__multilingual-e5-base_d13f1b27baf31030b7fd040960d60d909913633f/intfloat__multilingual-e5-base/d13f1b27baf31030b7fd040960d60d909913633f
BAAI_bge_base_en_v1.5,recursive_token,384,64,0.303060,BAAI_bge_base_en_v1.5_recursive_token_c384_o64/results/BAAI__bge-base-en-v1.5_a5beb1e3e68b9ab74eb54cfd186867f64f240e1a/BAAI__bge-base-en-v1.5/a5beb1e3e68b9ab74eb54cfd186867f64f240e1a
intfloat_e5_small,hierarchical_section,384,32,0.302960,intfloat_e5_small_hierarchical_section_c384_o32/results/intfloat__e5-small_e272f3049e853b47cb5ca3952268c6662abda68f/intfloat__e5-small/e272f3049e853b47cb5ca3952268c6662abda68f
BAAI_bge_base_en_v1.5,hierarchical_section,384,32,0.302320,BAAI_bge_base_en_v1.5_hierarchical_section_c384_o32/results/BAAI__bge-base-en-v1.5_a5beb1e3e68b9ab74eb54cfd186867f64f240e1a/BAAI__bge-base-en-v1.5/a5beb1e3e68b9ab74eb54cfd186867f64f240e1a
BAAI_bge_large_en_v1.5,semantic_fixed,384,48,0.302240,BAAI_bge_large_en_v1.5_semantic_fixed_c384_o48/results/BAAI__bge-large-en-v1.5_d4aa6901d3a41ba39fb536a557fa166f842b0e09/BAAI__bge-large-en-v1.5/d4aa6901d3a41ba39fb536a557fa166f842b0e09
nomic_ai_nomic_embed_text_v1,fixed_token,320,32,0.301620,nomic_ai_nomic_embed_text_v1_fixed_token_c320_o32/results/nomic-ai__nomic-embed-text-v1_0759316f275aa0cb93a5b830973843ca66babcf5/nomic-ai__nomic-embed-text-v1/0759316f275aa0cb93a5b830973843ca66babcf5
BAAI_bge_large_en_v1.5,hierarchical_section,384,64,0.301520,BAAI_bge_large_en_v1.5_hierarchical_section_c384_o64/results/BAAI__bge-large-en-v1.5_d4aa6901d3a41ba39fb536a557fa166f842b0e09/BAAI__bge-large-en-v1.5/d4aa6901d3a41ba39fb536a557fa166f842b0e09
intfloat_multilingual_e5_base,hierarchical_section,384,0,0.301430,intfloat_multilingual_e5_base_hierarchical_section_c384_o0/results/intfloat__multilingual-e5-base_d13f1b27baf31030b7fd040960d60d909913633f/intfloat__multilingual-e5-base/d13f1b27baf31030b7fd040960d60d909913633f
intfloat_e5_small,fixed_token,320,0,0.301210,intfloat_e5_small_fixed_token_c320_o0/results/intfloat__e5-small_e272f3049e853b47cb5ca3952268c6662abda68f/intfloat__e5-small/e272f3049e853b47cb5ca3952268c6662abda68f
intfloat_multilingual_e5_base,fixed_token,384,32,0.299970,intfloat_multilingual_e5_base_fixed_token_c384_o32/results/intfloat__multilingual-e5-base_d13f1b27baf31030b7fd040960d60d909913633f/intfloat__multilingual-e5-base/d13f1b27baf31030b7fd040960d60d909913633f
BAAI_bge_large_en_v1.5,semantic_recursive,448,0,0.299950,BAAI_bge_large_en_v1.5_semantic_recursive_c448_o0/results/BAAI__bge-large-en-v1.5_d4aa6901d3a41ba39fb536a557fa166f842b0e09/BAAI__bge-large-en-v1.5/d4aa6901d3a41ba39fb536a557fa166f842b0e09
nomic_ai_nomic_embed_text_v1.5,hierarchical_section,384,64,0.299760,nomic_ai_nomic_embed_text_v1.5_hierarchical_section_c384_o64/results/nomic-ai__nomic-embed-text-v1.5_b0753ae76394dd36bcfb912a46018088bca48be0/nomic-ai__nomic-embed-text-v1.5/b0753ae76394dd36bcfb912a46018088bca48be0
BAAI_bge_base_en_v1.5,hierarchical_section,384,48,0.299420,BAAI_bge_base_en_v1.5_hierarchical_section_c384_o48/results/BAAI__bge-base-en-v1.5_a5beb1e3e68b9ab74eb54cfd186867f64f240e1a/BAAI__bge-base-en-v1.5/a5beb1e3e68b9ab74eb54cfd186867f64f240e1a
intfloat_e5_small,hierarchical_section,384,64,0.299320,intfloat_e5_small_hierarchical_section_c384_o64/results/intfloat__e5-small_e272f3049e853b47cb5ca3952268c6662abda68f/intfloat__e5-small/e272f3049e853b47cb5ca3952268c6662abda68f
BAAI_bge_large_en_v1.5,semantic_recursive,448,16,0.299190,BAAI_bge_large_en_v1.5_semantic_recursive_c448_o16/results/BAAI__bge-large-en-v1.5_d4aa6901d3a41ba39fb536a557fa166f842b0e09/BAAI__bge-large-en-v1.5/d4aa6901d3a41ba39fb536a557fa166f842b0e09
intfloat_e5_small,fixed_token,384,64,0.299190,intfloat_e5_small_fixed_token_c384_o64/results/intfloat__e5-small_e272f3049e853b47cb5ca3952268c6662abda68f/intfloat__e5-small/e272f3049e853b47cb5ca3952268c6662abda68f
nomic_ai_nomic_embed_text_v1,recursive_token,320,32,0.299130,nomic_ai_nomic_embed_text_v1_recursive_token_c320_o32/results/nomic-ai__nomic-embed-text-v1_0759316f275aa0cb93a5b830973843ca66babcf5/nomic-ai__nomic-embed-text-v1/0759316f275aa0cb93a5b830973843ca66babcf5
nomic_ai_nomic_embed_text_v1,hierarchical_section,320,0,0.298880,nomic_ai_nomic_embed_text_v1_hierarchical_section_c320_o0/results/nomic-ai__nomic-embed-text-v1_0759316f275aa0cb93a5b830973843ca66babcf5/nomic-ai__nomic-embed-text-v1/0759316f275aa0cb93a5b830973843ca66babcf5
BAAI_bge_large_en_v1.5,semantic_recursive,448,32,0.298860,BAAI_bge_large_en_v1.5_semantic_recursive_c448_o32/results/BAAI__bge-large-en-v1.5_d4aa6901d3a41ba39fb536a557fa166f842b0e09/BAAI__bge-large-en-v1.5/d4aa6901d3a41ba39fb536a557fa166f842b0e09
intfloat_e5_small,semantic_fixed,384,32,0.298850,intfloat_e5_small_semantic_fixed_c384_o32/results/intfloat__e5-small_e272f3049e853b47cb5ca3952268c6662abda68f/intfloat__e5-small/e272f3049e853b47cb5ca3952268c6662abda68f
intfloat_e5_base,hierarchical_section,384,32,0.298520,intfloat_e5_base_hierarchical_section_c384_o32/results/intfloat__e5-base_b533fe4636f4a2507c08ddab40644d20b0006d6a/intfloat__e5-base/b533fe4636f4a2507c08ddab40644d20b0006d6a
intfloat_multilingual_e5_base,semantic_fixed,384,0,0.298500,intfloat_multilingual_e5_base_semantic_fixed_c384_o0/results/intfloat__multilingual-e5-base_d13f1b27baf31030b7fd040960d60d909913633f/intfloat__multilingual-e5-base/d13f1b27baf31030b7fd040960d60d909913633f
intfloat_e5_base,semantic_fixed,448,48,0.298450,intfloat_e5_base_semantic_fixed_c448_o48/results/intfloat__e5-base_b533fe4636f4a2507c08ddab40644d20b0006d6a/intfloat__e5-base/b533fe4636f4a2507c08ddab40644d20b0006d6a
intfloat_e5_small,hierarchical_section,384,48,0.298280,intfloat_e5_small_hierarchical_section_c384_o48/results/intfloat__e5-small_e272f3049e853b47cb5ca3952268c6662abda68f/intfloat__e5-small/e272f3049e853b47cb5ca3952268c6662abda68f
intfloat_e5_base,semantic_fixed,384,0,0.298200,intfloat_e5_base_semantic_fixed_c384_o0/results/intfloat__e5-base_b533fe4636f4a2507c08ddab40644d20b0006d6a/intfloat__e5-base/b533fe4636f4a2507c08ddab40644d20b0006d6a
BAAI_bge_base_en_v1.5,fixed_token,384,64,0.297490,BAAI_bge_base_en_v1.5_fixed_token_c384_o64/results/BAAI__bge-base-en-v1.5_a5beb1e3e68b9ab74eb54cfd186867f64f240e1a/BAAI__bge-base-en-v1.5/a5beb1e3e68b9ab74eb54cfd186867f64f240e1a
BAAI_bge_large_en_v1.5,semantic_fixed,384,64,0.297470,BAAI_bge_large_en_v1.5_semantic_fixed_c384_o64/results/BAAI__bge-large-en-v1.5_d4aa6901d3a41ba39fb536a557fa166f842b0e09/BAAI__bge-large-en-v1.5/d4aa6901d3a41ba39fb536a557fa166f842b0e09
intfloat_e5_base,semantic_fixed,448,64,0.297160,intfloat_e5_base_semantic_fixed_c448_o64/results/intfloat__e5-base_b533fe4636f4a2507c08ddab40644d20b0006d6a/intfloat__e5-base/b533fe4636f4a2507c08ddab40644d20b0006d6a
intfloat_e5_base,hierarchical_section,384,48,0.297140,intfloat_e5_base_hierarchical_section_c384_o48/results/intfloat__e5-base_b533fe4636f4a2507c08ddab40644d20b0006d6a/intfloat__e5-base/b533fe4636f4a2507c08ddab40644d20b0006d6a
intfloat_e5_large,semantic_fixed,384,32,0.296730,intfloat_e5_large_semantic_fixed_c384_o32/results/intfloat__e5-large_4dc6d853a804b9c8886ede6dda8a073b7dc08a81/intfloat__e5-large/4dc6d853a804b9c8886ede6dda8a073b7dc08a81
intfloat_multilingual_e5_base,recursive_token,384,0,0.296510,intfloat_multilingual_e5_base_recursive_token_c384_o0/results/intfloat__multilingual-e5-base_d13f1b27baf31030b7fd040960d60d909913633f/intfloat__multilingual-e5-base/d13f1b27baf31030b7fd040960d60d909913633f
intfloat_e5_small,recursive_token,384,64,0.296190,intfloat_e5_small_recursive_token_c384_o64/results/intfloat__e5-small_e272f3049e853b47cb5ca3952268c6662abda68f/intfloat__e5-small/e272f3049e853b47cb5ca3952268c6662abda68f
intfloat_multilingual_e5_base,recursive_token,384,16,0.296120,intfloat_multilingual_e5_base_recursive_token_c384_o16/results/intfloat__multilingual-e5-base_d13f1b27baf31030b7fd040960d60d909913633f/intfloat__multilingual-e5-base/d13f1b27baf31030b7fd040960d60d909913633f
BAAI_bge_large_en_v1.5,semantic_recursive,448,64,0.296090,BAAI_bge_large_en_v1.5_semantic_recursive_c448_o64/results/BAAI__bge-large-en-v1.5_d4aa6901d3a41ba39fb536a557fa166f842b0e09/BAAI__bge-large-en-v1.5/d4aa6901d3a41ba39fb536a557fa166f842b0e09
BAAI_bge_large_en_v1.5,semantic_recursive,448,48,0.295610,BAAI_bge_large_en_v1.5_semantic_recursive_c448_o48/results/BAAI__bge-large-en-v1.5_d4aa6901d3a41ba39fb536a557fa166f842b0e09/BAAI__bge-large-en-v1.5/d4aa6901d3a41ba39fb536a557fa166f842b0e09
BAAI_bge_base_en_v1.5,hierarchical_section,384,64,0.294580,BAAI_bge_base_en_v1.5_hierarchical_section_c384_o64/results/BAAI__bge-base-en-v1.5_a5beb1e3e68b9ab74eb54cfd186867f64f240e1a/BAAI__bge-base-en-v1.5/a5beb1e3e68b9ab74eb54cfd186867f64f240e1a
BAAI_bge_large_en_v1.5,hierarchical_section,320,0,0.294380,BAAI_bge_large_en_v1.5_hierarchical_section_c320_o0/results/BAAI__bge-large-en-v1.5_d4aa6901d3a41ba39fb536a557fa166f842b0e09/BAAI__bge-large-en-v1.5/d4aa6901d3a41ba39fb536a557fa166f842b0e09
intfloat_e5_small,semantic_fixed,320,0,0.293540,intfloat_e5_small_semantic_fixed_c320_o0/results/intfloat__e5-small_e272f3049e853b47cb5ca3952268c6662abda68f/intfloat__e5-small/e272f3049e853b47cb5ca3952268c6662abda68f
BAAI_bge_large_en_v1.5,semantic_fixed,320,0,0.293410,BAAI_bge_large_en_v1.5_semantic_fixed_c320_o0/results/BAAI__bge-large-en-v1.5_d4aa6901d3a41ba39fb536a557fa166f842b0e09/BAAI__bge-large-en-v1.5/d4aa6901d3a41ba39fb536a557fa166f842b0e09
BAAI_bge_base_en_v1.5,semantic_fixed,384,48,0.293230,BAAI_bge_base_en_v1.5_semantic_fixed_c384_o48/results/BAAI__bge-base-en-v1.5_a5beb1e3e68b9ab74eb54cfd186867f64f240e1a/BAAI__bge-base-en-v1.5/a5beb1e3e68b9ab74eb54cfd186867f64f240e1a
intfloat_e5_base,fixed_token,320,16,0.293090,intfloat_e5_base_fixed_token_c320_o16/results/intfloat__e5-base_b533fe4636f4a2507c08ddab40644d20b0006d6a/intfloat__e5-base/b533fe4636f4a2507c08ddab40644d20b0006d6a
nomic_ai_nomic_embed_text_v1.5,recursive_token,320,0,0.292900,nomic_ai_nomic_embed_text_v1.5_recursive_token_c320_o0/results/nomic-ai__nomic-embed-text-v1.5_b0753ae76394dd36bcfb912a46018088bca48be0/nomic-ai__nomic-embed-text-v1.5/b0753ae76394dd36bcfb912a46018088bca48be0
intfloat_multilingual_e5_base,hierarchical_section,384,16,0.292790,intfloat_multilingual_e5_base_hierarchical_section_c384_o16/results/intfloat__multilingual-e5-base_d13f1b27baf31030b7fd040960d60d909913633f/intfloat__multilingual-e5-base/d13f1b27baf31030b7fd040960d60d909913633f
BAAI_bge_base_en_v1.5,semantic_fixed,384,32,0.292620,BAAI_bge_base_en_v1.5_semantic_fixed_c384_o32/results/BAAI__bge-base-en-v1.5_a5beb1e3e68b9ab74eb54cfd186867f64f240e1a/BAAI__bge-base-en-v1.5/a5beb1e3e68b9ab74eb54cfd186867f64f240e1a
intfloat_e5_large,fixed_token,320,16,0.292510,intfloat_e5_large_fixed_token_c320_o16/results/intfloat__e5-large_4dc6d853a804b9c8886ede6dda8a073b7dc08a81/intfloat__e5-large/4dc6d853a804b9c8886ede6dda8a073b7dc08a81
intfloat_e5_large,recursive_token,320,0,0.292350,intfloat_e5_large_recursive_token_c320_o0/results/intfloat__e5-large_4dc6d853a804b9c8886ede6dda8a073b7dc08a81/intfloat__e5-large/4dc6d853a804b9c8886ede6dda8a073b7dc08a81
nomic_ai_nomic_embed_text_v1.5,fixed_token,320,32,0.291990,nomic_ai_nomic_embed_text_v1.5_fixed_token_c320_o32/results/nomic-ai__nomic-embed-text-v1.5_b0753ae76394dd36bcfb912a46018088bca48be0/nomic-ai__nomic-embed-text-v1.5/b0753ae76394dd36bcfb912a46018088bca48be0
nomic_ai_nomic_embed_text_v1.5,fixed_token,320,16,0.291650,nomic_ai_nomic_embed_text_v1.5_fixed_token_c320_o16/results/nomic-ai__nomic-embed-text-v1.5_b0753ae76394dd36bcfb912a46018088bca48be0/nomic-ai__nomic-embed-text-v1.5/b0753ae76394dd36bcfb912a46018088bca48be0
BAAI_bge_large_en_v1.5,recursive_token,320,16,0.291610,BAAI_bge_large_en_v1.5_recursive_token_c320_o16/results/BAAI__bge-large-en-v1.5_d4aa6901d3a41ba39fb536a557fa166f842b0e09/BAAI__bge-large-en-v1.5/d4aa6901d3a41ba39fb536a557fa166f842b0e09
nomic_ai_nomic_embed_text_v1.5,recursive_token,320,16,0.291450,nomic_ai_nomic_embed_text_v1.5_recursive_token_c320_o16/results/nomic-ai__nomic-embed-text-v1.5_b0753ae76394dd36bcfb912a46018088bca48be0/nomic-ai__nomic-embed-text-v1.5/b0753ae76394dd36bcfb912a46018088bca48be0
BAAI_bge_base_en_v1.5,fixed_token,320,0,0.291400,BAAI_bge_base_en_v1.5_fixed_token_c320_o0/results/BAAI__bge-base-en-v1.5_a5beb1e3e68b9ab74eb54cfd186867f64f240e1a/BAAI__bge-base-en-v1.5/a5beb1e3e68b9ab74eb54cfd186867f64f240e1a
intfloat_e5_large,recursive_token,320,16,0.291270,intfloat_e5_large_recursive_token_c320_o16/results/intfloat__e5-large_4dc6d853a804b9c8886ede6dda8a073b7dc08a81/intfloat__e5-large/4dc6d853a804b9c8886ede6dda8a073b7dc08a81
BAAI_bge_large_en_v1.5,recursive_token,320,0,0.291180,BAAI_bge_large_en_v1.5_recursive_token_c320_o0/results/BAAI__bge-large-en-v1.5_d4aa6901d3a41ba39fb536a557fa166f842b0e09/BAAI__bge-large-en-v1.5/d4aa6901d3a41ba39fb536a557fa166f842b0e09
intfloat_e5_large,semantic_fixed,384,48,0.291130,intfloat_e5_large_semantic_fixed_c384_o48/results/intfloat__e5-large_4dc6d853a804b9c8886ede6dda8a073b7dc08a81/intfloat__e5-large/4dc6d853a804b9c8886ede6dda8a073b7dc08a81
intfloat_multilingual_e5_base,recursive_token,384,32,0.290870,intfloat_multilingual_e5_base_recursive_token_c384_o32/results/intfloat__multilingual-e5-base_d13f1b27baf31030b7fd040960d60d909913633f/intfloat__multilingual-e5-base/d13f1b27baf31030b7fd040960d60d909913633f
intfloat_e5_small,semantic_fixed,384,48,0.290560,intfloat_e5_small_semantic_fixed_c384_o48/results/intfloat__e5-small_e272f3049e853b47cb5ca3952268c6662abda68f/intfloat__e5-small/e272f3049e853b47cb5ca3952268c6662abda68f
nomic_ai_nomic_embed_text_v1,hierarchical_section,320,16,0.290380,nomic_ai_nomic_embed_text_v1_hierarchical_section_c320_o16/results/nomic-ai__nomic-embed-text-v1_0759316f275aa0cb93a5b830973843ca66babcf5/nomic-ai__nomic-embed-text-v1/0759316f275aa0cb93a5b830973843ca66babcf5
intfloat_multilingual_e5_base,semantic_recursive,448,16,0.289650,intfloat_multilingual_e5_base_semantic_recursive_c448_o16/results/intfloat__multilingual-e5-base_d13f1b27baf31030b7fd040960d60d909913633f/intfloat__multilingual-e5-base/d13f1b27baf31030b7fd040960d60d909913633f
intfloat_e5_small,fixed_token,320,16,0.289370,intfloat_e5_small_fixed_token_c320_o16/results/intfloat__e5-small_e272f3049e853b47cb5ca3952268c6662abda68f/intfloat__e5-small/e272f3049e853b47cb5ca3952268c6662abda68f
intfloat_e5_base,recursive_token,320,16,0.289120,intfloat_e5_base_recursive_token_c320_o16/results/intfloat__e5-base_b533fe4636f4a2507c08ddab40644d20b0006d6a/intfloat__e5-base/b533fe4636f4a2507c08ddab40644d20b0006d6a
intfloat_multilingual_e5_base,semantic_recursive,448,0,0.288850,intfloat_multilingual_e5_base_semantic_recursive_c448_o0/results/intfloat__multilingual-e5-base_d13f1b27baf31030b7fd040960d60d909913633f/intfloat__multilingual-e5-base/d13f1b27baf31030b7fd040960d60d909913633f
intfloat_e5_small,recursive_token,320,16,0.288340,intfloat_e5_small_recursive_token_c320_o16/results/intfloat__e5-small_e272f3049e853b47cb5ca3952268c6662abda68f/intfloat__e5-small/e272f3049e853b47cb5ca3952268c6662abda68f
intfloat_multilingual_e5_base,semantic_fixed,384,16,0.288320,intfloat_multilingual_e5_base_semantic_fixed_c384_o16/results/intfloat__multilingual-e5-base_d13f1b27baf31030b7fd040960d60d909913633f/intfloat__multilingual-e5-base/d13f1b27baf31030b7fd040960d60d909913633f
nomic_ai_nomic_embed_text_v1,hierarchical_section,320,32,0.288220,nomic_ai_nomic_embed_text_v1_hierarchical_section_c320_o32/results/nomic-ai__nomic-embed-text-v1_0759316f275aa0cb93a5b830973843ca66babcf5/nomic-ai__nomic-embed-text-v1/0759316f275aa0cb93a5b830973843ca66babcf5
intfloat_multilingual_e5_base,hierarchical_section,384,32,0.288210,intfloat_multilingual_e5_base_hierarchical_section_c384_o32/results/intfloat__multilingual-e5-base_d13f1b27baf31030b7fd040960d60d909913633f/intfloat__multilingual-e5-base/d13f1b27baf31030b7fd040960d60d909913633f
intfloat_e5_small,semantic_fixed,384,64,0.288080,intfloat_e5_small_semantic_fixed_c384_o64/results/intfloat__e5-small_e272f3049e853b47cb5ca3952268c6662abda68f/intfloat__e5-small/e272f3049e853b47cb5ca3952268c6662abda68f
intfloat_e5_small,semantic_recursive,448,16,0.288070,intfloat_e5_small_semantic_recursive_c448_o16/results/intfloat__e5-small_e272f3049e853b47cb5ca3952268c6662abda68f/intfloat__e5-small/e272f3049e853b47cb5ca3952268c6662abda68f
BAAI_bge_base_en_v1.5,semantic_recursive,448,0,0.287260,BAAI_bge_base_en_v1.5_semantic_recursive_c448_o0/results/BAAI__bge-base-en-v1.5_a5beb1e3e68b9ab74eb54cfd186867f64f240e1a/BAAI__bge-base-en-v1.5/a5beb1e3e68b9ab74eb54cfd186867f64f240e1a
intfloat_e5_small,semantic_recursive,448,0,0.287190,intfloat_e5_small_semantic_recursive_c448_o0/results/intfloat__e5-small_e272f3049e853b47cb5ca3952268c6662abda68f/intfloat__e5-small/e272f3049e853b47cb5ca3952268c6662abda68f
nomic_ai_nomic_embed_text_v1.5,hierarchical_section,320,0,0.286800,nomic_ai_nomic_embed_text_v1.5_hierarchical_section_c320_o0/results/nomic-ai__nomic-embed-text-v1.5_b0753ae76394dd36bcfb912a46018088bca48be0/nomic-ai__nomic-embed-text-v1.5/b0753ae76394dd36bcfb912a46018088bca48be0
nomic_ai_nomic_embed_text_v1,fixed_token,320,48,0.286570,nomic_ai_nomic_embed_text_v1_fixed_token_c320_o48/results/nomic-ai__nomic-embed-text-v1_0759316f275aa0cb93a5b830973843ca66babcf5/nomic-ai__nomic-embed-text-v1/0759316f275aa0cb93a5b830973843ca66babcf5
intfloat_e5_base,hierarchical_section,384,64,0.286520,intfloat_e5_base_hierarchical_section_c384_o64/results/intfloat__e5-base_b533fe4636f4a2507c08ddab40644d20b0006d6a/intfloat__e5-base/b533fe4636f4a2507c08ddab40644d20b0006d6a
intfloat_e5_base,recursive_token,320,0,0.286260,intfloat_e5_base_recursive_token_c320_o0/results/intfloat__e5-base_b533fe4636f4a2507c08ddab40644d20b0006d6a/intfloat__e5-base/b533fe4636f4a2507c08ddab40644d20b0006d6a
BAAI_bge_large_en_v1.5,fixed_token,320,16,0.285980,BAAI_bge_large_en_v1.5_fixed_token_c320_o16/results/BAAI__bge-large-en-v1.5_d4aa6901d3a41ba39fb536a557fa166f842b0e09/BAAI__bge-large-en-v1.5/d4aa6901d3a41ba39fb536a557fa166f842b0e09
intfloat_e5_large,recursive_token,320,32,0.285890,intfloat_e5_large_recursive_token_c320_o32/results/intfloat__e5-large_4dc6d853a804b9c8886ede6dda8a073b7dc08a81/intfloat__e5-large/4dc6d853a804b9c8886ede6dda8a073b7dc08a81
intfloat_multilingual_e5_base,fixed_token,384,48,0.285740,intfloat_multilingual_e5_base_fixed_token_c384_o48/results/intfloat__multilingual-e5-base_d13f1b27baf31030b7fd040960d60d909913633f/intfloat__multilingual-e5-base/d13f1b27baf31030b7fd040960d60d909913633f
intfloat_e5_base,fixed_token,320,32,0.285660,intfloat_e5_base_fixed_token_c320_o32/results/intfloat__e5-base_b533fe4636f4a2507c08ddab40644d20b0006d6a/intfloat__e5-base/b533fe4636f4a2507c08ddab40644d20b0006d6a
intfloat_e5_base,semantic_fixed,384,16,0.285600,intfloat_e5_base_semantic_fixed_c384_o16/results/intfloat__e5-base_b533fe4636f4a2507c08ddab40644d20b0006d6a/intfloat__e5-base/b533fe4636f4a2507c08ddab40644d20b0006d6a
intfloat_e5_large,semantic_fixed,320,0,0.285530,intfloat_e5_large_semantic_fixed_c320_o0/results/intfloat__e5-large_4dc6d853a804b9c8886ede6dda8a073b7dc08a81/intfloat__e5-large/4dc6d853a804b9c8886ede6dda8a073b7dc08a81
intfloat_e5_small,semantic_recursive,448,32,0.285430,intfloat_e5_small_semantic_recursive_c448_o32/results/intfloat__e5-small_e272f3049e853b47cb5ca3952268c6662abda68f/intfloat__e5-small/e272f3049e853b47cb5ca3952268c6662abda68f
BAAI_bge_base_en_v1.5,semantic_recursive,448,16,0.285380,BAAI_bge_base_en_v1.5_semantic_recursive_c448_o16/results/BAAI__bge-base-en-v1.5_a5beb1e3e68b9ab74eb54cfd186867f64f240e1a/BAAI__bge-base-en-v1.5/a5beb1e3e68b9ab74eb54cfd186867f64f240e1a
intfloat_multilingual_e5_base,semantic_recursive,448,32,0.285240,intfloat_multilingual_e5_base_semantic_recursive_c448_o32/results/intfloat__multilingual-e5-base_d13f1b27baf31030b7fd040960d60d909913633f/intfloat__multilingual-e5-base/d13f1b27baf31030b7fd040960d60d909913633f
intfloat_e5_large,semantic_fixed,384,64,0.285210,intfloat_e5_large_semantic_fixed_c384_o64/results/intfloat__e5-large_4dc6d853a804b9c8886ede6dda8a073b7dc08a81/intfloat__e5-large/4dc6d853a804b9c8886ede6dda8a073b7dc08a81
intfloat_e5_small,semantic_recursive,448,48,0.284910,intfloat_e5_small_semantic_recursive_c448_o48/results/intfloat__e5-small_e272f3049e853b47cb5ca3952268c6662abda68f/intfloat__e5-small/e272f3049e853b47cb5ca3952268c6662abda68f
BAAI_bge_large_en_v1.5,fixed_token,320,32,0.284870,BAAI_bge_large_en_v1.5_fixed_token_c320_o32/results/BAAI__bge-large-en-v1.5_d4aa6901d3a41ba39fb536a557fa166f842b0e09/BAAI__bge-large-en-v1.5/d4aa6901d3a41ba39fb536a557fa166f842b0e09
BAAI_bge_base_en_v1.5,recursive_token,320,0,0.284780,BAAI_bge_base_en_v1.5_recursive_token_c320_o0/results/BAAI__bge-base-en-v1.5_a5beb1e3e68b9ab74eb54cfd186867f64f240e1a/BAAI__bge-base-en-v1.5/a5beb1e3e68b9ab74eb54cfd186867f64f240e1a
intfloat_multilingual_e5_base,semantic_fixed,384,32,0.284500,intfloat_multilingual_e5_base_semantic_fixed_c384_o32/results/intfloat__multilingual-e5-base_d13f1b27baf31030b7fd040960d60d909913633f/intfloat__multilingual-e5-base/d13f1b27baf31030b7fd040960d60d909913633f
intfloat_e5_small,semantic_recursive,448,64,0.284410,intfloat_e5_small_semantic_recursive_c448_o64/results/intfloat__e5-small_e272f3049e853b47cb5ca3952268c6662abda68f/intfloat__e5-small/e272f3049e853b47cb5ca3952268c6662abda68f
intfloat_e5_small,recursive_token,320,0,0.284360,intfloat_e5_small_recursive_token_c320_o0/results/intfloat__e5-small_e272f3049e853b47cb5ca3952268c6662abda68f/intfloat__e5-small/e272f3049e853b47cb5ca3952268c6662abda68f
BAAI_bge_base_en_v1.5,hierarchical_section,320,0,0.283540,BAAI_bge_base_en_v1.5_hierarchical_section_c320_o0/results/BAAI__bge-base-en-v1.5_a5beb1e3e68b9ab74eb54cfd186867f64f240e1a/BAAI__bge-base-en-v1.5/a5beb1e3e68b9ab74eb54cfd186867f64f240e1a
intfloat_multilingual_e5_base,semantic_recursive,448,48,0.283420,intfloat_multilingual_e5_base_semantic_recursive_c448_o48/results/intfloat__multilingual-e5-base_d13f1b27baf31030b7fd040960d60d909913633f/intfloat__multilingual-e5-base/d13f1b27baf31030b7fd040960d60d909913633f
BAAI_bge_base_en_v1.5,recursive_token,320,16,0.283240,BAAI_bge_base_en_v1.5_recursive_token_c320_o16/results/BAAI__bge-base-en-v1.5_a5beb1e3e68b9ab74eb54cfd186867f64f240e1a/BAAI__bge-base-en-v1.5/a5beb1e3e68b9ab74eb54cfd186867f64f240e1a
intfloat_multilingual_e5_base,semantic_recursive,448,64,0.283100,intfloat_multilingual_e5_base_semantic_recursive_c448_o64/results/intfloat__multilingual-e5-base_d13f1b27baf31030b7fd040960d60d909913633f/intfloat__multilingual-e5-base/d13f1b27baf31030b7fd040960d60d909913633f
intfloat_e5_small,hierarchical_section,320,0,0.282680,intfloat_e5_small_hierarchical_section_c320_o0/results/intfloat__e5-small_e272f3049e853b47cb5ca3952268c6662abda68f/intfloat__e5-small/e272f3049e853b47cb5ca3952268c6662abda68f
intfloat_e5_base,recursive_token,320,32,0.282530,intfloat_e5_base_recursive_token_c320_o32/results/intfloat__e5-base_b533fe4636f4a2507c08ddab40644d20b0006d6a/intfloat__e5-base/b533fe4636f4a2507c08ddab40644d20b0006d6a
BAAI_bge_large_en_v1.5,recursive_token,320,32,0.282510,BAAI_bge_large_en_v1.5_recursive_token_c320_o32/results/BAAI__bge-large-en-v1.5_d4aa6901d3a41ba39fb536a557fa166f842b0e09/BAAI__bge-large-en-v1.5/d4aa6901d3a41ba39fb536a557fa166f842b0e09
intfloat_e5_base,semantic_fixed,384,32,0.281700,intfloat_e5_base_semantic_fixed_c384_o32/results/intfloat__e5-base_b533fe4636f4a2507c08ddab40644d20b0006d6a/intfloat__e5-base/b533fe4636f4a2507c08ddab40644d20b0006d6a
BAAI_bge_base_en_v1.5,semantic_recursive,448,32,0.281680,BAAI_bge_base_en_v1.5_semantic_recursive_c448_o32/results/BAAI__bge-base-en-v1.5_a5beb1e3e68b9ab74eb54cfd186867f64f240e1a/BAAI__bge-base-en-v1.5/a5beb1e3e68b9ab74eb54cfd186867f64f240e1a
BAAI_bge_large_en_v1.5,hierarchical_section,320,16,0.281550,BAAI_bge_large_en_v1.5_hierarchical_section_c320_o16/results/BAAI__bge-large-en-v1.5_d4aa6901d3a41ba39fb536a557fa166f842b0e09/BAAI__bge-large-en-v1.5/d4aa6901d3a41ba39fb536a557fa166f842b0e09
intfloat_e5_small,semantic_fixed,320,16,0.281490,intfloat_e5_small_semantic_fixed_c320_o16/results/intfloat__e5-small_e272f3049e853b47cb5ca3952268c6662abda68f/intfloat__e5-small/e272f3049e853b47cb5ca3952268c6662abda68f
BAAI_bge_base_en_v1.5,semantic_recursive,448,64,0.281300,BAAI_bge_base_en_v1.5_semantic_recursive_c448_o64/results/BAAI__bge-base-en-v1.5_a5beb1e3e68b9ab74eb54cfd186867f64f240e1a/BAAI__bge-base-en-v1.5/a5beb1e3e68b9ab74eb54cfd186867f64f240e1a
nomic_ai_nomic_embed_text_v1,recursive_token,320,48,0.280670,nomic_ai_nomic_embed_text_v1_recursive_token_c320_o48/results/nomic-ai__nomic-embed-text-v1_0759316f275aa0cb93a5b830973843ca66babcf5/nomic-ai__nomic-embed-text-v1/0759316f275aa0cb93a5b830973843ca66babcf5
BAAI_bge_large_en_v1.5,fixed_token,320,48,0.280500,BAAI_bge_large_en_v1.5_fixed_token_c320_o48/results/BAAI__bge-large-en-v1.5_d4aa6901d3a41ba39fb536a557fa166f842b0e09/BAAI__bge-large-en-v1.5/d4aa6901d3a41ba39fb536a557fa166f842b0e09
intfloat_e5_base,semantic_fixed,384,48,0.280260,intfloat_e5_base_semantic_fixed_c384_o48/results/intfloat__e5-base_b533fe4636f4a2507c08ddab40644d20b0006d6a/intfloat__e5-base/b533fe4636f4a2507c08ddab40644d20b0006d6a
nomic_ai_nomic_embed_text_v1.5,hierarchical_section,320,16,0.279700,nomic_ai_nomic_embed_text_v1.5_hierarchical_section_c320_o16/results/nomic-ai__nomic-embed-text-v1.5_b0753ae76394dd36bcfb912a46018088bca48be0/nomic-ai__nomic-embed-text-v1.5/b0753ae76394dd36bcfb912a46018088bca48be0
nomic_ai_nomic_embed_text_v1.5,recursive_token,320,32,0.279400,nomic_ai_nomic_embed_text_v1.5_recursive_token_c320_o32/results/nomic-ai__nomic-embed-text-v1.5_b0753ae76394dd36bcfb912a46018088bca48be0/nomic-ai__nomic-embed-text-v1.5/b0753ae76394dd36bcfb912a46018088bca48be0
intfloat_multilingual_e5_base,fixed_token,384,64,0.278930,intfloat_multilingual_e5_base_fixed_token_c384_o64/results/intfloat__multilingual-e5-base_d13f1b27baf31030b7fd040960d60d909913633f/intfloat__multilingual-e5-base/d13f1b27baf31030b7fd040960d60d909913633f
intfloat_multilingual_e5_base,recursive_token,384,48,0.278670,intfloat_multilingual_e5_base_recursive_token_c384_o48/results/intfloat__multilingual-e5-base_d13f1b27baf31030b7fd040960d60d909913633f/intfloat__multilingual-e5-base/d13f1b27baf31030b7fd040960d60d909913633f
intfloat_e5_small,fixed_token,320,32,0.278580,intfloat_e5_small_fixed_token_c320_o32/results/intfloat__e5-small_e272f3049e853b47cb5ca3952268c6662abda68f/intfloat__e5-small/e272f3049e853b47cb5ca3952268c6662abda68f
intfloat_e5_small,recursive_token,320,32,0.278390,intfloat_e5_small_recursive_token_c320_o32/results/intfloat__e5-small_e272f3049e853b47cb5ca3952268c6662abda68f/intfloat__e5-small/e272f3049e853b47cb5ca3952268c6662abda68f
BAAI_bge_base_en_v1.5,semantic_recursive,448,48,0.278060,BAAI_bge_base_en_v1.5_semantic_recursive_c448_o48/results/BAAI__bge-base-en-v1.5_a5beb1e3e68b9ab74eb54cfd186867f64f240e1a/BAAI__bge-base-en-v1.5/a5beb1e3e68b9ab74eb54cfd186867f64f240e1a
BAAI_bge_base_en_v1.5,fixed_token,320,16,0.277460,BAAI_bge_base_en_v1.5_fixed_token_c320_o16/results/BAAI__bge-base-en-v1.5_a5beb1e3e68b9ab74eb54cfd186867f64f240e1a/BAAI__bge-base-en-v1.5/a5beb1e3e68b9ab74eb54cfd186867f64f240e1a
nomic_ai_nomic_embed_text_v1,hierarchical_section,320,48,0.276940,nomic_ai_nomic_embed_text_v1_hierarchical_section_c320_o48/results/nomic-ai__nomic-embed-text-v1_0759316f275aa0cb93a5b830973843ca66babcf5/nomic-ai__nomic-embed-text-v1/0759316f275aa0cb93a5b830973843ca66babcf5
nomic_ai_nomic_embed_text_v1,recursive_token,320,64,0.276870,nomic_ai_nomic_embed_text_v1_recursive_token_c320_o64/results/nomic-ai__nomic-embed-text-v1_0759316f275aa0cb93a5b830973843ca66babcf5/nomic-ai__nomic-embed-text-v1/0759316f275aa0cb93a5b830973843ca66babcf5
nomic_ai_nomic_embed_text_v1,fixed_token,320,64,0.276620,nomic_ai_nomic_embed_text_v1_fixed_token_c320_o64/results/nomic-ai__nomic-embed-text-v1_0759316f275aa0cb93a5b830973843ca66babcf5/nomic-ai__nomic-embed-text-v1/0759316f275aa0cb93a5b830973843ca66babcf5
intfloat_multilingual_e5_base,semantic_fixed,384,48,0.276170,intfloat_multilingual_e5_base_semantic_fixed_c384_o48/results/intfloat__multilingual-e5-base_d13f1b27baf31030b7fd040960d60d909913633f/intfloat__multilingual-e5-base/d13f1b27baf31030b7fd040960d60d909913633f
intfloat_multilingual_e5_base,hierarchical_section,384,48,0.276150,intfloat_multilingual_e5_base_hierarchical_section_c384_o48/results/intfloat__multilingual-e5-base_d13f1b27baf31030b7fd040960d60d909913633f/intfloat__multilingual-e5-base/d13f1b27baf31030b7fd040960d60d909913633f
BAAI_bge_large_en_v1.5,hierarchical_section,320,32,0.275940,BAAI_bge_large_en_v1.5_hierarchical_section_c320_o32/results/BAAI__bge-large-en-v1.5_d4aa6901d3a41ba39fb536a557fa166f842b0e09/BAAI__bge-large-en-v1.5/d4aa6901d3a41ba39fb536a557fa166f842b0e09
BAAI_bge_base_en_v1.5,semantic_fixed,384,64,0.275860,BAAI_bge_base_en_v1.5_semantic_fixed_c384_o64/results/BAAI__bge-base-en-v1.5_a5beb1e3e68b9ab74eb54cfd186867f64f240e1a/BAAI__bge-base-en-v1.5/a5beb1e3e68b9ab74eb54cfd186867f64f240e1a
intfloat_e5_large,semantic_fixed,320,16,0.275850,intfloat_e5_large_semantic_fixed_c320_o16/results/intfloat__e5-large_4dc6d853a804b9c8886ede6dda8a073b7dc08a81/intfloat__e5-large/4dc6d853a804b9c8886ede6dda8a073b7dc08a81
intfloat_e5_large,fixed_token,320,32,0.275750,intfloat_e5_large_fixed_token_c320_o32/results/intfloat__e5-large_4dc6d853a804b9c8886ede6dda8a073b7dc08a81/intfloat__e5-large/4dc6d853a804b9c8886ede6dda8a073b7dc08a81
intfloat_multilingual_e5_base,fixed_token,320,0,0.275740,intfloat_multilingual_e5_base_fixed_token_c320_o0/results/intfloat__multilingual-e5-base_d13f1b27baf31030b7fd040960d60d909913633f/intfloat__multilingual-e5-base/d13f1b27baf31030b7fd040960d60d909913633f
nomic_ai_nomic_embed_text_v1.5,hierarchical_section,320,32,0.275620,nomic_ai_nomic_embed_text_v1.5_hierarchical_section_c320_o32/results/nomic-ai__nomic-embed-text-v1.5_b0753ae76394dd36bcfb912a46018088bca48be0/nomic-ai__nomic-embed-text-v1.5/b0753ae76394dd36bcfb912a46018088bca48be0
intfloat_multilingual_e5_base,fixed_token,320,16,0.274880,intfloat_multilingual_e5_base_fixed_token_c320_o16/results/intfloat__multilingual-e5-base_d13f1b27baf31030b7fd040960d60d909913633f/intfloat__multilingual-e5-base/d13f1b27baf31030b7fd040960d60d909913633f
nomic_ai_nomic_embed_text_v1,fixed_token,256,0,0.274760,nomic_ai_nomic_embed_text_v1_fixed_token_c256_o0/results/nomic-ai__nomic-embed-text-v1_0759316f275aa0cb93a5b830973843ca66babcf5/nomic-ai__nomic-embed-text-v1/0759316f275aa0cb93a5b830973843ca66babcf5
BAAI_bge_base_en_v1.5,recursive_token,320,32,0.274540,BAAI_bge_base_en_v1.5_recursive_token_c320_o32/results/BAAI__bge-base-en-v1.5_a5beb1e3e68b9ab74eb54cfd186867f64f240e1a/BAAI__bge-base-en-v1.5/a5beb1e3e68b9ab74eb54cfd186867f64f240e1a
intfloat_e5_base,fixed_token,320,48,0.274160,intfloat_e5_base_fixed_token_c320_o48/results/intfloat__e5-base_b533fe4636f4a2507c08ddab40644d20b0006d6a/intfloat__e5-base/b533fe4636f4a2507c08ddab40644d20b0006d6a
intfloat_e5_small,fixed_token,320,48,0.273830,intfloat_e5_small_fixed_token_c320_o48/results/intfloat__e5-small_e272f3049e853b47cb5ca3952268c6662abda68f/intfloat__e5-small/e272f3049e853b47cb5ca3952268c6662abda68f
intfloat_multilingual_e5_base,hierarchical_section,384,64,0.273670,intfloat_multilingual_e5_base_hierarchical_section_c384_o64/results/intfloat__multilingual-e5-base_d13f1b27baf31030b7fd040960d60d909913633f/intfloat__multilingual-e5-base/d13f1b27baf31030b7fd040960d60d909913633f
nomic_ai_nomic_embed_text_v1.5,fixed_token,320,48,0.273470,nomic_ai_nomic_embed_text_v1.5_fixed_token_c320_o48/results/nomic-ai__nomic-embed-text-v1.5_b0753ae76394dd36bcfb912a46018088bca48be0/nomic-ai__nomic-embed-text-v1.5/b0753ae76394dd36bcfb912a46018088bca48be0
intfloat_multilingual_e5_base,recursive_token,384,64,0.273160,intfloat_multilingual_e5_base_recursive_token_c384_o64/results/intfloat__multilingual-e5-base_d13f1b27baf31030b7fd040960d60d909913633f/intfloat__multilingual-e5-base/d13f1b27baf31030b7fd040960d60d909913633f
BAAI_bge_large_en_v1.5,semantic_fixed,320,16,0.272850,BAAI_bge_large_en_v1.5_semantic_fixed_c320_o16/results/BAAI__bge-large-en-v1.5_d4aa6901d3a41ba39fb536a557fa166f842b0e09/BAAI__bge-large-en-v1.5/d4aa6901d3a41ba39fb536a557fa166f842b0e09
intfloat_multilingual_e5_base,semantic_fixed,384,64,0.272530,intfloat_multilingual_e5_base_semantic_fixed_c384_o64/results/intfloat__multilingual-e5-base_d13f1b27baf31030b7fd040960d60d909913633f/intfloat__multilingual-e5-base/d13f1b27baf31030b7fd040960d60d909913633f
intfloat_e5_base,hierarchical_section,320,0,0.272500,intfloat_e5_base_hierarchical_section_c320_o0/results/intfloat__e5-base_b533fe4636f4a2507c08ddab40644d20b0006d6a/intfloat__e5-base/b533fe4636f4a2507c08ddab40644d20b0006d6a
nomic_ai_nomic_embed_text_v1.5,recursive_token,320,48,0.272390,nomic_ai_nomic_embed_text_v1.5_recursive_token_c320_o48/results/nomic-ai__nomic-embed-text-v1.5_b0753ae76394dd36bcfb912a46018088bca48be0/nomic-ai__nomic-embed-text-v1.5/b0753ae76394dd36bcfb912a46018088bca48be0
BAAI_bge_base_en_v1.5,hierarchical_section,320,16,0.272180,BAAI_bge_base_en_v1.5_hierarchical_section_c320_o16/results/BAAI__bge-base-en-v1.5_a5beb1e3e68b9ab74eb54cfd186867f64f240e1a/BAAI__bge-base-en-v1.5/a5beb1e3e68b9ab74eb54cfd186867f64f240e1a
BAAI_bge_large_en_v1.5,semantic_recursive,384,0,0.271920,BAAI_bge_large_en_v1.5_semantic_recursive_c384_o0/results/BAAI__bge-large-en-v1.5_d4aa6901d3a41ba39fb536a557fa166f842b0e09/BAAI__bge-large-en-v1.5/d4aa6901d3a41ba39fb536a557fa166f842b0e09
BAAI_bge_large_en_v1.5,semantic_recursive,384,16,0.271700,BAAI_bge_large_en_v1.5_semantic_recursive_c384_o16/results/BAAI__bge-large-en-v1.5_d4aa6901d3a41ba39fb536a557fa166f842b0e09/BAAI__bge-large-en-v1.5/d4aa6901d3a41ba39fb536a557fa166f842b0e09
intfloat_e5_base,recursive_token,320,48,0.271620,intfloat_e5_base_recursive_token_c320_o48/results/intfloat__e5-base_b533fe4636f4a2507c08ddab40644d20b0006d6a/intfloat__e5-base/b533fe4636f4a2507c08ddab40644d20b0006d6a
BAAI_bge_large_en_v1.5,semantic_recursive,384,32,0.271570,BAAI_bge_large_en_v1.5_semantic_recursive_c384_o32/results/BAAI__bge-large-en-v1.5_d4aa6901d3a41ba39fb536a557fa166f842b0e09/BAAI__bge-large-en-v1.5/d4aa6901d3a41ba39fb536a557fa166f842b0e09
intfloat_e5_large,fixed_token,256,0,0.271550,intfloat_e5_large_fixed_token_c256_o0/results/intfloat__e5-large_4dc6d853a804b9c8886ede6dda8a073b7dc08a81/intfloat__e5-large/4dc6d853a804b9c8886ede6dda8a073b7dc08a81
intfloat_e5_base,semantic_recursive,448,0,0.271520,intfloat_e5_base_semantic_recursive_c448_o0/results/intfloat__e5-base_b533fe4636f4a2507c08ddab40644d20b0006d6a/intfloat__e5-base/b533fe4636f4a2507c08ddab40644d20b0006d6a
BAAI_bge_large_en_v1.5,recursive_token,320,48,0.271310,BAAI_bge_large_en_v1.5_recursive_token_c320_o48/results/BAAI__bge-large-en-v1.5_d4aa6901d3a41ba39fb536a557fa166f842b0e09/BAAI__bge-large-en-v1.5/d4aa6901d3a41ba39fb536a557fa166f842b0e09
BAAI_bge_base_en_v1.5,fixed_token,320,32,0.271100,BAAI_bge_base_en_v1.5_fixed_token_c320_o32/results/BAAI__bge-base-en-v1.5_a5beb1e3e68b9ab74eb54cfd186867f64f240e1a/BAAI__bge-base-en-v1.5/a5beb1e3e68b9ab74eb54cfd186867f64f240e1a
nomic_ai_nomic_embed_text_v1,hierarchical_section,320,64,0.270870,nomic_ai_nomic_embed_text_v1_hierarchical_section_c320_o64/results/nomic-ai__nomic-embed-text-v1_0759316f275aa0cb93a5b830973843ca66babcf5/nomic-ai__nomic-embed-text-v1/0759316f275aa0cb93a5b830973843ca66babcf5
BAAI_bge_base_en_v1.5,semantic_fixed,320,0,0.269930,BAAI_bge_base_en_v1.5_semantic_fixed_c320_o0/results/BAAI__bge-base-en-v1.5_a5beb1e3e68b9ab74eb54cfd186867f64f240e1a/BAAI__bge-base-en-v1.5/a5beb1e3e68b9ab74eb54cfd186867f64f240e1a
intfloat_e5_small,recursive_token,320,48,0.268750,intfloat_e5_small_recursive_token_c320_o48/results/intfloat__e5-small_e272f3049e853b47cb5ca3952268c6662abda68f/intfloat__e5-small/e272f3049e853b47cb5ca3952268c6662abda68f
nomic_ai_nomic_embed_text_v1.5,hierarchical_section,320,48,0.268670,nomic_ai_nomic_embed_text_v1.5_hierarchical_section_c320_o48/results/nomic-ai__nomic-embed-text-v1.5_b0753ae76394dd36bcfb912a46018088bca48be0/nomic-ai__nomic-embed-text-v1.5/b0753ae76394dd36bcfb912a46018088bca48be0
BAAI_bge_large_en_v1.5,hierarchical_section,320,48,0.268490,BAAI_bge_large_en_v1.5_hierarchical_section_c320_o48/results/BAAI__bge-large-en-v1.5_d4aa6901d3a41ba39fb536a557fa166f842b0e09/BAAI__bge-large-en-v1.5/d4aa6901d3a41ba39fb536a557fa166f842b0e09
intfloat_e5_large,fixed_token,320,48,0.267650,intfloat_e5_large_fixed_token_c320_o48/results/intfloat__e5-large_4dc6d853a804b9c8886ede6dda8a073b7dc08a81/intfloat__e5-large/4dc6d853a804b9c8886ede6dda8a073b7dc08a81
intfloat_e5_small,hierarchical_section,320,16,0.267600,intfloat_e5_small_hierarchical_section_c320_o16/results/intfloat__e5-small_e272f3049e853b47cb5ca3952268c6662abda68f/intfloat__e5-small/e272f3049e853b47cb5ca3952268c6662abda68f
intfloat_multilingual_e5_base,semantic_fixed,320,16,0.266950,intfloat_multilingual_e5_base_semantic_fixed_c320_o16/results/intfloat__multilingual-e5-base_d13f1b27baf31030b7fd040960d60d909913633f/intfloat__multilingual-e5-base/d13f1b27baf31030b7fd040960d60d909913633f
intfloat_e5_large,recursive_token,320,48,0.266850,intfloat_e5_large_recursive_token_c320_o48/results/intfloat__e5-large_4dc6d853a804b9c8886ede6dda8a073b7dc08a81/intfloat__e5-large/4dc6d853a804b9c8886ede6dda8a073b7dc08a81
intfloat_multilingual_e5_base,semantic_recursive,384,0,0.266830,intfloat_multilingual_e5_base_semantic_recursive_c384_o0/results/intfloat__multilingual-e5-base_d13f1b27baf31030b7fd040960d60d909913633f/intfloat__multilingual-e5-base/d13f1b27baf31030b7fd040960d60d909913633f
intfloat_e5_base,semantic_recursive,448,16,0.266620,intfloat_e5_base_semantic_recursive_c448_o16/results/intfloat__e5-base_b533fe4636f4a2507c08ddab40644d20b0006d6a/intfloat__e5-base/b533fe4636f4a2507c08ddab40644d20b0006d6a
intfloat_e5_base,semantic_fixed,384,64,0.266540,intfloat_e5_base_semantic_fixed_c384_o64/results/intfloat__e5-base_b533fe4636f4a2507c08ddab40644d20b0006d6a/intfloat__e5-base/b533fe4636f4a2507c08ddab40644d20b0006d6a
intfloat_e5_base,semantic_recursive,448,32,0.266510,intfloat_e5_base_semantic_recursive_c448_o32/results/intfloat__e5-base_b533fe4636f4a2507c08ddab40644d20b0006d6a/intfloat__e5-base/b533fe4636f4a2507c08ddab40644d20b0006d6a
BAAI_bge_large_en_v1.5,semantic_fixed,320,32,0.266490,BAAI_bge_large_en_v1.5_semantic_fixed_c320_o32/results/BAAI__bge-large-en-v1.5_d4aa6901d3a41ba39fb536a557fa166f842b0e09/BAAI__bge-large-en-v1.5/d4aa6901d3a41ba39fb536a557fa166f842b0e09
intfloat_e5_large,recursive_token,320,64,0.266330,intfloat_e5_large_recursive_token_c320_o64/results/intfloat__e5-large_4dc6d853a804b9c8886ede6dda8a073b7dc08a81/intfloat__e5-large/4dc6d853a804b9c8886ede6dda8a073b7dc08a81
intfloat_e5_small,semantic_recursive,384,32,0.266330,intfloat_e5_small_semantic_recursive_c384_o32/results/intfloat__e5-small_e272f3049e853b47cb5ca3952268c6662abda68f/intfloat__e5-small/e272f3049e853b47cb5ca3952268c6662abda68f
intfloat_e5_small,semantic_recursive,384,16,0.265860,intfloat_e5_small_semantic_recursive_c384_o16/results/intfloat__e5-small_e272f3049e853b47cb5ca3952268c6662abda68f/intfloat__e5-small/e272f3049e853b47cb5ca3952268c6662abda68f
BAAI_bge_base_en_v1.5,hierarchical_section,320,32,0.265820,BAAI_bge_base_en_v1.5_hierarchical_section_c320_o32/results/BAAI__bge-base-en-v1.5_a5beb1e3e68b9ab74eb54cfd186867f64f240e1a/BAAI__bge-base-en-v1.5/a5beb1e3e68b9ab74eb54cfd186867f64f240e1a
intfloat_e5_small,hierarchical_section,320,32,0.265640,intfloat_e5_small_hierarchical_section_c320_o32/results/intfloat__e5-small_e272f3049e853b47cb5ca3952268c6662abda68f/intfloat__e5-small/e272f3049e853b47cb5ca3952268c6662abda68f
intfloat_e5_small,semantic_recursive,384,0,0.265120,intfloat_e5_small_semantic_recursive_c384_o0/results/intfloat__e5-small_e272f3049e853b47cb5ca3952268c6662abda68f/intfloat__e5-small/e272f3049e853b47cb5ca3952268c6662abda68f
intfloat_multilingual_e5_base,hierarchical_section,320,0,0.264990,intfloat_multilingual_e5_base_hierarchical_section_c320_o0/results/intfloat__multilingual-e5-base_d13f1b27baf31030b7fd040960d60d909913633f/intfloat__multilingual-e5-base/d13f1b27baf31030b7fd040960d60d909913633f
BAAI_bge_large_en_v1.5,semantic_fixed,320,48,0.264880,BAAI_bge_large_en_v1.5_semantic_fixed_c320_o48/results/BAAI__bge-large-en-v1.5_d4aa6901d3a41ba39fb536a557fa166f842b0e09/BAAI__bge-large-en-v1.5/d4aa6901d3a41ba39fb536a557fa166f842b0e09
intfloat_e5_base,hierarchical_section,320,32,0.264190,intfloat_e5_base_hierarchical_section_c320_o32/results/intfloat__e5-base_b533fe4636f4a2507c08ddab40644d20b0006d6a/intfloat__e5-base/b533fe4636f4a2507c08ddab40644d20b0006d6a
BAAI_bge_large_en_v1.5,semantic_recursive,384,48,0.264000,BAAI_bge_large_en_v1.5_semantic_recursive_c384_o48/results/BAAI__bge-large-en-v1.5_d4aa6901d3a41ba39fb536a557fa166f842b0e09/BAAI__bge-large-en-v1.5/d4aa6901d3a41ba39fb536a557fa166f842b0e09
intfloat_e5_base,semantic_recursive,448,48,0.263260,intfloat_e5_base_semantic_recursive_c448_o48/results/intfloat__e5-base_b533fe4636f4a2507c08ddab40644d20b0006d6a/intfloat__e5-base/b533fe4636f4a2507c08ddab40644d20b0006d6a
intfloat_e5_small,semantic_recursive,384,48,0.263130,intfloat_e5_small_semantic_recursive_c384_o48/results/intfloat__e5-small_e272f3049e853b47cb5ca3952268c6662abda68f/intfloat__e5-small/e272f3049e853b47cb5ca3952268c6662abda68f
BAAI_bge_large_en_v1.5,semantic_recursive,384,64,0.263090,BAAI_bge_large_en_v1.5_semantic_recursive_c384_o64/results/BAAI__bge-large-en-v1.5_d4aa6901d3a41ba39fb536a557fa166f842b0e09/BAAI__bge-large-en-v1.5/d4aa6901d3a41ba39fb536a557fa166f842b0e09
intfloat_multilingual_e5_base,semantic_recursive,384,16,0.263050,intfloat_multilingual_e5_base_semantic_recursive_c384_o16/results/intfloat__multilingual-e5-base_d13f1b27baf31030b7fd040960d60d909913633f/intfloat__multilingual-e5-base/d13f1b27baf31030b7fd040960d60d909913633f
intfloat_e5_base,hierarchical_section,320,16,0.262490,intfloat_e5_base_hierarchical_section_c320_o16/results/intfloat__e5-base_b533fe4636f4a2507c08ddab40644d20b0006d6a/intfloat__e5-base/b533fe4636f4a2507c08ddab40644d20b0006d6a
intfloat_e5_base,semantic_fixed,320,0,0.262190,intfloat_e5_base_semantic_fixed_c320_o0/results/intfloat__e5-base_b533fe4636f4a2507c08ddab40644d20b0006d6a/intfloat__e5-base/b533fe4636f4a2507c08ddab40644d20b0006d6a
intfloat_multilingual_e5_base,fixed_token,320,32,0.261620,intfloat_multilingual_e5_base_fixed_token_c320_o32/results/intfloat__multilingual-e5-base_d13f1b27baf31030b7fd040960d60d909913633f/intfloat__multilingual-e5-base/d13f1b27baf31030b7fd040960d60d909913633f
nomic_ai_nomic_embed_text_v1,hierarchical_section,256,0,0.261580,nomic_ai_nomic_embed_text_v1_hierarchical_section_c256_o0/results/nomic-ai__nomic-embed-text-v1_0759316f275aa0cb93a5b830973843ca66babcf5/nomic-ai__nomic-embed-text-v1/0759316f275aa0cb93a5b830973843ca66babcf5
intfloat_multilingual_e5_base,semantic_fixed,320,0,0.261480,intfloat_multilingual_e5_base_semantic_fixed_c320_o0/results/intfloat__multilingual-e5-base_d13f1b27baf31030b7fd040960d60d909913633f/intfloat__multilingual-e5-base/d13f1b27baf31030b7fd040960d60d909913633f
nomic_ai_nomic_embed_text_v1,fixed_token,256,16,0.261480,nomic_ai_nomic_embed_text_v1_fixed_token_c256_o16/results/nomic-ai__nomic-embed-text-v1_0759316f275aa0cb93a5b830973843ca66babcf5/nomic-ai__nomic-embed-text-v1/0759316f275aa0cb93a5b830973843ca66babcf5
intfloat_e5_large,fixed_token,320,64,0.261400,intfloat_e5_large_fixed_token_c320_o64/results/intfloat__e5-large_4dc6d853a804b9c8886ede6dda8a073b7dc08a81/intfloat__e5-large/4dc6d853a804b9c8886ede6dda8a073b7dc08a81
intfloat_e5_base,semantic_recursive,448,64,0.261200,intfloat_e5_base_semantic_recursive_c448_o64/results/intfloat__e5-base_b533fe4636f4a2507c08ddab40644d20b0006d6a/intfloat__e5-base/b533fe4636f4a2507c08ddab40644d20b0006d6a
intfloat_e5_large,semantic_fixed,320,32,0.261110,intfloat_e5_large_semantic_fixed_c320_o32/results/intfloat__e5-large_4dc6d853a804b9c8886ede6dda8a073b7dc08a81/intfloat__e5-large/4dc6d853a804b9c8886ede6dda8a073b7dc08a81
nomic_ai_nomic_embed_text_v1.5,fixed_token,320,64,0.260790,nomic_ai_nomic_embed_text_v1.5_fixed_token_c320_o64/results/nomic-ai__nomic-embed-text-v1.5_b0753ae76394dd36bcfb912a46018088bca48be0/nomic-ai__nomic-embed-text-v1.5/b0753ae76394dd36bcfb912a46018088bca48be0
BAAI_bge_base_en_v1.5,semantic_fixed,320,16,0.260740,BAAI_bge_base_en_v1.5_semantic_fixed_c320_o16/results/BAAI__bge-base-en-v1.5_a5beb1e3e68b9ab74eb54cfd186867f64f240e1a/BAAI__bge-base-en-v1.5/a5beb1e3e68b9ab74eb54cfd186867f64f240e1a
intfloat_multilingual_e5_base,semantic_recursive,384,32,0.260660,intfloat_multilingual_e5_base_semantic_recursive_c384_o32/results/intfloat__multilingual-e5-base_d13f1b27baf31030b7fd040960d60d909913633f/intfloat__multilingual-e5-base/d13f1b27baf31030b7fd040960d60d909913633f
BAAI_bge_base_en_v1.5,hierarchical_section,320,48,0.260600,BAAI_bge_base_en_v1.5_hierarchical_section_c320_o48/results/BAAI__bge-base-en-v1.5_a5beb1e3e68b9ab74eb54cfd186867f64f240e1a/BAAI__bge-base-en-v1.5/a5beb1e3e68b9ab74eb54cfd186867f64f240e1a
intfloat_e5_base,fixed_token,320,64,0.260600,intfloat_e5_base_fixed_token_c320_o64/results/intfloat__e5-base_b533fe4636f4a2507c08ddab40644d20b0006d6a/intfloat__e5-base/b533fe4636f4a2507c08ddab40644d20b0006d6a
intfloat_e5_small,semantic_fixed,320,32,0.260510,intfloat_e5_small_semantic_fixed_c320_o32/results/intfloat__e5-small_e272f3049e853b47cb5ca3952268c6662abda68f/intfloat__e5-small/e272f3049e853b47cb5ca3952268c6662abda68f
nomic_ai_nomic_embed_text_v1.5,fixed_token,256,0,0.260190,nomic_ai_nomic_embed_text_v1.5_fixed_token_c256_o0/results/nomic-ai__nomic-embed-text-v1.5_b0753ae76394dd36bcfb912a46018088bca48be0/nomic-ai__nomic-embed-text-v1.5/b0753ae76394dd36bcfb912a46018088bca48be0
BAAI_bge_large_en_v1.5,fixed_token,320,64,0.260160,BAAI_bge_large_en_v1.5_fixed_token_c320_o64/results/BAAI__bge-large-en-v1.5_d4aa6901d3a41ba39fb536a557fa166f842b0e09/BAAI__bge-large-en-v1.5/d4aa6901d3a41ba39fb536a557fa166f842b0e09
nomic_ai_nomic_embed_text_v1.5,hierarchical_section,320,64,0.260000,nomic_ai_nomic_embed_text_v1.5_hierarchical_section_c320_o64/results/nomic-ai__nomic-embed-text-v1.5_b0753ae76394dd36bcfb912a46018088bca48be0/nomic-ai__nomic-embed-text-v1.5/b0753ae76394dd36bcfb912a46018088bca48be0
intfloat_multilingual_e5_base,semantic_recursive,384,48,0.259930,intfloat_multilingual_e5_base_semantic_recursive_c384_o48/results/intfloat__multilingual-e5-base_d13f1b27baf31030b7fd040960d60d909913633f/intfloat__multilingual-e5-base/d13f1b27baf31030b7fd040960d60d909913633f
nomic_ai_nomic_embed_text_v1.5,recursive_token,320,64,0.259170,nomic_ai_nomic_embed_text_v1.5_recursive_token_c320_o64/results/nomic-ai__nomic-embed-text-v1.5_b0753ae76394dd36bcfb912a46018088bca48be0/nomic-ai__nomic-embed-text-v1.5/b0753ae76394dd36bcfb912a46018088bca48be0
intfloat_e5_small,semantic_fixed,320,48,0.259030,intfloat_e5_small_semantic_fixed_c320_o48/results/intfloat__e5-small_e272f3049e853b47cb5ca3952268c6662abda68f/intfloat__e5-small/e272f3049e853b47cb5ca3952268c6662abda68f
intfloat_e5_base,recursive_token,320,64,0.259010,intfloat_e5_base_recursive_token_c320_o64/results/intfloat__e5-base_b533fe4636f4a2507c08ddab40644d20b0006d6a/intfloat__e5-base/b533fe4636f4a2507c08ddab40644d20b0006d6a
BAAI_bge_base_en_v1.5,recursive_token,320,48,0.258730,BAAI_bge_base_en_v1.5_recursive_token_c320_o48/results/BAAI__bge-base-en-v1.5_a5beb1e3e68b9ab74eb54cfd186867f64f240e1a/BAAI__bge-base-en-v1.5/a5beb1e3e68b9ab74eb54cfd186867f64f240e1a
intfloat_e5_small,fixed_token,320,64,0.258340,intfloat_e5_small_fixed_token_c320_o64/results/intfloat__e5-small_e272f3049e853b47cb5ca3952268c6662abda68f/intfloat__e5-small/e272f3049e853b47cb5ca3952268c6662abda68f
BAAI_bge_base_en_v1.5,semantic_recursive,384,16,0.257940,BAAI_bge_base_en_v1.5_semantic_recursive_c384_o16/results/BAAI__bge-base-en-v1.5_a5beb1e3e68b9ab74eb54cfd186867f64f240e1a/BAAI__bge-base-en-v1.5/a5beb1e3e68b9ab74eb54cfd186867f64f240e1a
BAAI_bge_large_en_v1.5,hierarchical_section,320,64,0.257850,BAAI_bge_large_en_v1.5_hierarchical_section_c320_o64/results/BAAI__bge-large-en-v1.5_d4aa6901d3a41ba39fb536a557fa166f842b0e09/BAAI__bge-large-en-v1.5/d4aa6901d3a41ba39fb536a557fa166f842b0e09
intfloat_e5_small,semantic_recursive,384,64,0.257750,intfloat_e5_small_semantic_recursive_c384_o64/results/intfloat__e5-small_e272f3049e853b47cb5ca3952268c6662abda68f/intfloat__e5-small/e272f3049e853b47cb5ca3952268c6662abda68f
intfloat_multilingual_e5_base,hierarchical_section,320,16,0.257750,intfloat_multilingual_e5_base_hierarchical_section_c320_o16/results/intfloat__multilingual-e5-base_d13f1b27baf31030b7fd040960d60d909913633f/intfloat__multilingual-e5-base/d13f1b27baf31030b7fd040960d60d909913633f
BAAI_bge_large_en_v1.5,recursive_token,320,64,0.257720,BAAI_bge_large_en_v1.5_recursive_token_c320_o64/results/BAAI__bge-large-en-v1.5_d4aa6901d3a41ba39fb536a557fa166f842b0e09/BAAI__bge-large-en-v1.5/d4aa6901d3a41ba39fb536a557fa166f842b0e09
intfloat_e5_small,fixed_token,256,0,0.257700,intfloat_e5_small_fixed_token_c256_o0/results/intfloat__e5-small_e272f3049e853b47cb5ca3952268c6662abda68f/intfloat__e5-small/e272f3049e853b47cb5ca3952268c6662abda68f
BAAI_bge_base_en_v1.5,semantic_recursive,384,32,0.256990,BAAI_bge_base_en_v1.5_semantic_recursive_c384_o32/results/BAAI__bge-base-en-v1.5_a5beb1e3e68b9ab74eb54cfd186867f64f240e1a/BAAI__bge-base-en-v1.5/a5beb1e3e68b9ab74eb54cfd186867f64f240e1a
intfloat_e5_small,hierarchical_section,320,48,0.256960,intfloat_e5_small_hierarchical_section_c320_o48/results/intfloat__e5-small_e272f3049e853b47cb5ca3952268c6662abda68f/intfloat__e5-small/e272f3049e853b47cb5ca3952268c6662abda68f
BAAI_bge_base_en_v1.5,fixed_token,320,48,0.256620,BAAI_bge_base_en_v1.5_fixed_token_c320_o48/results/BAAI__bge-base-en-v1.5_a5beb1e3e68b9ab74eb54cfd186867f64f240e1a/BAAI__bge-base-en-v1.5/a5beb1e3e68b9ab74eb54cfd186867f64f240e1a
BAAI_bge_large_en_v1.5,fixed_token,256,0,0.256620,BAAI_bge_large_en_v1.5_fixed_token_c256_o0/results/BAAI__bge-large-en-v1.5_d4aa6901d3a41ba39fb536a557fa166f842b0e09/BAAI__bge-large-en-v1.5/d4aa6901d3a41ba39fb536a557fa166f842b0e09
BAAI_bge_base_en_v1.5,semantic_recursive,384,0,0.256600,BAAI_bge_base_en_v1.5_semantic_recursive_c384_o0/results/BAAI__bge-base-en-v1.5_a5beb1e3e68b9ab74eb54cfd186867f64f240e1a/BAAI__bge-base-en-v1.5/a5beb1e3e68b9ab74eb54cfd186867f64f240e1a
intfloat_e5_small,recursive_token,320,64,0.256470,intfloat_e5_small_recursive_token_c320_o64/results/intfloat__e5-small_e272f3049e853b47cb5ca3952268c6662abda68f/intfloat__e5-small/e272f3049e853b47cb5ca3952268c6662abda68f
intfloat_e5_base,semantic_fixed,320,16,0.255810,intfloat_e5_base_semantic_fixed_c320_o16/results/intfloat__e5-base_b533fe4636f4a2507c08ddab40644d20b0006d6a/intfloat__e5-base/b533fe4636f4a2507c08ddab40644d20b0006d6a
BAAI_bge_base_en_v1.5,semantic_fixed,320,32,0.255400,BAAI_bge_base_en_v1.5_semantic_fixed_c320_o32/results/BAAI__bge-base-en-v1.5_a5beb1e3e68b9ab74eb54cfd186867f64f240e1a/BAAI__bge-base-en-v1.5/a5beb1e3e68b9ab74eb54cfd186867f64f240e1a
nomic_ai_nomic_embed_text_v1,recursive_token,256,16,0.254420,nomic_ai_nomic_embed_text_v1_recursive_token_c256_o16/results/nomic-ai__nomic-embed-text-v1_0759316f275aa0cb93a5b830973843ca66babcf5/nomic-ai__nomic-embed-text-v1/0759316f275aa0cb93a5b830973843ca66babcf5
intfloat_multilingual_e5_base,recursive_token,320,0,0.254190,intfloat_multilingual_e5_base_recursive_token_c320_o0/results/intfloat__multilingual-e5-base_d13f1b27baf31030b7fd040960d60d909913633f/intfloat__multilingual-e5-base/d13f1b27baf31030b7fd040960d60d909913633f
intfloat_e5_small,hierarchical_section,320,64,0.254170,intfloat_e5_small_hierarchical_section_c320_o64/results/intfloat__e5-small_e272f3049e853b47cb5ca3952268c6662abda68f/intfloat__e5-small/e272f3049e853b47cb5ca3952268c6662abda68f
intfloat_e5_base,hierarchical_section,320,48,0.253740,intfloat_e5_base_hierarchical_section_c320_o48/results/intfloat__e5-base_b533fe4636f4a2507c08ddab40644d20b0006d6a/intfloat__e5-base/b533fe4636f4a2507c08ddab40644d20b0006d6a
BAAI_bge_base_en_v1.5,semantic_recursive,384,64,0.253730,BAAI_bge_base_en_v1.5_semantic_recursive_c384_o64/results/BAAI__bge-base-en-v1.5_a5beb1e3e68b9ab74eb54cfd186867f64f240e1a/BAAI__bge-base-en-v1.5/a5beb1e3e68b9ab74eb54cfd186867f64f240e1a
intfloat_multilingual_e5_base,semantic_recursive,384,64,0.253690,intfloat_multilingual_e5_base_semantic_recursive_c384_o64/results/intfloat__multilingual-e5-base_d13f1b27baf31030b7fd040960d60d909913633f/intfloat__multilingual-e5-base/d13f1b27baf31030b7fd040960d60d909913633f
nomic_ai_nomic_embed_text_v1.5,hierarchical_section,256,0,0.253490,nomic_ai_nomic_embed_text_v1.5_hierarchical_section_c256_o0/results/nomic-ai__nomic-embed-text-v1.5_b0753ae76394dd36bcfb912a46018088bca48be0/nomic-ai__nomic-embed-text-v1.5/b0753ae76394dd36bcfb912a46018088bca48be0
intfloat_multilingual_e5_base,hierarchical_section,320,32,0.252900,intfloat_multilingual_e5_base_hierarchical_section_c320_o32/results/intfloat__multilingual-e5-base_d13f1b27baf31030b7fd040960d60d909913633f/intfloat__multilingual-e5-base/d13f1b27baf31030b7fd040960d60d909913633f
intfloat_e5_large,fixed_token,256,16,0.252290,intfloat_e5_large_fixed_token_c256_o16/results/intfloat__e5-large_4dc6d853a804b9c8886ede6dda8a073b7dc08a81/intfloat__e5-large/4dc6d853a804b9c8886ede6dda8a073b7dc08a81
intfloat_e5_large,semantic_fixed,320,48,0.251470,intfloat_e5_large_semantic_fixed_c320_o48/results/intfloat__e5-large_4dc6d853a804b9c8886ede6dda8a073b7dc08a81/intfloat__e5-large/4dc6d853a804b9c8886ede6dda8a073b7dc08a81
intfloat_e5_base,fixed_token,256,0,0.251300,intfloat_e5_base_fixed_token_c256_o0/results/intfloat__e5-base_b533fe4636f4a2507c08ddab40644d20b0006d6a/intfloat__e5-base/b533fe4636f4a2507c08ddab40644d20b0006d6a
intfloat_multilingual_e5_base,semantic_fixed,320,32,0.251010,intfloat_multilingual_e5_base_semantic_fixed_c320_o32/results/intfloat__multilingual-e5-base_d13f1b27baf31030b7fd040960d60d909913633f/intfloat__multilingual-e5-base/d13f1b27baf31030b7fd040960d60d909913633f
BAAI_bge_base_en_v1.5,semantic_recursive,384,48,0.250900,BAAI_bge_base_en_v1.5_semantic_recursive_c384_o48/results/BAAI__bge-base-en-v1.5_a5beb1e3e68b9ab74eb54cfd186867f64f240e1a/BAAI__bge-base-en-v1.5/a5beb1e3e68b9ab74eb54cfd186867f64f240e1a
intfloat_e5_base,hierarchical_section,320,64,0.250890,intfloat_e5_base_hierarchical_section_c320_o64/results/intfloat__e5-base_b533fe4636f4a2507c08ddab40644d20b0006d6a/intfloat__e5-base/b533fe4636f4a2507c08ddab40644d20b0006d6a
intfloat_multilingual_e5_base,hierarchical_section,320,48,0.250730,intfloat_multilingual_e5_base_hierarchical_section_c320_o48/results/intfloat__multilingual-e5-base_d13f1b27baf31030b7fd040960d60d909913633f/intfloat__multilingual-e5-base/d13f1b27baf31030b7fd040960d60d909913633f
nomic_ai_nomic_embed_text_v1,recursive_token,256,0,0.250650,nomic_ai_nomic_embed_text_v1_recursive_token_c256_o0/results/nomic-ai__nomic-embed-text-v1_0759316f275aa0cb93a5b830973843ca66babcf5/nomic-ai__nomic-embed-text-v1/0759316f275aa0cb93a5b830973843ca66babcf5
intfloat_e5_large,semantic_fixed,256,0,0.250280,intfloat_e5_large_semantic_fixed_c256_o0/results/intfloat__e5-large_4dc6d853a804b9c8886ede6dda8a073b7dc08a81/intfloat__e5-large/4dc6d853a804b9c8886ede6dda8a073b7dc08a81
BAAI_bge_large_en_v1.5,hierarchical_section,256,0,0.250220,BAAI_bge_large_en_v1.5_hierarchical_section_c256_o0/results/BAAI__bge-large-en-v1.5_d4aa6901d3a41ba39fb536a557fa166f842b0e09/BAAI__bge-large-en-v1.5/d4aa6901d3a41ba39fb536a557fa166f842b0e09
BAAI_bge_large_en_v1.5,semantic_fixed,320,64,0.250050,BAAI_bge_large_en_v1.5_semantic_fixed_c320_o64/results/BAAI__bge-large-en-v1.5_d4aa6901d3a41ba39fb536a557fa166f842b0e09/BAAI__bge-large-en-v1.5/d4aa6901d3a41ba39fb536a557fa166f842b0e09
nomic_ai_nomic_embed_text_v1,fixed_token,256,32,0.249920,nomic_ai_nomic_embed_text_v1_fixed_token_c256_o32/results/nomic-ai__nomic-embed-text-v1_0759316f275aa0cb93a5b830973843ca66babcf5/nomic-ai__nomic-embed-text-v1/0759316f275aa0cb93a5b830973843ca66babcf5
BAAI_bge_base_en_v1.5,semantic_fixed,320,48,0.249370,BAAI_bge_base_en_v1.5_semantic_fixed_c320_o48/results/BAAI__bge-base-en-v1.5_a5beb1e3e68b9ab74eb54cfd186867f64f240e1a/BAAI__bge-base-en-v1.5/a5beb1e3e68b9ab74eb54cfd186867f64f240e1a
intfloat_multilingual_e5_base,fixed_token,320,48,0.249080,intfloat_multilingual_e5_base_fixed_token_c320_o48/results/intfloat__multilingual-e5-base_d13f1b27baf31030b7fd040960d60d909913633f/intfloat__multilingual-e5-base/d13f1b27baf31030b7fd040960d60d909913633f
BAAI_bge_large_en_v1.5,fixed_token,256,16,0.248820,BAAI_bge_large_en_v1.5_fixed_token_c256_o16/results/BAAI__bge-large-en-v1.5_d4aa6901d3a41ba39fb536a557fa166f842b0e09/BAAI__bge-large-en-v1.5/d4aa6901d3a41ba39fb536a557fa166f842b0e09
BAAI_bge_base_en_v1.5,recursive_token,320,64,0.248770,BAAI_bge_base_en_v1.5_recursive_token_c320_o64/results/BAAI__bge-base-en-v1.5_a5beb1e3e68b9ab74eb54cfd186867f64f240e1a/BAAI__bge-base-en-v1.5/a5beb1e3e68b9ab74eb54cfd186867f64f240e1a
intfloat_multilingual_e5_base,recursive_token,320,16,0.248550,intfloat_multilingual_e5_base_recursive_token_c320_o16/results/intfloat__multilingual-e5-base_d13f1b27baf31030b7fd040960d60d909913633f/intfloat__multilingual-e5-base/d13f1b27baf31030b7fd040960d60d909913633f
intfloat_e5_small,semantic_fixed,320,64,0.248530,intfloat_e5_small_semantic_fixed_c320_o64/results/intfloat__e5-small_e272f3049e853b47cb5ca3952268c6662abda68f/intfloat__e5-small/e272f3049e853b47cb5ca3952268c6662abda68f
intfloat_e5_large,recursive_token,256,0,0.248310,intfloat_e5_large_recursive_token_c256_o0/results/intfloat__e5-large_4dc6d853a804b9c8886ede6dda8a073b7dc08a81/intfloat__e5-large/4dc6d853a804b9c8886ede6dda8a073b7dc08a81
nomic_ai_nomic_embed_text_v1,recursive_token,256,32,0.248280,nomic_ai_nomic_embed_text_v1_recursive_token_c256_o32/results/nomic-ai__nomic-embed-text-v1_0759316f275aa0cb93a5b830973843ca66babcf5/nomic-ai__nomic-embed-text-v1/0759316f275aa0cb93a5b830973843ca66babcf5
BAAI_bge_base_en_v1.5,hierarchical_section,320,64,0.248200,BAAI_bge_base_en_v1.5_hierarchical_section_c320_o64/results/BAAI__bge-base-en-v1.5_a5beb1e3e68b9ab74eb54cfd186867f64f240e1a/BAAI__bge-base-en-v1.5/a5beb1e3e68b9ab74eb54cfd186867f64f240e1a
intfloat_e5_base,semantic_recursive,384,0,0.247570,intfloat_e5_base_semantic_recursive_c384_o0/results/intfloat__e5-base_b533fe4636f4a2507c08ddab40644d20b0006d6a/intfloat__e5-base/b533fe4636f4a2507c08ddab40644d20b0006d6a
intfloat_multilingual_e5_base,recursive_token,320,32,0.247390,intfloat_multilingual_e5_base_recursive_token_c320_o32/results/intfloat__multilingual-e5-base_d13f1b27baf31030b7fd040960d60d909913633f/intfloat__multilingual-e5-base/d13f1b27baf31030b7fd040960d60d909913633f
nomic_ai_nomic_embed_text_v1,hierarchical_section,256,16,0.246900,nomic_ai_nomic_embed_text_v1_hierarchical_section_c256_o16/results/nomic-ai__nomic-embed-text-v1_0759316f275aa0cb93a5b830973843ca66babcf5/nomic-ai__nomic-embed-text-v1/0759316f275aa0cb93a5b830973843ca66babcf5
BAAI_bge_base_en_v1.5,hierarchical_section,256,0,0.246790,BAAI_bge_base_en_v1.5_hierarchical_section_c256_o0/results/BAAI__bge-base-en-v1.5_a5beb1e3e68b9ab74eb54cfd186867f64f240e1a/BAAI__bge-base-en-v1.5/a5beb1e3e68b9ab74eb54cfd186867f64f240e1a
intfloat_e5_base,semantic_recursive,384,16,0.246190,intfloat_e5_base_semantic_recursive_c384_o16/results/intfloat__e5-base_b533fe4636f4a2507c08ddab40644d20b0006d6a/intfloat__e5-base/b533fe4636f4a2507c08ddab40644d20b0006d6a
BAAI_bge_large_en_v1.5,semantic_fixed,256,0,0.245750,BAAI_bge_large_en_v1.5_semantic_fixed_c256_o0/results/BAAI__bge-large-en-v1.5_d4aa6901d3a41ba39fb536a557fa166f842b0e09/BAAI__bge-large-en-v1.5/d4aa6901d3a41ba39fb536a557fa166f842b0e09
BAAI_bge_base_en_v1.5,fixed_token,320,64,0.245680,BAAI_bge_base_en_v1.5_fixed_token_c320_o64/results/BAAI__bge-base-en-v1.5_a5beb1e3e68b9ab74eb54cfd186867f64f240e1a/BAAI__bge-base-en-v1.5/a5beb1e3e68b9ab74eb54cfd186867f64f240e1a
intfloat_e5_large,semantic_fixed,320,64,0.245620,intfloat_e5_large_semantic_fixed_c320_o64/results/intfloat__e5-large_4dc6d853a804b9c8886ede6dda8a073b7dc08a81/intfloat__e5-large/4dc6d853a804b9c8886ede6dda8a073b7dc08a81
intfloat_e5_base,semantic_fixed,320,32,0.245580,intfloat_e5_base_semantic_fixed_c320_o32/results/intfloat__e5-base_b533fe4636f4a2507c08ddab40644d20b0006d6a/intfloat__e5-base/b533fe4636f4a2507c08ddab40644d20b0006d6a
intfloat_multilingual_e5_base,semantic_fixed,320,48,0.245460,intfloat_multilingual_e5_base_semantic_fixed_c320_o48/results/intfloat__multilingual-e5-base_d13f1b27baf31030b7fd040960d60d909913633f/intfloat__multilingual-e5-base/d13f1b27baf31030b7fd040960d60d909913633f
nomic_ai_nomic_embed_text_v1.5,fixed_token,256,16,0.245340,nomic_ai_nomic_embed_text_v1.5_fixed_token_c256_o16/results/nomic-ai__nomic-embed-text-v1.5_b0753ae76394dd36bcfb912a46018088bca48be0/nomic-ai__nomic-embed-text-v1.5/b0753ae76394dd36bcfb912a46018088bca48be0
intfloat_e5_base,semantic_recursive,384,32,0.244970,intfloat_e5_base_semantic_recursive_c384_o32/results/intfloat__e5-base_b533fe4636f4a2507c08ddab40644d20b0006d6a/intfloat__e5-base/b533fe4636f4a2507c08ddab40644d20b0006d6a
BAAI_bge_large_en_v1.5,hierarchical_section,256,16,0.244730,BAAI_bge_large_en_v1.5_hierarchical_section_c256_o16/results/BAAI__bge-large-en-v1.5_d4aa6901d3a41ba39fb536a557fa166f842b0e09/BAAI__bge-large-en-v1.5/d4aa6901d3a41ba39fb536a557fa166f842b0e09
intfloat_e5_small,hierarchical_section,256,0,0.244670,intfloat_e5_small_hierarchical_section_c256_o0/results/intfloat__e5-small_e272f3049e853b47cb5ca3952268c6662abda68f/intfloat__e5-small/e272f3049e853b47cb5ca3952268c6662abda68f
BAAI_bge_base_en_v1.5,fixed_token,256,0,0.244500,BAAI_bge_base_en_v1.5_fixed_token_c256_o0/results/BAAI__bge-base-en-v1.5_a5beb1e3e68b9ab74eb54cfd186867f64f240e1a/BAAI__bge-base-en-v1.5/a5beb1e3e68b9ab74eb54cfd186867f64f240e1a
intfloat_e5_base,fixed_token,256,16,0.244330,intfloat_e5_base_fixed_token_c256_o16/results/intfloat__e5-base_b533fe4636f4a2507c08ddab40644d20b0006d6a/intfloat__e5-base/b533fe4636f4a2507c08ddab40644d20b0006d6a
intfloat_multilingual_e5_base,fixed_token,320,64,0.244100,intfloat_multilingual_e5_base_fixed_token_c320_o64/results/intfloat__multilingual-e5-base_d13f1b27baf31030b7fd040960d60d909913633f/intfloat__multilingual-e5-base/d13f1b27baf31030b7fd040960d60d909913633f
intfloat_multilingual_e5_base,recursive_token,320,48,0.243040,intfloat_multilingual_e5_base_recursive_token_c320_o48/results/intfloat__multilingual-e5-base_d13f1b27baf31030b7fd040960d60d909913633f/intfloat__multilingual-e5-base/d13f1b27baf31030b7fd040960d60d909913633f
BAAI_bge_large_en_v1.5,semantic_fixed,256,16,0.242970,BAAI_bge_large_en_v1.5_semantic_fixed_c256_o16/results/BAAI__bge-large-en-v1.5_d4aa6901d3a41ba39fb536a557fa166f842b0e09/BAAI__bge-large-en-v1.5/d4aa6901d3a41ba39fb536a557fa166f842b0e09
intfloat_e5_large,recursive_token,256,16,0.242380,intfloat_e5_large_recursive_token_c256_o16/results/intfloat__e5-large_4dc6d853a804b9c8886ede6dda8a073b7dc08a81/intfloat__e5-large/4dc6d853a804b9c8886ede6dda8a073b7dc08a81
nomic_ai_nomic_embed_text_v1.5,recursive_token,256,16,0.242380,nomic_ai_nomic_embed_text_v1.5_recursive_token_c256_o16/results/nomic-ai__nomic-embed-text-v1.5_b0753ae76394dd36bcfb912a46018088bca48be0/nomic-ai__nomic-embed-text-v1.5/b0753ae76394dd36bcfb912a46018088bca48be0
BAAI_bge_large_en_v1.5,recursive_token,256,0,0.242310,BAAI_bge_large_en_v1.5_recursive_token_c256_o0/results/BAAI__bge-large-en-v1.5_d4aa6901d3a41ba39fb536a557fa166f842b0e09/BAAI__bge-large-en-v1.5/d4aa6901d3a41ba39fb536a557fa166f842b0e09
intfloat_e5_base,recursive_token,256,16,0.242290,intfloat_e5_base_recursive_token_c256_o16/results/intfloat__e5-base_b533fe4636f4a2507c08ddab40644d20b0006d6a/intfloat__e5-base/b533fe4636f4a2507c08ddab40644d20b0006d6a
intfloat_e5_large,recursive_token,256,32,0.241820,intfloat_e5_large_recursive_token_c256_o32/results/intfloat__e5-large_4dc6d853a804b9c8886ede6dda8a073b7dc08a81/intfloat__e5-large/4dc6d853a804b9c8886ede6dda8a073b7dc08a81
intfloat_e5_base,recursive_token,256,0,0.241560,intfloat_e5_base_recursive_token_c256_o0/results/intfloat__e5-base_b533fe4636f4a2507c08ddab40644d20b0006d6a/intfloat__e5-base/b533fe4636f4a2507c08ddab40644d20b0006d6a
intfloat_e5_small,semantic_fixed,256,0,0.241320,intfloat_e5_small_semantic_fixed_c256_o0/results/intfloat__e5-small_e272f3049e853b47cb5ca3952268c6662abda68f/intfloat__e5-small/e272f3049e853b47cb5ca3952268c6662abda68f
intfloat_e5_small,fixed_token,256,16,0.241160,intfloat_e5_small_fixed_token_c256_o16/results/intfloat__e5-small_e272f3049e853b47cb5ca3952268c6662abda68f/intfloat__e5-small/e272f3049e853b47cb5ca3952268c6662abda68f
intfloat_e5_large,fixed_token,256,32,0.241150,intfloat_e5_large_fixed_token_c256_o32/results/intfloat__e5-large_4dc6d853a804b9c8886ede6dda8a073b7dc08a81/intfloat__e5-large/4dc6d853a804b9c8886ede6dda8a073b7dc08a81
intfloat_e5_base,hierarchical_section,256,0,0.240940,intfloat_e5_base_hierarchical_section_c256_o0/results/intfloat__e5-base_b533fe4636f4a2507c08ddab40644d20b0006d6a/intfloat__e5-base/b533fe4636f4a2507c08ddab40644d20b0006d6a
nomic_ai_nomic_embed_text_v1,recursive_token,256,48,0.240530,nomic_ai_nomic_embed_text_v1_recursive_token_c256_o48/results/nomic-ai__nomic-embed-text-v1_0759316f275aa0cb93a5b830973843ca66babcf5/nomic-ai__nomic-embed-text-v1/0759316f275aa0cb93a5b830973843ca66babcf5
BAAI_bge_large_en_v1.5,semantic_recursive,320,0,0.240280,BAAI_bge_large_en_v1.5_semantic_recursive_c320_o0/results/BAAI__bge-large-en-v1.5_d4aa6901d3a41ba39fb536a557fa166f842b0e09/BAAI__bge-large-en-v1.5/d4aa6901d3a41ba39fb536a557fa166f842b0e09
nomic_ai_nomic_embed_text_v1.5,hierarchical_section,256,16,0.239910,nomic_ai_nomic_embed_text_v1.5_hierarchical_section_c256_o16/results/nomic-ai__nomic-embed-text-v1.5_b0753ae76394dd36bcfb912a46018088bca48be0/nomic-ai__nomic-embed-text-v1.5/b0753ae76394dd36bcfb912a46018088bca48be0
BAAI_bge_large_en_v1.5,recursive_token,256,16,0.239830,BAAI_bge_large_en_v1.5_recursive_token_c256_o16/results/BAAI__bge-large-en-v1.5_d4aa6901d3a41ba39fb536a557fa166f842b0e09/BAAI__bge-large-en-v1.5/d4aa6901d3a41ba39fb536a557fa166f842b0e09
intfloat_e5_large,semantic_fixed,256,16,0.239600,intfloat_e5_large_semantic_fixed_c256_o16/results/intfloat__e5-large_4dc6d853a804b9c8886ede6dda8a073b7dc08a81/intfloat__e5-large/4dc6d853a804b9c8886ede6dda8a073b7dc08a81
intfloat_e5_base,semantic_recursive,384,48,0.239260,intfloat_e5_base_semantic_recursive_c384_o48/results/intfloat__e5-base_b533fe4636f4a2507c08ddab40644d20b0006d6a/intfloat__e5-base/b533fe4636f4a2507c08ddab40644d20b0006d6a
nomic_ai_nomic_embed_text_v1.5,recursive_token,256,32,0.239180,nomic_ai_nomic_embed_text_v1.5_recursive_token_c256_o32/results/nomic-ai__nomic-embed-text-v1.5_b0753ae76394dd36bcfb912a46018088bca48be0/nomic-ai__nomic-embed-text-v1.5/b0753ae76394dd36bcfb912a46018088bca48be0
intfloat_multilingual_e5_base,hierarchical_section,320,64,0.238810,intfloat_multilingual_e5_base_hierarchical_section_c320_o64/results/intfloat__multilingual-e5-base_d13f1b27baf31030b7fd040960d60d909913633f/intfloat__multilingual-e5-base/d13f1b27baf31030b7fd040960d60d909913633f
intfloat_e5_base,semantic_recursive,384,64,0.237940,intfloat_e5_base_semantic_recursive_c384_o64/results/intfloat__e5-base_b533fe4636f4a2507c08ddab40644d20b0006d6a/intfloat__e5-base/b533fe4636f4a2507c08ddab40644d20b0006d6a
nomic_ai_nomic_embed_text_v1,fixed_token,256,48,0.237810,nomic_ai_nomic_embed_text_v1_fixed_token_c256_o48/results/nomic-ai__nomic-embed-text-v1_0759316f275aa0cb93a5b830973843ca66babcf5/nomic-ai__nomic-embed-text-v1/0759316f275aa0cb93a5b830973843ca66babcf5
intfloat_e5_base,semantic_fixed,320,48,0.237490,intfloat_e5_base_semantic_fixed_c320_o48/results/intfloat__e5-base_b533fe4636f4a2507c08ddab40644d20b0006d6a/intfloat__e5-base/b533fe4636f4a2507c08ddab40644d20b0006d6a
BAAI_bge_large_en_v1.5,semantic_recursive,320,16,0.237180,BAAI_bge_large_en_v1.5_semantic_recursive_c320_o16/results/BAAI__bge-large-en-v1.5_d4aa6901d3a41ba39fb536a557fa166f842b0e09/BAAI__bge-large-en-v1.5/d4aa6901d3a41ba39fb536a557fa166f842b0e09
BAAI_bge_base_en_v1.5,fixed_token,256,16,0.237100,BAAI_bge_base_en_v1.5_fixed_token_c256_o16/results/BAAI__bge-base-en-v1.5_a5beb1e3e68b9ab74eb54cfd186867f64f240e1a/BAAI__bge-base-en-v1.5/a5beb1e3e68b9ab74eb54cfd186867f64f240e1a
BAAI_bge_large_en_v1.5,semantic_recursive,320,32,0.236660,BAAI_bge_large_en_v1.5_semantic_recursive_c320_o32/results/BAAI__bge-large-en-v1.5_d4aa6901d3a41ba39fb536a557fa166f842b0e09/BAAI__bge-large-en-v1.5/d4aa6901d3a41ba39fb536a557fa166f842b0e09
nomic_ai_nomic_embed_text_v1.5,recursive_token,256,0,0.236600,nomic_ai_nomic_embed_text_v1.5_recursive_token_c256_o0/results/nomic-ai__nomic-embed-text-v1.5_b0753ae76394dd36bcfb912a46018088bca48be0/nomic-ai__nomic-embed-text-v1.5/b0753ae76394dd36bcfb912a46018088bca48be0
BAAI_bge_base_en_v1.5,recursive_token,256,16,0.236030,BAAI_bge_base_en_v1.5_recursive_token_c256_o16/results/BAAI__bge-base-en-v1.5_a5beb1e3e68b9ab74eb54cfd186867f64f240e1a/BAAI__bge-base-en-v1.5/a5beb1e3e68b9ab74eb54cfd186867f64f240e1a
intfloat_e5_base,fixed_token,256,32,0.235280,intfloat_e5_base_fixed_token_c256_o32/results/intfloat__e5-base_b533fe4636f4a2507c08ddab40644d20b0006d6a/intfloat__e5-base/b533fe4636f4a2507c08ddab40644d20b0006d6a
intfloat_e5_small,recursive_token,256,0,0.235270,intfloat_e5_small_recursive_token_c256_o0/results/intfloat__e5-small_e272f3049e853b47cb5ca3952268c6662abda68f/intfloat__e5-small/e272f3049e853b47cb5ca3952268c6662abda68f
BAAI_bge_base_en_v1.5,semantic_fixed,320,64,0.235200,BAAI_bge_base_en_v1.5_semantic_fixed_c320_o64/results/BAAI__bge-base-en-v1.5_a5beb1e3e68b9ab74eb54cfd186867f64f240e1a/BAAI__bge-base-en-v1.5/a5beb1e3e68b9ab74eb54cfd186867f64f240e1a
nomic_ai_nomic_embed_text_v1,hierarchical_section,256,32,0.235180,nomic_ai_nomic_embed_text_v1_hierarchical_section_c256_o32/results/nomic-ai__nomic-embed-text-v1_0759316f275aa0cb93a5b830973843ca66babcf5/nomic-ai__nomic-embed-text-v1/0759316f275aa0cb93a5b830973843ca66babcf5
intfloat_multilingual_e5_base,fixed_token,256,0,0.234550,intfloat_multilingual_e5_base_fixed_token_c256_o0/results/intfloat__multilingual-e5-base_d13f1b27baf31030b7fd040960d60d909913633f/intfloat__multilingual-e5-base/d13f1b27baf31030b7fd040960d60d909913633f
intfloat_multilingual_e5_base,semantic_recursive,320,32,0.234340,intfloat_multilingual_e5_base_semantic_recursive_c320_o32/results/intfloat__multilingual-e5-base_d13f1b27baf31030b7fd040960d60d909913633f/intfloat__multilingual-e5-base/d13f1b27baf31030b7fd040960d60d909913633f
intfloat_e5_large,recursive_token,256,48,0.234000,intfloat_e5_large_recursive_token_c256_o48/results/intfloat__e5-large_4dc6d853a804b9c8886ede6dda8a073b7dc08a81/intfloat__e5-large/4dc6d853a804b9c8886ede6dda8a073b7dc08a81
intfloat_multilingual_e5_base,semantic_recursive,320,0,0.233960,intfloat_multilingual_e5_base_semantic_recursive_c320_o0/results/intfloat__multilingual-e5-base_d13f1b27baf31030b7fd040960d60d909913633f/intfloat__multilingual-e5-base/d13f1b27baf31030b7fd040960d60d909913633f
intfloat_e5_small,recursive_token,256,16,0.233590,intfloat_e5_small_recursive_token_c256_o16/results/intfloat__e5-small_e272f3049e853b47cb5ca3952268c6662abda68f/intfloat__e5-small/e272f3049e853b47cb5ca3952268c6662abda68f
nomic_ai_nomic_embed_text_v1,hierarchical_section,256,48,0.233520,nomic_ai_nomic_embed_text_v1_hierarchical_section_c256_o48/results/nomic-ai__nomic-embed-text-v1_0759316f275aa0cb93a5b830973843ca66babcf5/nomic-ai__nomic-embed-text-v1/0759316f275aa0cb93a5b830973843ca66babcf5
intfloat_multilingual_e5_base,semantic_recursive,320,16,0.233210,intfloat_multilingual_e5_base_semantic_recursive_c320_o16/results/intfloat__multilingual-e5-base_d13f1b27baf31030b7fd040960d60d909913633f/intfloat__multilingual-e5-base/d13f1b27baf31030b7fd040960d60d909913633f
BAAI_bge_base_en_v1.5,semantic_fixed,256,0,0.233060,BAAI_bge_base_en_v1.5_semantic_fixed_c256_o0/results/BAAI__bge-base-en-v1.5_a5beb1e3e68b9ab74eb54cfd186867f64f240e1a/BAAI__bge-base-en-v1.5/a5beb1e3e68b9ab74eb54cfd186867f64f240e1a
intfloat_e5_small,semantic_fixed,256,16,0.233000,intfloat_e5_small_semantic_fixed_c256_o16/results/intfloat__e5-small_e272f3049e853b47cb5ca3952268c6662abda68f/intfloat__e5-small/e272f3049e853b47cb5ca3952268c6662abda68f
BAAI_bge_base_en_v1.5,semantic_recursive,320,0,0.232960,BAAI_bge_base_en_v1.5_semantic_recursive_c320_o0/results/BAAI__bge-base-en-v1.5_a5beb1e3e68b9ab74eb54cfd186867f64f240e1a/BAAI__bge-base-en-v1.5/a5beb1e3e68b9ab74eb54cfd186867f64f240e1a
intfloat_e5_small,hierarchical_section,256,16,0.232870,intfloat_e5_small_hierarchical_section_c256_o16/results/intfloat__e5-small_e272f3049e853b47cb5ca3952268c6662abda68f/intfloat__e5-small/e272f3049e853b47cb5ca3952268c6662abda68f
nomic_ai_nomic_embed_text_v1.5,fixed_token,256,32,0.232490,nomic_ai_nomic_embed_text_v1.5_fixed_token_c256_o32/results/nomic-ai__nomic-embed-text-v1.5_b0753ae76394dd36bcfb912a46018088bca48be0/nomic-ai__nomic-embed-text-v1.5/b0753ae76394dd36bcfb912a46018088bca48be0
intfloat_e5_base,recursive_token,256,32,0.232150,intfloat_e5_base_recursive_token_c256_o32/results/intfloat__e5-base_b533fe4636f4a2507c08ddab40644d20b0006d6a/intfloat__e5-base/b533fe4636f4a2507c08ddab40644d20b0006d6a
BAAI_bge_large_en_v1.5,fixed_token,256,32,0.231850,BAAI_bge_large_en_v1.5_fixed_token_c256_o32/results/BAAI__bge-large-en-v1.5_d4aa6901d3a41ba39fb536a557fa166f842b0e09/BAAI__bge-large-en-v1.5/d4aa6901d3a41ba39fb536a557fa166f842b0e09
BAAI_bge_base_en_v1.5,recursive_token,256,0,0.231630,BAAI_bge_base_en_v1.5_recursive_token_c256_o0/results/BAAI__bge-base-en-v1.5_a5beb1e3e68b9ab74eb54cfd186867f64f240e1a/BAAI__bge-base-en-v1.5/a5beb1e3e68b9ab74eb54cfd186867f64f240e1a
BAAI_bge_base_en_v1.5,semantic_recursive,320,16,0.231230,BAAI_bge_base_en_v1.5_semantic_recursive_c320_o16/results/BAAI__bge-base-en-v1.5_a5beb1e3e68b9ab74eb54cfd186867f64f240e1a/BAAI__bge-base-en-v1.5/a5beb1e3e68b9ab74eb54cfd186867f64f240e1a
BAAI_bge_large_en_v1.5,hierarchical_section,256,32,0.230830,BAAI_bge_large_en_v1.5_hierarchical_section_c256_o32/results/BAAI__bge-large-en-v1.5_d4aa6901d3a41ba39fb536a557fa166f842b0e09/BAAI__bge-large-en-v1.5/d4aa6901d3a41ba39fb536a557fa166f842b0e09
BAAI_bge_large_en_v1.5,recursive_token,256,32,0.230400,BAAI_bge_large_en_v1.5_recursive_token_c256_o32/results/BAAI__bge-large-en-v1.5_d4aa6901d3a41ba39fb536a557fa166f842b0e09/BAAI__bge-large-en-v1.5/d4aa6901d3a41ba39fb536a557fa166f842b0e09
intfloat_e5_small,semantic_recursive,320,0,0.230400,intfloat_e5_small_semantic_recursive_c320_o0/results/intfloat__e5-small_e272f3049e853b47cb5ca3952268c6662abda68f/intfloat__e5-small/e272f3049e853b47cb5ca3952268c6662abda68f
intfloat_multilingual_e5_base,semantic_fixed,256,0,0.230400,intfloat_multilingual_e5_base_semantic_fixed_c256_o0/results/intfloat__multilingual-e5-base_d13f1b27baf31030b7fd040960d60d909913633f/intfloat__multilingual-e5-base/d13f1b27baf31030b7fd040960d60d909913633f
intfloat_multilingual_e5_base,fixed_token,256,16,0.229750,intfloat_multilingual_e5_base_fixed_token_c256_o16/results/intfloat__multilingual-e5-base_d13f1b27baf31030b7fd040960d60d909913633f/intfloat__multilingual-e5-base/d13f1b27baf31030b7fd040960d60d909913633f
BAAI_bge_large_en_v1.5,semantic_recursive,320,48,0.229580,BAAI_bge_large_en_v1.5_semantic_recursive_c320_o48/results/BAAI__bge-large-en-v1.5_d4aa6901d3a41ba39fb536a557fa166f842b0e09/BAAI__bge-large-en-v1.5/d4aa6901d3a41ba39fb536a557fa166f842b0e09
BAAI_bge_base_en_v1.5,hierarchical_section,256,16,0.229110,BAAI_bge_base_en_v1.5_hierarchical_section_c256_o16/results/BAAI__bge-base-en-v1.5_a5beb1e3e68b9ab74eb54cfd186867f64f240e1a/BAAI__bge-base-en-v1.5/a5beb1e3e68b9ab74eb54cfd186867f64f240e1a
intfloat_multilingual_e5_base,semantic_fixed,320,64,0.229100,intfloat_multilingual_e5_base_semantic_fixed_c320_o64/results/intfloat__multilingual-e5-base_d13f1b27baf31030b7fd040960d60d909913633f/intfloat__multilingual-e5-base/d13f1b27baf31030b7fd040960d60d909913633f
intfloat_e5_small,fixed_token,256,32,0.229020,intfloat_e5_small_fixed_token_c256_o32/results/intfloat__e5-small_e272f3049e853b47cb5ca3952268c6662abda68f/intfloat__e5-small/e272f3049e853b47cb5ca3952268c6662abda68f
intfloat_multilingual_e5_base,hierarchical_section,256,0,0.228820,intfloat_multilingual_e5_base_hierarchical_section_c256_o0/results/intfloat__multilingual-e5-base_d13f1b27baf31030b7fd040960d60d909913633f/intfloat__multilingual-e5-base/d13f1b27baf31030b7fd040960d60d909913633f
intfloat_e5_small,semantic_recursive,320,16,0.228750,intfloat_e5_small_semantic_recursive_c320_o16/results/intfloat__e5-small_e272f3049e853b47cb5ca3952268c6662abda68f/intfloat__e5-small/e272f3049e853b47cb5ca3952268c6662abda68f
intfloat_e5_base,semantic_fixed,256,0,0.228590,intfloat_e5_base_semantic_fixed_c256_o0/results/intfloat__e5-base_b533fe4636f4a2507c08ddab40644d20b0006d6a/intfloat__e5-base/b533fe4636f4a2507c08ddab40644d20b0006d6a
nomic_ai_nomic_embed_text_v1.5,recursive_token,256,48,0.228240,nomic_ai_nomic_embed_text_v1.5_recursive_token_c256_o48/results/nomic-ai__nomic-embed-text-v1.5_b0753ae76394dd36bcfb912a46018088bca48be0/nomic-ai__nomic-embed-text-v1.5/b0753ae76394dd36bcfb912a46018088bca48be0
intfloat_e5_large,semantic_fixed,256,32,0.228210,intfloat_e5_large_semantic_fixed_c256_o32/results/intfloat__e5-large_4dc6d853a804b9c8886ede6dda8a073b7dc08a81/intfloat__e5-large/4dc6d853a804b9c8886ede6dda8a073b7dc08a81
BAAI_bge_base_en_v1.5,recursive_token,256,32,0.228200,BAAI_bge_base_en_v1.5_recursive_token_c256_o32/results/BAAI__bge-base-en-v1.5_a5beb1e3e68b9ab74eb54cfd186867f64f240e1a/BAAI__bge-base-en-v1.5/a5beb1e3e68b9ab74eb54cfd186867f64f240e1a
BAAI_bge_base_en_v1.5,fixed_token,256,32,0.228120,BAAI_bge_base_en_v1.5_fixed_token_c256_o32/results/BAAI__bge-base-en-v1.5_a5beb1e3e68b9ab74eb54cfd186867f64f240e1a/BAAI__bge-base-en-v1.5/a5beb1e3e68b9ab74eb54cfd186867f64f240e1a
intfloat_e5_small,fixed_token,256,48,0.227930,intfloat_e5_small_fixed_token_c256_o48/results/intfloat__e5-small_e272f3049e853b47cb5ca3952268c6662abda68f/intfloat__e5-small/e272f3049e853b47cb5ca3952268c6662abda68f
intfloat_e5_large,fixed_token,256,48,0.227650,intfloat_e5_large_fixed_token_c256_o48/results/intfloat__e5-large_4dc6d853a804b9c8886ede6dda8a073b7dc08a81/intfloat__e5-large/4dc6d853a804b9c8886ede6dda8a073b7dc08a81
intfloat_e5_small,semantic_recursive,320,32,0.227640,intfloat_e5_small_semantic_recursive_c320_o32/results/intfloat__e5-small_e272f3049e853b47cb5ca3952268c6662abda68f/intfloat__e5-small/e272f3049e853b47cb5ca3952268c6662abda68f
nomic_ai_nomic_embed_text_v1.5,hierarchical_section,256,32,0.227550,nomic_ai_nomic_embed_text_v1.5_hierarchical_section_c256_o32/results/nomic-ai__nomic-embed-text-v1.5_b0753ae76394dd36bcfb912a46018088bca48be0/nomic-ai__nomic-embed-text-v1.5/b0753ae76394dd36bcfb912a46018088bca48be0
BAAI_bge_large_en_v1.5,fixed_token,256,48,0.227520,BAAI_bge_large_en_v1.5_fixed_token_c256_o48/results/BAAI__bge-large-en-v1.5_d4aa6901d3a41ba39fb536a557fa166f842b0e09/BAAI__bge-large-en-v1.5/d4aa6901d3a41ba39fb536a557fa166f842b0e09
intfloat_e5_base,semantic_fixed,320,64,0.227490,intfloat_e5_base_semantic_fixed_c320_o64/results/intfloat__e5-base_b533fe4636f4a2507c08ddab40644d20b0006d6a/intfloat__e5-base/b533fe4636f4a2507c08ddab40644d20b0006d6a
BAAI_bge_base_en_v1.5,semantic_recursive,320,32,0.226990,BAAI_bge_base_en_v1.5_semantic_recursive_c320_o32/results/BAAI__bge-base-en-v1.5_a5beb1e3e68b9ab74eb54cfd186867f64f240e1a/BAAI__bge-base-en-v1.5/a5beb1e3e68b9ab74eb54cfd186867f64f240e1a
BAAI_bge_large_en_v1.5,semantic_fixed,256,32,0.226950,BAAI_bge_large_en_v1.5_semantic_fixed_c256_o32/results/BAAI__bge-large-en-v1.5_d4aa6901d3a41ba39fb536a557fa166f842b0e09/BAAI__bge-large-en-v1.5/d4aa6901d3a41ba39fb536a557fa166f842b0e09
intfloat_e5_small,recursive_token,256,32,0.226550,intfloat_e5_small_recursive_token_c256_o32/results/intfloat__e5-small_e272f3049e853b47cb5ca3952268c6662abda68f/intfloat__e5-small/e272f3049e853b47cb5ca3952268c6662abda68f
BAAI_bge_large_en_v1.5,hierarchical_section,256,48,0.226470,BAAI_bge_large_en_v1.5_hierarchical_section_c256_o48/results/BAAI__bge-large-en-v1.5_d4aa6901d3a41ba39fb536a557fa166f842b0e09/BAAI__bge-large-en-v1.5/d4aa6901d3a41ba39fb536a557fa166f842b0e09
intfloat_e5_base,recursive_token,256,48,0.226330,intfloat_e5_base_recursive_token_c256_o48/results/intfloat__e5-base_b533fe4636f4a2507c08ddab40644d20b0006d6a/intfloat__e5-base/b533fe4636f4a2507c08ddab40644d20b0006d6a
BAAI_bge_large_en_v1.5,recursive_token,256,48,0.225890,BAAI_bge_large_en_v1.5_recursive_token_c256_o48/results/BAAI__bge-large-en-v1.5_d4aa6901d3a41ba39fb536a557fa166f842b0e09/BAAI__bge-large-en-v1.5/d4aa6901d3a41ba39fb536a557fa166f842b0e09
intfloat_multilingual_e5_base,semantic_recursive,320,48,0.225800,intfloat_multilingual_e5_base_semantic_recursive_c320_o48/results/intfloat__multilingual-e5-base_d13f1b27baf31030b7fd040960d60d909913633f/intfloat__multilingual-e5-base/d13f1b27baf31030b7fd040960d60d909913633f
nomic_ai_nomic_embed_text_v1,hierarchical_section,256,64,0.225670,nomic_ai_nomic_embed_text_v1_hierarchical_section_c256_o64/results/nomic-ai__nomic-embed-text-v1_0759316f275aa0cb93a5b830973843ca66babcf5/nomic-ai__nomic-embed-text-v1/0759316f275aa0cb93a5b830973843ca66babcf5
BAAI_bge_large_en_v1.5,semantic_recursive,320,64,0.225370,BAAI_bge_large_en_v1.5_semantic_recursive_c320_o64/results/BAAI__bge-large-en-v1.5_d4aa6901d3a41ba39fb536a557fa166f842b0e09/BAAI__bge-large-en-v1.5/d4aa6901d3a41ba39fb536a557fa166f842b0e09
BAAI_bge_base_en_v1.5,semantic_fixed,256,16,0.225290,BAAI_bge_base_en_v1.5_semantic_fixed_c256_o16/results/BAAI__bge-base-en-v1.5_a5beb1e3e68b9ab74eb54cfd186867f64f240e1a/BAAI__bge-base-en-v1.5/a5beb1e3e68b9ab74eb54cfd186867f64f240e1a
nomic_ai_nomic_embed_text_v1,recursive_token,256,64,0.224850,nomic_ai_nomic_embed_text_v1_recursive_token_c256_o64/results/nomic-ai__nomic-embed-text-v1_0759316f275aa0cb93a5b830973843ca66babcf5/nomic-ai__nomic-embed-text-v1/0759316f275aa0cb93a5b830973843ca66babcf5
intfloat_multilingual_e5_base,semantic_fixed,256,16,0.224840,intfloat_multilingual_e5_base_semantic_fixed_c256_o16/results/intfloat__multilingual-e5-base_d13f1b27baf31030b7fd040960d60d909913633f/intfloat__multilingual-e5-base/d13f1b27baf31030b7fd040960d60d909913633f
intfloat_multilingual_e5_base,semantic_recursive,320,64,0.224840,intfloat_multilingual_e5_base_semantic_recursive_c320_o64/results/intfloat__multilingual-e5-base_d13f1b27baf31030b7fd040960d60d909913633f/intfloat__multilingual-e5-base/d13f1b27baf31030b7fd040960d60d909913633f
nomic_ai_nomic_embed_text_v1.5,fixed_token,256,48,0.224690,nomic_ai_nomic_embed_text_v1.5_fixed_token_c256_o48/results/nomic-ai__nomic-embed-text-v1.5_b0753ae76394dd36bcfb912a46018088bca48be0/nomic-ai__nomic-embed-text-v1.5/b0753ae76394dd36bcfb912a46018088bca48be0
intfloat_multilingual_e5_base,recursive_token,320,64,0.224540,intfloat_multilingual_e5_base_recursive_token_c320_o64/results/intfloat__multilingual-e5-base_d13f1b27baf31030b7fd040960d60d909913633f/intfloat__multilingual-e5-base/d13f1b27baf31030b7fd040960d60d909913633f
intfloat_e5_base,hierarchical_section,256,16,0.224010,intfloat_e5_base_hierarchical_section_c256_o16/results/intfloat__e5-base_b533fe4636f4a2507c08ddab40644d20b0006d6a/intfloat__e5-base/b533fe4636f4a2507c08ddab40644d20b0006d6a
intfloat_e5_small,semantic_recursive,320,64,0.224010,intfloat_e5_small_semantic_recursive_c320_o64/results/intfloat__e5-small_e272f3049e853b47cb5ca3952268c6662abda68f/intfloat__e5-small/e272f3049e853b47cb5ca3952268c6662abda68f
intfloat_e5_small,semantic_recursive,320,48,0.223920,intfloat_e5_small_semantic_recursive_c320_o48/results/intfloat__e5-small_e272f3049e853b47cb5ca3952268c6662abda68f/intfloat__e5-small/e272f3049e853b47cb5ca3952268c6662abda68f
nomic_ai_nomic_embed_text_v1.5,hierarchical_section,256,48,0.223850,nomic_ai_nomic_embed_text_v1.5_hierarchical_section_c256_o48/results/nomic-ai__nomic-embed-text-v1.5_b0753ae76394dd36bcfb912a46018088bca48be0/nomic-ai__nomic-embed-text-v1.5/b0753ae76394dd36bcfb912a46018088bca48be0
intfloat_e5_base,fixed_token,256,48,0.223060,intfloat_e5_base_fixed_token_c256_o48/results/intfloat__e5-base_b533fe4636f4a2507c08ddab40644d20b0006d6a/intfloat__e5-base/b533fe4636f4a2507c08ddab40644d20b0006d6a
intfloat_multilingual_e5_base,hierarchical_section,256,16,0.222620,intfloat_multilingual_e5_base_hierarchical_section_c256_o16/results/intfloat__multilingual-e5-base_d13f1b27baf31030b7fd040960d60d909913633f/intfloat__multilingual-e5-base/d13f1b27baf31030b7fd040960d60d909913633f
nomic_ai_nomic_embed_text_v1,fixed_token,256,64,0.222440,nomic_ai_nomic_embed_text_v1_fixed_token_c256_o64/results/nomic-ai__nomic-embed-text-v1_0759316f275aa0cb93a5b830973843ca66babcf5/nomic-ai__nomic-embed-text-v1/0759316f275aa0cb93a5b830973843ca66babcf5
intfloat_e5_large,semantic_fixed,256,48,0.221660,intfloat_e5_large_semantic_fixed_c256_o48/results/intfloat__e5-large_4dc6d853a804b9c8886ede6dda8a073b7dc08a81/intfloat__e5-large/4dc6d853a804b9c8886ede6dda8a073b7dc08a81
intfloat_e5_base,semantic_recursive,320,0,0.221210,intfloat_e5_base_semantic_recursive_c320_o0/results/intfloat__e5-base_b533fe4636f4a2507c08ddab40644d20b0006d6a/intfloat__e5-base/b533fe4636f4a2507c08ddab40644d20b0006d6a
intfloat_e5_small,semantic_fixed,256,32,0.220990,intfloat_e5_small_semantic_fixed_c256_o32/results/intfloat__e5-small_e272f3049e853b47cb5ca3952268c6662abda68f/intfloat__e5-small/e272f3049e853b47cb5ca3952268c6662abda68f
BAAI_bge_large_en_v1.5,semantic_fixed,256,48,0.220810,BAAI_bge_large_en_v1.5_semantic_fixed_c256_o48/results/BAAI__bge-large-en-v1.5_d4aa6901d3a41ba39fb536a557fa166f842b0e09/BAAI__bge-large-en-v1.5/d4aa6901d3a41ba39fb536a557fa166f842b0e09
BAAI_bge_base_en_v1.5,semantic_recursive,320,64,0.220790,BAAI_bge_base_en_v1.5_semantic_recursive_c320_o64/results/BAAI__bge-base-en-v1.5_a5beb1e3e68b9ab74eb54cfd186867f64f240e1a/BAAI__bge-base-en-v1.5/a5beb1e3e68b9ab74eb54cfd186867f64f240e1a
BAAI_bge_base_en_v1.5,semantic_fixed,256,32,0.220370,BAAI_bge_base_en_v1.5_semantic_fixed_c256_o32/results/BAAI__bge-base-en-v1.5_a5beb1e3e68b9ab74eb54cfd186867f64f240e1a/BAAI__bge-base-en-v1.5/a5beb1e3e68b9ab74eb54cfd186867f64f240e1a
BAAI_bge_base_en_v1.5,semantic_recursive,320,48,0.219970,BAAI_bge_base_en_v1.5_semantic_recursive_c320_o48/results/BAAI__bge-base-en-v1.5_a5beb1e3e68b9ab74eb54cfd186867f64f240e1a/BAAI__bge-base-en-v1.5/a5beb1e3e68b9ab74eb54cfd186867f64f240e1a
intfloat_e5_large,recursive_token,256,64,0.219500,intfloat_e5_large_recursive_token_c256_o64/results/intfloat__e5-large_4dc6d853a804b9c8886ede6dda8a073b7dc08a81/intfloat__e5-large/4dc6d853a804b9c8886ede6dda8a073b7dc08a81
intfloat_e5_base,semantic_recursive,320,16,0.219480,intfloat_e5_base_semantic_recursive_c320_o16/results/intfloat__e5-base_b533fe4636f4a2507c08ddab40644d20b0006d6a/intfloat__e5-base/b533fe4636f4a2507c08ddab40644d20b0006d6a
nomic_ai_nomic_embed_text_v1,fixed_token,192,0,0.218460,nomic_ai_nomic_embed_text_v1_fixed_token_c192_o0/results/nomic-ai__nomic-embed-text-v1_0759316f275aa0cb93a5b830973843ca66babcf5/nomic-ai__nomic-embed-text-v1/0759316f275aa0cb93a5b830973843ca66babcf5
BAAI_bge_base_en_v1.5,hierarchical_section,256,48,0.218280,BAAI_bge_base_en_v1.5_hierarchical_section_c256_o48/results/BAAI__bge-base-en-v1.5_a5beb1e3e68b9ab74eb54cfd186867f64f240e1a/BAAI__bge-base-en-v1.5/a5beb1e3e68b9ab74eb54cfd186867f64f240e1a
BAAI_bge_base_en_v1.5,hierarchical_section,256,32,0.218270,BAAI_bge_base_en_v1.5_hierarchical_section_c256_o32/results/BAAI__bge-base-en-v1.5_a5beb1e3e68b9ab74eb54cfd186867f64f240e1a/BAAI__bge-base-en-v1.5/a5beb1e3e68b9ab74eb54cfd186867f64f240e1a
intfloat_e5_base,semantic_fixed,256,16,0.217720,intfloat_e5_base_semantic_fixed_c256_o16/results/intfloat__e5-base_b533fe4636f4a2507c08ddab40644d20b0006d6a/intfloat__e5-base/b533fe4636f4a2507c08ddab40644d20b0006d6a
intfloat_e5_small,recursive_token,256,48,0.217630,intfloat_e5_small_recursive_token_c256_o48/results/intfloat__e5-small_e272f3049e853b47cb5ca3952268c6662abda68f/intfloat__e5-small/e272f3049e853b47cb5ca3952268c6662abda68f
intfloat_multilingual_e5_base,fixed_token,256,32,0.216900,intfloat_multilingual_e5_base_fixed_token_c256_o32/results/intfloat__multilingual-e5-base_d13f1b27baf31030b7fd040960d60d909913633f/intfloat__multilingual-e5-base/d13f1b27baf31030b7fd040960d60d909913633f
BAAI_bge_large_en_v1.5,hierarchical_section,256,64,0.216680,BAAI_bge_large_en_v1.5_hierarchical_section_c256_o64/results/BAAI__bge-large-en-v1.5_d4aa6901d3a41ba39fb536a557fa166f842b0e09/BAAI__bge-large-en-v1.5/d4aa6901d3a41ba39fb536a557fa166f842b0e09
intfloat_e5_base,semantic_fixed,256,32,0.216660,intfloat_e5_base_semantic_fixed_c256_o32/results/intfloat__e5-base_b533fe4636f4a2507c08ddab40644d20b0006d6a/intfloat__e5-base/b533fe4636f4a2507c08ddab40644d20b0006d6a
BAAI_bge_base_en_v1.5,recursive_token,256,48,0.216310,BAAI_bge_base_en_v1.5_recursive_token_c256_o48/results/BAAI__bge-base-en-v1.5_a5beb1e3e68b9ab74eb54cfd186867f64f240e1a/BAAI__bge-base-en-v1.5/a5beb1e3e68b9ab74eb54cfd186867f64f240e1a
BAAI_bge_base_en_v1.5,fixed_token,256,48,0.215930,BAAI_bge_base_en_v1.5_fixed_token_c256_o48/results/BAAI__bge-base-en-v1.5_a5beb1e3e68b9ab74eb54cfd186867f64f240e1a/BAAI__bge-base-en-v1.5/a5beb1e3e68b9ab74eb54cfd186867f64f240e1a
intfloat_e5_base,hierarchical_section,256,48,0.215800,intfloat_e5_base_hierarchical_section_c256_o48/results/intfloat__e5-base_b533fe4636f4a2507c08ddab40644d20b0006d6a/intfloat__e5-base/b533fe4636f4a2507c08ddab40644d20b0006d6a
intfloat_e5_base,hierarchical_section,256,32,0.215300,intfloat_e5_base_hierarchical_section_c256_o32/results/intfloat__e5-base_b533fe4636f4a2507c08ddab40644d20b0006d6a/intfloat__e5-base/b533fe4636f4a2507c08ddab40644d20b0006d6a
intfloat_e5_small,hierarchical_section,256,48,0.215120,intfloat_e5_small_hierarchical_section_c256_o48/results/intfloat__e5-small_e272f3049e853b47cb5ca3952268c6662abda68f/intfloat__e5-small/e272f3049e853b47cb5ca3952268c6662abda68f
intfloat_e5_base,semantic_recursive,320,32,0.215000,intfloat_e5_base_semantic_recursive_c320_o32/results/intfloat__e5-base_b533fe4636f4a2507c08ddab40644d20b0006d6a/intfloat__e5-base/b533fe4636f4a2507c08ddab40644d20b0006d6a
intfloat_e5_small,hierarchical_section,256,32,0.214800,intfloat_e5_small_hierarchical_section_c256_o32/results/intfloat__e5-small_e272f3049e853b47cb5ca3952268c6662abda68f/intfloat__e5-small/e272f3049e853b47cb5ca3952268c6662abda68f
nomic_ai_nomic_embed_text_v1.5,hierarchical_section,256,64,0.213560,nomic_ai_nomic_embed_text_v1.5_hierarchical_section_c256_o64/results/nomic-ai__nomic-embed-text-v1.5_b0753ae76394dd36bcfb912a46018088bca48be0/nomic-ai__nomic-embed-text-v1.5/b0753ae76394dd36bcfb912a46018088bca48be0
BAAI_bge_base_en_v1.5,semantic_fixed,256,48,0.213500,BAAI_bge_base_en_v1.5_semantic_fixed_c256_o48/results/BAAI__bge-base-en-v1.5_a5beb1e3e68b9ab74eb54cfd186867f64f240e1a/BAAI__bge-base-en-v1.5/a5beb1e3e68b9ab74eb54cfd186867f64f240e1a
BAAI_bge_large_en_v1.5,fixed_token,256,64,0.213170,BAAI_bge_large_en_v1.5_fixed_token_c256_o64/results/BAAI__bge-large-en-v1.5_d4aa6901d3a41ba39fb536a557fa166f842b0e09/BAAI__bge-large-en-v1.5/d4aa6901d3a41ba39fb536a557fa166f842b0e09
intfloat_e5_large,fixed_token,256,64,0.213140,intfloat_e5_large_fixed_token_c256_o64/results/intfloat__e5-large_4dc6d853a804b9c8886ede6dda8a073b7dc08a81/intfloat__e5-large/4dc6d853a804b9c8886ede6dda8a073b7dc08a81
intfloat_e5_large,fixed_token,192,0,0.212310,intfloat_e5_large_fixed_token_c192_o0/results/intfloat__e5-large_4dc6d853a804b9c8886ede6dda8a073b7dc08a81/intfloat__e5-large/4dc6d853a804b9c8886ede6dda8a073b7dc08a81
intfloat_e5_base,fixed_token,256,64,0.211260,intfloat_e5_base_fixed_token_c256_o64/results/intfloat__e5-base_b533fe4636f4a2507c08ddab40644d20b0006d6a/intfloat__e5-base/b533fe4636f4a2507c08ddab40644d20b0006d6a
intfloat_e5_base,semantic_recursive,320,48,0.211190,intfloat_e5_base_semantic_recursive_c320_o48/results/intfloat__e5-base_b533fe4636f4a2507c08ddab40644d20b0006d6a/intfloat__e5-base/b533fe4636f4a2507c08ddab40644d20b0006d6a
nomic_ai_nomic_embed_text_v1,hierarchical_section,192,0,0.210950,nomic_ai_nomic_embed_text_v1_hierarchical_section_c192_o0/results/nomic-ai__nomic-embed-text-v1_0759316f275aa0cb93a5b830973843ca66babcf5/nomic-ai__nomic-embed-text-v1/0759316f275aa0cb93a5b830973843ca66babcf5
intfloat_multilingual_e5_base,hierarchical_section,256,32,0.210600,intfloat_multilingual_e5_base_hierarchical_section_c256_o32/results/intfloat__multilingual-e5-base_d13f1b27baf31030b7fd040960d60d909913633f/intfloat__multilingual-e5-base/d13f1b27baf31030b7fd040960d60d909913633f
intfloat_e5_small,fixed_token,256,64,0.210430,intfloat_e5_small_fixed_token_c256_o64/results/intfloat__e5-small_e272f3049e853b47cb5ca3952268c6662abda68f/intfloat__e5-small/e272f3049e853b47cb5ca3952268c6662abda68f
intfloat_multilingual_e5_base,semantic_fixed,256,32,0.210350,intfloat_multilingual_e5_base_semantic_fixed_c256_o32/results/intfloat__multilingual-e5-base_d13f1b27baf31030b7fd040960d60d909913633f/intfloat__multilingual-e5-base/d13f1b27baf31030b7fd040960d60d909913633f
intfloat_e5_base,hierarchical_section,256,64,0.210040,intfloat_e5_base_hierarchical_section_c256_o64/results/intfloat__e5-base_b533fe4636f4a2507c08ddab40644d20b0006d6a/intfloat__e5-base/b533fe4636f4a2507c08ddab40644d20b0006d6a
BAAI_bge_base_en_v1.5,hierarchical_section,256,64,0.209470,BAAI_bge_base_en_v1.5_hierarchical_section_c256_o64/results/BAAI__bge-base-en-v1.5_a5beb1e3e68b9ab74eb54cfd186867f64f240e1a/BAAI__bge-base-en-v1.5/a5beb1e3e68b9ab74eb54cfd186867f64f240e1a
nomic_ai_nomic_embed_text_v1.5,hierarchical_section,192,0,0.209210,nomic_ai_nomic_embed_text_v1.5_hierarchical_section_c192_o0/results/nomic-ai__nomic-embed-text-v1.5_b0753ae76394dd36bcfb912a46018088bca48be0/nomic-ai__nomic-embed-text-v1.5/b0753ae76394dd36bcfb912a46018088bca48be0
nomic_ai_nomic_embed_text_v1.5,fixed_token,256,64,0.209160,nomic_ai_nomic_embed_text_v1.5_fixed_token_c256_o64/results/nomic-ai__nomic-embed-text-v1.5_b0753ae76394dd36bcfb912a46018088bca48be0/nomic-ai__nomic-embed-text-v1.5/b0753ae76394dd36bcfb912a46018088bca48be0
nomic_ai_nomic_embed_text_v1.5,recursive_token,256,64,0.209120,nomic_ai_nomic_embed_text_v1.5_recursive_token_c256_o64/results/nomic-ai__nomic-embed-text-v1.5_b0753ae76394dd36bcfb912a46018088bca48be0/nomic-ai__nomic-embed-text-v1.5/b0753ae76394dd36bcfb912a46018088bca48be0
intfloat_e5_small,semantic_fixed,256,48,0.209020,intfloat_e5_small_semantic_fixed_c256_o48/results/intfloat__e5-small_e272f3049e853b47cb5ca3952268c6662abda68f/intfloat__e5-small/e272f3049e853b47cb5ca3952268c6662abda68f
intfloat_multilingual_e5_base,recursive_token,256,16,0.208980,intfloat_multilingual_e5_base_recursive_token_c256_o16/results/intfloat__multilingual-e5-base_d13f1b27baf31030b7fd040960d60d909913633f/intfloat__multilingual-e5-base/d13f1b27baf31030b7fd040960d60d909913633f
BAAI_bge_large_en_v1.5,recursive_token,256,64,0.208920,BAAI_bge_large_en_v1.5_recursive_token_c256_o64/results/BAAI__bge-large-en-v1.5_d4aa6901d3a41ba39fb536a557fa166f842b0e09/BAAI__bge-large-en-v1.5/d4aa6901d3a41ba39fb536a557fa166f842b0e09
intfloat_e5_small,hierarchical_section,256,64,0.208910,intfloat_e5_small_hierarchical_section_c256_o64/results/intfloat__e5-small_e272f3049e853b47cb5ca3952268c6662abda68f/intfloat__e5-small/e272f3049e853b47cb5ca3952268c6662abda68f
intfloat_multilingual_e5_base,recursive_token,256,0,0.208790,intfloat_multilingual_e5_base_recursive_token_c256_o0/results/intfloat__multilingual-e5-base_d13f1b27baf31030b7fd040960d60d909913633f/intfloat__multilingual-e5-base/d13f1b27baf31030b7fd040960d60d909913633f
intfloat_e5_base,semantic_recursive,320,64,0.208620,intfloat_e5_base_semantic_recursive_c320_o64/results/intfloat__e5-base_b533fe4636f4a2507c08ddab40644d20b0006d6a/intfloat__e5-base/b533fe4636f4a2507c08ddab40644d20b0006d6a
intfloat_e5_base,recursive_token,256,64,0.207370,intfloat_e5_base_recursive_token_c256_o64/results/intfloat__e5-base_b533fe4636f4a2507c08ddab40644d20b0006d6a/intfloat__e5-base/b533fe4636f4a2507c08ddab40644d20b0006d6a
BAAI_bge_large_en_v1.5,fixed_token,192,0,0.206960,BAAI_bge_large_en_v1.5_fixed_token_c192_o0/results/BAAI__bge-large-en-v1.5_d4aa6901d3a41ba39fb536a557fa166f842b0e09/BAAI__bge-large-en-v1.5/d4aa6901d3a41ba39fb536a557fa166f842b0e09
nomic_ai_nomic_embed_text_v1.5,fixed_token,192,0,0.206150,nomic_ai_nomic_embed_text_v1.5_fixed_token_c192_o0/results/nomic-ai__nomic-embed-text-v1.5_b0753ae76394dd36bcfb912a46018088bca48be0/nomic-ai__nomic-embed-text-v1.5/b0753ae76394dd36bcfb912a46018088bca48be0
intfloat_e5_base,fixed_token,192,0,0.205940,intfloat_e5_base_fixed_token_c192_o0/results/intfloat__e5-base_b533fe4636f4a2507c08ddab40644d20b0006d6a/intfloat__e5-base/b533fe4636f4a2507c08ddab40644d20b0006d6a
intfloat_multilingual_e5_base,hierarchical_section,256,48,0.204510,intfloat_multilingual_e5_base_hierarchical_section_c256_o48/results/intfloat__multilingual-e5-base_d13f1b27baf31030b7fd040960d60d909913633f/intfloat__multilingual-e5-base/d13f1b27baf31030b7fd040960d60d909913633f
BAAI_bge_large_en_v1.5,semantic_fixed,256,64,0.204450,BAAI_bge_large_en_v1.5_semantic_fixed_c256_o64/results/BAAI__bge-large-en-v1.5_d4aa6901d3a41ba39fb536a557fa166f842b0e09/BAAI__bge-large-en-v1.5/d4aa6901d3a41ba39fb536a557fa166f842b0e09
intfloat_e5_small,semantic_fixed,256,64,0.204070,intfloat_e5_small_semantic_fixed_c256_o64/results/intfloat__e5-small_e272f3049e853b47cb5ca3952268c6662abda68f/intfloat__e5-small/e272f3049e853b47cb5ca3952268c6662abda68f
BAAI_bge_large_en_v1.5,hierarchical_section,192,0,0.203980,BAAI_bge_large_en_v1.5_hierarchical_section_c192_o0/results/BAAI__bge-large-en-v1.5_d4aa6901d3a41ba39fb536a557fa166f842b0e09/BAAI__bge-large-en-v1.5/d4aa6901d3a41ba39fb536a557fa166f842b0e09
BAAI_bge_base_en_v1.5,fixed_token,256,64,0.203730,BAAI_bge_base_en_v1.5_fixed_token_c256_o64/results/BAAI__bge-base-en-v1.5_a5beb1e3e68b9ab74eb54cfd186867f64f240e1a/BAAI__bge-base-en-v1.5/a5beb1e3e68b9ab74eb54cfd186867f64f240e1a
nomic_ai_nomic_embed_text_v1,hierarchical_section,192,16,0.203360,nomic_ai_nomic_embed_text_v1_hierarchical_section_c192_o16/results/nomic-ai__nomic-embed-text-v1_0759316f275aa0cb93a5b830973843ca66babcf5/nomic-ai__nomic-embed-text-v1/0759316f275aa0cb93a5b830973843ca66babcf5
nomic_ai_nomic_embed_text_v1,fixed_token,192,16,0.203280,nomic_ai_nomic_embed_text_v1_fixed_token_c192_o16/results/nomic-ai__nomic-embed-text-v1_0759316f275aa0cb93a5b830973843ca66babcf5/nomic-ai__nomic-embed-text-v1/0759316f275aa0cb93a5b830973843ca66babcf5
intfloat_e5_small,recursive_token,256,64,0.203270,intfloat_e5_small_recursive_token_c256_o64/results/intfloat__e5-small_e272f3049e853b47cb5ca3952268c6662abda68f/intfloat__e5-small/e272f3049e853b47cb5ca3952268c6662abda68f
intfloat_multilingual_e5_base,recursive_token,256,32,0.203010,intfloat_multilingual_e5_base_recursive_token_c256_o32/results/intfloat__multilingual-e5-base_d13f1b27baf31030b7fd040960d60d909913633f/intfloat__multilingual-e5-base/d13f1b27baf31030b7fd040960d60d909913633f
intfloat_multilingual_e5_base,semantic_fixed,256,48,0.202710,intfloat_multilingual_e5_base_semantic_fixed_c256_o48/results/intfloat__multilingual-e5-base_d13f1b27baf31030b7fd040960d60d909913633f/intfloat__multilingual-e5-base/d13f1b27baf31030b7fd040960d60d909913633f
intfloat_multilingual_e5_base,fixed_token,256,48,0.202520,intfloat_multilingual_e5_base_fixed_token_c256_o48/results/intfloat__multilingual-e5-base_d13f1b27baf31030b7fd040960d60d909913633f/intfloat__multilingual-e5-base/d13f1b27baf31030b7fd040960d60d909913633f
intfloat_e5_small,fixed_token,192,0,0.201830,intfloat_e5_small_fixed_token_c192_o0/results/intfloat__e5-small_e272f3049e853b47cb5ca3952268c6662abda68f/intfloat__e5-small/e272f3049e853b47cb5ca3952268c6662abda68f
BAAI_bge_base_en_v1.5,recursive_token,256,64,0.201690,BAAI_bge_base_en_v1.5_recursive_token_c256_o64/results/BAAI__bge-base-en-v1.5_a5beb1e3e68b9ab74eb54cfd186867f64f240e1a/BAAI__bge-base-en-v1.5/a5beb1e3e68b9ab74eb54cfd186867f64f240e1a
intfloat_multilingual_e5_base,semantic_recursive,256,16,0.201480,intfloat_multilingual_e5_base_semantic_recursive_c256_o16/results/intfloat__multilingual-e5-base_d13f1b27baf31030b7fd040960d60d909913633f/intfloat__multilingual-e5-base/d13f1b27baf31030b7fd040960d60d909913633f
intfloat_e5_large,semantic_fixed,192,0,0.201190,intfloat_e5_large_semantic_fixed_c192_o0/results/intfloat__e5-large_4dc6d853a804b9c8886ede6dda8a073b7dc08a81/intfloat__e5-large/4dc6d853a804b9c8886ede6dda8a073b7dc08a81
BAAI_bge_large_en_v1.5,semantic_recursive,256,32,0.201120,BAAI_bge_large_en_v1.5_semantic_recursive_c256_o32/results/BAAI__bge-large-en-v1.5_d4aa6901d3a41ba39fb536a557fa166f842b0e09/BAAI__bge-large-en-v1.5/d4aa6901d3a41ba39fb536a557fa166f842b0e09
intfloat_e5_small,hierarchical_section,192,0,0.200860,intfloat_e5_small_hierarchical_section_c192_o0/results/intfloat__e5-small_e272f3049e853b47cb5ca3952268c6662abda68f/intfloat__e5-small/e272f3049e853b47cb5ca3952268c6662abda68f
intfloat_e5_large,semantic_fixed,256,64,0.200480,intfloat_e5_large_semantic_fixed_c256_o64/results/intfloat__e5-large_4dc6d853a804b9c8886ede6dda8a073b7dc08a81/intfloat__e5-large/4dc6d853a804b9c8886ede6dda8a073b7dc08a81
BAAI_bge_large_en_v1.5,semantic_recursive,256,16,0.200430,BAAI_bge_large_en_v1.5_semantic_recursive_c256_o16/results/BAAI__bge-large-en-v1.5_d4aa6901d3a41ba39fb536a557fa166f842b0e09/BAAI__bge-large-en-v1.5/d4aa6901d3a41ba39fb536a557fa166f842b0e09
intfloat_e5_base,semantic_fixed,256,48,0.200130,intfloat_e5_base_semantic_fixed_c256_o48/results/intfloat__e5-base_b533fe4636f4a2507c08ddab40644d20b0006d6a/intfloat__e5-base/b533fe4636f4a2507c08ddab40644d20b0006d6a
intfloat_multilingual_e5_base,semantic_recursive,256,0,0.199770,intfloat_multilingual_e5_base_semantic_recursive_c256_o0/results/intfloat__multilingual-e5-base_d13f1b27baf31030b7fd040960d60d909913633f/intfloat__multilingual-e5-base/d13f1b27baf31030b7fd040960d60d909913633f
BAAI_bge_large_en_v1.5,semantic_fixed,192,0,0.199180,BAAI_bge_large_en_v1.5_semantic_fixed_c192_o0/results/BAAI__bge-large-en-v1.5_d4aa6901d3a41ba39fb536a557fa166f842b0e09/BAAI__bge-large-en-v1.5/d4aa6901d3a41ba39fb536a557fa166f842b0e09
BAAI_bge_base_en_v1.5,hierarchical_section,192,0,0.198770,BAAI_bge_base_en_v1.5_hierarchical_section_c192_o0/results/BAAI__bge-base-en-v1.5_a5beb1e3e68b9ab74eb54cfd186867f64f240e1a/BAAI__bge-base-en-v1.5/a5beb1e3e68b9ab74eb54cfd186867f64f240e1a
BAAI_bge_base_en_v1.5,fixed_token,192,0,0.198680,BAAI_bge_base_en_v1.5_fixed_token_c192_o0/results/BAAI__bge-base-en-v1.5_a5beb1e3e68b9ab74eb54cfd186867f64f240e1a/BAAI__bge-base-en-v1.5/a5beb1e3e68b9ab74eb54cfd186867f64f240e1a
BAAI_bge_large_en_v1.5,semantic_recursive,256,0,0.198620,BAAI_bge_large_en_v1.5_semantic_recursive_c256_o0/results/BAAI__bge-large-en-v1.5_d4aa6901d3a41ba39fb536a557fa166f842b0e09/BAAI__bge-large-en-v1.5/d4aa6901d3a41ba39fb536a557fa166f842b0e09
BAAI_bge_large_en_v1.5,semantic_recursive,256,48,0.198560,BAAI_bge_large_en_v1.5_semantic_recursive_c256_o48/results/BAAI__bge-large-en-v1.5_d4aa6901d3a41ba39fb536a557fa166f842b0e09/BAAI__bge-large-en-v1.5/d4aa6901d3a41ba39fb536a557fa166f842b0e09
nomic_ai_nomic_embed_text_v1.5,hierarchical_section,192,16,0.198240,nomic_ai_nomic_embed_text_v1.5_hierarchical_section_c192_o16/results/nomic-ai__nomic-embed-text-v1.5_b0753ae76394dd36bcfb912a46018088bca48be0/nomic-ai__nomic-embed-text-v1.5/b0753ae76394dd36bcfb912a46018088bca48be0
intfloat_multilingual_e5_base,semantic_recursive,256,32,0.197380,intfloat_multilingual_e5_base_semantic_recursive_c256_o32/results/intfloat__multilingual-e5-base_d13f1b27baf31030b7fd040960d60d909913633f/intfloat__multilingual-e5-base/d13f1b27baf31030b7fd040960d60d909913633f
intfloat_e5_base,hierarchical_section,192,0,0.197150,intfloat_e5_base_hierarchical_section_c192_o0/results/intfloat__e5-base_b533fe4636f4a2507c08ddab40644d20b0006d6a/intfloat__e5-base/b533fe4636f4a2507c08ddab40644d20b0006d6a
intfloat_e5_small,semantic_fixed,192,0,0.197120,intfloat_e5_small_semantic_fixed_c192_o0/results/intfloat__e5-small_e272f3049e853b47cb5ca3952268c6662abda68f/intfloat__e5-small/e272f3049e853b47cb5ca3952268c6662abda68f
intfloat_multilingual_e5_base,semantic_recursive,256,48,0.196800,intfloat_multilingual_e5_base_semantic_recursive_c256_o48/results/intfloat__multilingual-e5-base_d13f1b27baf31030b7fd040960d60d909913633f/intfloat__multilingual-e5-base/d13f1b27baf31030b7fd040960d60d909913633f
BAAI_bge_base_en_v1.5,semantic_recursive,256,0,0.195990,BAAI_bge_base_en_v1.5_semantic_recursive_c256_o0/results/BAAI__bge-base-en-v1.5_a5beb1e3e68b9ab74eb54cfd186867f64f240e1a/BAAI__bge-base-en-v1.5/a5beb1e3e68b9ab74eb54cfd186867f64f240e1a
BAAI_bge_base_en_v1.5,semantic_recursive,256,16,0.195800,BAAI_bge_base_en_v1.5_semantic_recursive_c256_o16/results/BAAI__bge-base-en-v1.5_a5beb1e3e68b9ab74eb54cfd186867f64f240e1a/BAAI__bge-base-en-v1.5/a5beb1e3e68b9ab74eb54cfd186867f64f240e1a
nomic_ai_nomic_embed_text_v1,hierarchical_section,192,32,0.195670,nomic_ai_nomic_embed_text_v1_hierarchical_section_c192_o32/results/nomic-ai__nomic-embed-text-v1_0759316f275aa0cb93a5b830973843ca66babcf5/nomic-ai__nomic-embed-text-v1/0759316f275aa0cb93a5b830973843ca66babcf5
intfloat_e5_base,semantic_fixed,192,0,0.195510,intfloat_e5_base_semantic_fixed_c192_o0/results/intfloat__e5-base_b533fe4636f4a2507c08ddab40644d20b0006d6a/intfloat__e5-base/b533fe4636f4a2507c08ddab40644d20b0006d6a
BAAI_bge_large_en_v1.5,semantic_recursive,256,64,0.195220,BAAI_bge_large_en_v1.5_semantic_recursive_c256_o64/results/BAAI__bge-large-en-v1.5_d4aa6901d3a41ba39fb536a557fa166f842b0e09/BAAI__bge-large-en-v1.5/d4aa6901d3a41ba39fb536a557fa166f842b0e09
intfloat_multilingual_e5_base,hierarchical_section,256,64,0.195000,intfloat_multilingual_e5_base_hierarchical_section_c256_o64/results/intfloat__multilingual-e5-base_d13f1b27baf31030b7fd040960d60d909913633f/intfloat__multilingual-e5-base/d13f1b27baf31030b7fd040960d60d909913633f
intfloat_e5_large,fixed_token,192,16,0.194950,intfloat_e5_large_fixed_token_c192_o16/results/intfloat__e5-large_4dc6d853a804b9c8886ede6dda8a073b7dc08a81/intfloat__e5-large/4dc6d853a804b9c8886ede6dda8a073b7dc08a81
nomic_ai_nomic_embed_text_v1.5,fixed_token,192,16,0.194370,nomic_ai_nomic_embed_text_v1.5_fixed_token_c192_o16/results/nomic-ai__nomic-embed-text-v1.5_b0753ae76394dd36bcfb912a46018088bca48be0/nomic-ai__nomic-embed-text-v1.5/b0753ae76394dd36bcfb912a46018088bca48be0
nomic_ai_nomic_embed_text_v1,recursive_token,192,16,0.194050,nomic_ai_nomic_embed_text_v1_recursive_token_c192_o16/results/nomic-ai__nomic-embed-text-v1_0759316f275aa0cb93a5b830973843ca66babcf5/nomic-ai__nomic-embed-text-v1/0759316f275aa0cb93a5b830973843ca66babcf5
intfloat_e5_small,semantic_recursive,256,0,0.194000,intfloat_e5_small_semantic_recursive_c256_o0/results/intfloat__e5-small_e272f3049e853b47cb5ca3952268c6662abda68f/intfloat__e5-small/e272f3049e853b47cb5ca3952268c6662abda68f
intfloat_multilingual_e5_base,fixed_token,256,64,0.193580,intfloat_multilingual_e5_base_fixed_token_c256_o64/results/intfloat__multilingual-e5-base_d13f1b27baf31030b7fd040960d60d909913633f/intfloat__multilingual-e5-base/d13f1b27baf31030b7fd040960d60d909913633f
BAAI_bge_base_en_v1.5,semantic_recursive,256,48,0.193570,BAAI_bge_base_en_v1.5_semantic_recursive_c256_o48/results/BAAI__bge-base-en-v1.5_a5beb1e3e68b9ab74eb54cfd186867f64f240e1a/BAAI__bge-base-en-v1.5/a5beb1e3e68b9ab74eb54cfd186867f64f240e1a
BAAI_bge_large_en_v1.5,hierarchical_section,192,16,0.193530,BAAI_bge_large_en_v1.5_hierarchical_section_c192_o16/results/BAAI__bge-large-en-v1.5_d4aa6901d3a41ba39fb536a557fa166f842b0e09/BAAI__bge-large-en-v1.5/d4aa6901d3a41ba39fb536a557fa166f842b0e09
BAAI_bge_base_en_v1.5,semantic_fixed,256,64,0.193510,BAAI_bge_base_en_v1.5_semantic_fixed_c256_o64/results/BAAI__bge-base-en-v1.5_a5beb1e3e68b9ab74eb54cfd186867f64f240e1a/BAAI__bge-base-en-v1.5/a5beb1e3e68b9ab74eb54cfd186867f64f240e1a
intfloat_e5_large,recursive_token,192,0,0.193330,intfloat_e5_large_recursive_token_c192_o0/results/intfloat__e5-large_4dc6d853a804b9c8886ede6dda8a073b7dc08a81/intfloat__e5-large/4dc6d853a804b9c8886ede6dda8a073b7dc08a81
BAAI_bge_base_en_v1.5,semantic_fixed,192,0,0.193180,BAAI_bge_base_en_v1.5_semantic_fixed_c192_o0/results/BAAI__bge-base-en-v1.5_a5beb1e3e68b9ab74eb54cfd186867f64f240e1a/BAAI__bge-base-en-v1.5/a5beb1e3e68b9ab74eb54cfd186867f64f240e1a
BAAI_bge_large_en_v1.5,fixed_token,192,16,0.193160,BAAI_bge_large_en_v1.5_fixed_token_c192_o16/results/BAAI__bge-large-en-v1.5_d4aa6901d3a41ba39fb536a557fa166f842b0e09/BAAI__bge-large-en-v1.5/d4aa6901d3a41ba39fb536a557fa166f842b0e09
intfloat_e5_small,semantic_recursive,256,48,0.192890,intfloat_e5_small_semantic_recursive_c256_o48/results/intfloat__e5-small_e272f3049e853b47cb5ca3952268c6662abda68f/intfloat__e5-small/e272f3049e853b47cb5ca3952268c6662abda68f
intfloat_e5_small,semantic_recursive,256,32,0.192290,intfloat_e5_small_semantic_recursive_c256_o32/results/intfloat__e5-small_e272f3049e853b47cb5ca3952268c6662abda68f/intfloat__e5-small/e272f3049e853b47cb5ca3952268c6662abda68f
nomic_ai_nomic_embed_text_v1,recursive_token,192,32,0.192140,nomic_ai_nomic_embed_text_v1_recursive_token_c192_o32/results/nomic-ai__nomic-embed-text-v1_0759316f275aa0cb93a5b830973843ca66babcf5/nomic-ai__nomic-embed-text-v1/0759316f275aa0cb93a5b830973843ca66babcf5
intfloat_multilingual_e5_base,semantic_recursive,256,64,0.191980,intfloat_multilingual_e5_base_semantic_recursive_c256_o64/results/intfloat__multilingual-e5-base_d13f1b27baf31030b7fd040960d60d909913633f/intfloat__multilingual-e5-base/d13f1b27baf31030b7fd040960d60d909913633f
intfloat_e5_small,fixed_token,192,16,0.191970,intfloat_e5_small_fixed_token_c192_o16/results/intfloat__e5-small_e272f3049e853b47cb5ca3952268c6662abda68f/intfloat__e5-small/e272f3049e853b47cb5ca3952268c6662abda68f
intfloat_e5_small,semantic_recursive,256,16,0.191900,intfloat_e5_small_semantic_recursive_c256_o16/results/intfloat__e5-small_e272f3049e853b47cb5ca3952268c6662abda68f/intfloat__e5-small/e272f3049e853b47cb5ca3952268c6662abda68f
BAAI_bge_base_en_v1.5,semantic_recursive,256,32,0.191860,BAAI_bge_base_en_v1.5_semantic_recursive_c256_o32/results/BAAI__bge-base-en-v1.5_a5beb1e3e68b9ab74eb54cfd186867f64f240e1a/BAAI__bge-base-en-v1.5/a5beb1e3e68b9ab74eb54cfd186867f64f240e1a
intfloat_e5_large,recursive_token,192,16,0.191830,intfloat_e5_large_recursive_token_c192_o16/results/intfloat__e5-large_4dc6d853a804b9c8886ede6dda8a073b7dc08a81/intfloat__e5-large/4dc6d853a804b9c8886ede6dda8a073b7dc08a81
nomic_ai_nomic_embed_text_v1,recursive_token,192,0,0.191750,nomic_ai_nomic_embed_text_v1_recursive_token_c192_o0/results/nomic-ai__nomic-embed-text-v1_0759316f275aa0cb93a5b830973843ca66babcf5/nomic-ai__nomic-embed-text-v1/0759316f275aa0cb93a5b830973843ca66babcf5
intfloat_multilingual_e5_base,recursive_token,256,48,0.191630,intfloat_multilingual_e5_base_recursive_token_c256_o48/results/intfloat__multilingual-e5-base_d13f1b27baf31030b7fd040960d60d909913633f/intfloat__multilingual-e5-base/d13f1b27baf31030b7fd040960d60d909913633f
BAAI_bge_large_en_v1.5,hierarchical_section,192,32,0.189700,BAAI_bge_large_en_v1.5_hierarchical_section_c192_o32/results/BAAI__bge-large-en-v1.5_d4aa6901d3a41ba39fb536a557fa166f842b0e09/BAAI__bge-large-en-v1.5/d4aa6901d3a41ba39fb536a557fa166f842b0e09
intfloat_e5_large,recursive_token,192,32,0.189700,intfloat_e5_large_recursive_token_c192_o32/results/intfloat__e5-large_4dc6d853a804b9c8886ede6dda8a073b7dc08a81/intfloat__e5-large/4dc6d853a804b9c8886ede6dda8a073b7dc08a81
intfloat_e5_base,semantic_fixed,256,64,0.189660,intfloat_e5_base_semantic_fixed_c256_o64/results/intfloat__e5-base_b533fe4636f4a2507c08ddab40644d20b0006d6a/intfloat__e5-base/b533fe4636f4a2507c08ddab40644d20b0006d6a
BAAI_bge_base_en_v1.5,semantic_recursive,256,64,0.189400,BAAI_bge_base_en_v1.5_semantic_recursive_c256_o64/results/BAAI__bge-base-en-v1.5_a5beb1e3e68b9ab74eb54cfd186867f64f240e1a/BAAI__bge-base-en-v1.5/a5beb1e3e68b9ab74eb54cfd186867f64f240e1a
intfloat_multilingual_e5_base,hierarchical_section,192,0,0.189230,intfloat_multilingual_e5_base_hierarchical_section_c192_o0/results/intfloat__multilingual-e5-base_d13f1b27baf31030b7fd040960d60d909913633f/intfloat__multilingual-e5-base/d13f1b27baf31030b7fd040960d60d909913633f
intfloat_multilingual_e5_base,semantic_fixed,256,64,0.189190,intfloat_multilingual_e5_base_semantic_fixed_c256_o64/results/intfloat__multilingual-e5-base_d13f1b27baf31030b7fd040960d60d909913633f/intfloat__multilingual-e5-base/d13f1b27baf31030b7fd040960d60d909913633f
intfloat_e5_base,fixed_token,192,16,0.189050,intfloat_e5_base_fixed_token_c192_o16/results/intfloat__e5-base_b533fe4636f4a2507c08ddab40644d20b0006d6a/intfloat__e5-base/b533fe4636f4a2507c08ddab40644d20b0006d6a
intfloat_multilingual_e5_base,fixed_token,192,0,0.188270,intfloat_multilingual_e5_base_fixed_token_c192_o0/results/intfloat__multilingual-e5-base_d13f1b27baf31030b7fd040960d60d909913633f/intfloat__multilingual-e5-base/d13f1b27baf31030b7fd040960d60d909913633f
BAAI_bge_base_en_v1.5,hierarchical_section,192,16,0.187700,BAAI_bge_base_en_v1.5_hierarchical_section_c192_o16/results/BAAI__bge-base-en-v1.5_a5beb1e3e68b9ab74eb54cfd186867f64f240e1a/BAAI__bge-base-en-v1.5/a5beb1e3e68b9ab74eb54cfd186867f64f240e1a
intfloat_e5_large,fixed_token,192,32,0.187610,intfloat_e5_large_fixed_token_c192_o32/results/intfloat__e5-large_4dc6d853a804b9c8886ede6dda8a073b7dc08a81/intfloat__e5-large/4dc6d853a804b9c8886ede6dda8a073b7dc08a81
nomic_ai_nomic_embed_text_v1,fixed_token,192,32,0.187420,nomic_ai_nomic_embed_text_v1_fixed_token_c192_o32/results/nomic-ai__nomic-embed-text-v1_0759316f275aa0cb93a5b830973843ca66babcf5/nomic-ai__nomic-embed-text-v1/0759316f275aa0cb93a5b830973843ca66babcf5
intfloat_e5_large,semantic_fixed,192,16,0.187000,intfloat_e5_large_semantic_fixed_c192_o16/results/intfloat__e5-large_4dc6d853a804b9c8886ede6dda8a073b7dc08a81/intfloat__e5-large/4dc6d853a804b9c8886ede6dda8a073b7dc08a81
nomic_ai_nomic_embed_text_v1.5,recursive_token,192,16,0.186980,nomic_ai_nomic_embed_text_v1.5_recursive_token_c192_o16/results/nomic-ai__nomic-embed-text-v1.5_b0753ae76394dd36bcfb912a46018088bca48be0/nomic-ai__nomic-embed-text-v1.5/b0753ae76394dd36bcfb912a46018088bca48be0
nomic_ai_nomic_embed_text_v1.5,hierarchical_section,192,32,0.186840,nomic_ai_nomic_embed_text_v1.5_hierarchical_section_c192_o32/results/nomic-ai__nomic-embed-text-v1.5_b0753ae76394dd36bcfb912a46018088bca48be0/nomic-ai__nomic-embed-text-v1.5/b0753ae76394dd36bcfb912a46018088bca48be0
intfloat_e5_small,semantic_recursive,256,64,0.186790,intfloat_e5_small_semantic_recursive_c256_o64/results/intfloat__e5-small_e272f3049e853b47cb5ca3952268c6662abda68f/intfloat__e5-small/e272f3049e853b47cb5ca3952268c6662abda68f
nomic_ai_nomic_embed_text_v1.5,recursive_token,192,0,0.186360,nomic_ai_nomic_embed_text_v1.5_recursive_token_c192_o0/results/nomic-ai__nomic-embed-text-v1.5_b0753ae76394dd36bcfb912a46018088bca48be0/nomic-ai__nomic-embed-text-v1.5/b0753ae76394dd36bcfb912a46018088bca48be0
BAAI_bge_large_en_v1.5,semantic_fixed,192,16,0.186040,BAAI_bge_large_en_v1.5_semantic_fixed_c192_o16/results/BAAI__bge-large-en-v1.5_d4aa6901d3a41ba39fb536a557fa166f842b0e09/BAAI__bge-large-en-v1.5/d4aa6901d3a41ba39fb536a557fa166f842b0e09
nomic_ai_nomic_embed_text_v1.5,recursive_token,192,32,0.185940,nomic_ai_nomic_embed_text_v1.5_recursive_token_c192_o32/results/nomic-ai__nomic-embed-text-v1.5_b0753ae76394dd36bcfb912a46018088bca48be0/nomic-ai__nomic-embed-text-v1.5/b0753ae76394dd36bcfb912a46018088bca48be0
intfloat_e5_small,fixed_token,192,32,0.185260,intfloat_e5_small_fixed_token_c192_o32/results/intfloat__e5-small_e272f3049e853b47cb5ca3952268c6662abda68f/intfloat__e5-small/e272f3049e853b47cb5ca3952268c6662abda68f
BAAI_bge_base_en_v1.5,fixed_token,192,16,0.185180,BAAI_bge_base_en_v1.5_fixed_token_c192_o16/results/BAAI__bge-base-en-v1.5_a5beb1e3e68b9ab74eb54cfd186867f64f240e1a/BAAI__bge-base-en-v1.5/a5beb1e3e68b9ab74eb54cfd186867f64f240e1a
intfloat_e5_small,hierarchical_section,192,16,0.184820,intfloat_e5_small_hierarchical_section_c192_o16/results/intfloat__e5-small_e272f3049e853b47cb5ca3952268c6662abda68f/intfloat__e5-small/e272f3049e853b47cb5ca3952268c6662abda68f
intfloat_e5_large,semantic_fixed,192,32,0.184500,intfloat_e5_large_semantic_fixed_c192_o32/results/intfloat__e5-large_4dc6d853a804b9c8886ede6dda8a073b7dc08a81/intfloat__e5-large/4dc6d853a804b9c8886ede6dda8a073b7dc08a81
intfloat_e5_small,recursive_token,192,0,0.183840,intfloat_e5_small_recursive_token_c192_o0/results/intfloat__e5-small_e272f3049e853b47cb5ca3952268c6662abda68f/intfloat__e5-small/e272f3049e853b47cb5ca3952268c6662abda68f
intfloat_e5_base,recursive_token,192,0,0.183630,intfloat_e5_base_recursive_token_c192_o0/results/intfloat__e5-base_b533fe4636f4a2507c08ddab40644d20b0006d6a/intfloat__e5-base/b533fe4636f4a2507c08ddab40644d20b0006d6a
nomic_ai_nomic_embed_text_v1.5,fixed_token,192,32,0.183630,nomic_ai_nomic_embed_text_v1.5_fixed_token_c192_o32/results/nomic-ai__nomic-embed-text-v1.5_b0753ae76394dd36bcfb912a46018088bca48be0/nomic-ai__nomic-embed-text-v1.5/b0753ae76394dd36bcfb912a46018088bca48be0
intfloat_e5_base,recursive_token,192,16,0.183230,intfloat_e5_base_recursive_token_c192_o16/results/intfloat__e5-base_b533fe4636f4a2507c08ddab40644d20b0006d6a/intfloat__e5-base/b533fe4636f4a2507c08ddab40644d20b0006d6a
intfloat_e5_small,recursive_token,192,32,0.183210,intfloat_e5_small_recursive_token_c192_o32/results/intfloat__e5-small_e272f3049e853b47cb5ca3952268c6662abda68f/intfloat__e5-small/e272f3049e853b47cb5ca3952268c6662abda68f
intfloat_e5_base,semantic_recursive,256,16,0.183160,intfloat_e5_base_semantic_recursive_c256_o16/results/intfloat__e5-base_b533fe4636f4a2507c08ddab40644d20b0006d6a/intfloat__e5-base/b533fe4636f4a2507c08ddab40644d20b0006d6a
intfloat_multilingual_e5_base,semantic_fixed,192,0,0.182980,intfloat_multilingual_e5_base_semantic_fixed_c192_o0/results/intfloat__multilingual-e5-base_d13f1b27baf31030b7fd040960d60d909913633f/intfloat__multilingual-e5-base/d13f1b27baf31030b7fd040960d60d909913633f
BAAI_bge_large_en_v1.5,recursive_token,192,0,0.182900,BAAI_bge_large_en_v1.5_recursive_token_c192_o0/results/BAAI__bge-large-en-v1.5_d4aa6901d3a41ba39fb536a557fa166f842b0e09/BAAI__bge-large-en-v1.5/d4aa6901d3a41ba39fb536a557fa166f842b0e09
nomic_ai_nomic_embed_text_v1,hierarchical_section,192,48,0.182810,nomic_ai_nomic_embed_text_v1_hierarchical_section_c192_o48/results/nomic-ai__nomic-embed-text-v1_0759316f275aa0cb93a5b830973843ca66babcf5/nomic-ai__nomic-embed-text-v1/0759316f275aa0cb93a5b830973843ca66babcf5
intfloat_e5_base,semantic_recursive,256,48,0.182280,intfloat_e5_base_semantic_recursive_c256_o48/results/intfloat__e5-base_b533fe4636f4a2507c08ddab40644d20b0006d6a/intfloat__e5-base/b533fe4636f4a2507c08ddab40644d20b0006d6a
intfloat_e5_base,hierarchical_section,192,16,0.182120,intfloat_e5_base_hierarchical_section_c192_o16/results/intfloat__e5-base_b533fe4636f4a2507c08ddab40644d20b0006d6a/intfloat__e5-base/b533fe4636f4a2507c08ddab40644d20b0006d6a
intfloat_e5_small,recursive_token,192,16,0.181900,intfloat_e5_small_recursive_token_c192_o16/results/intfloat__e5-small_e272f3049e853b47cb5ca3952268c6662abda68f/intfloat__e5-small/e272f3049e853b47cb5ca3952268c6662abda68f
intfloat_e5_base,semantic_recursive,256,0,0.181650,intfloat_e5_base_semantic_recursive_c256_o0/results/intfloat__e5-base_b533fe4636f4a2507c08ddab40644d20b0006d6a/intfloat__e5-base/b533fe4636f4a2507c08ddab40644d20b0006d6a
intfloat_e5_small,hierarchical_section,192,32,0.181480,intfloat_e5_small_hierarchical_section_c192_o32/results/intfloat__e5-small_e272f3049e853b47cb5ca3952268c6662abda68f/intfloat__e5-small/e272f3049e853b47cb5ca3952268c6662abda68f
intfloat_e5_base,recursive_token,192,32,0.181310,intfloat_e5_base_recursive_token_c192_o32/results/intfloat__e5-base_b533fe4636f4a2507c08ddab40644d20b0006d6a/intfloat__e5-base/b533fe4636f4a2507c08ddab40644d20b0006d6a
BAAI_bge_large_en_v1.5,fixed_token,192,32,0.181140,BAAI_bge_large_en_v1.5_fixed_token_c192_o32/results/BAAI__bge-large-en-v1.5_d4aa6901d3a41ba39fb536a557fa166f842b0e09/BAAI__bge-large-en-v1.5/d4aa6901d3a41ba39fb536a557fa166f842b0e09
intfloat_multilingual_e5_base,fixed_token,192,16,0.180820,intfloat_multilingual_e5_base_fixed_token_c192_o16/results/intfloat__multilingual-e5-base_d13f1b27baf31030b7fd040960d60d909913633f/intfloat__multilingual-e5-base/d13f1b27baf31030b7fd040960d60d909913633f
intfloat_e5_small,semantic_fixed,192,16,0.180650,intfloat_e5_small_semantic_fixed_c192_o16/results/intfloat__e5-small_e272f3049e853b47cb5ca3952268c6662abda68f/intfloat__e5-small/e272f3049e853b47cb5ca3952268c6662abda68f
intfloat_e5_base,hierarchical_section,192,32,0.180460,intfloat_e5_base_hierarchical_section_c192_o32/results/intfloat__e5-base_b533fe4636f4a2507c08ddab40644d20b0006d6a/intfloat__e5-base/b533fe4636f4a2507c08ddab40644d20b0006d6a
BAAI_bge_large_en_v1.5,recursive_token,192,16,0.180450,BAAI_bge_large_en_v1.5_recursive_token_c192_o16/results/BAAI__bge-large-en-v1.5_d4aa6901d3a41ba39fb536a557fa166f842b0e09/BAAI__bge-large-en-v1.5/d4aa6901d3a41ba39fb536a557fa166f842b0e09
intfloat_e5_base,semantic_recursive,256,64,0.180330,intfloat_e5_base_semantic_recursive_c256_o64/results/intfloat__e5-base_b533fe4636f4a2507c08ddab40644d20b0006d6a/intfloat__e5-base/b533fe4636f4a2507c08ddab40644d20b0006d6a
intfloat_e5_small,semantic_fixed,192,32,0.180300,intfloat_e5_small_semantic_fixed_c192_o32/results/intfloat__e5-small_e272f3049e853b47cb5ca3952268c6662abda68f/intfloat__e5-small/e272f3049e853b47cb5ca3952268c6662abda68f
BAAI_bge_large_en_v1.5,recursive_token,192,32,0.180150,BAAI_bge_large_en_v1.5_recursive_token_c192_o32/results/BAAI__bge-large-en-v1.5_d4aa6901d3a41ba39fb536a557fa166f842b0e09/BAAI__bge-large-en-v1.5/d4aa6901d3a41ba39fb536a557fa166f842b0e09
intfloat_multilingual_e5_base,recursive_token,256,64,0.179850,intfloat_multilingual_e5_base_recursive_token_c256_o64/results/intfloat__multilingual-e5-base_d13f1b27baf31030b7fd040960d60d909913633f/intfloat__multilingual-e5-base/d13f1b27baf31030b7fd040960d60d909913633f
intfloat_e5_base,semantic_recursive,256,32,0.179820,intfloat_e5_base_semantic_recursive_c256_o32/results/intfloat__e5-base_b533fe4636f4a2507c08ddab40644d20b0006d6a/intfloat__e5-base/b533fe4636f4a2507c08ddab40644d20b0006d6a
BAAI_bge_base_en_v1.5,recursive_token,192,16,0.179790,BAAI_bge_base_en_v1.5_recursive_token_c192_o16/results/BAAI__bge-base-en-v1.5_a5beb1e3e68b9ab74eb54cfd186867f64f240e1a/BAAI__bge-base-en-v1.5/a5beb1e3e68b9ab74eb54cfd186867f64f240e1a
BAAI_bge_base_en_v1.5,hierarchical_section,192,32,0.179240,BAAI_bge_base_en_v1.5_hierarchical_section_c192_o32/results/BAAI__bge-base-en-v1.5_a5beb1e3e68b9ab74eb54cfd186867f64f240e1a/BAAI__bge-base-en-v1.5/a5beb1e3e68b9ab74eb54cfd186867f64f240e1a
intfloat_multilingual_e5_base,semantic_fixed,192,16,0.178820,intfloat_multilingual_e5_base_semantic_fixed_c192_o16/results/intfloat__multilingual-e5-base_d13f1b27baf31030b7fd040960d60d909913633f/intfloat__multilingual-e5-base/d13f1b27baf31030b7fd040960d60d909913633f
BAAI_bge_base_en_v1.5,semantic_fixed,192,16,0.177810,BAAI_bge_base_en_v1.5_semantic_fixed_c192_o16/results/BAAI__bge-base-en-v1.5_a5beb1e3e68b9ab74eb54cfd186867f64f240e1a/BAAI__bge-base-en-v1.5/a5beb1e3e68b9ab74eb54cfd186867f64f240e1a
BAAI_bge_base_en_v1.5,recursive_token,192,0,0.177390,BAAI_bge_base_en_v1.5_recursive_token_c192_o0/results/BAAI__bge-base-en-v1.5_a5beb1e3e68b9ab74eb54cfd186867f64f240e1a/BAAI__bge-base-en-v1.5/a5beb1e3e68b9ab74eb54cfd186867f64f240e1a
intfloat_e5_base,semantic_fixed,192,16,0.176380,intfloat_e5_base_semantic_fixed_c192_o16/results/intfloat__e5-base_b533fe4636f4a2507c08ddab40644d20b0006d6a/intfloat__e5-base/b533fe4636f4a2507c08ddab40644d20b0006d6a
BAAI_bge_large_en_v1.5,semantic_fixed,192,32,0.176260,BAAI_bge_large_en_v1.5_semantic_fixed_c192_o32/results/BAAI__bge-large-en-v1.5_d4aa6901d3a41ba39fb536a557fa166f842b0e09/BAAI__bge-large-en-v1.5/d4aa6901d3a41ba39fb536a557fa166f842b0e09
intfloat_multilingual_e5_base,semantic_recursive,192,0,0.175800,intfloat_multilingual_e5_base_semantic_recursive_c192_o0/results/intfloat__multilingual-e5-base_d13f1b27baf31030b7fd040960d60d909913633f/intfloat__multilingual-e5-base/d13f1b27baf31030b7fd040960d60d909913633f
intfloat_e5_base,fixed_token,192,32,0.175670,intfloat_e5_base_fixed_token_c192_o32/results/intfloat__e5-base_b533fe4636f4a2507c08ddab40644d20b0006d6a/intfloat__e5-base/b533fe4636f4a2507c08ddab40644d20b0006d6a
intfloat_multilingual_e5_base,hierarchical_section,192,16,0.175360,intfloat_multilingual_e5_base_hierarchical_section_c192_o16/results/intfloat__multilingual-e5-base_d13f1b27baf31030b7fd040960d60d909913633f/intfloat__multilingual-e5-base/d13f1b27baf31030b7fd040960d60d909913633f
nomic_ai_nomic_embed_text_v1,recursive_token,192,48,0.174320,nomic_ai_nomic_embed_text_v1_recursive_token_c192_o48/results/nomic-ai__nomic-embed-text-v1_0759316f275aa0cb93a5b830973843ca66babcf5/nomic-ai__nomic-embed-text-v1/0759316f275aa0cb93a5b830973843ca66babcf5
nomic_ai_nomic_embed_text_v1.5,hierarchical_section,192,48,0.174090,nomic_ai_nomic_embed_text_v1.5_hierarchical_section_c192_o48/results/nomic-ai__nomic-embed-text-v1.5_b0753ae76394dd36bcfb912a46018088bca48be0/nomic-ai__nomic-embed-text-v1.5/b0753ae76394dd36bcfb912a46018088bca48be0
BAAI_bge_base_en_v1.5,recursive_token,192,32,0.173870,BAAI_bge_base_en_v1.5_recursive_token_c192_o32/results/BAAI__bge-base-en-v1.5_a5beb1e3e68b9ab74eb54cfd186867f64f240e1a/BAAI__bge-base-en-v1.5/a5beb1e3e68b9ab74eb54cfd186867f64f240e1a
intfloat_multilingual_e5_base,recursive_token,192,0,0.173380,intfloat_multilingual_e5_base_recursive_token_c192_o0/results/intfloat__multilingual-e5-base_d13f1b27baf31030b7fd040960d60d909913633f/intfloat__multilingual-e5-base/d13f1b27baf31030b7fd040960d60d909913633f
nomic_ai_nomic_embed_text_v1,fixed_token,192,48,0.172980,nomic_ai_nomic_embed_text_v1_fixed_token_c192_o48/results/nomic-ai__nomic-embed-text-v1_0759316f275aa0cb93a5b830973843ca66babcf5/nomic-ai__nomic-embed-text-v1/0759316f275aa0cb93a5b830973843ca66babcf5
BAAI_bge_base_en_v1.5,fixed_token,192,32,0.172290,BAAI_bge_base_en_v1.5_fixed_token_c192_o32/results/BAAI__bge-base-en-v1.5_a5beb1e3e68b9ab74eb54cfd186867f64f240e1a/BAAI__bge-base-en-v1.5/a5beb1e3e68b9ab74eb54cfd186867f64f240e1a
intfloat_e5_small,hierarchical_section,192,48,0.172150,intfloat_e5_small_hierarchical_section_c192_o48/results/intfloat__e5-small_e272f3049e853b47cb5ca3952268c6662abda68f/intfloat__e5-small/e272f3049e853b47cb5ca3952268c6662abda68f
intfloat_e5_large,recursive_token,192,48,0.170460,intfloat_e5_large_recursive_token_c192_o48/results/intfloat__e5-large_4dc6d853a804b9c8886ede6dda8a073b7dc08a81/intfloat__e5-large/4dc6d853a804b9c8886ede6dda8a073b7dc08a81
intfloat_e5_large,fixed_token,192,48,0.170360,intfloat_e5_large_fixed_token_c192_o48/results/intfloat__e5-large_4dc6d853a804b9c8886ede6dda8a073b7dc08a81/intfloat__e5-large/4dc6d853a804b9c8886ede6dda8a073b7dc08a81
intfloat_multilingual_e5_base,semantic_recursive,192,16,0.170360,intfloat_multilingual_e5_base_semantic_recursive_c192_o16/results/intfloat__multilingual-e5-base_d13f1b27baf31030b7fd040960d60d909913633f/intfloat__multilingual-e5-base/d13f1b27baf31030b7fd040960d60d909913633f
nomic_ai_nomic_embed_text_v1.5,recursive_token,192,48,0.170040,nomic_ai_nomic_embed_text_v1.5_recursive_token_c192_o48/results/nomic-ai__nomic-embed-text-v1.5_b0753ae76394dd36bcfb912a46018088bca48be0/nomic-ai__nomic-embed-text-v1.5/b0753ae76394dd36bcfb912a46018088bca48be0
BAAI_bge_base_en_v1.5,semantic_fixed,192,32,0.169330,BAAI_bge_base_en_v1.5_semantic_fixed_c192_o32/results/BAAI__bge-base-en-v1.5_a5beb1e3e68b9ab74eb54cfd186867f64f240e1a/BAAI__bge-base-en-v1.5/a5beb1e3e68b9ab74eb54cfd186867f64f240e1a
intfloat_multilingual_e5_base,recursive_token,192,16,0.169300,intfloat_multilingual_e5_base_recursive_token_c192_o16/results/intfloat__multilingual-e5-base_d13f1b27baf31030b7fd040960d60d909913633f/intfloat__multilingual-e5-base/d13f1b27baf31030b7fd040960d60d909913633f
intfloat_e5_base,hierarchical_section,192,48,0.169280,intfloat_e5_base_hierarchical_section_c192_o48/results/intfloat__e5-base_b533fe4636f4a2507c08ddab40644d20b0006d6a/intfloat__e5-base/b533fe4636f4a2507c08ddab40644d20b0006d6a
BAAI_bge_large_en_v1.5,hierarchical_section,192,48,0.169260,BAAI_bge_large_en_v1.5_hierarchical_section_c192_o48/results/BAAI__bge-large-en-v1.5_d4aa6901d3a41ba39fb536a557fa166f842b0e09/BAAI__bge-large-en-v1.5/d4aa6901d3a41ba39fb536a557fa166f842b0e09
BAAI_bge_base_en_v1.5,semantic_recursive,192,0,0.168960,BAAI_bge_base_en_v1.5_semantic_recursive_c192_o0/results/BAAI__bge-base-en-v1.5_a5beb1e3e68b9ab74eb54cfd186867f64f240e1a/BAAI__bge-base-en-v1.5/a5beb1e3e68b9ab74eb54cfd186867f64f240e1a
BAAI_bge_base_en_v1.5,semantic_recursive,192,16,0.168680,BAAI_bge_base_en_v1.5_semantic_recursive_c192_o16/results/BAAI__bge-base-en-v1.5_a5beb1e3e68b9ab74eb54cfd186867f64f240e1a/BAAI__bge-base-en-v1.5/a5beb1e3e68b9ab74eb54cfd186867f64f240e1a
intfloat_e5_base,semantic_fixed,192,32,0.168490,intfloat_e5_base_semantic_fixed_c192_o32/results/intfloat__e5-base_b533fe4636f4a2507c08ddab40644d20b0006d6a/intfloat__e5-base/b533fe4636f4a2507c08ddab40644d20b0006d6a
intfloat_e5_small,fixed_token,192,48,0.168110,intfloat_e5_small_fixed_token_c192_o48/results/intfloat__e5-small_e272f3049e853b47cb5ca3952268c6662abda68f/intfloat__e5-small/e272f3049e853b47cb5ca3952268c6662abda68f
intfloat_e5_small,semantic_recursive,192,0,0.167880,intfloat_e5_small_semantic_recursive_c192_o0/results/intfloat__e5-small_e272f3049e853b47cb5ca3952268c6662abda68f/intfloat__e5-small/e272f3049e853b47cb5ca3952268c6662abda68f
BAAI_bge_large_en_v1.5,semantic_recursive,192,0,0.167550,BAAI_bge_large_en_v1.5_semantic_recursive_c192_o0/results/BAAI__bge-large-en-v1.5_d4aa6901d3a41ba39fb536a557fa166f842b0e09/BAAI__bge-large-en-v1.5/d4aa6901d3a41ba39fb536a557fa166f842b0e09
intfloat_multilingual_e5_base,fixed_token,192,32,0.167440,intfloat_multilingual_e5_base_fixed_token_c192_o32/results/intfloat__multilingual-e5-base_d13f1b27baf31030b7fd040960d60d909913633f/intfloat__multilingual-e5-base/d13f1b27baf31030b7fd040960d60d909913633f
intfloat_e5_small,recursive_token,192,48,0.166700,intfloat_e5_small_recursive_token_c192_o48/results/intfloat__e5-small_e272f3049e853b47cb5ca3952268c6662abda68f/intfloat__e5-small/e272f3049e853b47cb5ca3952268c6662abda68f
BAAI_bge_large_en_v1.5,semantic_recursive,192,16,0.166430,BAAI_bge_large_en_v1.5_semantic_recursive_c192_o16/results/BAAI__bge-large-en-v1.5_d4aa6901d3a41ba39fb536a557fa166f842b0e09/BAAI__bge-large-en-v1.5/d4aa6901d3a41ba39fb536a557fa166f842b0e09
intfloat_multilingual_e5_base,hierarchical_section,192,32,0.166310,intfloat_multilingual_e5_base_hierarchical_section_c192_o32/results/intfloat__multilingual-e5-base_d13f1b27baf31030b7fd040960d60d909913633f/intfloat__multilingual-e5-base/d13f1b27baf31030b7fd040960d60d909913633f
intfloat_e5_small,semantic_recursive,192,16,0.166140,intfloat_e5_small_semantic_recursive_c192_o16/results/intfloat__e5-small_e272f3049e853b47cb5ca3952268c6662abda68f/intfloat__e5-small/e272f3049e853b47cb5ca3952268c6662abda68f
intfloat_multilingual_e5_base,semantic_fixed,192,32,0.165880,intfloat_multilingual_e5_base_semantic_fixed_c192_o32/results/intfloat__multilingual-e5-base_d13f1b27baf31030b7fd040960d60d909913633f/intfloat__multilingual-e5-base/d13f1b27baf31030b7fd040960d60d909913633f
nomic_ai_nomic_embed_text_v1.5,fixed_token,192,48,0.165170,nomic_ai_nomic_embed_text_v1.5_fixed_token_c192_o48/results/nomic-ai__nomic-embed-text-v1.5_b0753ae76394dd36bcfb912a46018088bca48be0/nomic-ai__nomic-embed-text-v1.5/b0753ae76394dd36bcfb912a46018088bca48be0
BAAI_bge_base_en_v1.5,recursive_token,192,48,0.164610,BAAI_bge_base_en_v1.5_recursive_token_c192_o48/results/BAAI__bge-base-en-v1.5_a5beb1e3e68b9ab74eb54cfd186867f64f240e1a/BAAI__bge-base-en-v1.5/a5beb1e3e68b9ab74eb54cfd186867f64f240e1a
BAAI_bge_base_en_v1.5,hierarchical_section,192,48,0.164400,BAAI_bge_base_en_v1.5_hierarchical_section_c192_o48/results/BAAI__bge-base-en-v1.5_a5beb1e3e68b9ab74eb54cfd186867f64f240e1a/BAAI__bge-base-en-v1.5/a5beb1e3e68b9ab74eb54cfd186867f64f240e1a
BAAI_bge_large_en_v1.5,semantic_recursive,192,32,0.164350,BAAI_bge_large_en_v1.5_semantic_recursive_c192_o32/results/BAAI__bge-large-en-v1.5_d4aa6901d3a41ba39fb536a557fa166f842b0e09/BAAI__bge-large-en-v1.5/d4aa6901d3a41ba39fb536a557fa166f842b0e09
intfloat_e5_base,recursive_token,192,48,0.164320,intfloat_e5_base_recursive_token_c192_o48/results/intfloat__e5-base_b533fe4636f4a2507c08ddab40644d20b0006d6a/intfloat__e5-base/b533fe4636f4a2507c08ddab40644d20b0006d6a
intfloat_multilingual_e5_base,semantic_recursive,192,32,0.163680,intfloat_multilingual_e5_base_semantic_recursive_c192_o32/results/intfloat__multilingual-e5-base_d13f1b27baf31030b7fd040960d60d909913633f/intfloat__multilingual-e5-base/d13f1b27baf31030b7fd040960d60d909913633f
nomic_ai_nomic_embed_text_v1,hierarchical_section,128,0,0.163170,nomic_ai_nomic_embed_text_v1_hierarchical_section_c128_o0/results/nomic-ai__nomic-embed-text-v1_0759316f275aa0cb93a5b830973843ca66babcf5/nomic-ai__nomic-embed-text-v1/0759316f275aa0cb93a5b830973843ca66babcf5
intfloat_e5_large,semantic_fixed,192,48,0.162920,intfloat_e5_large_semantic_fixed_c192_o48/results/intfloat__e5-large_4dc6d853a804b9c8886ede6dda8a073b7dc08a81/intfloat__e5-large/4dc6d853a804b9c8886ede6dda8a073b7dc08a81
BAAI_bge_large_en_v1.5,recursive_token,192,48,0.162910,BAAI_bge_large_en_v1.5_recursive_token_c192_o48/results/BAAI__bge-large-en-v1.5_d4aa6901d3a41ba39fb536a557fa166f842b0e09/BAAI__bge-large-en-v1.5/d4aa6901d3a41ba39fb536a557fa166f842b0e09
BAAI_bge_large_en_v1.5,fixed_token,192,48,0.162160,BAAI_bge_large_en_v1.5_fixed_token_c192_o48/results/BAAI__bge-large-en-v1.5_d4aa6901d3a41ba39fb536a557fa166f842b0e09/BAAI__bge-large-en-v1.5/d4aa6901d3a41ba39fb536a557fa166f842b0e09
intfloat_e5_base,fixed_token,192,48,0.161990,intfloat_e5_base_fixed_token_c192_o48/results/intfloat__e5-base_b533fe4636f4a2507c08ddab40644d20b0006d6a/intfloat__e5-base/b533fe4636f4a2507c08ddab40644d20b0006d6a
intfloat_e5_small,semantic_fixed,192,48,0.161300,intfloat_e5_small_semantic_fixed_c192_o48/results/intfloat__e5-small_e272f3049e853b47cb5ca3952268c6662abda68f/intfloat__e5-small/e272f3049e853b47cb5ca3952268c6662abda68f
BAAI_bge_base_en_v1.5,semantic_recursive,192,32,0.160980,BAAI_bge_base_en_v1.5_semantic_recursive_c192_o32/results/BAAI__bge-base-en-v1.5_a5beb1e3e68b9ab74eb54cfd186867f64f240e1a/BAAI__bge-base-en-v1.5/a5beb1e3e68b9ab74eb54cfd186867f64f240e1a
intfloat_e5_small,semantic_recursive,192,32,0.159860,intfloat_e5_small_semantic_recursive_c192_o32/results/intfloat__e5-small_e272f3049e853b47cb5ca3952268c6662abda68f/intfloat__e5-small/e272f3049e853b47cb5ca3952268c6662abda68f
BAAI_bge_large_en_v1.5,semantic_fixed,192,48,0.159800,BAAI_bge_large_en_v1.5_semantic_fixed_c192_o48/results/BAAI__bge-large-en-v1.5_d4aa6901d3a41ba39fb536a557fa166f842b0e09/BAAI__bge-large-en-v1.5/d4aa6901d3a41ba39fb536a557fa166f842b0e09
BAAI_bge_base_en_v1.5,fixed_token,192,48,0.158810,BAAI_bge_base_en_v1.5_fixed_token_c192_o48/results/BAAI__bge-base-en-v1.5_a5beb1e3e68b9ab74eb54cfd186867f64f240e1a/BAAI__bge-base-en-v1.5/a5beb1e3e68b9ab74eb54cfd186867f64f240e1a
intfloat_multilingual_e5_base,hierarchical_section,192,48,0.158290,intfloat_multilingual_e5_base_hierarchical_section_c192_o48/results/intfloat__multilingual-e5-base_d13f1b27baf31030b7fd040960d60d909913633f/intfloat__multilingual-e5-base/d13f1b27baf31030b7fd040960d60d909913633f
BAAI_bge_base_en_v1.5,semantic_recursive,192,48,0.158020,BAAI_bge_base_en_v1.5_semantic_recursive_c192_o48/results/BAAI__bge-base-en-v1.5_a5beb1e3e68b9ab74eb54cfd186867f64f240e1a/BAAI__bge-base-en-v1.5/a5beb1e3e68b9ab74eb54cfd186867f64f240e1a
BAAI_bge_large_en_v1.5,semantic_recursive,192,48,0.157080,BAAI_bge_large_en_v1.5_semantic_recursive_c192_o48/results/BAAI__bge-large-en-v1.5_d4aa6901d3a41ba39fb536a557fa166f842b0e09/BAAI__bge-large-en-v1.5/d4aa6901d3a41ba39fb536a557fa166f842b0e09
nomic_ai_nomic_embed_text_v1.5,hierarchical_section,128,0,0.156780,nomic_ai_nomic_embed_text_v1.5_hierarchical_section_c128_o0/results/nomic-ai__nomic-embed-text-v1.5_b0753ae76394dd36bcfb912a46018088bca48be0/nomic-ai__nomic-embed-text-v1.5/b0753ae76394dd36bcfb912a46018088bca48be0
intfloat_multilingual_e5_base,recursive_token,192,32,0.156080,intfloat_multilingual_e5_base_recursive_token_c192_o32/results/intfloat__multilingual-e5-base_d13f1b27baf31030b7fd040960d60d909913633f/intfloat__multilingual-e5-base/d13f1b27baf31030b7fd040960d60d909913633f
intfloat_e5_base,semantic_recursive,192,0,0.156010,intfloat_e5_base_semantic_recursive_c192_o0/results/intfloat__e5-base_b533fe4636f4a2507c08ddab40644d20b0006d6a/intfloat__e5-base/b533fe4636f4a2507c08ddab40644d20b0006d6a
intfloat_e5_base,semantic_recursive,192,16,0.155190,intfloat_e5_base_semantic_recursive_c192_o16/results/intfloat__e5-base_b533fe4636f4a2507c08ddab40644d20b0006d6a/intfloat__e5-base/b533fe4636f4a2507c08ddab40644d20b0006d6a
intfloat_e5_small,semantic_recursive,192,48,0.154850,intfloat_e5_small_semantic_recursive_c192_o48/results/intfloat__e5-small_e272f3049e853b47cb5ca3952268c6662abda68f/intfloat__e5-small/e272f3049e853b47cb5ca3952268c6662abda68f
BAAI_bge_base_en_v1.5,semantic_fixed,192,48,0.154140,BAAI_bge_base_en_v1.5_semantic_fixed_c192_o48/results/BAAI__bge-base-en-v1.5_a5beb1e3e68b9ab74eb54cfd186867f64f240e1a/BAAI__bge-base-en-v1.5/a5beb1e3e68b9ab74eb54cfd186867f64f240e1a
intfloat_e5_base,semantic_fixed,192,48,0.153440,intfloat_e5_base_semantic_fixed_c192_o48/results/intfloat__e5-base_b533fe4636f4a2507c08ddab40644d20b0006d6a/intfloat__e5-base/b533fe4636f4a2507c08ddab40644d20b0006d6a
intfloat_multilingual_e5_base,semantic_recursive,192,48,0.153330,intfloat_multilingual_e5_base_semantic_recursive_c192_o48/results/intfloat__multilingual-e5-base_d13f1b27baf31030b7fd040960d60d909913633f/intfloat__multilingual-e5-base/d13f1b27baf31030b7fd040960d60d909913633f
intfloat_multilingual_e5_base,semantic_fixed,192,48,0.152960,intfloat_multilingual_e5_base_semantic_fixed_c192_o48/results/intfloat__multilingual-e5-base_d13f1b27baf31030b7fd040960d60d909913633f/intfloat__multilingual-e5-base/d13f1b27baf31030b7fd040960d60d909913633f
intfloat_e5_base,semantic_recursive,192,32,0.150820,intfloat_e5_base_semantic_recursive_c192_o32/results/intfloat__e5-base_b533fe4636f4a2507c08ddab40644d20b0006d6a/intfloat__e5-base/b533fe4636f4a2507c08ddab40644d20b0006d6a
intfloat_multilingual_e5_base,fixed_token,192,48,0.150800,intfloat_multilingual_e5_base_fixed_token_c192_o48/results/intfloat__multilingual-e5-base_d13f1b27baf31030b7fd040960d60d909913633f/intfloat__multilingual-e5-base/d13f1b27baf31030b7fd040960d60d909913633f
nomic_ai_nomic_embed_text_v1,fixed_token,128,0,0.150410,nomic_ai_nomic_embed_text_v1_fixed_token_c128_o0/results/nomic-ai__nomic-embed-text-v1_0759316f275aa0cb93a5b830973843ca66babcf5/nomic-ai__nomic-embed-text-v1/0759316f275aa0cb93a5b830973843ca66babcf5
intfloat_e5_large,fixed_token,128,0,0.149960,intfloat_e5_large_fixed_token_c128_o0/results/intfloat__e5-large_4dc6d853a804b9c8886ede6dda8a073b7dc08a81/intfloat__e5-large/4dc6d853a804b9c8886ede6dda8a073b7dc08a81
BAAI_bge_base_en_v1.5,hierarchical_section,128,0,0.149130,BAAI_bge_base_en_v1.5_hierarchical_section_c128_o0/results/BAAI__bge-base-en-v1.5_a5beb1e3e68b9ab74eb54cfd186867f64f240e1a/BAAI__bge-base-en-v1.5/a5beb1e3e68b9ab74eb54cfd186867f64f240e1a
BAAI_bge_large_en_v1.5,hierarchical_section,128,0,0.148670,BAAI_bge_large_en_v1.5_hierarchical_section_c128_o0/results/BAAI__bge-large-en-v1.5_d4aa6901d3a41ba39fb536a557fa166f842b0e09/BAAI__bge-large-en-v1.5/d4aa6901d3a41ba39fb536a557fa166f842b0e09
intfloat_e5_large,semantic_fixed,128,0,0.147060,intfloat_e5_large_semantic_fixed_c128_o0/results/intfloat__e5-large_4dc6d853a804b9c8886ede6dda8a073b7dc08a81/intfloat__e5-large/4dc6d853a804b9c8886ede6dda8a073b7dc08a81
intfloat_e5_base,semantic_recursive,192,48,0.145600,intfloat_e5_base_semantic_recursive_c192_o48/results/intfloat__e5-base_b533fe4636f4a2507c08ddab40644d20b0006d6a/intfloat__e5-base/b533fe4636f4a2507c08ddab40644d20b0006d6a
nomic_ai_nomic_embed_text_v1,hierarchical_section,128,16,0.144180,nomic_ai_nomic_embed_text_v1_hierarchical_section_c128_o16/results/nomic-ai__nomic-embed-text-v1_0759316f275aa0cb93a5b830973843ca66babcf5/nomic-ai__nomic-embed-text-v1/0759316f275aa0cb93a5b830973843ca66babcf5
intfloat_e5_base,hierarchical_section,128,0,0.143660,intfloat_e5_base_hierarchical_section_c128_o0/results/intfloat__e5-base_b533fe4636f4a2507c08ddab40644d20b0006d6a/intfloat__e5-base/b533fe4636f4a2507c08ddab40644d20b0006d6a
nomic_ai_nomic_embed_text_v1.5,fixed_token,128,0,0.142540,nomic_ai_nomic_embed_text_v1.5_fixed_token_c128_o0/results/nomic-ai__nomic-embed-text-v1.5_b0753ae76394dd36bcfb912a46018088bca48be0/nomic-ai__nomic-embed-text-v1.5/b0753ae76394dd36bcfb912a46018088bca48be0
intfloat_multilingual_e5_base,recursive_token,192,48,0.142120,intfloat_multilingual_e5_base_recursive_token_c192_o48/results/intfloat__multilingual-e5-base_d13f1b27baf31030b7fd040960d60d909913633f/intfloat__multilingual-e5-base/d13f1b27baf31030b7fd040960d60d909913633f
intfloat_e5_small,hierarchical_section,128,0,0.141740,intfloat_e5_small_hierarchical_section_c128_o0/results/intfloat__e5-small_e272f3049e853b47cb5ca3952268c6662abda68f/intfloat__e5-small/e272f3049e853b47cb5ca3952268c6662abda68f
nomic_ai_nomic_embed_text_v1.5,hierarchical_section,128,16,0.141530,nomic_ai_nomic_embed_text_v1.5_hierarchical_section_c128_o16/results/nomic-ai__nomic-embed-text-v1.5_b0753ae76394dd36bcfb912a46018088bca48be0/nomic-ai__nomic-embed-text-v1.5/b0753ae76394dd36bcfb912a46018088bca48be0
intfloat_e5_large,fixed_token,128,16,0.141520,intfloat_e5_large_fixed_token_c128_o16/results/intfloat__e5-large_4dc6d853a804b9c8886ede6dda8a073b7dc08a81/intfloat__e5-large/4dc6d853a804b9c8886ede6dda8a073b7dc08a81
intfloat_e5_base,fixed_token,128,0,0.140590,intfloat_e5_base_fixed_token_c128_o0/results/intfloat__e5-base_b533fe4636f4a2507c08ddab40644d20b0006d6a/intfloat__e5-base/b533fe4636f4a2507c08ddab40644d20b0006d6a
BAAI_bge_large_en_v1.5,semantic_fixed,128,0,0.139920,BAAI_bge_large_en_v1.5_semantic_fixed_c128_o0/results/BAAI__bge-large-en-v1.5_d4aa6901d3a41ba39fb536a557fa166f842b0e09/BAAI__bge-large-en-v1.5/d4aa6901d3a41ba39fb536a557fa166f842b0e09
intfloat_e5_large,recursive_token,128,0,0.139840,intfloat_e5_large_recursive_token_c128_o0/results/intfloat__e5-large_4dc6d853a804b9c8886ede6dda8a073b7dc08a81/intfloat__e5-large/4dc6d853a804b9c8886ede6dda8a073b7dc08a81
nomic_ai_nomic_embed_text_v1,fixed_token,128,16,0.139840,nomic_ai_nomic_embed_text_v1_fixed_token_c128_o16/results/nomic-ai__nomic-embed-text-v1_0759316f275aa0cb93a5b830973843ca66babcf5/nomic-ai__nomic-embed-text-v1/0759316f275aa0cb93a5b830973843ca66babcf5
BAAI_bge_large_en_v1.5,fixed_token,128,0,0.139330,BAAI_bge_large_en_v1.5_fixed_token_c128_o0/results/BAAI__bge-large-en-v1.5_d4aa6901d3a41ba39fb536a557fa166f842b0e09/BAAI__bge-large-en-v1.5/d4aa6901d3a41ba39fb536a557fa166f842b0e09
BAAI_bge_base_en_v1.5,fixed_token,128,0,0.138120,BAAI_bge_base_en_v1.5_fixed_token_c128_o0/results/BAAI__bge-base-en-v1.5_a5beb1e3e68b9ab74eb54cfd186867f64f240e1a/BAAI__bge-base-en-v1.5/a5beb1e3e68b9ab74eb54cfd186867f64f240e1a
intfloat_e5_large,semantic_fixed,128,16,0.137920,intfloat_e5_large_semantic_fixed_c128_o16/results/intfloat__e5-large_4dc6d853a804b9c8886ede6dda8a073b7dc08a81/intfloat__e5-large/4dc6d853a804b9c8886ede6dda8a073b7dc08a81
intfloat_multilingual_e5_base,hierarchical_section,128,0,0.137800,intfloat_multilingual_e5_base_hierarchical_section_c128_o0/results/intfloat__multilingual-e5-base_d13f1b27baf31030b7fd040960d60d909913633f/intfloat__multilingual-e5-base/d13f1b27baf31030b7fd040960d60d909913633f
BAAI_bge_large_en_v1.5,hierarchical_section,128,16,0.136460,BAAI_bge_large_en_v1.5_hierarchical_section_c128_o16/results/BAAI__bge-large-en-v1.5_d4aa6901d3a41ba39fb536a557fa166f842b0e09/BAAI__bge-large-en-v1.5/d4aa6901d3a41ba39fb536a557fa166f842b0e09
intfloat_e5_large,recursive_token,128,16,0.136230,intfloat_e5_large_recursive_token_c128_o16/results/intfloat__e5-large_4dc6d853a804b9c8886ede6dda8a073b7dc08a81/intfloat__e5-large/4dc6d853a804b9c8886ede6dda8a073b7dc08a81
intfloat_multilingual_e5_base,semantic_fixed,128,0,0.135530,intfloat_multilingual_e5_base_semantic_fixed_c128_o0/results/intfloat__multilingual-e5-base_d13f1b27baf31030b7fd040960d60d909913633f/intfloat__multilingual-e5-base/d13f1b27baf31030b7fd040960d60d909913633f
nomic_ai_nomic_embed_text_v1,hierarchical_section,128,32,0.134220,nomic_ai_nomic_embed_text_v1_hierarchical_section_c128_o32/results/nomic-ai__nomic-embed-text-v1_0759316f275aa0cb93a5b830973843ca66babcf5/nomic-ai__nomic-embed-text-v1/0759316f275aa0cb93a5b830973843ca66babcf5
BAAI_bge_base_en_v1.5,semantic_fixed,128,0,0.134180,BAAI_bge_base_en_v1.5_semantic_fixed_c128_o0/results/BAAI__bge-base-en-v1.5_a5beb1e3e68b9ab74eb54cfd186867f64f240e1a/BAAI__bge-base-en-v1.5/a5beb1e3e68b9ab74eb54cfd186867f64f240e1a
intfloat_e5_small,semantic_fixed,128,0,0.133880,intfloat_e5_small_semantic_fixed_c128_o0/results/intfloat__e5-small_e272f3049e853b47cb5ca3952268c6662abda68f/intfloat__e5-small/e272f3049e853b47cb5ca3952268c6662abda68f
intfloat_e5_base,semantic_fixed,128,0,0.133640,intfloat_e5_base_semantic_fixed_c128_o0/results/intfloat__e5-base_b533fe4636f4a2507c08ddab40644d20b0006d6a/intfloat__e5-base/b533fe4636f4a2507c08ddab40644d20b0006d6a
nomic_ai_nomic_embed_text_v1,recursive_token,128,0,0.133500,nomic_ai_nomic_embed_text_v1_recursive_token_c128_o0/results/nomic-ai__nomic-embed-text-v1_0759316f275aa0cb93a5b830973843ca66babcf5/nomic-ai__nomic-embed-text-v1/0759316f275aa0cb93a5b830973843ca66babcf5
nomic_ai_nomic_embed_text_v1.5,fixed_token,128,16,0.133270,nomic_ai_nomic_embed_text_v1.5_fixed_token_c128_o16/results/nomic-ai__nomic-embed-text-v1.5_b0753ae76394dd36bcfb912a46018088bca48be0/nomic-ai__nomic-embed-text-v1.5/b0753ae76394dd36bcfb912a46018088bca48be0
intfloat_multilingual_e5_base,fixed_token,128,0,0.133160,intfloat_multilingual_e5_base_fixed_token_c128_o0/results/intfloat__multilingual-e5-base_d13f1b27baf31030b7fd040960d60d909913633f/intfloat__multilingual-e5-base/d13f1b27baf31030b7fd040960d60d909913633f
intfloat_e5_small,fixed_token,128,0,0.132950,intfloat_e5_small_fixed_token_c128_o0/results/intfloat__e5-small_e272f3049e853b47cb5ca3952268c6662abda68f/intfloat__e5-small/e272f3049e853b47cb5ca3952268c6662abda68f
intfloat_e5_base,hierarchical_section,128,16,0.132450,intfloat_e5_base_hierarchical_section_c128_o16/results/intfloat__e5-base_b533fe4636f4a2507c08ddab40644d20b0006d6a/intfloat__e5-base/b533fe4636f4a2507c08ddab40644d20b0006d6a
BAAI_bge_large_en_v1.5,recursive_token,128,0,0.131960,BAAI_bge_large_en_v1.5_recursive_token_c128_o0/results/BAAI__bge-large-en-v1.5_d4aa6901d3a41ba39fb536a557fa166f842b0e09/BAAI__bge-large-en-v1.5/d4aa6901d3a41ba39fb536a557fa166f842b0e09
BAAI_bge_large_en_v1.5,fixed_token,128,16,0.131790,BAAI_bge_large_en_v1.5_fixed_token_c128_o16/results/BAAI__bge-large-en-v1.5_d4aa6901d3a41ba39fb536a557fa166f842b0e09/BAAI__bge-large-en-v1.5/d4aa6901d3a41ba39fb536a557fa166f842b0e09
intfloat_e5_base,fixed_token,128,16,0.131140,intfloat_e5_base_fixed_token_c128_o16/results/intfloat__e5-base_b533fe4636f4a2507c08ddab40644d20b0006d6a/intfloat__e5-base/b533fe4636f4a2507c08ddab40644d20b0006d6a
BAAI_bge_large_en_v1.5,semantic_fixed,128,16,0.130180,BAAI_bge_large_en_v1.5_semantic_fixed_c128_o16/results/BAAI__bge-large-en-v1.5_d4aa6901d3a41ba39fb536a557fa166f842b0e09/BAAI__bge-large-en-v1.5/d4aa6901d3a41ba39fb536a557fa166f842b0e09
BAAI_bge_base_en_v1.5,hierarchical_section,128,16,0.130090,BAAI_bge_base_en_v1.5_hierarchical_section_c128_o16/results/BAAI__bge-base-en-v1.5_a5beb1e3e68b9ab74eb54cfd186867f64f240e1a/BAAI__bge-base-en-v1.5/a5beb1e3e68b9ab74eb54cfd186867f64f240e1a
intfloat_multilingual_e5_base,hierarchical_section,128,16,0.130020,intfloat_multilingual_e5_base_hierarchical_section_c128_o16/results/intfloat__multilingual-e5-base_d13f1b27baf31030b7fd040960d60d909913633f/intfloat__multilingual-e5-base/d13f1b27baf31030b7fd040960d60d909913633f
nomic_ai_nomic_embed_text_v1.5,hierarchical_section,128,32,0.128840,nomic_ai_nomic_embed_text_v1.5_hierarchical_section_c128_o32/results/nomic-ai__nomic-embed-text-v1.5_b0753ae76394dd36bcfb912a46018088bca48be0/nomic-ai__nomic-embed-text-v1.5/b0753ae76394dd36bcfb912a46018088bca48be0
nomic_ai_nomic_embed_text_v1,fixed_token,128,32,0.128620,nomic_ai_nomic_embed_text_v1_fixed_token_c128_o32/results/nomic-ai__nomic-embed-text-v1_0759316f275aa0cb93a5b830973843ca66babcf5/nomic-ai__nomic-embed-text-v1/0759316f275aa0cb93a5b830973843ca66babcf5
intfloat_e5_base,recursive_token,128,0,0.128420,intfloat_e5_base_recursive_token_c128_o0/results/intfloat__e5-base_b533fe4636f4a2507c08ddab40644d20b0006d6a/intfloat__e5-base/b533fe4636f4a2507c08ddab40644d20b0006d6a
nomic_ai_nomic_embed_text_v1.5,recursive_token,128,0,0.128360,nomic_ai_nomic_embed_text_v1.5_recursive_token_c128_o0/results/nomic-ai__nomic-embed-text-v1.5_b0753ae76394dd36bcfb912a46018088bca48be0/nomic-ai__nomic-embed-text-v1.5/b0753ae76394dd36bcfb912a46018088bca48be0
intfloat_e5_small,fixed_token,128,16,0.128180,intfloat_e5_small_fixed_token_c128_o16/results/intfloat__e5-small_e272f3049e853b47cb5ca3952268c6662abda68f/intfloat__e5-small/e272f3049e853b47cb5ca3952268c6662abda68f
BAAI_bge_large_en_v1.5,recursive_token,128,16,0.126890,BAAI_bge_large_en_v1.5_recursive_token_c128_o16/results/BAAI__bge-large-en-v1.5_d4aa6901d3a41ba39fb536a557fa166f842b0e09/BAAI__bge-large-en-v1.5/d4aa6901d3a41ba39fb536a557fa166f842b0e09
nomic_ai_nomic_embed_text_v1,recursive_token,128,16,0.126840,nomic_ai_nomic_embed_text_v1_recursive_token_c128_o16/results/nomic-ai__nomic-embed-text-v1_0759316f275aa0cb93a5b830973843ca66babcf5/nomic-ai__nomic-embed-text-v1/0759316f275aa0cb93a5b830973843ca66babcf5
intfloat_e5_small,hierarchical_section,128,16,0.126690,intfloat_e5_small_hierarchical_section_c128_o16/results/intfloat__e5-small_e272f3049e853b47cb5ca3952268c6662abda68f/intfloat__e5-small/e272f3049e853b47cb5ca3952268c6662abda68f
nomic_ai_nomic_embed_text_v1.5,recursive_token,128,16,0.126690,nomic_ai_nomic_embed_text_v1.5_recursive_token_c128_o16/results/nomic-ai__nomic-embed-text-v1.5_b0753ae76394dd36bcfb912a46018088bca48be0/nomic-ai__nomic-embed-text-v1.5/b0753ae76394dd36bcfb912a46018088bca48be0
intfloat_e5_small,recursive_token,128,0,0.126420,intfloat_e5_small_recursive_token_c128_o0/results/intfloat__e5-small_e272f3049e853b47cb5ca3952268c6662abda68f/intfloat__e5-small/e272f3049e853b47cb5ca3952268c6662abda68f
BAAI_bge_base_en_v1.5,recursive_token,128,0,0.126360,BAAI_bge_base_en_v1.5_recursive_token_c128_o0/results/BAAI__bge-base-en-v1.5_a5beb1e3e68b9ab74eb54cfd186867f64f240e1a/BAAI__bge-base-en-v1.5/a5beb1e3e68b9ab74eb54cfd186867f64f240e1a
intfloat_e5_large,recursive_token,128,32,0.126090,intfloat_e5_large_recursive_token_c128_o32/results/intfloat__e5-large_4dc6d853a804b9c8886ede6dda8a073b7dc08a81/intfloat__e5-large/4dc6d853a804b9c8886ede6dda8a073b7dc08a81
intfloat_e5_base,recursive_token,128,16,0.125880,intfloat_e5_base_recursive_token_c128_o16/results/intfloat__e5-base_b533fe4636f4a2507c08ddab40644d20b0006d6a/intfloat__e5-base/b533fe4636f4a2507c08ddab40644d20b0006d6a
BAAI_bge_large_en_v1.5,hierarchical_section,128,32,0.125870,BAAI_bge_large_en_v1.5_hierarchical_section_c128_o32/results/BAAI__bge-large-en-v1.5_d4aa6901d3a41ba39fb536a557fa166f842b0e09/BAAI__bge-large-en-v1.5/d4aa6901d3a41ba39fb536a557fa166f842b0e09
intfloat_e5_small,semantic_fixed,128,16,0.125260,intfloat_e5_small_semantic_fixed_c128_o16/results/intfloat__e5-small_e272f3049e853b47cb5ca3952268c6662abda68f/intfloat__e5-small/e272f3049e853b47cb5ca3952268c6662abda68f
intfloat_e5_large,fixed_token,128,32,0.125010,intfloat_e5_large_fixed_token_c128_o32/results/intfloat__e5-large_4dc6d853a804b9c8886ede6dda8a073b7dc08a81/intfloat__e5-large/4dc6d853a804b9c8886ede6dda8a073b7dc08a81
BAAI_bge_base_en_v1.5,hierarchical_section,128,32,0.124360,BAAI_bge_base_en_v1.5_hierarchical_section_c128_o32/results/BAAI__bge-base-en-v1.5_a5beb1e3e68b9ab74eb54cfd186867f64f240e1a/BAAI__bge-base-en-v1.5/a5beb1e3e68b9ab74eb54cfd186867f64f240e1a
BAAI_bge_base_en_v1.5,fixed_token,128,16,0.124330,BAAI_bge_base_en_v1.5_fixed_token_c128_o16/results/BAAI__bge-base-en-v1.5_a5beb1e3e68b9ab74eb54cfd186867f64f240e1a/BAAI__bge-base-en-v1.5/a5beb1e3e68b9ab74eb54cfd186867f64f240e1a
nomic_ai_nomic_embed_text_v1,recursive_token,128,32,0.124110,nomic_ai_nomic_embed_text_v1_recursive_token_c128_o32/results/nomic-ai__nomic-embed-text-v1_0759316f275aa0cb93a5b830973843ca66babcf5/nomic-ai__nomic-embed-text-v1/0759316f275aa0cb93a5b830973843ca66babcf5
BAAI_bge_base_en_v1.5,recursive_token,128,16,0.123550,BAAI_bge_base_en_v1.5_recursive_token_c128_o16/results/BAAI__bge-base-en-v1.5_a5beb1e3e68b9ab74eb54cfd186867f64f240e1a/BAAI__bge-base-en-v1.5/a5beb1e3e68b9ab74eb54cfd186867f64f240e1a
BAAI_bge_base_en_v1.5,semantic_fixed,128,16,0.123410,BAAI_bge_base_en_v1.5_semantic_fixed_c128_o16/results/BAAI__bge-base-en-v1.5_a5beb1e3e68b9ab74eb54cfd186867f64f240e1a/BAAI__bge-base-en-v1.5/a5beb1e3e68b9ab74eb54cfd186867f64f240e1a
intfloat_e5_base,hierarchical_section,128,32,0.123050,intfloat_e5_base_hierarchical_section_c128_o32/results/intfloat__e5-base_b533fe4636f4a2507c08ddab40644d20b0006d6a/intfloat__e5-base/b533fe4636f4a2507c08ddab40644d20b0006d6a
intfloat_e5_small,recursive_token,128,16,0.122980,intfloat_e5_small_recursive_token_c128_o16/results/intfloat__e5-small_e272f3049e853b47cb5ca3952268c6662abda68f/intfloat__e5-small/e272f3049e853b47cb5ca3952268c6662abda68f
nomic_ai_nomic_embed_text_v1.5,fixed_token,128,32,0.122160,nomic_ai_nomic_embed_text_v1.5_fixed_token_c128_o32/results/nomic-ai__nomic-embed-text-v1.5_b0753ae76394dd36bcfb912a46018088bca48be0/nomic-ai__nomic-embed-text-v1.5/b0753ae76394dd36bcfb912a46018088bca48be0
intfloat_e5_base,recursive_token,128,32,0.122110,intfloat_e5_base_recursive_token_c128_o32/results/intfloat__e5-base_b533fe4636f4a2507c08ddab40644d20b0006d6a/intfloat__e5-base/b533fe4636f4a2507c08ddab40644d20b0006d6a
intfloat_e5_base,semantic_fixed,128,16,0.122080,intfloat_e5_base_semantic_fixed_c128_o16/results/intfloat__e5-base_b533fe4636f4a2507c08ddab40644d20b0006d6a/intfloat__e5-base/b533fe4636f4a2507c08ddab40644d20b0006d6a
nomic_ai_nomic_embed_text_v1.5,recursive_token,128,32,0.121890,nomic_ai_nomic_embed_text_v1.5_recursive_token_c128_o32/results/nomic-ai__nomic-embed-text-v1.5_b0753ae76394dd36bcfb912a46018088bca48be0/nomic-ai__nomic-embed-text-v1.5/b0753ae76394dd36bcfb912a46018088bca48be0
BAAI_bge_large_en_v1.5,recursive_token,128,32,0.121850,BAAI_bge_large_en_v1.5_recursive_token_c128_o32/results/BAAI__bge-large-en-v1.5_d4aa6901d3a41ba39fb536a557fa166f842b0e09/BAAI__bge-large-en-v1.5/d4aa6901d3a41ba39fb536a557fa166f842b0e09
intfloat_e5_small,hierarchical_section,128,32,0.120560,intfloat_e5_small_hierarchical_section_c128_o32/results/intfloat__e5-small_e272f3049e853b47cb5ca3952268c6662abda68f/intfloat__e5-small/e272f3049e853b47cb5ca3952268c6662abda68f
intfloat_e5_large,semantic_fixed,128,32,0.120510,intfloat_e5_large_semantic_fixed_c128_o32/results/intfloat__e5-large_4dc6d853a804b9c8886ede6dda8a073b7dc08a81/intfloat__e5-large/4dc6d853a804b9c8886ede6dda8a073b7dc08a81
intfloat_multilingual_e5_base,semantic_fixed,128,16,0.119540,intfloat_multilingual_e5_base_semantic_fixed_c128_o16/results/intfloat__multilingual-e5-base_d13f1b27baf31030b7fd040960d60d909913633f/intfloat__multilingual-e5-base/d13f1b27baf31030b7fd040960d60d909913633f
intfloat_multilingual_e5_base,semantic_recursive,128,0,0.119300,intfloat_multilingual_e5_base_semantic_recursive_c128_o0/results/intfloat__multilingual-e5-base_d13f1b27baf31030b7fd040960d60d909913633f/intfloat__multilingual-e5-base/d13f1b27baf31030b7fd040960d60d909913633f
BAAI_bge_large_en_v1.5,semantic_recursive,128,0,0.118790,BAAI_bge_large_en_v1.5_semantic_recursive_c128_o0/results/BAAI__bge-large-en-v1.5_d4aa6901d3a41ba39fb536a557fa166f842b0e09/BAAI__bge-large-en-v1.5/d4aa6901d3a41ba39fb536a557fa166f842b0e09
intfloat_multilingual_e5_base,fixed_token,128,16,0.117800,intfloat_multilingual_e5_base_fixed_token_c128_o16/results/intfloat__multilingual-e5-base_d13f1b27baf31030b7fd040960d60d909913633f/intfloat__multilingual-e5-base/d13f1b27baf31030b7fd040960d60d909913633f
BAAI_bge_large_en_v1.5,fixed_token,128,32,0.117390,BAAI_bge_large_en_v1.5_fixed_token_c128_o32/results/BAAI__bge-large-en-v1.5_d4aa6901d3a41ba39fb536a557fa166f842b0e09/BAAI__bge-large-en-v1.5/d4aa6901d3a41ba39fb536a557fa166f842b0e09
intfloat_e5_base,fixed_token,128,32,0.117330,intfloat_e5_base_fixed_token_c128_o32/results/intfloat__e5-base_b533fe4636f4a2507c08ddab40644d20b0006d6a/intfloat__e5-base/b533fe4636f4a2507c08ddab40644d20b0006d6a
intfloat_multilingual_e5_base,semantic_recursive,128,16,0.117100,intfloat_multilingual_e5_base_semantic_recursive_c128_o16/results/intfloat__multilingual-e5-base_d13f1b27baf31030b7fd040960d60d909913633f/intfloat__multilingual-e5-base/d13f1b27baf31030b7fd040960d60d909913633f
intfloat_multilingual_e5_base,hierarchical_section,128,32,0.116740,intfloat_multilingual_e5_base_hierarchical_section_c128_o32/results/intfloat__multilingual-e5-base_d13f1b27baf31030b7fd040960d60d909913633f/intfloat__multilingual-e5-base/d13f1b27baf31030b7fd040960d60d909913633f
BAAI_bge_base_en_v1.5,recursive_token,128,32,0.116570,BAAI_bge_base_en_v1.5_recursive_token_c128_o32/results/BAAI__bge-base-en-v1.5_a5beb1e3e68b9ab74eb54cfd186867f64f240e1a/BAAI__bge-base-en-v1.5/a5beb1e3e68b9ab74eb54cfd186867f64f240e1a
intfloat_e5_small,recursive_token,128,32,0.116480,intfloat_e5_small_recursive_token_c128_o32/results/intfloat__e5-small_e272f3049e853b47cb5ca3952268c6662abda68f/intfloat__e5-small/e272f3049e853b47cb5ca3952268c6662abda68f
intfloat_e5_small,semantic_recursive,128,0,0.116400,intfloat_e5_small_semantic_recursive_c128_o0/results/intfloat__e5-small_e272f3049e853b47cb5ca3952268c6662abda68f/intfloat__e5-small/e272f3049e853b47cb5ca3952268c6662abda68f
BAAI_bge_large_en_v1.5,semantic_fixed,128,32,0.115950,BAAI_bge_large_en_v1.5_semantic_fixed_c128_o32/results/BAAI__bge-large-en-v1.5_d4aa6901d3a41ba39fb536a557fa166f842b0e09/BAAI__bge-large-en-v1.5/d4aa6901d3a41ba39fb536a557fa166f842b0e09
BAAI_bge_large_en_v1.5,semantic_recursive,128,16,0.115530,BAAI_bge_large_en_v1.5_semantic_recursive_c128_o16/results/BAAI__bge-large-en-v1.5_d4aa6901d3a41ba39fb536a557fa166f842b0e09/BAAI__bge-large-en-v1.5/d4aa6901d3a41ba39fb536a557fa166f842b0e09
intfloat_e5_small,semantic_recursive,128,16,0.114670,intfloat_e5_small_semantic_recursive_c128_o16/results/intfloat__e5-small_e272f3049e853b47cb5ca3952268c6662abda68f/intfloat__e5-small/e272f3049e853b47cb5ca3952268c6662abda68f
intfloat_e5_base,semantic_recursive,128,0,0.114440,intfloat_e5_base_semantic_recursive_c128_o0/results/intfloat__e5-base_b533fe4636f4a2507c08ddab40644d20b0006d6a/intfloat__e5-base/b533fe4636f4a2507c08ddab40644d20b0006d6a
intfloat_e5_base,semantic_recursive,128,16,0.114300,intfloat_e5_base_semantic_recursive_c128_o16/results/intfloat__e5-base_b533fe4636f4a2507c08ddab40644d20b0006d6a/intfloat__e5-base/b533fe4636f4a2507c08ddab40644d20b0006d6a
intfloat_multilingual_e5_base,recursive_token,128,16,0.113450,intfloat_multilingual_e5_base_recursive_token_c128_o16/results/intfloat__multilingual-e5-base_d13f1b27baf31030b7fd040960d60d909913633f/intfloat__multilingual-e5-base/d13f1b27baf31030b7fd040960d60d909913633f
intfloat_e5_small,fixed_token,128,32,0.113360,intfloat_e5_small_fixed_token_c128_o32/results/intfloat__e5-small_e272f3049e853b47cb5ca3952268c6662abda68f/intfloat__e5-small/e272f3049e853b47cb5ca3952268c6662abda68f
intfloat_multilingual_e5_base,recursive_token,128,0,0.113250,intfloat_multilingual_e5_base_recursive_token_c128_o0/results/intfloat__multilingual-e5-base_d13f1b27baf31030b7fd040960d60d909913633f/intfloat__multilingual-e5-base/d13f1b27baf31030b7fd040960d60d909913633f
BAAI_bge_large_en_v1.5,semantic_recursive,128,32,0.113240,BAAI_bge_large_en_v1.5_semantic_recursive_c128_o32/results/BAAI__bge-large-en-v1.5_d4aa6901d3a41ba39fb536a557fa166f842b0e09/BAAI__bge-large-en-v1.5/d4aa6901d3a41ba39fb536a557fa166f842b0e09
intfloat_e5_base,semantic_fixed,128,32,0.112860,intfloat_e5_base_semantic_fixed_c128_o32/results/intfloat__e5-base_b533fe4636f4a2507c08ddab40644d20b0006d6a/intfloat__e5-base/b533fe4636f4a2507c08ddab40644d20b0006d6a
BAAI_bge_base_en_v1.5,semantic_recursive,128,0,0.112690,BAAI_bge_base_en_v1.5_semantic_recursive_c128_o0/results/BAAI__bge-base-en-v1.5_a5beb1e3e68b9ab74eb54cfd186867f64f240e1a/BAAI__bge-base-en-v1.5/a5beb1e3e68b9ab74eb54cfd186867f64f240e1a
BAAI_bge_base_en_v1.5,semantic_recursive,128,16,0.112400,BAAI_bge_base_en_v1.5_semantic_recursive_c128_o16/results/BAAI__bge-base-en-v1.5_a5beb1e3e68b9ab74eb54cfd186867f64f240e1a/BAAI__bge-base-en-v1.5/a5beb1e3e68b9ab74eb54cfd186867f64f240e1a
intfloat_e5_small,semantic_fixed,128,32,0.112110,intfloat_e5_small_semantic_fixed_c128_o32/results/intfloat__e5-small_e272f3049e853b47cb5ca3952268c6662abda68f/intfloat__e5-small/e272f3049e853b47cb5ca3952268c6662abda68f
intfloat_multilingual_e5_base,semantic_recursive,128,32,0.112070,intfloat_multilingual_e5_base_semantic_recursive_c128_o32/results/intfloat__multilingual-e5-base_d13f1b27baf31030b7fd040960d60d909913633f/intfloat__multilingual-e5-base/d13f1b27baf31030b7fd040960d60d909913633f
BAAI_bge_base_en_v1.5,semantic_fixed,128,32,0.112050,BAAI_bge_base_en_v1.5_semantic_fixed_c128_o32/results/BAAI__bge-base-en-v1.5_a5beb1e3e68b9ab74eb54cfd186867f64f240e1a/BAAI__bge-base-en-v1.5/a5beb1e3e68b9ab74eb54cfd186867f64f240e1a
BAAI_bge_base_en_v1.5,fixed_token,128,32,0.111650,BAAI_bge_base_en_v1.5_fixed_token_c128_o32/results/BAAI__bge-base-en-v1.5_a5beb1e3e68b9ab74eb54cfd186867f64f240e1a/BAAI__bge-base-en-v1.5/a5beb1e3e68b9ab74eb54cfd186867f64f240e1a
intfloat_e5_base,semantic_recursive,128,32,0.111510,intfloat_e5_base_semantic_recursive_c128_o32/results/intfloat__e5-base_b533fe4636f4a2507c08ddab40644d20b0006d6a/intfloat__e5-base/b533fe4636f4a2507c08ddab40644d20b0006d6a
intfloat_multilingual_e5_base,recursive_token,128,32,0.110620,intfloat_multilingual_e5_base_recursive_token_c128_o32/results/intfloat__multilingual-e5-base_d13f1b27baf31030b7fd040960d60d909913633f/intfloat__multilingual-e5-base/d13f1b27baf31030b7fd040960d60d909913633f
intfloat_e5_small,semantic_recursive,128,32,0.109420,intfloat_e5_small_semantic_recursive_c128_o32/results/intfloat__e5-small_e272f3049e853b47cb5ca3952268c6662abda68f/intfloat__e5-small/e272f3049e853b47cb5ca3952268c6662abda68f
BAAI_bge_base_en_v1.5,semantic_recursive,128,32,0.109020,BAAI_bge_base_en_v1.5_semantic_recursive_c128_o32/results/BAAI__bge-base-en-v1.5_a5beb1e3e68b9ab74eb54cfd186867f64f240e1a/BAAI__bge-base-en-v1.5/a5beb1e3e68b9ab74eb54cfd186867f64f240e1a
intfloat_multilingual_e5_base,semantic_fixed,128,32,0.107290,intfloat_multilingual_e5_base_semantic_fixed_c128_o32/results/intfloat__multilingual-e5-base_d13f1b27baf31030b7fd040960d60d909913633f/intfloat__multilingual-e5-base/d13f1b27baf31030b7fd040960d60d909913633f
intfloat_multilingual_e5_base,fixed_token,128,32,0.106450,intfloat_multilingual_e5_base_fixed_token_c128_o32/results/intfloat__multilingual-e5-base_d13f1b27baf31030b7fd040960d60d909913633f/intfloat__multilingual-e5-base/d13f1b27baf31030b7fd040960d60d909913633f
