model_name,chunker,token_size,overlap,loss_total,ndcg_at_10,map_at_10,mrr_at_10,recall_at_20,precision_at_1,precision_at_10,loss_ndcg,loss_map,loss_mrr,loss_rec,loss_decay,loss_rob,loss_cost,nauc_ndcg_at_10_max,nauc_ndcg_at_10_std,cost_norm,rel_path
nomic_ai_nomic_embed_text_v1,fixed_token,448,0,0.484547,0.455380,0.369770,0.426347,0.776940,0.298320,0.096950,0.544620,0.630230,0.573653,0.223060,0.675013,0.000000,0.000000,0.229118,0.031003,1.000000,nomic_ai_nomic_embed_text_v1_fixed_token_c448_o0/results/nomic-ai__nomic-embed-text-v1_0759316f275aa0cb93a5b830973843ca66babcf5/nomic-ai__nomic-embed-text-v1/0759316f275aa0cb93a5b830973843ca66babcf5
nomic_ai_nomic_embed_text_v1,fixed_token,384,0,0.488359,0.449820,0.358490,0.422243,0.775280,0.289920,0.103050,0.550180,0.641510,0.577757,0.224720,0.644557,0.000000,0.000000,0.230822,0.030694,1.000000,nomic_ai_nomic_embed_text_v1_fixed_token_c384_o0/results/nomic-ai__nomic-embed-text-v1_0759316f275aa0cb93a5b830973843ca66babcf5/nomic-ai__nomic-embed-text-v1/0759316f275aa0cb93a5b830973843ca66babcf5
nomic_ai_nomic_embed_text_v1,recursive_token,448,32,0.489590,0.453550,0.364010,0.427975,0.777920,0.300420,0.099680,0.546450,0.635990,0.572025,0.222080,0.668198,0.073388,0.000000,0.211957,0.053269,1.000000,nomic_ai_nomic_embed_text_v1_recursive_token_c448_o32/results/nomic-ai__nomic-embed-text-v1_0759316f275aa0cb93a5b830973843ca66babcf5/nomic-ai__nomic-embed-text-v1/0759316f275aa0cb93a5b830973843ca66babcf5
nomic_ai_nomic_embed_text_v1,recursive_token,384,16,0.491377,0.447950,0.361940,0.429084,0.754950,0.305670,0.099370,0.552050,0.638060,0.570916,0.245050,0.674911,0.000000,0.000000,0.219901,0.025453,1.000000,nomic_ai_nomic_embed_text_v1_recursive_token_c384_o16/results/nomic-ai__nomic-embed-text-v1_0759316f275aa0cb93a5b830973843ca66babcf5/nomic-ai__nomic-embed-text-v1/0759316f275aa0cb93a5b830973843ca66babcf5
nomic_ai_nomic_embed_text_v1,fixed_token,448,32,0.491993,0.443430,0.356850,0.410935,0.782810,0.276260,0.097900,0.556570,0.643150,0.589065,0.217190,0.645624,0.000000,0.000000,0.217028,0.020231,1.000000,nomic_ai_nomic_embed_text_v1_fixed_token_c448_o32/results/nomic-ai__nomic-embed-text-v1_0759316f275aa0cb93a5b830973843ca66babcf5/nomic-ai__nomic-embed-text-v1/0759316f275aa0cb93a5b830973843ca66babcf5
nomic_ai_nomic_embed_text_v1,semantic_fixed,448,0,0.492134,0.446480,0.356420,0.418199,0.764830,0.286760,0.099580,0.553520,0.643580,0.581801,0.235170,0.652741,0.000000,0.000000,0.235055,0.028196,1.000000,nomic_ai_nomic_embed_text_v1_semantic_fixed_c448_o0/results/nomic-ai__nomic-embed-text-v1_0759316f275aa0cb93a5b830973843ca66babcf5/nomic-ai__nomic-embed-text-v1/0759316f275aa0cb93a5b830973843ca66babcf5
nomic_ai_nomic_embed_text_v1,recursive_token,448,64,0.492518,0.443880,0.350760,0.421122,0.775530,0.282560,0.101260,0.556120,0.649240,0.578878,0.224470,0.641634,0.000000,0.000000,0.244301,0.060504,1.000000,nomic_ai_nomic_embed_text_v1_recursive_token_c448_o64/results/nomic-ai__nomic-embed-text-v1_0759316f275aa0cb93a5b830973843ca66babcf5/nomic-ai__nomic-embed-text-v1/0759316f275aa0cb93a5b830973843ca66babcf5
nomic_ai_nomic_embed_text_v1,recursive_token,448,0,0.493473,0.448670,0.356090,0.428287,0.773600,0.297270,0.102940,0.551330,0.643910,0.571713,0.226400,0.653715,0.081917,0.000000,0.190787,-0.014341,1.000000,nomic_ai_nomic_embed_text_v1_recursive_token_c448_o0/results/nomic-ai__nomic-embed-text-v1_0759316f275aa0cb93a5b830973843ca66babcf5/nomic-ai__nomic-embed-text-v1/0759316f275aa0cb93a5b830973843ca66babcf5
nomic_ai_nomic_embed_text_v1,fixed_token,448,16,0.493552,0.448660,0.362230,0.428290,0.764290,0.304620,0.099370,0.551340,0.637770,0.571710,0.235710,0.673790,0.069270,0.000000,0.202810,0.033328,1.000000,nomic_ai_nomic_embed_text_v1_fixed_token_c448_o16/results/nomic-ai__nomic-embed-text-v1_0759316f275aa0cb93a5b830973843ca66babcf5/nomic-ai__nomic-embed-text-v1/0759316f275aa0cb93a5b830973843ca66babcf5
nomic_ai_nomic_embed_text_v1,fixed_token,448,48,0.493736,0.442940,0.351520,0.420569,0.768960,0.285710,0.101050,0.557060,0.648480,0.579431,0.231040,0.646320,0.000000,0.000000,0.251295,0.055471,1.000000,nomic_ai_nomic_embed_text_v1_fixed_token_c448_o48/results/nomic-ai__nomic-embed-text-v1_0759316f275aa0cb93a5b830973843ca66babcf5/nomic-ai__nomic-embed-text-v1/0759316f275aa0cb93a5b830973843ca66babcf5
nomic_ai_nomic_embed_text_v1,recursive_token,448,16,0.493778,0.449980,0.359900,0.425559,0.770500,0.294120,0.100740,0.550020,0.640100,0.574441,0.229500,0.657487,0.099620,0.000000,0.187238,-0.014324,1.000000,nomic_ai_nomic_embed_text_v1_recursive_token_c448_o16/results/nomic-ai__nomic-embed-text-v1_0759316f275aa0cb93a5b830973843ca66babcf5/nomic-ai__nomic-embed-text-v1/0759316f275aa0cb93a5b830973843ca66babcf5
nomic_ai_nomic_embed_text_v1,fixed_token,448,64,0.494638,0.441820,0.350640,0.417171,0.762220,0.282560,0.104410,0.558180,0.649360,0.582829,0.237780,0.630486,0.000000,0.000000,0.251570,0.056544,1.000000,nomic_ai_nomic_embed_text_v1_fixed_token_c448_o64/results/nomic-ai__nomic-embed-text-v1_0759316f275aa0cb93a5b830973843ca66babcf5/nomic-ai__nomic-embed-text-v1/0759316f275aa0cb93a5b830973843ca66babcf5
nomic_ai_nomic_embed_text_v1,semantic_fixed,384,16,0.495072,0.447310,0.361090,0.425642,0.752700,0.301470,0.097270,0.552690,0.638910,0.574358,0.247300,0.677348,0.050925,0.000000,0.209503,0.039376,1.000000,nomic_ai_nomic_embed_text_v1_semantic_fixed_c384_o16/results/nomic-ai__nomic-embed-text-v1_0759316f275aa0cb93a5b830973843ca66babcf5/nomic-ai__nomic-embed-text-v1/0759316f275aa0cb93a5b830973843ca66babcf5
BAAI_bge_large_en_v1.5,fixed_token,448,0,0.495600,0.442670,0.353370,0.413407,0.766320,0.290970,0.096320,0.557330,0.646630,0.586593,0.233680,0.668969,0.000000,0.000000,0.230670,0.045066,1.000000,BAAI_bge_large_en_v1.5_fixed_token_c448_o0/results/BAAI__bge-large-en-v1.5_d4aa6901d3a41ba39fb536a557fa166f842b0e09/BAAI__bge-large-en-v1.5/d4aa6901d3a41ba39fb536a557fa166f842b0e09
nomic_ai_nomic_embed_text_v1,recursive_token,448,48,0.497021,0.451750,0.359730,0.426974,0.777520,0.294120,0.103050,0.548250,0.640270,0.573026,0.222480,0.649633,0.204453,0.000000,0.173724,0.029229,1.000000,nomic_ai_nomic_embed_text_v1_recursive_token_c448_o48/results/nomic-ai__nomic-embed-text-v1_0759316f275aa0cb93a5b830973843ca66babcf5/nomic-ai__nomic-embed-text-v1/0759316f275aa0cb93a5b830973843ca66babcf5
nomic_ai_nomic_embed_text_v1,semantic_fixed,448,32,0.497181,0.437690,0.351600,0.407348,0.772290,0.279410,0.098210,0.562310,0.648400,0.592652,0.227710,0.648509,0.000000,0.000000,0.212150,0.016137,1.000000,nomic_ai_nomic_embed_text_v1_semantic_fixed_c448_o32/results/nomic-ai__nomic-embed-text-v1_0759316f275aa0cb93a5b830973843ca66babcf5/nomic-ai__nomic-embed-text-v1/0759316f275aa0cb93a5b830973843ca66babcf5
nomic_ai_nomic_embed_text_v1,recursive_token,384,0,0.497350,0.446680,0.359750,0.423381,0.765830,0.289920,0.099160,0.553320,0.640250,0.576619,0.234170,0.657975,0.126560,0.000000,0.187606,0.025836,1.000000,nomic_ai_nomic_embed_text_v1_recursive_token_c384_o0/results/nomic-ai__nomic-embed-text-v1_0759316f275aa0cb93a5b830973843ca66babcf5/nomic-ai__nomic-embed-text-v1/0759316f275aa0cb93a5b830973843ca66babcf5
nomic_ai_nomic_embed_text_v1,semantic_fixed,384,0,0.498491,0.436700,0.349620,0.403846,0.761570,0.267860,0.099260,0.563300,0.650380,0.596154,0.238430,0.629433,0.000000,0.000000,0.214933,0.019355,1.000000,nomic_ai_nomic_embed_text_v1_semantic_fixed_c384_o0/results/nomic-ai__nomic-embed-text-v1_0759316f275aa0cb93a5b830973843ca66babcf5/nomic-ai__nomic-embed-text-v1/0759316f275aa0cb93a5b830973843ca66babcf5
nomic_ai_nomic_embed_text_v1,semantic_fixed,448,48,0.499201,0.437350,0.345700,0.413640,0.758490,0.284660,0.100420,0.562650,0.654300,0.586360,0.241510,0.647228,0.000000,0.000000,0.245286,0.030396,1.000000,nomic_ai_nomic_embed_text_v1_semantic_fixed_c448_o48/results/nomic-ai__nomic-embed-text-v1_0759316f275aa0cb93a5b830973843ca66babcf5/nomic-ai__nomic-embed-text-v1/0759316f275aa0cb93a5b830973843ca66babcf5
nomic_ai_nomic_embed_text_v1,fixed_token,384,16,0.501749,0.439710,0.351840,0.418188,0.762890,0.286760,0.097480,0.560290,0.648160,0.581812,0.237110,0.660064,0.101820,0.000000,0.198647,0.038022,1.000000,nomic_ai_nomic_embed_text_v1_fixed_token_c384_o16/results/nomic-ai__nomic-embed-text-v1_0759316f275aa0cb93a5b830973843ca66babcf5/nomic-ai__nomic-embed-text-v1/0759316f275aa0cb93a5b830973843ca66babcf5
nomic_ai_nomic_embed_text_v1,recursive_token,320,0,0.502638,0.437560,0.353580,0.425461,0.732720,0.306720,0.096850,0.562440,0.646420,0.574539,0.267280,0.684240,0.037245,0.000000,0.197569,0.010036,1.000000,nomic_ai_nomic_embed_text_v1_recursive_token_c320_o0/results/nomic-ai__nomic-embed-text-v1_0759316f275aa0cb93a5b830973843ca66babcf5/nomic-ai__nomic-embed-text-v1/0759316f275aa0cb93a5b830973843ca66babcf5
nomic_ai_nomic_embed_text_v1,semantic_recursive,448,32,0.502927,0.436000,0.352050,0.415878,0.739410,0.287820,0.096010,0.564000,0.647950,0.584122,0.260590,0.666423,0.034903,0.000000,0.196127,0.006215,1.000000,nomic_ai_nomic_embed_text_v1_semantic_recursive_c448_o32/results/nomic-ai__nomic-embed-text-v1_0759316f275aa0cb93a5b830973843ca66babcf5/nomic-ai__nomic-embed-text-v1/0759316f275aa0cb93a5b830973843ca66babcf5
nomic_ai_nomic_embed_text_v1,recursive_token,384,32,0.503063,0.439710,0.356840,0.418723,0.753450,0.296220,0.095170,0.560290,0.643160,0.581277,0.246550,0.678719,0.111645,0.000000,0.181139,0.006936,1.000000,nomic_ai_nomic_embed_text_v1_recursive_token_c384_o32/results/nomic-ai__nomic-embed-text-v1_0759316f275aa0cb93a5b830973843ca66babcf5/nomic-ai__nomic-embed-text-v1/0759316f275aa0cb93a5b830973843ca66babcf5
nomic_ai_nomic_embed_text_v1,semantic_recursive,448,0,0.503807,0.432120,0.348940,0.410617,0.739230,0.280460,0.095170,0.567880,0.651060,0.589383,0.260770,0.660665,0.000000,0.000000,0.203382,0.001083,1.000000,nomic_ai_nomic_embed_text_v1_semantic_recursive_c448_o0/results/nomic-ai__nomic-embed-text-v1_0759316f275aa0cb93a5b830973843ca66babcf5/nomic-ai__nomic-embed-text-v1/0759316f275aa0cb93a5b830973843ca66babcf5
nomic_ai_nomic_embed_text_v1,semantic_recursive,448,16,0.504107,0.432420,0.348560,0.411620,0.735890,0.282560,0.095170,0.567580,0.651440,0.588380,0.264110,0.663187,0.000000,0.000000,0.213187,0.002741,1.000000,nomic_ai_nomic_embed_text_v1_semantic_recursive_c448_o16/results/nomic-ai__nomic-embed-text-v1_0759316f275aa0cb93a5b830973843ca66babcf5/nomic-ai__nomic-embed-text-v1/0759316f275aa0cb93a5b830973843ca66babcf5
nomic_ai_nomic_embed_text_v1,semantic_fixed,448,16,0.504187,0.436120,0.348660,0.411252,0.754310,0.283610,0.098000,0.563880,0.651340,0.588748,0.245690,0.654455,0.080122,0.000000,0.197086,0.026221,1.000000,nomic_ai_nomic_embed_text_v1_semantic_fixed_c448_o16/results/nomic-ai__nomic-embed-text-v1_0759316f275aa0cb93a5b830973843ca66babcf5/nomic-ai__nomic-embed-text-v1/0759316f275aa0cb93a5b830973843ca66babcf5
nomic_ai_nomic_embed_text_v1,hierarchical_section,448,16,0.504679,0.443250,0.354970,0.414099,0.760220,0.282560,0.100110,0.556750,0.645030,0.585901,0.239780,0.645704,0.205645,0.000000,0.178323,0.038904,1.000000,nomic_ai_nomic_embed_text_v1_hierarchical_section_c448_o16/results/nomic-ai__nomic-embed-text-v1_0759316f275aa0cb93a5b830973843ca66babcf5/nomic-ai__nomic-embed-text-v1/0759316f275aa0cb93a5b830973843ca66babcf5
nomic_ai_nomic_embed_text_v1,semantic_fixed,448,64,0.504839,0.429980,0.340800,0.403283,0.759630,0.268910,0.100320,0.570020,0.659200,0.596717,0.240370,0.626938,0.028680,0.000000,0.214729,0.040930,1.000000,nomic_ai_nomic_embed_text_v1_semantic_fixed_c448_o64/results/nomic-ai__nomic-embed-text-v1_0759316f275aa0cb93a5b830973843ca66babcf5/nomic-ai__nomic-embed-text-v1/0759316f275aa0cb93a5b830973843ca66babcf5
nomic_ai_nomic_embed_text_v1,recursive_token,320,16,0.505187,0.432250,0.348580,0.416221,0.729240,0.298320,0.095690,0.567750,0.651420,0.583779,0.270760,0.679237,0.000000,0.000000,0.213832,0.008589,1.000000,nomic_ai_nomic_embed_text_v1_recursive_token_c320_o16/results/nomic-ai__nomic-embed-text-v1_0759316f275aa0cb93a5b830973843ca66babcf5/nomic-ai__nomic-embed-text-v1/0759316f275aa0cb93a5b830973843ca66babcf5
nomic_ai_nomic_embed_text_v1,semantic_recursive,448,48,0.505341,0.437310,0.353540,0.418971,0.733180,0.295170,0.098000,0.562690,0.646460,0.581029,0.266820,0.667988,0.093093,0.000000,0.192400,0.022037,1.000000,nomic_ai_nomic_embed_text_v1_semantic_recursive_c448_o48/results/nomic-ai__nomic-embed-text-v1_0759316f275aa0cb93a5b830973843ca66babcf5/nomic-ai__nomic-embed-text-v1/0759316f275aa0cb93a5b830973843ca66babcf5
nomic_ai_nomic_embed_text_v1,hierarchical_section,448,0,0.505694,0.433810,0.344550,0.399655,0.766610,0.263660,0.097480,0.566190,0.655450,0.600345,0.233390,0.630281,0.098613,0.000000,0.190736,0.020917,1.000000,nomic_ai_nomic_embed_text_v1_hierarchical_section_c448_o0/results/nomic-ai__nomic-embed-text-v1_0759316f275aa0cb93a5b830973843ca66babcf5/nomic-ai__nomic-embed-text-v1/0759316f275aa0cb93a5b830973843ca66babcf5
BAAI_bge_large_en_v1.5,fixed_token,384,0,0.506220,0.428170,0.341180,0.410310,0.749020,0.287820,0.097480,0.571830,0.658820,0.589690,0.250980,0.661316,0.000000,0.000000,0.238527,0.039276,1.000000,BAAI_bge_large_en_v1.5_fixed_token_c384_o0/results/BAAI__bge-large-en-v1.5_d4aa6901d3a41ba39fb536a557fa166f842b0e09/BAAI__bge-large-en-v1.5/d4aa6901d3a41ba39fb536a557fa166f842b0e09
nomic_ai_nomic_embed_text_v1,fixed_token,384,32,0.506535,0.438920,0.351490,0.414733,0.750330,0.281510,0.098740,0.561080,0.648510,0.585267,0.249670,0.649249,0.167810,0.000000,0.177569,0.022262,1.000000,nomic_ai_nomic_embed_text_v1_fixed_token_c384_o32/results/nomic-ai__nomic-embed-text-v1_0759316f275aa0cb93a5b830973843ca66babcf5/nomic-ai__nomic-embed-text-v1/0759316f275aa0cb93a5b830973843ca66babcf5
BAAI_bge_large_en_v1.5,recursive_token,384,16,0.506605,0.434240,0.352130,0.416072,0.732300,0.290970,0.095590,0.565760,0.647870,0.583928,0.267700,0.671478,0.074048,0.000000,0.197668,0.024955,1.000000,BAAI_bge_large_en_v1.5_recursive_token_c384_o16/results/BAAI__bge-large-en-v1.5_d4aa6901d3a41ba39fb536a557fa166f842b0e09/BAAI__bge-large-en-v1.5/d4aa6901d3a41ba39fb536a557fa166f842b0e09
BAAI_bge_large_en_v1.5,recursive_token,448,48,0.506842,0.424760,0.332720,0.400143,0.768190,0.262610,0.098420,0.575240,0.667280,0.599857,0.231810,0.625224,0.002007,0.000000,0.204606,0.010015,1.000000,BAAI_bge_large_en_v1.5_recursive_token_c448_o48/results/BAAI__bge-large-en-v1.5_d4aa6901d3a41ba39fb536a557fa166f842b0e09/BAAI__bge-large-en-v1.5/d4aa6901d3a41ba39fb536a557fa166f842b0e09
nomic_ai_nomic_embed_text_v1,fixed_token,320,16,0.507083,0.431160,0.345970,0.406158,0.727540,0.284660,0.097580,0.568840,0.654030,0.593842,0.272460,0.657205,0.016170,0.000000,0.210048,0.026564,1.000000,nomic_ai_nomic_embed_text_v1_fixed_token_c320_o16/results/nomic-ai__nomic-embed-text-v1_0759316f275aa0cb93a5b830973843ca66babcf5/nomic-ai__nomic-embed-text-v1/0759316f275aa0cb93a5b830973843ca66babcf5
nomic_ai_nomic_embed_text_v1,semantic_fixed,384,32,0.507958,0.429760,0.343520,0.408783,0.743840,0.276260,0.095690,0.570240,0.656480,0.591217,0.256160,0.653623,0.052705,0.000000,0.192247,0.005576,1.000000,nomic_ai_nomic_embed_text_v1_semantic_fixed_c384_o32/results/nomic-ai__nomic-embed-text-v1_0759316f275aa0cb93a5b830973843ca66babcf5/nomic-ai__nomic-embed-text-v1/0759316f275aa0cb93a5b830973843ca66babcf5
nomic_ai_nomic_embed_text_v1,semantic_recursive,384,0,0.508082,0.439060,0.355400,0.425574,0.723040,0.302520,0.097160,0.560940,0.644600,0.574426,0.276960,0.678831,0.153185,0.000000,0.176261,0.013796,1.000000,nomic_ai_nomic_embed_text_v1_semantic_recursive_c384_o0/results/nomic-ai__nomic-embed-text-v1_0759316f275aa0cb93a5b830973843ca66babcf5/nomic-ai__nomic-embed-text-v1/0759316f275aa0cb93a5b830973843ca66babcf5
nomic_ai_nomic_embed_text_v1,semantic_recursive,384,16,0.509018,0.438400,0.356060,0.424387,0.720940,0.304620,0.096220,0.561600,0.643940,0.575613,0.279060,0.684131,0.156722,0.000000,0.178459,0.019607,1.000000,nomic_ai_nomic_embed_text_v1_semantic_recursive_c384_o16/results/nomic-ai__nomic-embed-text-v1_0759316f275aa0cb93a5b830973843ca66babcf5/nomic-ai__nomic-embed-text-v1/0759316f275aa0cb93a5b830973843ca66babcf5
nomic_ai_nomic_embed_text_v1,recursive_token,320,32,0.509623,0.428370,0.347140,0.410470,0.736470,0.284660,0.095480,0.571630,0.652860,0.589530,0.263530,0.664582,0.065640,0.000000,0.193931,-0.014118,1.000000,nomic_ai_nomic_embed_text_v1_recursive_token_c320_o32/results/nomic-ai__nomic-embed-text-v1_0759316f275aa0cb93a5b830973843ca66babcf5/nomic-ai__nomic-embed-text-v1/0759316f275aa0cb93a5b830973843ca66babcf5
nomic_ai_nomic_embed_text_v1,fixed_token,320,0,0.509963,0.434200,0.349110,0.417488,0.737340,0.298320,0.097480,0.565800,0.650890,0.582512,0.262660,0.673237,0.139918,0.000000,0.200488,0.056943,1.000000,nomic_ai_nomic_embed_text_v1_fixed_token_c320_o0/results/nomic-ai__nomic-embed-text-v1_0759316f275aa0cb93a5b830973843ca66babcf5/nomic-ai__nomic-embed-text-v1/0759316f275aa0cb93a5b830973843ca66babcf5
nomic_ai_nomic_embed_text_v1,semantic_recursive,448,64,0.510098,0.432460,0.348010,0.412599,0.741110,0.282560,0.098740,0.567540,0.651990,0.587401,0.258890,0.650552,0.143003,0.000000,0.173030,0.003261,1.000000,nomic_ai_nomic_embed_text_v1_semantic_recursive_c448_o64/results/nomic-ai__nomic-embed-text-v1_0759316f275aa0cb93a5b830973843ca66babcf5/nomic-ai__nomic-embed-text-v1/0759316f275aa0cb93a5b830973843ca66babcf5
nomic_ai_nomic_embed_text_v1,hierarchical_section,448,32,0.510390,0.434740,0.345670,0.406774,0.758600,0.273110,0.098000,0.565260,0.654330,0.593226,0.241400,0.641170,0.192725,0.000000,0.183665,0.044420,1.000000,nomic_ai_nomic_embed_text_v1_hierarchical_section_c448_o32/results/nomic-ai__nomic-embed-text-v1_0759316f275aa0cb93a5b830973843ca66babcf5/nomic-ai__nomic-embed-text-v1/0759316f275aa0cb93a5b830973843ca66babcf5
nomic_ai_nomic_embed_text_v1,semantic_recursive,384,32,0.510842,0.435000,0.352750,0.420561,0.713730,0.304620,0.095270,0.565000,0.647250,0.579439,0.286270,0.687250,0.124167,0.000000,0.185540,0.020747,1.000000,nomic_ai_nomic_embed_text_v1_semantic_recursive_c384_o32/results/nomic-ai__nomic-embed-text-v1_0759316f275aa0cb93a5b830973843ca66babcf5/nomic-ai__nomic-embed-text-v1/0759316f275aa0cb93a5b830973843ca66babcf5
BAAI_bge_large_en_v1.5,fixed_token,448,16,0.510875,0.436520,0.349790,0.413633,0.756740,0.289920,0.097060,0.563480,0.650210,0.586367,0.243260,0.665218,0.220860,0.000000,0.179921,0.048186,1.000000,BAAI_bge_large_en_v1.5_fixed_token_c448_o16/results/BAAI__bge-large-en-v1.5_d4aa6901d3a41ba39fb536a557fa166f842b0e09/BAAI__bge-large-en-v1.5/d4aa6901d3a41ba39fb536a557fa166f842b0e09
nomic_ai_nomic_embed_text_v1,fixed_token,384,64,0.510958,0.425260,0.337690,0.407517,0.754030,0.284660,0.100000,0.574740,0.662310,0.592483,0.245970,0.648704,0.071653,0.000000,0.208860,0.046381,1.000000,nomic_ai_nomic_embed_text_v1_fixed_token_c384_o64/results/nomic-ai__nomic-embed-text-v1_0759316f275aa0cb93a5b830973843ca66babcf5/nomic-ai__nomic-embed-text-v1/0759316f275aa0cb93a5b830973843ca66babcf5
BAAI_bge_large_en_v1.5,recursive_token,448,32,0.511281,0.434710,0.347890,0.408409,0.772390,0.280460,0.095800,0.565290,0.652110,0.591591,0.227610,0.658418,0.232743,0.000000,0.173566,0.040229,1.000000,BAAI_bge_large_en_v1.5_recursive_token_c448_o32/results/BAAI__bge-large-en-v1.5_d4aa6901d3a41ba39fb536a557fa166f842b0e09/BAAI__bge-large-en-v1.5/d4aa6901d3a41ba39fb536a557fa166f842b0e09
BAAI_bge_large_en_v1.5,recursive_token,448,0,0.511765,0.428200,0.339930,0.412862,0.764640,0.288870,0.096530,0.571800,0.660070,0.587138,0.235360,0.665836,0.137992,0.000000,0.193330,0.041857,1.000000,BAAI_bge_large_en_v1.5_recursive_token_c448_o0/results/BAAI__bge-large-en-v1.5_d4aa6901d3a41ba39fb536a557fa166f842b0e09/BAAI__bge-large-en-v1.5/d4aa6901d3a41ba39fb536a557fa166f842b0e09
nomic_ai_nomic_embed_text_v1,hierarchical_section,448,48,0.512436,0.434050,0.344530,0.408431,0.757650,0.272060,0.098840,0.565950,0.655470,0.591569,0.242350,0.636698,0.228755,0.000000,0.172104,0.035710,1.000000,nomic_ai_nomic_embed_text_v1_hierarchical_section_c448_o48/results/nomic-ai__nomic-embed-text-v1_0759316f275aa0cb93a5b830973843ca66babcf5/nomic-ai__nomic-embed-text-v1/0759316f275aa0cb93a5b830973843ca66babcf5
nomic_ai_nomic_embed_text_v1,hierarchical_section,384,0,0.512521,0.436120,0.351910,0.421124,0.742770,0.296220,0.096430,0.563880,0.648090,0.578876,0.257230,0.674465,0.236473,0.000000,0.153379,0.001347,1.000000,nomic_ai_nomic_embed_text_v1_hierarchical_section_c384_o0/results/nomic-ai__nomic-embed-text-v1_0759316f275aa0cb93a5b830973843ca66babcf5/nomic-ai__nomic-embed-text-v1/0759316f275aa0cb93a5b830973843ca66babcf5
BAAI_bge_large_en_v1.5,recursive_token,448,64,0.512887,0.417650,0.329570,0.400298,0.757650,0.273110,0.095380,0.582350,0.670430,0.599702,0.242350,0.650763,0.000000,0.000000,0.246602,0.063702,1.000000,BAAI_bge_large_en_v1.5_recursive_token_c448_o64/results/BAAI__bge-large-en-v1.5_d4aa6901d3a41ba39fb536a557fa166f842b0e09/BAAI__bge-large-en-v1.5/d4aa6901d3a41ba39fb536a557fa166f842b0e09
nomic_ai_nomic_embed_text_v1,semantic_fixed,384,64,0.513241,0.423740,0.335370,0.406832,0.732510,0.281510,0.099370,0.576260,0.664630,0.593168,0.267490,0.647011,0.051627,0.000000,0.198614,0.017879,1.000000,nomic_ai_nomic_embed_text_v1_semantic_fixed_c384_o64/results/nomic-ai__nomic-embed-text-v1_0759316f275aa0cb93a5b830973843ca66babcf5/nomic-ai__nomic-embed-text-v1/0759316f275aa0cb93a5b830973843ca66babcf5
BAAI_bge_large_en_v1.5,recursive_token,448,16,0.513346,0.429750,0.342290,0.407236,0.766720,0.283610,0.095480,0.570250,0.657710,0.592764,0.233280,0.663341,0.188408,0.000000,0.178605,0.032573,1.000000,BAAI_bge_large_en_v1.5_recursive_token_c448_o16/results/BAAI__bge-large-en-v1.5_d4aa6901d3a41ba39fb536a557fa166f842b0e09/BAAI__bge-large-en-v1.5/d4aa6901d3a41ba39fb536a557fa166f842b0e09
nomic_ai_nomic_embed_text_v1,hierarchical_section,384,16,0.513527,0.429470,0.342290,0.408024,0.749180,0.278360,0.096430,0.570530,0.657710,0.591976,0.250820,0.653578,0.165750,0.000000,0.175351,0.017002,1.000000,nomic_ai_nomic_embed_text_v1_hierarchical_section_c384_o16/results/nomic-ai__nomic-embed-text-v1_0759316f275aa0cb93a5b830973843ca66babcf5/nomic-ai__nomic-embed-text-v1/0759316f275aa0cb93a5b830973843ca66babcf5
nomic_ai_nomic_embed_text_v1,fixed_token,320,32,0.513914,0.423920,0.338440,0.404566,0.728150,0.273110,0.096010,0.576080,0.661560,0.595434,0.271850,0.648457,0.064295,0.000000,0.189660,0.005038,1.000000,nomic_ai_nomic_embed_text_v1_fixed_token_c320_o32/results/nomic-ai__nomic-embed-text-v1_0759316f275aa0cb93a5b830973843ca66babcf5/nomic-ai__nomic-embed-text-v1/0759316f275aa0cb93a5b830973843ca66babcf5
BAAI_bge_large_en_v1.5,recursive_token,384,32,0.514029,0.425870,0.342920,0.405626,0.731500,0.283610,0.093590,0.574130,0.657080,0.594374,0.268500,0.670005,0.089338,0.000000,0.187883,0.011501,1.000000,BAAI_bge_large_en_v1.5_recursive_token_c384_o32/results/BAAI__bge-large-en-v1.5_d4aa6901d3a41ba39fb536a557fa166f842b0e09/BAAI__bge-large-en-v1.5/d4aa6901d3a41ba39fb536a557fa166f842b0e09
nomic_ai_nomic_embed_text_v1,recursive_token,384,48,0.514302,0.434120,0.347160,0.420455,0.748810,0.297270,0.097370,0.565880,0.652840,0.579545,0.251190,0.672453,0.247833,0.000000,0.160498,0.020129,1.000000,nomic_ai_nomic_embed_text_v1_recursive_token_c384_o48/results/nomic-ai__nomic-embed-text-v1_0759316f275aa0cb93a5b830973843ca66babcf5/nomic-ai__nomic-embed-text-v1/0759316f275aa0cb93a5b830973843ca66babcf5
nomic_ai_nomic_embed_text_v1,semantic_recursive,384,64,0.514382,0.426900,0.344190,0.414305,0.713950,0.297270,0.096110,0.573100,0.655810,0.585695,0.286050,0.676691,0.086313,0.000000,0.195940,0.026405,1.000000,nomic_ai_nomic_embed_text_v1_semantic_recursive_c384_o64/results/nomic-ai__nomic-embed-text-v1_0759316f275aa0cb93a5b830973843ca66babcf5/nomic-ai__nomic-embed-text-v1/0759316f275aa0cb93a5b830973843ca66babcf5
BAAI_bge_large_en_v1.5,fixed_token,384,16,0.514382,0.429200,0.344210,0.409889,0.737990,0.282560,0.095590,0.570800,0.655790,0.590111,0.262010,0.661700,0.161332,0.000000,0.194334,0.053201,1.000000,BAAI_bge_large_en_v1.5_fixed_token_c384_o16/results/BAAI__bge-large-en-v1.5_d4aa6901d3a41ba39fb536a557fa166f842b0e09/BAAI__bge-large-en-v1.5/d4aa6901d3a41ba39fb536a557fa166f842b0e09
nomic_ai_nomic_embed_text_v1,semantic_fixed,320,16,0.515048,0.428490,0.343310,0.405814,0.729200,0.281510,0.095170,0.571510,0.656690,0.594186,0.270800,0.661930,0.138718,0.000000,0.180122,0.015731,1.000000,nomic_ai_nomic_embed_text_v1_semantic_fixed_c320_o16/results/nomic-ai__nomic-embed-text-v1_0759316f275aa0cb93a5b830973843ca66babcf5/nomic-ai__nomic-embed-text-v1/0759316f275aa0cb93a5b830973843ca66babcf5
BAAI_bge_large_en_v1.5,recursive_token,384,0,0.515060,0.427610,0.343560,0.409789,0.731270,0.280460,0.094640,0.572390,0.656440,0.590211,0.268730,0.662554,0.143500,0.000000,0.191179,0.039758,1.000000,BAAI_bge_large_en_v1.5_recursive_token_c384_o0/results/BAAI__bge-large-en-v1.5_d4aa6901d3a41ba39fb536a557fa166f842b0e09/BAAI__bge-large-en-v1.5/d4aa6901d3a41ba39fb536a557fa166f842b0e09
nomic_ai_nomic_embed_text_v1,hierarchical_section,320,0,0.515068,0.425910,0.341150,0.407515,0.736380,0.278360,0.094540,0.574090,0.658850,0.592485,0.263620,0.660368,0.126580,0.000000,0.183860,0.018352,1.000000,nomic_ai_nomic_embed_text_v1_hierarchical_section_c320_o0/results/nomic-ai__nomic-embed-text-v1_0759316f275aa0cb93a5b830973843ca66babcf5/nomic-ai__nomic-embed-text-v1/0759316f275aa0cb93a5b830973843ca66babcf5
nomic_ai_nomic_embed_text_v1,hierarchical_section,384,48,0.515152,0.424140,0.339360,0.405479,0.736800,0.278360,0.096320,0.575860,0.660640,0.594521,0.263200,0.653973,0.108318,0.000000,0.186465,0.016257,1.000000,nomic_ai_nomic_embed_text_v1_hierarchical_section_c384_o48/results/nomic-ai__nomic-embed-text-v1_0759316f275aa0cb93a5b830973843ca66babcf5/nomic-ai__nomic-embed-text-v1/0759316f275aa0cb93a5b830973843ca66babcf5
BAAI_bge_large_en_v1.5,fixed_token,384,48,0.516106,0.420350,0.334080,0.402997,0.724160,0.278360,0.095480,0.579650,0.665920,0.597003,0.275840,0.656991,0.038905,0.000000,0.213368,0.042298,1.000000,BAAI_bge_large_en_v1.5_fixed_token_c384_o48/results/BAAI__bge-large-en-v1.5_d4aa6901d3a41ba39fb536a557fa166f842b0e09/BAAI__bge-large-en-v1.5/d4aa6901d3a41ba39fb536a557fa166f842b0e09
nomic_ai_nomic_embed_text_v1,recursive_token,256,0,0.516743,0.423400,0.343540,0.412995,0.708490,0.303570,0.091700,0.576600,0.656460,0.587005,0.291510,0.697928,0.064667,0.000000,0.193701,-0.013269,1.000000,nomic_ai_nomic_embed_text_v1_recursive_token_c256_o0/results/nomic-ai__nomic-embed-text-v1_0759316f275aa0cb93a5b830973843ca66babcf5/nomic-ai__nomic-embed-text-v1/0759316f275aa0cb93a5b830973843ca66babcf5
nomic_ai_nomic_embed_text_v1,hierarchical_section,448,64,0.517339,0.432080,0.345820,0.408117,0.750400,0.276260,0.096850,0.567920,0.654180,0.591883,0.249600,0.649424,0.286380,0.000000,0.152300,0.019152,1.000000,nomic_ai_nomic_embed_text_v1_hierarchical_section_c448_o64/results/nomic-ai__nomic-embed-text-v1_0759316f275aa0cb93a5b830973843ca66babcf5/nomic-ai__nomic-embed-text-v1/0759316f275aa0cb93a5b830973843ca66babcf5
nomic_ai_nomic_embed_text_v1,hierarchical_section,320,16,0.517882,0.420460,0.339930,0.400360,0.726840,0.278360,0.093280,0.579540,0.660070,0.599640,0.273160,0.664894,0.091015,0.000000,0.196044,0.028494,1.000000,nomic_ai_nomic_embed_text_v1_hierarchical_section_c320_o16/results/nomic-ai__nomic-embed-text-v1_0759316f275aa0cb93a5b830973843ca66babcf5/nomic-ai__nomic-embed-text-v1/0759316f275aa0cb93a5b830973843ca66babcf5
nomic_ai_nomic_embed_text_v1,hierarchical_section,384,32,0.517912,0.423790,0.337340,0.403683,0.744610,0.276260,0.095060,0.576210,0.662660,0.596317,0.255390,0.655904,0.162383,0.000000,0.173157,0.011267,1.000000,nomic_ai_nomic_embed_text_v1_hierarchical_section_c384_o32/results/nomic-ai__nomic-embed-text-v1_0759316f275aa0cb93a5b830973843ca66babcf5/nomic-ai__nomic-embed-text-v1/0759316f275aa0cb93a5b830973843ca66babcf5
nomic_ai_nomic_embed_text_v1,semantic_recursive,384,48,0.517951,0.429110,0.347250,0.414938,0.721250,0.300420,0.095690,0.570890,0.652750,0.585062,0.278750,0.681479,0.200908,0.000000,0.172675,0.025713,1.000000,nomic_ai_nomic_embed_text_v1_semantic_recursive_c384_o48/results/nomic-ai__nomic-embed-text-v1_0759316f275aa0cb93a5b830973843ca66babcf5/nomic-ai__nomic-embed-text-v1/0759316f275aa0cb93a5b830973843ca66babcf5
nomic_ai_nomic_embed_text_v1,hierarchical_section,384,64,0.518099,0.420060,0.334310,0.400460,0.741020,0.272060,0.096110,0.579940,0.665690,0.599540,0.258980,0.646732,0.115990,0.000000,0.188839,0.024074,1.000000,nomic_ai_nomic_embed_text_v1_hierarchical_section_c384_o64/results/nomic-ai__nomic-embed-text-v1_0759316f275aa0cb93a5b830973843ca66babcf5/nomic-ai__nomic-embed-text-v1/0759316f275aa0cb93a5b830973843ca66babcf5
nomic_ai_nomic_embed_text_v1,semantic_fixed,320,48,0.518158,0.418880,0.335370,0.408409,0.723770,0.290970,0.095170,0.581120,0.664630,0.591591,0.276230,0.672922,0.065998,0.000000,0.202024,0.030447,1.000000,nomic_ai_nomic_embed_text_v1_semantic_fixed_c320_o48/results/nomic-ai__nomic-embed-text-v1_0759316f275aa0cb93a5b830973843ca66babcf5/nomic-ai__nomic-embed-text-v1/0759316f275aa0cb93a5b830973843ca66babcf5
nomic_ai_nomic_embed_text_v1,semantic_fixed,320,0,0.518286,0.431080,0.349500,0.417581,0.722600,0.302520,0.094850,0.568920,0.650500,0.582419,0.277400,0.686467,0.237325,0.000000,0.165174,0.025278,1.000000,nomic_ai_nomic_embed_text_v1_semantic_fixed_c320_o0/results/nomic-ai__nomic-embed-text-v1_0759316f275aa0cb93a5b830973843ca66babcf5/nomic-ai__nomic-embed-text-v1/0759316f275aa0cb93a5b830973843ca66babcf5
nomic_ai_nomic_embed_text_v1,recursive_token,384,64,0.518572,0.423140,0.331760,0.403147,0.744590,0.267860,0.101160,0.576860,0.668240,0.596853,0.255410,0.622340,0.179870,0.000000,0.173425,0.018798,1.000000,nomic_ai_nomic_embed_text_v1_recursive_token_c384_o64/results/nomic-ai__nomic-embed-text-v1_0759316f275aa0cb93a5b830973843ca66babcf5/nomic-ai__nomic-embed-text-v1/0759316f275aa0cb93a5b830973843ca66babcf5
BAAI_bge_large_en_v1.5,recursive_token,320,0,0.519016,0.415130,0.333220,0.409195,0.708350,0.290970,0.091810,0.584870,0.666780,0.590805,0.291650,0.684469,0.000000,0.000000,0.209677,-0.002712,1.000000,BAAI_bge_large_en_v1.5_recursive_token_c320_o0/results/BAAI__bge-large-en-v1.5_d4aa6901d3a41ba39fb536a557fa166f842b0e09/BAAI__bge-large-en-v1.5/d4aa6901d3a41ba39fb536a557fa166f842b0e09
nomic_ai_nomic_embed_text_v1,recursive_token,256,16,0.519333,0.416960,0.338240,0.403516,0.702680,0.294120,0.089810,0.583040,0.661760,0.596484,0.297320,0.694648,0.010013,0.000000,0.206124,-0.016253,1.000000,nomic_ai_nomic_embed_text_v1_recursive_token_c256_o16/results/nomic-ai__nomic-embed-text-v1_0759316f275aa0cb93a5b830973843ca66babcf5/nomic-ai__nomic-embed-text-v1/0759316f275aa0cb93a5b830973843ca66babcf5
nomic_ai_nomic_embed_text_v1,fixed_token,256,16,0.519366,0.419660,0.334840,0.411888,0.721520,0.288870,0.097270,0.580340,0.665160,0.588112,0.278480,0.663274,0.107170,0.000000,0.190598,-0.024064,1.000000,nomic_ai_nomic_embed_text_v1_fixed_token_c256_o16/results/nomic-ai__nomic-embed-text-v1_0759316f275aa0cb93a5b830973843ca66babcf5/nomic-ai__nomic-embed-text-v1/0759316f275aa0cb93a5b830973843ca66babcf5
nomic_ai_nomic_embed_text_v1,recursive_token,320,64,0.519924,0.423330,0.340460,0.408942,0.707300,0.288870,0.098110,0.576670,0.659540,0.591058,0.292700,0.660366,0.142413,0.000000,0.179690,-0.016345,1.000000,nomic_ai_nomic_embed_text_v1_recursive_token_c320_o64/results/nomic-ai__nomic-embed-text-v1_0759316f275aa0cb93a5b830973843ca66babcf5/nomic-ai__nomic-embed-text-v1/0759316f275aa0cb93a5b830973843ca66babcf5
nomic_ai_nomic_embed_text_v1,fixed_token,320,48,0.521894,0.421020,0.335440,0.408906,0.730710,0.286760,0.097790,0.578980,0.664560,0.591094,0.269290,0.658983,0.189078,0.000000,0.164724,0.005079,1.000000,nomic_ai_nomic_embed_text_v1_fixed_token_c320_o48/results/nomic-ai__nomic-embed-text-v1_0759316f275aa0cb93a5b830973843ca66babcf5/nomic-ai__nomic-embed-text-v1/0759316f275aa0cb93a5b830973843ca66babcf5
nomic_ai_nomic_embed_text_v1,fixed_token,384,48,0.522098,0.424470,0.337000,0.401862,0.745710,0.271010,0.096850,0.575530,0.663000,0.598138,0.254290,0.642633,0.262702,0.000000,0.171136,0.047353,1.000000,nomic_ai_nomic_embed_text_v1_fixed_token_c384_o48/results/nomic-ai__nomic-embed-text-v1_0759316f275aa0cb93a5b830973843ca66babcf5/nomic-ai__nomic-embed-text-v1/0759316f275aa0cb93a5b830973843ca66babcf5
nomic_ai_nomic_embed_text_v1,semantic_recursive,320,32,0.522313,0.414850,0.333030,0.405083,0.696590,0.293070,0.094750,0.585150,0.666970,0.594917,0.303410,0.676698,0.038675,0.000000,0.192434,-0.000338,1.000000,nomic_ai_nomic_embed_text_v1_semantic_recursive_c320_o32/results/nomic-ai__nomic-embed-text-v1_0759316f275aa0cb93a5b830973843ca66babcf5/nomic-ai__nomic-embed-text-v1/0759316f275aa0cb93a5b830973843ca66babcf5
BAAI_bge_large_en_v1.5,fixed_token,384,32,0.522913,0.417950,0.331660,0.399483,0.736730,0.277310,0.094330,0.582050,0.668340,0.600517,0.263270,0.659839,0.159035,0.000000,0.169163,0.001940,1.000000,BAAI_bge_large_en_v1.5_fixed_token_c384_o32/results/BAAI__bge-large-en-v1.5_d4aa6901d3a41ba39fb536a557fa166f842b0e09/BAAI__bge-large-en-v1.5/d4aa6901d3a41ba39fb536a557fa166f842b0e09
nomic_ai_nomic_embed_text_v1,semantic_fixed,256,0,0.522953,0.414510,0.332420,0.405942,0.707200,0.288870,0.094120,0.585490,0.667580,0.594058,0.292800,0.674179,0.071445,0.000000,0.188297,-0.005172,1.000000,nomic_ai_nomic_embed_text_v1_semantic_fixed_c256_o0/results/nomic-ai__nomic-embed-text-v1_0759316f275aa0cb93a5b830973843ca66babcf5/nomic-ai__nomic-embed-text-v1/0759316f275aa0cb93a5b830973843ca66babcf5
BAAI_bge_large_en_v1.5,recursive_token,384,64,0.523326,0.416970,0.329280,0.406112,0.714430,0.283610,0.097580,0.583030,0.670720,0.593888,0.285570,0.655936,0.121510,0.000000,0.187538,0.023680,1.000000,BAAI_bge_large_en_v1.5_recursive_token_c384_o64/results/BAAI__bge-large-en-v1.5_d4aa6901d3a41ba39fb536a557fa166f842b0e09/BAAI__bge-large-en-v1.5/d4aa6901d3a41ba39fb536a557fa166f842b0e09
nomic_ai_nomic_embed_text_v1,semantic_fixed,384,48,0.523699,0.421770,0.334410,0.397367,0.742190,0.273110,0.096010,0.578230,0.665590,0.602633,0.257810,0.648457,0.238202,0.000000,0.158355,0.011991,1.000000,nomic_ai_nomic_embed_text_v1_semantic_fixed_c384_o48/results/nomic-ai__nomic-embed-text-v1_0759316f275aa0cb93a5b830973843ca66babcf5/nomic-ai__nomic-embed-text-v1/0759316f275aa0cb93a5b830973843ca66babcf5
nomic_ai_nomic_embed_text_v1,semantic_recursive,320,48,0.524210,0.413450,0.331650,0.404506,0.694780,0.290970,0.094540,0.586550,0.668350,0.595494,0.305220,0.675087,0.055345,0.000000,0.202543,0.027224,1.000000,nomic_ai_nomic_embed_text_v1_semantic_recursive_c320_o48/results/nomic-ai__nomic-embed-text-v1_0759316f275aa0cb93a5b830973843ca66babcf5/nomic-ai__nomic-embed-text-v1/0759316f275aa0cb93a5b830973843ca66babcf5
nomic_ai_nomic_embed_text_v1,hierarchical_section,256,0,0.524327,0.419690,0.340020,0.403736,0.708630,0.282560,0.090860,0.580310,0.659980,0.596264,0.291370,0.678440,0.170115,0.000000,0.168026,0.004098,1.000000,nomic_ai_nomic_embed_text_v1_hierarchical_section_c256_o0/results/nomic-ai__nomic-embed-text-v1_0759316f275aa0cb93a5b830973843ca66babcf5/nomic-ai__nomic-embed-text-v1/0759316f275aa0cb93a5b830973843ca66babcf5
BAAI_bge_large_en_v1.5,recursive_token,384,48,0.524510,0.414680,0.326750,0.396436,0.737110,0.265760,0.096430,0.585320,0.673250,0.603564,0.262890,0.637154,0.159260,0.000000,0.171115,0.005934,1.000000,BAAI_bge_large_en_v1.5_recursive_token_c384_o48/results/BAAI__bge-large-en-v1.5_d4aa6901d3a41ba39fb536a557fa166f842b0e09/BAAI__bge-large-en-v1.5/d4aa6901d3a41ba39fb536a557fa166f842b0e09
BAAI_bge_base_en_v1.5,fixed_token,384,0,0.524610,0.407660,0.323190,0.389622,0.732410,0.269960,0.092330,0.592340,0.676810,0.610378,0.267590,0.657986,0.039975,0.000000,0.210156,0.036302,1.000000,BAAI_bge_base_en_v1.5_fixed_token_c384_o0/results/BAAI__bge-base-en-v1.5_a5beb1e3e68b9ab74eb54cfd186867f64f240e1a/BAAI__bge-base-en-v1.5/a5beb1e3e68b9ab74eb54cfd186867f64f240e1a
nomic_ai_nomic_embed_text_v1,hierarchical_section,320,32,0.525727,0.409080,0.325640,0.394998,0.717070,0.272060,0.093490,0.590920,0.674360,0.605002,0.282930,0.656363,0.066588,0.000000,0.195468,0.017571,1.000000,nomic_ai_nomic_embed_text_v1_hierarchical_section_c320_o32/results/nomic-ai__nomic-embed-text-v1_0759316f275aa0cb93a5b830973843ca66babcf5/nomic-ai__nomic-embed-text-v1/0759316f275aa0cb93a5b830973843ca66babcf5
BAAI_bge_large_en_v1.5,fixed_token,384,64,0.526068,0.413560,0.328030,0.402761,0.713320,0.280460,0.096430,0.586440,0.671970,0.597239,0.286680,0.656172,0.131500,0.000000,0.193912,0.040424,1.000000,BAAI_bge_large_en_v1.5_fixed_token_c384_o64/results/BAAI__bge-large-en-v1.5_d4aa6901d3a41ba39fb536a557fa166f842b0e09/BAAI__bge-large-en-v1.5/d4aa6901d3a41ba39fb536a557fa166f842b0e09
nomic_ai_nomic_embed_text_v1,semantic_recursive,320,16,0.526422,0.417830,0.336560,0.403886,0.701560,0.286760,0.093170,0.582170,0.663440,0.596114,0.298440,0.675094,0.170942,0.000000,0.174677,-0.017731,1.000000,nomic_ai_nomic_embed_text_v1_semantic_recursive_c320_o16/results/nomic-ai__nomic-embed-text-v1_0759316f275aa0cb93a5b830973843ca66babcf5/nomic-ai__nomic-embed-text-v1/0759316f275aa0cb93a5b830973843ca66babcf5
nomic_ai_nomic_embed_text_v1,semantic_recursive,320,0,0.526626,0.415730,0.335610,0.403827,0.697880,0.289920,0.091390,0.584270,0.664390,0.596173,0.302120,0.684775,0.135173,0.000000,0.177170,-0.008409,1.000000,nomic_ai_nomic_embed_text_v1_semantic_recursive_c320_o0/results/nomic-ai__nomic-embed-text-v1_0759316f275aa0cb93a5b830973843ca66babcf5/nomic-ai__nomic-embed-text-v1/0759316f275aa0cb93a5b830973843ca66babcf5
nomic_ai_nomic_embed_text_v1,semantic_fixed,256,16,0.527409,0.416190,0.331370,0.405015,0.715110,0.281510,0.096010,0.583810,0.668630,0.594985,0.284890,0.658946,0.200667,0.000000,0.175657,-0.031581,1.000000,nomic_ai_nomic_embed_text_v1_semantic_fixed_c256_o16/results/nomic-ai__nomic-embed-text-v1_0759316f275aa0cb93a5b830973843ca66babcf5/nomic-ai__nomic-embed-text-v1/0759316f275aa0cb93a5b830973843ca66babcf5
BAAI_bge_large_en_v1.5,fixed_token,320,0,0.527818,0.410500,0.324790,0.398067,0.703150,0.272060,0.092960,0.589500,0.675210,0.601933,0.296850,0.658311,0.094147,0.000000,0.185705,0.009069,1.000000,BAAI_bge_large_en_v1.5_fixed_token_c320_o0/results/BAAI__bge-large-en-v1.5_d4aa6901d3a41ba39fb536a557fa166f842b0e09/BAAI__bge-large-en-v1.5/d4aa6901d3a41ba39fb536a557fa166f842b0e09
BAAI_bge_base_en_v1.5,semantic_fixed,448,0,0.528783,0.402690,0.320890,0.381497,0.709300,0.264710,0.089390,0.597310,0.679110,0.618503,0.290700,0.662310,0.002707,0.000000,0.201745,0.004573,1.000000,BAAI_bge_base_en_v1.5_semantic_fixed_c448_o0/results/BAAI__bge-base-en-v1.5_a5beb1e3e68b9ab74eb54cfd186867f64f240e1a/BAAI__bge-base-en-v1.5/a5beb1e3e68b9ab74eb54cfd186867f64f240e1a
BAAI_bge_large_en_v1.5,recursive_token,320,16,0.529377,0.407850,0.326980,0.398671,0.707650,0.280460,0.090230,0.592150,0.673020,0.601329,0.292350,0.678279,0.100480,0.000000,0.189631,-0.019454,1.000000,BAAI_bge_large_en_v1.5_recursive_token_c320_o16/results/BAAI__bge-large-en-v1.5_d4aa6901d3a41ba39fb536a557fa166f842b0e09/BAAI__bge-large-en-v1.5/d4aa6901d3a41ba39fb536a557fa166f842b0e09
nomic_ai_nomic_embed_text_v1,recursive_token,256,32,0.530063,0.416130,0.337480,0.403290,0.696220,0.282560,0.090440,0.583870,0.662520,0.596710,0.303780,0.679926,0.215445,0.000000,0.179866,-0.045910,1.000000,nomic_ai_nomic_embed_text_v1_recursive_token_c256_o32/results/nomic-ai__nomic-embed-text-v1_0759316f275aa0cb93a5b830973843ca66babcf5/nomic-ai__nomic-embed-text-v1/0759316f275aa0cb93a5b830973843ca66babcf5
BAAI_bge_base_en_v1.5,semantic_fixed,384,0,0.530585,0.403920,0.321750,0.383670,0.721110,0.262610,0.091180,0.596080,0.678250,0.616330,0.278890,0.652793,0.090745,0.000000,0.195655,0.027608,1.000000,BAAI_bge_base_en_v1.5_semantic_fixed_c384_o0/results/BAAI__bge-base-en-v1.5_a5beb1e3e68b9ab74eb54cfd186867f64f240e1a/BAAI__bge-base-en-v1.5/a5beb1e3e68b9ab74eb54cfd186867f64f240e1a
nomic_ai_nomic_embed_text_v1,recursive_token,320,48,0.530614,0.418830,0.335210,0.404719,0.719450,0.281510,0.094850,0.581170,0.664790,0.595281,0.280550,0.663067,0.307860,0.000000,0.154496,-0.032136,1.000000,nomic_ai_nomic_embed_text_v1_recursive_token_c320_o48/results/nomic-ai__nomic-embed-text-v1_0759316f275aa0cb93a5b830973843ca66babcf5/nomic-ai__nomic-embed-text-v1/0759316f275aa0cb93a5b830973843ca66babcf5
nomic_ai_nomic_embed_text_v1,semantic_fixed,320,64,0.531272,0.398910,0.314500,0.386485,0.701310,0.268910,0.094330,0.601090,0.685500,0.613515,0.298690,0.649214,0.000000,0.000000,0.204350,0.000367,1.000000,nomic_ai_nomic_embed_text_v1_semantic_fixed_c320_o64/results/nomic-ai__nomic-embed-text-v1_0759316f275aa0cb93a5b830973843ca66babcf5/nomic-ai__nomic-embed-text-v1/0759316f275aa0cb93a5b830973843ca66babcf5
BAAI_bge_base_en_v1.5,hierarchical_section,448,16,0.531294,0.411690,0.326670,0.384819,0.727920,0.259450,0.094120,0.588310,0.673330,0.615181,0.272080,0.637233,0.226020,0.000000,0.168746,0.027900,1.000000,BAAI_bge_base_en_v1.5_hierarchical_section_c448_o16/results/BAAI__bge-base-en-v1.5_a5beb1e3e68b9ab74eb54cfd186867f64f240e1a/BAAI__bge-base-en-v1.5/a5beb1e3e68b9ab74eb54cfd186867f64f240e1a
BAAI_bge_large_en_v1.5,fixed_token,320,16,0.531582,0.409980,0.328820,0.397375,0.704310,0.282560,0.091910,0.590020,0.671180,0.602625,0.295690,0.674724,0.165380,0.000000,0.176183,0.018518,1.000000,BAAI_bge_large_en_v1.5_fixed_token_c320_o16/results/BAAI__bge-large-en-v1.5_d4aa6901d3a41ba39fb536a557fa166f842b0e09/BAAI__bge-large-en-v1.5/d4aa6901d3a41ba39fb536a557fa166f842b0e09
BAAI_bge_base_en_v1.5,fixed_token,448,0,0.531757,0.404400,0.323690,0.382639,0.724370,0.269960,0.087820,0.595600,0.676310,0.617361,0.275630,0.674693,0.108830,0.000000,0.197407,0.038346,1.000000,BAAI_bge_base_en_v1.5_fixed_token_c448_o0/results/BAAI__bge-base-en-v1.5_a5beb1e3e68b9ab74eb54cfd186867f64f240e1a/BAAI__bge-base-en-v1.5/a5beb1e3e68b9ab74eb54cfd186867f64f240e1a
BAAI_bge_base_en_v1.5,recursive_token,384,16,0.531936,0.407660,0.322950,0.390736,0.704730,0.266810,0.092440,0.592340,0.677050,0.609264,0.295270,0.653536,0.136863,0.000000,0.198535,0.051815,1.000000,BAAI_bge_base_en_v1.5_recursive_token_c384_o16/results/BAAI__bge-base-en-v1.5_a5beb1e3e68b9ab74eb54cfd186867f64f240e1a/BAAI__bge-base-en-v1.5/a5beb1e3e68b9ab74eb54cfd186867f64f240e1a
nomic_ai_nomic_embed_text_v1,fixed_token,256,0,0.532522,0.410100,0.328940,0.396862,0.705690,0.273110,0.094540,0.589900,0.671060,0.603138,0.294310,0.653839,0.208355,0.000000,0.165293,-0.013928,1.000000,nomic_ai_nomic_embed_text_v1_fixed_token_c256_o0/results/nomic-ai__nomic-embed-text-v1_0759316f275aa0cb93a5b830973843ca66babcf5/nomic-ai__nomic-embed-text-v1/0759316f275aa0cb93a5b830973843ca66babcf5
nomic_ai_nomic_embed_text_v1,fixed_token,256,32,0.532741,0.403540,0.320620,0.390394,0.708840,0.271010,0.093280,0.596460,0.679380,0.609606,0.291160,0.655806,0.111830,0.000000,0.188302,-0.021336,1.000000,nomic_ai_nomic_embed_text_v1_fixed_token_c256_o32/results/nomic-ai__nomic-embed-text-v1_0759316f275aa0cb93a5b830973843ca66babcf5/nomic-ai__nomic-embed-text-v1/0759316f275aa0cb93a5b830973843ca66babcf5
BAAI_bge_base_en_v1.5,hierarchical_section,448,0,0.533814,0.405350,0.318930,0.373638,0.728260,0.243700,0.092120,0.594650,0.681070,0.626362,0.271740,0.621994,0.181952,0.000000,0.177382,0.027545,1.000000,BAAI_bge_base_en_v1.5_hierarchical_section_c448_o0/results/BAAI__bge-base-en-v1.5_a5beb1e3e68b9ab74eb54cfd186867f64f240e1a/BAAI__bge-base-en-v1.5/a5beb1e3e68b9ab74eb54cfd186867f64f240e1a
nomic_ai_nomic_embed_text_v1,semantic_fixed,320,32,0.534144,0.415280,0.332640,0.394226,0.727050,0.268910,0.093590,0.584720,0.667360,0.605774,0.272950,0.651965,0.341538,0.000000,0.151009,-0.038633,1.000000,nomic_ai_nomic_embed_text_v1_semantic_fixed_c320_o32/results/nomic-ai__nomic-embed-text-v1_0759316f275aa0cb93a5b830973843ca66babcf5/nomic-ai__nomic-embed-text-v1/0759316f275aa0cb93a5b830973843ca66babcf5
nomic_ai_nomic_embed_text_v1,hierarchical_section,320,48,0.534202,0.405020,0.324130,0.386318,0.702730,0.268910,0.091390,0.594980,0.675870,0.613682,0.297270,0.660147,0.143687,0.000000,0.186947,0.031369,1.000000,nomic_ai_nomic_embed_text_v1_hierarchical_section_c320_o48/results/nomic-ai__nomic-embed-text-v1_0759316f275aa0cb93a5b830973843ca66babcf5/nomic-ai__nomic-embed-text-v1/0759316f275aa0cb93a5b830973843ca66babcf5
BAAI_bge_base_en_v1.5,fixed_token,448,64,0.534920,0.399200,0.310950,0.382975,0.721430,0.258400,0.095900,0.600800,0.689050,0.617025,0.278570,0.628870,0.114950,0.000000,0.198762,0.043504,1.000000,BAAI_bge_base_en_v1.5_fixed_token_c448_o64/results/BAAI__bge-base-en-v1.5_a5beb1e3e68b9ab74eb54cfd186867f64f240e1a/BAAI__bge-base-en-v1.5/a5beb1e3e68b9ab74eb54cfd186867f64f240e1a
BAAI_bge_base_en_v1.5,semantic_fixed,448,64,0.534994,0.398150,0.314050,0.379047,0.717590,0.252100,0.092540,0.601850,0.685950,0.620953,0.282410,0.632923,0.099788,0.000000,0.195093,0.030101,1.000000,BAAI_bge_base_en_v1.5_semantic_fixed_c448_o64/results/BAAI__bge-base-en-v1.5_a5beb1e3e68b9ab74eb54cfd186867f64f240e1a/BAAI__bge-base-en-v1.5/a5beb1e3e68b9ab74eb54cfd186867f64f240e1a
BAAI_bge_large_en_v1.5,fixed_token,320,32,0.535409,0.400210,0.314810,0.386899,0.712960,0.255250,0.091180,0.599790,0.685190,0.613101,0.287040,0.642782,0.126238,0.000000,0.184919,-0.020333,1.000000,BAAI_bge_large_en_v1.5_fixed_token_c320_o32/results/BAAI__bge-large-en-v1.5_d4aa6901d3a41ba39fb536a557fa166f842b0e09/BAAI__bge-large-en-v1.5/d4aa6901d3a41ba39fb536a557fa166f842b0e09
nomic_ai_nomic_embed_text_v1,semantic_recursive,256,16,0.535601,0.414100,0.335220,0.404974,0.677770,0.288870,0.090550,0.585900,0.664780,0.595026,0.322230,0.686537,0.258745,0.000000,0.162380,-0.028258,1.000000,nomic_ai_nomic_embed_text_v1_semantic_recursive_c256_o16/results/nomic-ai__nomic-embed-text-v1_0759316f275aa0cb93a5b830973843ca66babcf5/nomic-ai__nomic-embed-text-v1/0759316f275aa0cb93a5b830973843ca66babcf5
nomic_ai_nomic_embed_text_v1,semantic_recursive,256,0,0.535958,0.411450,0.333270,0.405248,0.677610,0.293070,0.089500,0.588550,0.666730,0.594752,0.322390,0.694612,0.226392,0.000000,0.165188,-0.020933,1.000000,nomic_ai_nomic_embed_text_v1_semantic_recursive_c256_o0/results/nomic-ai__nomic-embed-text-v1_0759316f275aa0cb93a5b830973843ca66babcf5/nomic-ai__nomic-embed-text-v1/0759316f275aa0cb93a5b830973843ca66babcf5
nomic_ai_nomic_embed_text_v1,semantic_recursive,256,64,0.536043,0.404250,0.323700,0.399724,0.667580,0.287820,0.091280,0.595750,0.676300,0.600276,0.332420,0.682857,0.105660,0.000000,0.187652,-0.017568,1.000000,nomic_ai_nomic_embed_text_v1_semantic_recursive_c256_o64/results/nomic-ai__nomic-embed-text-v1_0759316f275aa0cb93a5b830973843ca66babcf5/nomic-ai__nomic-embed-text-v1/0759316f275aa0cb93a5b830973843ca66babcf5
BAAI_bge_base_en_v1.5,fixed_token,448,32,0.536505,0.394470,0.310310,0.372152,0.717770,0.256300,0.089600,0.605530,0.689690,0.627848,0.282230,0.650410,0.051007,0.000000,0.203717,0.027837,1.000000,BAAI_bge_base_en_v1.5_fixed_token_c448_o32/results/BAAI__bge-base-en-v1.5_a5beb1e3e68b9ab74eb54cfd186867f64f240e1a/BAAI__bge-base-en-v1.5/a5beb1e3e68b9ab74eb54cfd186867f64f240e1a
BAAI_bge_large_en_v1.5,fixed_token,320,48,0.536783,0.395600,0.311250,0.383212,0.692540,0.253150,0.092540,0.604400,0.688750,0.616788,0.307460,0.634446,0.058115,0.000000,0.188629,-0.000504,1.000000,BAAI_bge_large_en_v1.5_fixed_token_c320_o48/results/BAAI__bge-large-en-v1.5_d4aa6901d3a41ba39fb536a557fa166f842b0e09/BAAI__bge-large-en-v1.5/d4aa6901d3a41ba39fb536a557fa166f842b0e09
BAAI_bge_large_en_v1.5,fixed_token,256,16,0.537089,0.399950,0.317470,0.395099,0.688620,0.277310,0.092860,0.600050,0.682530,0.604901,0.311380,0.665140,0.113513,0.000000,0.185218,-0.015841,1.000000,BAAI_bge_large_en_v1.5_fixed_token_c256_o16/results/BAAI__bge-large-en-v1.5_d4aa6901d3a41ba39fb536a557fa166f842b0e09/BAAI__bge-large-en-v1.5/d4aa6901d3a41ba39fb536a557fa166f842b0e09
BAAI_bge_base_en_v1.5,hierarchical_section,384,0,0.537551,0.405930,0.319670,0.392516,0.701790,0.272060,0.092120,0.594070,0.680330,0.607484,0.298210,0.661398,0.210285,0.000000,0.163819,0.011752,1.000000,BAAI_bge_base_en_v1.5_hierarchical_section_c384_o0/results/BAAI__bge-base-en-v1.5_a5beb1e3e68b9ab74eb54cfd186867f64f240e1a/BAAI__bge-base-en-v1.5/a5beb1e3e68b9ab74eb54cfd186867f64f240e1a
BAAI_bge_base_en_v1.5,hierarchical_section,448,32,0.537625,0.397490,0.310350,0.372369,0.724070,0.245800,0.092020,0.602510,0.689650,0.627631,0.275930,0.625631,0.138558,0.000000,0.180201,0.015825,1.000000,BAAI_bge_base_en_v1.5_hierarchical_section_c448_o32/results/BAAI__bge-base-en-v1.5_a5beb1e3e68b9ab74eb54cfd186867f64f240e1a/BAAI__bge-base-en-v1.5/a5beb1e3e68b9ab74eb54cfd186867f64f240e1a
nomic_ai_nomic_embed_text_v1,semantic_recursive,320,64,0.537995,0.403500,0.324310,0.397457,0.691820,0.287820,0.091390,0.596500,0.675690,0.602543,0.308180,0.682475,0.184718,0.000000,0.165960,0.005807,1.000000,nomic_ai_nomic_embed_text_v1_semantic_recursive_c320_o64/results/nomic-ai__nomic-embed-text-v1_0759316f275aa0cb93a5b830973843ca66babcf5/nomic-ai__nomic-embed-text-v1/0759316f275aa0cb93a5b830973843ca66babcf5
BAAI_bge_base_en_v1.5,hierarchical_section,384,48,0.538655,0.395180,0.310570,0.373311,0.694640,0.248950,0.092120,0.604820,0.689430,0.626689,0.305360,0.629966,0.077928,0.000000,0.190184,0.011539,1.000000,BAAI_bge_base_en_v1.5_hierarchical_section_c384_o48/results/BAAI__bge-base-en-v1.5_a5beb1e3e68b9ab74eb54cfd186867f64f240e1a/BAAI__bge-base-en-v1.5/a5beb1e3e68b9ab74eb54cfd186867f64f240e1a
nomic_ai_nomic_embed_text_v1,semantic_recursive,256,48,0.538680,0.410180,0.332660,0.409352,0.670570,0.299370,0.092120,0.589820,0.667340,0.590648,0.329430,0.692287,0.263408,0.000000,0.163958,-0.033279,1.000000,nomic_ai_nomic_embed_text_v1_semantic_recursive_c256_o48/results/nomic-ai__nomic-embed-text-v1_0759316f275aa0cb93a5b830973843ca66babcf5/nomic-ai__nomic-embed-text-v1/0759316f275aa0cb93a5b830973843ca66babcf5
BAAI_bge_base_en_v1.5,recursive_token,448,32,0.538764,0.392610,0.306480,0.369882,0.713030,0.247900,0.089390,0.607390,0.693520,0.630118,0.286970,0.639411,0.061095,0.000000,0.216396,0.057230,1.000000,BAAI_bge_base_en_v1.5_recursive_token_c448_o32/results/BAAI__bge-base-en-v1.5_a5beb1e3e68b9ab74eb54cfd186867f64f240e1a/BAAI__bge-base-en-v1.5/a5beb1e3e68b9ab74eb54cfd186867f64f240e1a
nomic_ai_nomic_embed_text_v1,semantic_fixed,256,32,0.538817,0.405610,0.323360,0.400678,0.704760,0.287820,0.092960,0.594390,0.676640,0.599322,0.295240,0.677020,0.254128,0.000000,0.170790,-0.043231,1.000000,nomic_ai_nomic_embed_text_v1_semantic_fixed_c256_o32/results/nomic-ai__nomic-embed-text-v1_0759316f275aa0cb93a5b830973843ca66babcf5/nomic-ai__nomic-embed-text-v1/0759316f275aa0cb93a5b830973843ca66babcf5
BAAI_bge_base_en_v1.5,hierarchical_section,448,48,0.539033,0.401510,0.312600,0.374860,0.724680,0.242650,0.094010,0.598490,0.687400,0.625140,0.275320,0.612570,0.231160,0.000000,0.167707,0.027878,1.000000,BAAI_bge_base_en_v1.5_hierarchical_section_c448_o48/results/BAAI__bge-base-en-v1.5_a5beb1e3e68b9ab74eb54cfd186867f64f240e1a/BAAI__bge-base-en-v1.5/a5beb1e3e68b9ab74eb54cfd186867f64f240e1a
BAAI_bge_base_en_v1.5,fixed_token,448,48,0.539699,0.393580,0.309550,0.379190,0.712170,0.256300,0.090020,0.606420,0.690450,0.620810,0.287830,0.648771,0.108350,0.000000,0.191521,0.026382,1.000000,BAAI_bge_base_en_v1.5_fixed_token_c448_o48/results/BAAI__bge-base-en-v1.5_a5beb1e3e68b9ab74eb54cfd186867f64f240e1a/BAAI__bge-base-en-v1.5/a5beb1e3e68b9ab74eb54cfd186867f64f240e1a
BAAI_bge_base_en_v1.5,hierarchical_section,384,16,0.539789,0.401760,0.314270,0.380693,0.703660,0.256300,0.092120,0.598240,0.685730,0.619307,0.296340,0.640577,0.196820,0.000000,0.181648,0.042024,1.000000,BAAI_bge_base_en_v1.5_hierarchical_section_c384_o16/results/BAAI__bge-base-en-v1.5_a5beb1e3e68b9ab74eb54cfd186867f64f240e1a/BAAI__bge-base-en-v1.5/a5beb1e3e68b9ab74eb54cfd186867f64f240e1a
nomic_ai_nomic_embed_text_v1,hierarchical_section,256,16,0.539954,0.397780,0.317030,0.379802,0.689430,0.256300,0.088340,0.602220,0.682970,0.620198,0.310570,0.655326,0.130350,0.000000,0.176827,0.005794,1.000000,nomic_ai_nomic_embed_text_v1_hierarchical_section_c256_o16/results/nomic-ai__nomic-embed-text-v1_0759316f275aa0cb93a5b830973843ca66babcf5/nomic-ai__nomic-embed-text-v1/0759316f275aa0cb93a5b830973843ca66babcf5
BAAI_bge_base_en_v1.5,recursive_token,448,64,0.540240,0.394520,0.308210,0.375296,0.714500,0.252100,0.091600,0.605480,0.691790,0.624704,0.285500,0.636652,0.131258,0.000000,0.218231,0.088965,1.000000,BAAI_bge_base_en_v1.5_recursive_token_c448_o64/results/BAAI__bge-base-en-v1.5_a5beb1e3e68b9ab74eb54cfd186867f64f240e1a/BAAI__bge-base-en-v1.5/a5beb1e3e68b9ab74eb54cfd186867f64f240e1a
BAAI_bge_large_en_v1.5,fixed_token,256,0,0.540531,0.399200,0.318180,0.392201,0.675680,0.273110,0.091390,0.600800,0.681820,0.607799,0.324320,0.665373,0.146533,0.000000,0.183454,0.025521,1.000000,BAAI_bge_large_en_v1.5_fixed_token_c256_o0/results/BAAI__bge-large-en-v1.5_d4aa6901d3a41ba39fb536a557fa166f842b0e09/BAAI__bge-large-en-v1.5/d4aa6901d3a41ba39fb536a557fa166f842b0e09
BAAI_bge_base_en_v1.5,hierarchical_section,384,32,0.540612,0.402450,0.316180,0.383897,0.702030,0.262610,0.092860,0.597550,0.683820,0.616103,0.297970,0.646396,0.224460,0.000000,0.174503,0.038790,1.000000,BAAI_bge_base_en_v1.5_hierarchical_section_c384_o32/results/BAAI__bge-base-en-v1.5_a5beb1e3e68b9ab74eb54cfd186867f64f240e1a/BAAI__bge-base-en-v1.5/a5beb1e3e68b9ab74eb54cfd186867f64f240e1a
BAAI_bge_large_en_v1.5,recursive_token,320,64,0.540821,0.394080,0.309850,0.381928,0.689500,0.260500,0.093490,0.605920,0.690150,0.618072,0.310500,0.641113,0.104275,0.000000,0.186049,-0.013808,1.000000,BAAI_bge_large_en_v1.5_recursive_token_c320_o64/results/BAAI__bge-large-en-v1.5_d4aa6901d3a41ba39fb536a557fa166f842b0e09/BAAI__bge-large-en-v1.5/d4aa6901d3a41ba39fb536a557fa166f842b0e09
nomic_ai_nomic_embed_text_v1,hierarchical_section,256,32,0.540859,0.399760,0.317760,0.387293,0.699560,0.264710,0.089080,0.600240,0.682240,0.612707,0.300440,0.663481,0.196290,0.000000,0.174488,-0.027492,1.000000,nomic_ai_nomic_embed_text_v1_hierarchical_section_c256_o32/results/nomic-ai__nomic-embed-text-v1_0759316f275aa0cb93a5b830973843ca66babcf5/nomic-ai__nomic-embed-text-v1/0759316f275aa0cb93a5b830973843ca66babcf5
BAAI_bge_large_en_v1.5,recursive_token,320,32,0.540875,0.411430,0.333970,0.400994,0.708630,0.284660,0.090760,0.588570,0.666030,0.599006,0.291370,0.681164,0.394335,0.000000,0.144187,-0.046108,1.000000,BAAI_bge_large_en_v1.5_recursive_token_c320_o32/results/BAAI__bge-large-en-v1.5_d4aa6901d3a41ba39fb536a557fa166f842b0e09/BAAI__bge-large-en-v1.5/d4aa6901d3a41ba39fb536a557fa166f842b0e09
BAAI_bge_base_en_v1.5,semantic_fixed,384,16,0.541037,0.400850,0.317640,0.372373,0.712890,0.244750,0.089180,0.599150,0.682360,0.627627,0.287110,0.635628,0.233845,0.000000,0.161644,0.016826,1.000000,BAAI_bge_base_en_v1.5_semantic_fixed_c384_o16/results/BAAI__bge-base-en-v1.5_a5beb1e3e68b9ab74eb54cfd186867f64f240e1a/BAAI__bge-base-en-v1.5/a5beb1e3e68b9ab74eb54cfd186867f64f240e1a
BAAI_bge_base_en_v1.5,hierarchical_section,448,64,0.541108,0.397030,0.307930,0.372388,0.717450,0.240550,0.093170,0.602970,0.692070,0.627612,0.282550,0.612679,0.194143,0.000000,0.173350,0.024357,1.000000,BAAI_bge_base_en_v1.5_hierarchical_section_c448_o64/results/BAAI__bge-base-en-v1.5_a5beb1e3e68b9ab74eb54cfd186867f64f240e1a/BAAI__bge-base-en-v1.5/a5beb1e3e68b9ab74eb54cfd186867f64f240e1a
nomic_ai_nomic_embed_text_v1,hierarchical_section,320,64,0.541200,0.401060,0.318000,0.383567,0.705220,0.260500,0.090970,0.598940,0.682000,0.616433,0.294780,0.650787,0.232333,0.000000,0.160940,0.014813,1.000000,nomic_ai_nomic_embed_text_v1_hierarchical_section_c320_o64/results/nomic-ai__nomic-embed-text-v1_0759316f275aa0cb93a5b830973843ca66babcf5/nomic-ai__nomic-embed-text-v1/0759316f275aa0cb93a5b830973843ca66babcf5
BAAI_bge_base_en_v1.5,recursive_token,448,0,0.541408,0.390480,0.304000,0.376175,0.700740,0.254200,0.090550,0.609520,0.696000,0.623825,0.299260,0.643784,0.068528,0.000000,0.201186,0.029783,1.000000,BAAI_bge_base_en_v1.5_recursive_token_c448_o0/results/BAAI__bge-base-en-v1.5_a5beb1e3e68b9ab74eb54cfd186867f64f240e1a/BAAI__bge-base-en-v1.5/a5beb1e3e68b9ab74eb54cfd186867f64f240e1a
nomic_ai_nomic_embed_text_v1,semantic_recursive,256,32,0.542112,0.409640,0.332040,0.395539,0.673900,0.278360,0.089920,0.590360,0.667960,0.604461,0.326100,0.676965,0.319075,0.000000,0.155987,-0.039604,1.000000,nomic_ai_nomic_embed_text_v1_semantic_recursive_c256_o32/results/nomic-ai__nomic-embed-text-v1_0759316f275aa0cb93a5b830973843ca66babcf5/nomic-ai__nomic-embed-text-v1/0759316f275aa0cb93a5b830973843ca66babcf5
nomic_ai_nomic_embed_text_v1,hierarchical_section,256,64,0.542317,0.395540,0.318220,0.385199,0.687250,0.268910,0.090650,0.604460,0.681780,0.614801,0.312750,0.662898,0.161080,0.000000,0.170748,-0.005928,1.000000,nomic_ai_nomic_embed_text_v1_hierarchical_section_c256_o64/results/nomic-ai__nomic-embed-text-v1_0759316f275aa0cb93a5b830973843ca66babcf5/nomic-ai__nomic-embed-text-v1/0759316f275aa0cb93a5b830973843ca66babcf5
BAAI_bge_base_en_v1.5,recursive_token,384,0,0.542661,0.399040,0.313000,0.379461,0.711130,0.258400,0.091600,0.600960,0.687000,0.620539,0.288870,0.645511,0.232245,0.000000,0.174359,0.041616,1.000000,BAAI_bge_base_en_v1.5_recursive_token_c384_o0/results/BAAI__bge-base-en-v1.5_a5beb1e3e68b9ab74eb54cfd186867f64f240e1a/BAAI__bge-base-en-v1.5/a5beb1e3e68b9ab74eb54cfd186867f64f240e1a
BAAI_bge_base_en_v1.5,hierarchical_section,320,0,0.543369,0.402220,0.317440,0.383325,0.691160,0.257350,0.091600,0.597780,0.682560,0.616675,0.308840,0.644065,0.262035,0.000000,0.158763,0.022340,1.000000,BAAI_bge_base_en_v1.5_hierarchical_section_c320_o0/results/BAAI__bge-base-en-v1.5_a5beb1e3e68b9ab74eb54cfd186867f64f240e1a/BAAI__bge-base-en-v1.5/a5beb1e3e68b9ab74eb54cfd186867f64f240e1a
nomic_ai_nomic_embed_text_v1,hierarchical_section,192,0,0.544100,0.397650,0.321560,0.390239,0.676700,0.276260,0.086660,0.602350,0.678440,0.609761,0.323300,0.686310,0.194660,0.000000,0.167356,-0.012576,1.000000,nomic_ai_nomic_embed_text_v1_hierarchical_section_c192_o0/results/nomic-ai__nomic-embed-text-v1_0759316f275aa0cb93a5b830973843ca66babcf5/nomic-ai__nomic-embed-text-v1/0759316f275aa0cb93a5b830973843ca66babcf5
BAAI_bge_large_en_v1.5,recursive_token,320,48,0.545249,0.403680,0.322530,0.391691,0.699720,0.271010,0.091180,0.596320,0.677470,0.608309,0.300280,0.663555,0.347488,0.000000,0.132987,-0.004969,1.000000,BAAI_bge_large_en_v1.5_recursive_token_c320_o48/results/BAAI__bge-large-en-v1.5_d4aa6901d3a41ba39fb536a557fa166f842b0e09/BAAI__bge-large-en-v1.5/d4aa6901d3a41ba39fb536a557fa166f842b0e09
nomic_ai_nomic_embed_text_v1,hierarchical_section,256,48,0.545372,0.402410,0.322330,0.389072,0.694210,0.271010,0.090130,0.597590,0.677670,0.610928,0.305790,0.667429,0.317580,0.000000,0.152113,-0.031258,1.000000,nomic_ai_nomic_embed_text_v1_hierarchical_section_c256_o48/results/nomic-ai__nomic-embed-text-v1_0759316f275aa0cb93a5b830973843ca66babcf5/nomic-ai__nomic-embed-text-v1/0759316f275aa0cb93a5b830973843ca66babcf5
nomic_ai_nomic_embed_text_v1,fixed_token,320,64,0.545401,0.394480,0.307280,0.374883,0.702820,0.245800,0.096220,0.605520,0.692720,0.625117,0.297180,0.608544,0.234325,0.000000,0.164076,-0.021882,1.000000,nomic_ai_nomic_embed_text_v1_fixed_token_c320_o64/results/nomic-ai__nomic-embed-text-v1_0759316f275aa0cb93a5b830973843ca66babcf5/nomic-ai__nomic-embed-text-v1/0759316f275aa0cb93a5b830973843ca66babcf5
nomic_ai_nomic_embed_text_v1,fixed_token,192,0,0.545556,0.406770,0.329490,0.403910,0.684560,0.295170,0.091180,0.593230,0.670510,0.596090,0.315440,0.691093,0.375858,0.000000,0.152087,-0.054517,1.000000,nomic_ai_nomic_embed_text_v1_fixed_token_c192_o0/results/nomic-ai__nomic-embed-text-v1_0759316f275aa0cb93a5b830973843ca66babcf5/nomic-ai__nomic-embed-text-v1/0759316f275aa0cb93a5b830973843ca66babcf5
BAAI_bge_base_en_v1.5,recursive_token,448,16,0.545707,0.391890,0.308180,0.378188,0.702210,0.257350,0.088030,0.608110,0.691820,0.621812,0.297790,0.657937,0.176730,0.000000,0.185830,0.042352,1.000000,BAAI_bge_base_en_v1.5_recursive_token_c448_o16/results/BAAI__bge-base-en-v1.5_a5beb1e3e68b9ab74eb54cfd186867f64f240e1a/BAAI__bge-base-en-v1.5/a5beb1e3e68b9ab74eb54cfd186867f64f240e1a
BAAI_bge_base_en_v1.5,hierarchical_section,384,64,0.545914,0.391370,0.306730,0.369263,0.702780,0.242650,0.092330,0.608630,0.693270,0.630737,0.297220,0.619493,0.192118,0.000000,0.191346,0.059539,1.000000,BAAI_bge_base_en_v1.5_hierarchical_section_c384_o64/results/BAAI__bge-base-en-v1.5_a5beb1e3e68b9ab74eb54cfd186867f64f240e1a/BAAI__bge-base-en-v1.5/a5beb1e3e68b9ab74eb54cfd186867f64f240e1a
BAAI_bge_large_en_v1.5,recursive_token,256,0,0.545943,0.393450,0.314470,0.381892,0.683350,0.259450,0.086970,0.606550,0.685530,0.618108,0.316650,0.664791,0.183493,0.000000,0.168421,-0.010239,1.000000,BAAI_bge_large_en_v1.5_recursive_token_c256_o0/results/BAAI__bge-large-en-v1.5_d4aa6901d3a41ba39fb536a557fa166f842b0e09/BAAI__bge-large-en-v1.5/d4aa6901d3a41ba39fb536a557fa166f842b0e09
BAAI_bge_large_en_v1.5,fixed_token,320,64,0.546570,0.382880,0.301210,0.373416,0.686150,0.246850,0.091180,0.617120,0.698790,0.626584,0.313850,0.630626,0.070663,0.000000,0.188492,0.005249,1.000000,BAAI_bge_large_en_v1.5_fixed_token_c320_o64/results/BAAI__bge-large-en-v1.5_d4aa6901d3a41ba39fb536a557fa166f842b0e09/BAAI__bge-large-en-v1.5/d4aa6901d3a41ba39fb536a557fa166f842b0e09
nomic_ai_nomic_embed_text_v1,recursive_token,256,48,0.546793,0.408030,0.327630,0.396849,0.688900,0.276260,0.091490,0.591970,0.672370,0.603151,0.311100,0.668826,0.421315,0.000000,0.140586,-0.049698,1.000000,nomic_ai_nomic_embed_text_v1_recursive_token_c256_o48/results/nomic-ai__nomic-embed-text-v1_0759316f275aa0cb93a5b830973843ca66babcf5/nomic-ai__nomic-embed-text-v1/0759316f275aa0cb93a5b830973843ca66babcf5
BAAI_bge_base_en_v1.5,recursive_token,448,48,0.547026,0.394820,0.306960,0.375941,0.710400,0.251050,0.092330,0.605180,0.693040,0.624059,0.289600,0.632225,0.262203,0.000000,0.169055,0.042991,1.000000,BAAI_bge_base_en_v1.5_recursive_token_c448_o48/results/BAAI__bge-base-en-v1.5_a5beb1e3e68b9ab74eb54cfd186867f64f240e1a/BAAI__bge-base-en-v1.5/a5beb1e3e68b9ab74eb54cfd186867f64f240e1a
nomic_ai_nomic_embed_text_v1,fixed_token,256,64,0.547070,0.390610,0.309160,0.384382,0.672580,0.266810,0.094540,0.609390,0.690840,0.615618,0.327420,0.645665,0.161795,0.000000,0.177653,-0.020024,1.000000,nomic_ai_nomic_embed_text_v1_fixed_token_c256_o64/results/nomic-ai__nomic-embed-text-v1_0759316f275aa0cb93a5b830973843ca66babcf5/nomic-ai__nomic-embed-text-v1/0759316f275aa0cb93a5b830973843ca66babcf5
BAAI_bge_large_en_v1.5,fixed_token,256,32,0.547093,0.385820,0.306380,0.375369,0.681230,0.256300,0.088660,0.614180,0.693620,0.624631,0.318770,0.654077,0.098877,0.000000,0.182510,0.004571,1.000000,BAAI_bge_large_en_v1.5_fixed_token_c256_o32/results/BAAI__bge-large-en-v1.5_d4aa6901d3a41ba39fb536a557fa166f842b0e09/BAAI__bge-large-en-v1.5/d4aa6901d3a41ba39fb536a557fa166f842b0e09
BAAI_bge_base_en_v1.5,semantic_fixed,448,32,0.547547,0.389060,0.305790,0.365666,0.705790,0.244750,0.089290,0.610940,0.694210,0.634334,0.294210,0.635179,0.183380,0.000000,0.177899,0.029150,1.000000,BAAI_bge_base_en_v1.5_semantic_fixed_c448_o32/results/BAAI__bge-base-en-v1.5_a5beb1e3e68b9ab74eb54cfd186867f64f240e1a/BAAI__bge-base-en-v1.5/a5beb1e3e68b9ab74eb54cfd186867f64f240e1a
nomic_ai_nomic_embed_text_v1,hierarchical_section,192,16,0.547882,0.384400,0.309700,0.374780,0.664180,0.261550,0.084240,0.615600,0.690300,0.625220,0.335820,0.677920,0.056033,0.000000,0.194028,0.010469,1.000000,nomic_ai_nomic_embed_text_v1_hierarchical_section_c192_o16/results/nomic-ai__nomic-embed-text-v1_0759316f275aa0cb93a5b830973843ca66babcf5/nomic-ai__nomic-embed-text-v1/0759316f275aa0cb93a5b830973843ca66babcf5
BAAI_bge_base_en_v1.5,recursive_token,320,0,0.547928,0.384260,0.305270,0.374143,0.681600,0.258400,0.086660,0.615740,0.694730,0.625857,0.318400,0.664628,0.084845,0.000000,0.195955,0.025848,1.000000,BAAI_bge_base_en_v1.5_recursive_token_c320_o0/results/BAAI__bge-base-en-v1.5_a5beb1e3e68b9ab74eb54cfd186867f64f240e1a/BAAI__bge-base-en-v1.5/a5beb1e3e68b9ab74eb54cfd186867f64f240e1a
nomic_ai_nomic_embed_text_v1,recursive_token,256,64,0.548213,0.402160,0.320730,0.391347,0.691140,0.277310,0.091810,0.597840,0.679270,0.608653,0.308860,0.668926,0.362662,0.000000,0.147463,-0.039991,1.000000,nomic_ai_nomic_embed_text_v1_recursive_token_c256_o64/results/nomic-ai__nomic-embed-text-v1_0759316f275aa0cb93a5b830973843ca66babcf5/nomic-ai__nomic-embed-text-v1/0759316f275aa0cb93a5b830973843ca66babcf5
BAAI_bge_base_en_v1.5,semantic_fixed,448,48,0.548482,0.384920,0.300270,0.369935,0.704660,0.250000,0.088450,0.615080,0.699730,0.630065,0.295340,0.646200,0.137995,0.000000,0.187053,0.029304,1.000000,BAAI_bge_base_en_v1.5_semantic_fixed_c448_o48/results/BAAI__bge-base-en-v1.5_a5beb1e3e68b9ab74eb54cfd186867f64f240e1a/BAAI__bge-base-en-v1.5/a5beb1e3e68b9ab74eb54cfd186867f64f240e1a
BAAI_bge_large_en_v1.5,recursive_token,256,16,0.548539,0.390770,0.312170,0.381877,0.673270,0.266810,0.085190,0.609230,0.687830,0.618123,0.326730,0.680709,0.165975,0.000000,0.167705,0.001800,1.000000,BAAI_bge_large_en_v1.5_recursive_token_c256_o16/results/BAAI__bge-large-en-v1.5_d4aa6901d3a41ba39fb536a557fa166f842b0e09/BAAI__bge-large-en-v1.5/d4aa6901d3a41ba39fb536a557fa166f842b0e09
BAAI_bge_base_en_v1.5,recursive_token,384,32,0.548980,0.398970,0.315340,0.378236,0.701350,0.255250,0.090230,0.601030,0.684660,0.621764,0.298650,0.646503,0.344360,0.000000,0.163242,0.064228,1.000000,BAAI_bge_base_en_v1.5_recursive_token_c384_o32/results/BAAI__bge-base-en-v1.5_a5beb1e3e68b9ab74eb54cfd186867f64f240e1a/BAAI__bge-base-en-v1.5/a5beb1e3e68b9ab74eb54cfd186867f64f240e1a
BAAI_bge_base_en_v1.5,fixed_token,384,16,0.549099,0.401560,0.315230,0.378941,0.712780,0.254200,0.091490,0.598440,0.684770,0.621059,0.287220,0.640087,0.400303,0.000000,0.143624,0.047369,1.000000,BAAI_bge_base_en_v1.5_fixed_token_c384_o16/results/BAAI__bge-base-en-v1.5_a5beb1e3e68b9ab74eb54cfd186867f64f240e1a/BAAI__bge-base-en-v1.5/a5beb1e3e68b9ab74eb54cfd186867f64f240e1a
nomic_ai_nomic_embed_text_v1,semantic_recursive,192,0,0.549197,0.398560,0.325000,0.398749,0.650230,0.288870,0.085500,0.601440,0.675000,0.601251,0.349770,0.704019,0.264913,0.000000,0.154478,-0.014921,1.000000,nomic_ai_nomic_embed_text_v1_semantic_recursive_c192_o0/results/nomic-ai__nomic-embed-text-v1_0759316f275aa0cb93a5b830973843ca66babcf5/nomic-ai__nomic-embed-text-v1/0759316f275aa0cb93a5b830973843ca66babcf5
nomic_ai_nomic_embed_text_v1,hierarchical_section,128,0,0.549726,0.390870,0.323370,0.393940,0.617700,0.289920,0.081410,0.609130,0.676630,0.606060,0.382300,0.719198,0.109905,0.000000,0.182443,0.008848,1.000000,nomic_ai_nomic_embed_text_v1_hierarchical_section_c128_o0/results/nomic-ai__nomic-embed-text-v1_0759316f275aa0cb93a5b830973843ca66babcf5/nomic-ai__nomic-embed-text-v1/0759316f275aa0cb93a5b830973843ca66babcf5
BAAI_bge_base_en_v1.5,fixed_token,448,16,0.549894,0.387730,0.305360,0.368155,0.715600,0.253150,0.088660,0.612270,0.694640,0.631845,0.284400,0.649773,0.226630,0.000000,0.176599,0.043850,1.000000,BAAI_bge_base_en_v1.5_fixed_token_c448_o16/results/BAAI__bge-base-en-v1.5_a5beb1e3e68b9ab74eb54cfd186867f64f240e1a/BAAI__bge-base-en-v1.5/a5beb1e3e68b9ab74eb54cfd186867f64f240e1a
BAAI_bge_base_en_v1.5,semantic_recursive,448,32,0.551570,0.395170,0.316020,0.378865,0.685960,0.261550,0.088660,0.604830,0.683980,0.621135,0.314040,0.661021,0.320630,0.000000,0.138225,-0.004702,1.000000,BAAI_bge_base_en_v1.5_semantic_recursive_c448_o32/results/BAAI__bge-base-en-v1.5_a5beb1e3e68b9ab74eb54cfd186867f64f240e1a/BAAI__bge-base-en-v1.5/a5beb1e3e68b9ab74eb54cfd186867f64f240e1a
nomic_ai_nomic_embed_text_v1,semantic_recursive,192,16,0.551682,0.391880,0.319630,0.390592,0.646040,0.277310,0.084140,0.608120,0.680370,0.609408,0.353960,0.696585,0.215755,0.000000,0.164678,-0.015658,1.000000,nomic_ai_nomic_embed_text_v1_semantic_recursive_c192_o16/results/nomic-ai__nomic-embed-text-v1_0759316f275aa0cb93a5b830973843ca66babcf5/nomic-ai__nomic-embed-text-v1/0759316f275aa0cb93a5b830973843ca66babcf5
BAAI_bge_base_en_v1.5,fixed_token,320,16,0.553075,0.383890,0.305790,0.372018,0.674840,0.260500,0.086870,0.616110,0.694210,0.627982,0.325160,0.666526,0.166858,0.000000,0.176588,0.019919,1.000000,BAAI_bge_base_en_v1.5_fixed_token_c320_o16/results/BAAI__bge-base-en-v1.5_a5beb1e3e68b9ab74eb54cfd186867f64f240e1a/BAAI__bge-base-en-v1.5/a5beb1e3e68b9ab74eb54cfd186867f64f240e1a
BAAI_bge_base_en_v1.5,semantic_fixed,448,16,0.553642,0.375290,0.293980,0.355354,0.699280,0.235290,0.087180,0.624710,0.706020,0.644646,0.300720,0.629479,0.106150,0.000000,0.201677,0.045814,1.000000,BAAI_bge_base_en_v1.5_semantic_fixed_c448_o16/results/BAAI__bge-base-en-v1.5_a5beb1e3e68b9ab74eb54cfd186867f64f240e1a/BAAI__bge-base-en-v1.5/a5beb1e3e68b9ab74eb54cfd186867f64f240e1a
BAAI_bge_base_en_v1.5,fixed_token,384,32,0.553704,0.383230,0.297760,0.358537,0.697900,0.230040,0.089810,0.616770,0.702240,0.641463,0.302100,0.609590,0.217467,0.000000,0.168530,0.024047,1.000000,BAAI_bge_base_en_v1.5_fixed_token_c384_o32/results/BAAI__bge-base-en-v1.5_a5beb1e3e68b9ab74eb54cfd186867f64f240e1a/BAAI__bge-base-en-v1.5/a5beb1e3e68b9ab74eb54cfd186867f64f240e1a
BAAI_bge_base_en_v1.5,semantic_recursive,448,48,0.554389,0.392390,0.311500,0.375285,0.688130,0.258400,0.089390,0.607610,0.688500,0.624715,0.311870,0.654063,0.338048,0.000000,0.139961,0.015141,1.000000,BAAI_bge_base_en_v1.5_semantic_recursive_c448_o48/results/BAAI__bge-base-en-v1.5_a5beb1e3e68b9ab74eb54cfd186867f64f240e1a/BAAI__bge-base-en-v1.5/a5beb1e3e68b9ab74eb54cfd186867f64f240e1a
BAAI_bge_base_en_v1.5,semantic_recursive,448,0,0.554583,0.392370,0.311160,0.372745,0.692330,0.255250,0.087500,0.607630,0.688840,0.627255,0.307670,0.657199,0.340580,0.000000,0.138228,-0.012688,1.000000,BAAI_bge_base_en_v1.5_semantic_recursive_c448_o0/results/BAAI__bge-base-en-v1.5_a5beb1e3e68b9ab74eb54cfd186867f64f240e1a/BAAI__bge-base-en-v1.5/a5beb1e3e68b9ab74eb54cfd186867f64f240e1a
BAAI_bge_base_en_v1.5,hierarchical_section,320,32,0.554757,0.377440,0.295090,0.362002,0.679040,0.241600,0.089180,0.622560,0.704910,0.637998,0.320960,0.630877,0.123672,0.000000,0.190007,0.029483,1.000000,BAAI_bge_base_en_v1.5_hierarchical_section_c320_o32/results/BAAI__bge-base-en-v1.5_a5beb1e3e68b9ab74eb54cfd186867f64f240e1a/BAAI__bge-base-en-v1.5/a5beb1e3e68b9ab74eb54cfd186867f64f240e1a
BAAI_bge_base_en_v1.5,semantic_fixed,320,16,0.555028,0.389200,0.311580,0.375891,0.679950,0.258400,0.087180,0.610800,0.688420,0.624109,0.320050,0.662616,0.298750,0.000000,0.148200,0.015900,1.000000,BAAI_bge_base_en_v1.5_semantic_fixed_c320_o16/results/BAAI__bge-base-en-v1.5_a5beb1e3e68b9ab74eb54cfd186867f64f240e1a/BAAI__bge-base-en-v1.5/a5beb1e3e68b9ab74eb54cfd186867f64f240e1a
BAAI_bge_base_en_v1.5,hierarchical_section,256,0,0.555377,0.377650,0.298750,0.365988,0.666190,0.248950,0.082770,0.622350,0.701250,0.634012,0.333810,0.667524,0.098230,0.000000,0.197917,0.035126,1.000000,BAAI_bge_base_en_v1.5_hierarchical_section_c256_o0/results/BAAI__bge-base-en-v1.5_a5beb1e3e68b9ab74eb54cfd186867f64f240e1a/BAAI__bge-base-en-v1.5/a5beb1e3e68b9ab74eb54cfd186867f64f240e1a
BAAI_bge_base_en_v1.5,fixed_token,384,64,0.556047,0.376950,0.295510,0.364821,0.681090,0.246850,0.090130,0.623050,0.704490,0.635179,0.318910,0.634879,0.152470,0.000000,0.211618,0.084224,1.000000,BAAI_bge_base_en_v1.5_fixed_token_c384_o64/results/BAAI__bge-base-en-v1.5_a5beb1e3e68b9ab74eb54cfd186867f64f240e1a/BAAI__bge-base-en-v1.5/a5beb1e3e68b9ab74eb54cfd186867f64f240e1a
BAAI_bge_base_en_v1.5,semantic_recursive,448,16,0.556237,0.389880,0.309570,0.370449,0.688800,0.253150,0.087180,0.610120,0.690430,0.629551,0.311200,0.655619,0.334818,0.000000,0.145413,-0.024753,1.000000,BAAI_bge_base_en_v1.5_semantic_recursive_c448_o16/results/BAAI__bge-base-en-v1.5_a5beb1e3e68b9ab74eb54cfd186867f64f240e1a/BAAI__bge-base-en-v1.5/a5beb1e3e68b9ab74eb54cfd186867f64f240e1a
nomic_ai_nomic_embed_text_v1,semantic_fixed,256,48,0.556262,0.394880,0.311470,0.379107,0.674960,0.258400,0.096320,0.605120,0.688530,0.620893,0.325040,0.627245,0.405930,0.000000,0.136350,-0.035072,1.000000,nomic_ai_nomic_embed_text_v1_semantic_fixed_c256_o48/results/nomic-ai__nomic-embed-text-v1_0759316f275aa0cb93a5b830973843ca66babcf5/nomic-ai__nomic-embed-text-v1/0759316f275aa0cb93a5b830973843ca66babcf5
BAAI_bge_large_en_v1.5,fixed_token,192,0,0.556745,0.376610,0.300600,0.371672,0.657650,0.256300,0.086030,0.623390,0.699400,0.628328,0.342350,0.664339,0.121095,0.000000,0.191052,-0.030542,1.000000,BAAI_bge_large_en_v1.5_fixed_token_c192_o0/results/BAAI__bge-large-en-v1.5_d4aa6901d3a41ba39fb536a557fa166f842b0e09/BAAI__bge-large-en-v1.5/d4aa6901d3a41ba39fb536a557fa166f842b0e09
BAAI_bge_base_en_v1.5,semantic_recursive,448,64,0.556890,0.388980,0.307150,0.370779,0.691260,0.248950,0.090860,0.611020,0.692850,0.629221,0.308740,0.635027,0.356280,0.000000,0.130059,-0.002630,1.000000,BAAI_bge_base_en_v1.5_semantic_recursive_c448_o64/results/BAAI__bge-base-en-v1.5_a5beb1e3e68b9ab74eb54cfd186867f64f240e1a/BAAI__bge-base-en-v1.5/a5beb1e3e68b9ab74eb54cfd186867f64f240e1a
BAAI_bge_large_en_v1.5,fixed_token,256,64,0.557052,0.377120,0.296370,0.371362,0.647690,0.259450,0.091490,0.622880,0.703630,0.628638,0.352310,0.647369,0.111330,0.000000,0.184667,-0.013866,1.000000,BAAI_bge_large_en_v1.5_fixed_token_c256_o64/results/BAAI__bge-large-en-v1.5_d4aa6901d3a41ba39fb536a557fa166f842b0e09/BAAI__bge-large-en-v1.5/d4aa6901d3a41ba39fb536a557fa166f842b0e09
nomic_ai_nomic_embed_text_v1,fixed_token,256,48,0.557109,0.392820,0.312770,0.382834,0.672570,0.267860,0.092650,0.607180,0.687230,0.617166,0.327430,0.654110,0.385330,0.000000,0.133929,-0.021990,1.000000,nomic_ai_nomic_embed_text_v1_fixed_token_c256_o48/results/nomic-ai__nomic-embed-text-v1_0759316f275aa0cb93a5b830973843ca66babcf5/nomic-ai__nomic-embed-text-v1/0759316f275aa0cb93a5b830973843ca66babcf5
nomic_ai_nomic_embed_text_v1,semantic_fixed,192,0,0.557951,0.400380,0.323370,0.397297,0.666050,0.286760,0.089600,0.599620,0.676630,0.602703,0.333950,0.687544,0.495070,0.000000,0.131043,-0.060114,1.000000,nomic_ai_nomic_embed_text_v1_semantic_fixed_c192_o0/results/nomic-ai__nomic-embed-text-v1_0759316f275aa0cb93a5b830973843ca66babcf5/nomic-ai__nomic-embed-text-v1/0759316f275aa0cb93a5b830973843ca66babcf5
nomic_ai_nomic_embed_text_v1,hierarchical_section,192,48,0.558455,0.381900,0.307340,0.380666,0.644800,0.274160,0.087390,0.618100,0.692660,0.619334,0.355200,0.681245,0.205253,0.000000,0.164216,-0.010533,1.000000,nomic_ai_nomic_embed_text_v1_hierarchical_section_c192_o48/results/nomic-ai__nomic-embed-text-v1_0759316f275aa0cb93a5b830973843ca66babcf5/nomic-ai__nomic-embed-text-v1/0759316f275aa0cb93a5b830973843ca66babcf5
BAAI_bge_base_en_v1.5,recursive_token,320,16,0.558468,0.377530,0.298280,0.363745,0.666540,0.244750,0.084770,0.622470,0.701720,0.636255,0.333460,0.653647,0.167173,0.000000,0.182970,0.032809,1.000000,BAAI_bge_base_en_v1.5_recursive_token_c320_o16/results/BAAI__bge-base-en-v1.5_a5beb1e3e68b9ab74eb54cfd186867f64f240e1a/BAAI__bge-base-en-v1.5/a5beb1e3e68b9ab74eb54cfd186867f64f240e1a
BAAI_bge_base_en_v1.5,fixed_token,384,48,0.558600,0.377810,0.296160,0.361491,0.684210,0.241600,0.087500,0.622190,0.703840,0.638509,0.315790,0.637831,0.210500,0.000000,0.186746,0.057692,1.000000,BAAI_bge_base_en_v1.5_fixed_token_c384_o48/results/BAAI__bge-base-en-v1.5_a5beb1e3e68b9ab74eb54cfd186867f64f240e1a/BAAI__bge-base-en-v1.5/a5beb1e3e68b9ab74eb54cfd186867f64f240e1a
nomic_ai_nomic_embed_text_v1,fixed_token,128,0,0.558630,0.377050,0.311560,0.382320,0.624580,0.284660,0.078150,0.622950,0.688440,0.617680,0.375420,0.725462,0.100628,0.000000,0.183890,-0.008031,1.000000,nomic_ai_nomic_embed_text_v1_fixed_token_c128_o0/results/nomic-ai__nomic-embed-text-v1_0759316f275aa0cb93a5b830973843ca66babcf5/nomic-ai__nomic-embed-text-v1/0759316f275aa0cb93a5b830973843ca66babcf5
BAAI_bge_base_en_v1.5,semantic_recursive,384,16,0.558706,0.380150,0.298690,0.356941,0.677260,0.236340,0.087500,0.619850,0.701310,0.643059,0.322740,0.629771,0.228868,0.000000,0.155207,0.001961,1.000000,BAAI_bge_base_en_v1.5_semantic_recursive_c384_o16/results/BAAI__bge-base-en-v1.5_a5beb1e3e68b9ab74eb54cfd186867f64f240e1a/BAAI__bge-base-en-v1.5/a5beb1e3e68b9ab74eb54cfd186867f64f240e1a
nomic_ai_nomic_embed_text_v1,recursive_token,192,16,0.558734,0.401830,0.328210,0.401914,0.656250,0.295170,0.087920,0.598170,0.671790,0.598086,0.343750,0.702138,0.518177,0.000000,0.123504,-0.054279,1.000000,nomic_ai_nomic_embed_text_v1_recursive_token_c192_o16/results/nomic-ai__nomic-embed-text-v1_0759316f275aa0cb93a5b830973843ca66babcf5/nomic-ai__nomic-embed-text-v1/0759316f275aa0cb93a5b830973843ca66babcf5
nomic_ai_nomic_embed_text_v1,semantic_recursive,192,32,0.558755,0.387170,0.315360,0.385021,0.651820,0.279410,0.082670,0.612830,0.684640,0.614979,0.348180,0.704127,0.290620,0.000000,0.156503,-0.029254,1.000000,nomic_ai_nomic_embed_text_v1_semantic_recursive_c192_o32/results/nomic-ai__nomic-embed-text-v1_0759316f275aa0cb93a5b830973843ca66babcf5/nomic-ai__nomic-embed-text-v1/0759316f275aa0cb93a5b830973843ca66babcf5
nomic_ai_nomic_embed_text_v1,semantic_fixed,128,0,0.559437,0.382830,0.317270,0.385165,0.622640,0.287820,0.078890,0.617170,0.682730,0.614835,0.377360,0.725905,0.192998,0.000000,0.178281,-0.033761,1.000000,nomic_ai_nomic_embed_text_v1_semantic_fixed_c128_o0/results/nomic-ai__nomic-embed-text-v1_0759316f275aa0cb93a5b830973843ca66babcf5/nomic-ai__nomic-embed-text-v1/0759316f275aa0cb93a5b830973843ca66babcf5
BAAI_bge_base_en_v1.5,fixed_token,320,0,0.559550,0.382890,0.303740,0.372460,0.674260,0.254200,0.087290,0.617110,0.696260,0.627540,0.325740,0.656609,0.288795,0.000000,0.172511,0.060540,1.000000,BAAI_bge_base_en_v1.5_fixed_token_c320_o0/results/BAAI__bge-base-en-v1.5_a5beb1e3e68b9ab74eb54cfd186867f64f240e1a/BAAI__bge-base-en-v1.5/a5beb1e3e68b9ab74eb54cfd186867f64f240e1a
nomic_ai_nomic_embed_text_v1,fixed_token,192,32,0.559676,0.377730,0.298450,0.383401,0.647360,0.268910,0.088550,0.622270,0.701550,0.616599,0.352640,0.670708,0.177710,0.000000,0.169814,-0.010712,1.000000,nomic_ai_nomic_embed_text_v1_fixed_token_c192_o32/results/nomic-ai__nomic-embed-text-v1_0759316f275aa0cb93a5b830973843ca66babcf5/nomic-ai__nomic-embed-text-v1/0759316f275aa0cb93a5b830973843ca66babcf5
nomic_ai_nomic_embed_text_v1,semantic_fixed,192,16,0.559781,0.382600,0.306360,0.380245,0.657720,0.280460,0.086130,0.617400,0.693640,0.619755,0.342280,0.692897,0.247485,0.000000,0.160984,-0.020962,1.000000,nomic_ai_nomic_embed_text_v1_semantic_fixed_c192_o16/results/nomic-ai__nomic-embed-text-v1_0759316f275aa0cb93a5b830973843ca66babcf5/nomic-ai__nomic-embed-text-v1/0759316f275aa0cb93a5b830973843ca66babcf5
BAAI_bge_base_en_v1.5,semantic_recursive,384,0,0.560105,0.379530,0.298920,0.357341,0.680970,0.235290,0.087180,0.620470,0.701080,0.642659,0.319030,0.629479,0.260692,0.000000,0.149127,0.002531,1.000000,BAAI_bge_base_en_v1.5_semantic_recursive_c384_o0/results/BAAI__bge-base-en-v1.5_a5beb1e3e68b9ab74eb54cfd186867f64f240e1a/BAAI__bge-base-en-v1.5/a5beb1e3e68b9ab74eb54cfd186867f64f240e1a
BAAI_bge_base_en_v1.5,semantic_fixed,384,64,0.560237,0.366280,0.281440,0.351025,0.688970,0.227940,0.089600,0.633720,0.718560,0.648975,0.311030,0.606914,0.100098,0.000000,0.196285,0.032609,1.000000,BAAI_bge_base_en_v1.5_semantic_fixed_c384_o64/results/BAAI__bge-base-en-v1.5_a5beb1e3e68b9ab74eb54cfd186867f64f240e1a/BAAI__bge-base-en-v1.5/a5beb1e3e68b9ab74eb54cfd186867f64f240e1a
nomic_ai_nomic_embed_text_v1,recursive_token,192,0,0.560426,0.395200,0.321600,0.390713,0.645380,0.279410,0.087390,0.604800,0.678400,0.609287,0.354620,0.687234,0.436678,0.000000,0.139742,-0.054155,1.000000,nomic_ai_nomic_embed_text_v1_recursive_token_c192_o0/results/nomic-ai__nomic-embed-text-v1_0759316f275aa0cb93a5b830973843ca66babcf5/nomic-ai__nomic-embed-text-v1/0759316f275aa0cb93a5b830973843ca66babcf5
BAAI_bge_base_en_v1.5,hierarchical_section,320,16,0.560476,0.382850,0.301190,0.367059,0.672250,0.243700,0.087820,0.617150,0.698810,0.632941,0.327750,0.639639,0.298917,0.000000,0.160812,0.041191,1.000000,BAAI_bge_base_en_v1.5_hierarchical_section_c320_o16/results/BAAI__bge-base-en-v1.5_a5beb1e3e68b9ab74eb54cfd186867f64f240e1a/BAAI__bge-base-en-v1.5/a5beb1e3e68b9ab74eb54cfd186867f64f240e1a
BAAI_bge_base_en_v1.5,semantic_fixed,320,48,0.560730,0.371740,0.291660,0.354067,0.675160,0.228990,0.087820,0.628260,0.708340,0.645933,0.324840,0.616490,0.168865,0.000000,0.172856,0.013258,1.000000,BAAI_bge_base_en_v1.5_semantic_fixed_c320_o48/results/BAAI__bge-base-en-v1.5_a5beb1e3e68b9ab74eb54cfd186867f64f240e1a/BAAI__bge-base-en-v1.5/a5beb1e3e68b9ab74eb54cfd186867f64f240e1a
BAAI_bge_base_en_v1.5,semantic_fixed,384,48,0.560785,0.373600,0.291820,0.353122,0.680270,0.234240,0.086660,0.626400,0.708180,0.646878,0.319730,0.630038,0.182133,0.000000,0.174161,0.021175,1.000000,BAAI_bge_base_en_v1.5_semantic_fixed_c384_o48/results/BAAI__bge-base-en-v1.5_a5beb1e3e68b9ab74eb54cfd186867f64f240e1a/BAAI__bge-base-en-v1.5/a5beb1e3e68b9ab74eb54cfd186867f64f240e1a
nomic_ai_nomic_embed_text_v1,hierarchical_section,192,32,0.560869,0.381640,0.307580,0.371321,0.660210,0.265760,0.084350,0.618360,0.692420,0.628679,0.339790,0.682608,0.262905,0.000000,0.157893,-0.020948,1.000000,nomic_ai_nomic_embed_text_v1_hierarchical_section_c192_o32/results/nomic-ai__nomic-embed-text-v1_0759316f275aa0cb93a5b830973843ca66babcf5/nomic-ai__nomic-embed-text-v1/0759316f275aa0cb93a5b830973843ca66babcf5
BAAI_bge_large_en_v1.5,recursive_token,256,32,0.561887,0.394010,0.316070,0.380646,0.681200,0.263660,0.087080,0.605990,0.683930,0.619354,0.318800,0.669726,0.502080,0.000000,0.123098,-0.047028,1.000000,BAAI_bge_large_en_v1.5_recursive_token_c256_o32/results/BAAI__bge-large-en-v1.5_d4aa6901d3a41ba39fb536a557fa166f842b0e09/BAAI__bge-large-en-v1.5/d4aa6901d3a41ba39fb536a557fa166f842b0e09
BAAI_bge_base_en_v1.5,recursive_token,384,48,0.562619,0.383480,0.301560,0.367820,0.696360,0.246850,0.088970,0.616520,0.698440,0.632180,0.303640,0.639579,0.398713,0.000000,0.148189,0.055863,1.000000,BAAI_bge_base_en_v1.5_recursive_token_c384_o48/results/BAAI__bge-base-en-v1.5_a5beb1e3e68b9ab74eb54cfd186867f64f240e1a/BAAI__bge-base-en-v1.5/a5beb1e3e68b9ab74eb54cfd186867f64f240e1a
BAAI_bge_base_en_v1.5,semantic_fixed,384,32,0.562908,0.377960,0.294440,0.352269,0.692560,0.219540,0.086760,0.622040,0.705560,0.647731,0.307440,0.604810,0.322402,0.000000,0.146565,0.022091,1.000000,BAAI_bge_base_en_v1.5_semantic_fixed_c384_o32/results/BAAI__bge-base-en-v1.5_a5beb1e3e68b9ab74eb54cfd186867f64f240e1a/BAAI__bge-base-en-v1.5/a5beb1e3e68b9ab74eb54cfd186867f64f240e1a
BAAI_bge_large_en_v1.5,recursive_token,256,48,0.562956,0.385760,0.305650,0.381243,0.673510,0.268910,0.087390,0.614240,0.694350,0.618757,0.326490,0.675021,0.388050,0.000000,0.142936,-0.041092,1.000000,BAAI_bge_large_en_v1.5_recursive_token_c256_o48/results/BAAI__bge-large-en-v1.5_d4aa6901d3a41ba39fb536a557fa166f842b0e09/BAAI__bge-large-en-v1.5/d4aa6901d3a41ba39fb536a557fa166f842b0e09
nomic_ai_nomic_embed_text_v1,semantic_fixed,192,32,0.563005,0.373190,0.297860,0.374687,0.642800,0.264710,0.084980,0.626810,0.702140,0.625313,0.357200,0.678969,0.166258,0.000000,0.174527,-0.015557,1.000000,nomic_ai_nomic_embed_text_v1_semantic_fixed_c192_o32/results/nomic-ai__nomic-embed-text-v1_0759316f275aa0cb93a5b830973843ca66babcf5/nomic-ai__nomic-embed-text-v1/0759316f275aa0cb93a5b830973843ca66babcf5
BAAI_bge_base_en_v1.5,hierarchical_section,320,48,0.563543,0.379160,0.299890,0.364738,0.659400,0.245800,0.086660,0.620840,0.700110,0.635262,0.340600,0.647437,0.283705,0.000000,0.168461,0.050404,1.000000,BAAI_bge_base_en_v1.5_hierarchical_section_c320_o48/results/BAAI__bge-base-en-v1.5_a5beb1e3e68b9ab74eb54cfd186867f64f240e1a/BAAI__bge-base-en-v1.5/a5beb1e3e68b9ab74eb54cfd186867f64f240e1a
nomic_ai_nomic_embed_text_v1,recursive_token,128,16,0.563704,0.379210,0.313330,0.386463,0.610190,0.284660,0.078470,0.620790,0.686670,0.613537,0.389810,0.724338,0.209253,0.000000,0.173922,-0.031545,1.000000,nomic_ai_nomic_embed_text_v1_recursive_token_c128_o16/results/nomic-ai__nomic-embed-text-v1_0759316f275aa0cb93a5b830973843ca66babcf5/nomic-ai__nomic-embed-text-v1/0759316f275aa0cb93a5b830973843ca66babcf5
nomic_ai_nomic_embed_text_v1,fixed_token,192,16,0.563941,0.381850,0.306810,0.374556,0.655480,0.267860,0.086130,0.618150,0.693190,0.625444,0.344520,0.678451,0.324325,0.000000,0.150289,-0.030308,1.000000,nomic_ai_nomic_embed_text_v1_fixed_token_c192_o16/results/nomic-ai__nomic-embed-text-v1_0759316f275aa0cb93a5b830973843ca66babcf5/nomic-ai__nomic-embed-text-v1/0759316f275aa0cb93a5b830973843ca66babcf5
BAAI_bge_base_en_v1.5,semantic_fixed,320,0,0.564030,0.379720,0.302140,0.366392,0.674680,0.254200,0.086340,0.620280,0.697860,0.633608,0.325320,0.660346,0.328438,0.000000,0.158091,0.047557,1.000000,BAAI_bge_base_en_v1.5_semantic_fixed_c320_o0/results/BAAI__bge-base-en-v1.5_a5beb1e3e68b9ab74eb54cfd186867f64f240e1a/BAAI__bge-base-en-v1.5/a5beb1e3e68b9ab74eb54cfd186867f64f240e1a
nomic_ai_nomic_embed_text_v1,recursive_token,192,32,0.564109,0.385910,0.315210,0.388510,0.645520,0.282560,0.084240,0.614090,0.684790,0.611490,0.354480,0.701869,0.382395,0.000000,0.146783,-0.046524,1.000000,nomic_ai_nomic_embed_text_v1_recursive_token_c192_o32/results/nomic-ai__nomic-embed-text-v1_0759316f275aa0cb93a5b830973843ca66babcf5/nomic-ai__nomic-embed-text-v1/0759316f275aa0cb93a5b830973843ca66babcf5
BAAI_bge_base_en_v1.5,recursive_token,320,32,0.564287,0.378090,0.301350,0.361485,0.677840,0.246850,0.085820,0.621910,0.698650,0.638515,0.322160,0.652339,0.320260,0.000000,0.135976,0.000056,1.000000,BAAI_bge_base_en_v1.5_recursive_token_c320_o32/results/BAAI__bge-base-en-v1.5_a5beb1e3e68b9ab74eb54cfd186867f64f240e1a/BAAI__bge-base-en-v1.5/a5beb1e3e68b9ab74eb54cfd186867f64f240e1a
nomic_ai_nomic_embed_text_v1,semantic_fixed,256,64,0.564421,0.381450,0.300680,0.374664,0.667400,0.253150,0.092960,0.618550,0.699320,0.625336,0.332600,0.632787,0.375522,0.000000,0.153430,-0.057069,1.000000,nomic_ai_nomic_embed_text_v1_semantic_fixed_c256_o64/results/nomic-ai__nomic-embed-text-v1_0759316f275aa0cb93a5b830973843ca66babcf5/nomic-ai__nomic-embed-text-v1/0759316f275aa0cb93a5b830973843ca66babcf5
BAAI_bge_base_en_v1.5,fixed_token,256,16,0.564889,0.367440,0.288450,0.367121,0.646060,0.256300,0.086970,0.632560,0.711550,0.632879,0.353940,0.660671,0.124235,0.000000,0.177451,-0.004596,1.000000,BAAI_bge_base_en_v1.5_fixed_token_c256_o16/results/BAAI__bge-base-en-v1.5_a5beb1e3e68b9ab74eb54cfd186867f64f240e1a/BAAI__bge-base-en-v1.5/a5beb1e3e68b9ab74eb54cfd186867f64f240e1a
BAAI_bge_base_en_v1.5,fixed_token,320,48,0.564930,0.371730,0.290720,0.360344,0.677120,0.235290,0.087820,0.628270,0.709280,0.639656,0.322880,0.626758,0.255217,0.000000,0.161119,0.024325,1.000000,BAAI_bge_base_en_v1.5_fixed_token_c320_o48/results/BAAI__bge-base-en-v1.5_a5beb1e3e68b9ab74eb54cfd186867f64f240e1a/BAAI__bge-base-en-v1.5/a5beb1e3e68b9ab74eb54cfd186867f64f240e1a
BAAI_bge_large_en_v1.5,fixed_token,256,48,0.565052,0.375390,0.296950,0.369754,0.654920,0.250000,0.088550,0.624610,0.703050,0.630246,0.345080,0.645800,0.270908,0.000000,0.147814,0.003991,1.000000,BAAI_bge_large_en_v1.5_fixed_token_c256_o48/results/BAAI__bge-large-en-v1.5_d4aa6901d3a41ba39fb536a557fa166f842b0e09/BAAI__bge-large-en-v1.5/d4aa6901d3a41ba39fb536a557fa166f842b0e09
BAAI_bge_base_en_v1.5,semantic_recursive,384,32,0.565460,0.374630,0.295490,0.353200,0.669630,0.235290,0.085920,0.625370,0.704510,0.646800,0.330370,0.634834,0.273653,0.000000,0.147174,0.003809,1.000000,BAAI_bge_base_en_v1.5_semantic_recursive_c384_o32/results/BAAI__bge-base-en-v1.5_a5beb1e3e68b9ab74eb54cfd186867f64f240e1a/BAAI__bge-base-en-v1.5/a5beb1e3e68b9ab74eb54cfd186867f64f240e1a
nomic_ai_nomic_embed_text_v1,hierarchical_section,128,32,0.565625,0.366150,0.297870,0.377874,0.589340,0.281510,0.080880,0.633850,0.702130,0.622126,0.410660,0.712692,0.021075,0.000000,0.205382,-0.019194,1.000000,nomic_ai_nomic_embed_text_v1_hierarchical_section_c128_o32/results/nomic-ai__nomic-embed-text-v1_0759316f275aa0cb93a5b830973843ca66babcf5/nomic-ai__nomic-embed-text-v1/0759316f275aa0cb93a5b830973843ca66babcf5
BAAI_bge_base_en_v1.5,recursive_token,384,64,0.565729,0.368470,0.284440,0.355445,0.668710,0.228990,0.088970,0.631530,0.715560,0.644555,0.331290,0.611468,0.205410,0.000000,0.174070,0.030304,1.000000,BAAI_bge_base_en_v1.5_recursive_token_c384_o64/results/BAAI__bge-base-en-v1.5_a5beb1e3e68b9ab74eb54cfd186867f64f240e1a/BAAI__bge-base-en-v1.5/a5beb1e3e68b9ab74eb54cfd186867f64f240e1a
BAAI_bge_base_en_v1.5,recursive_token,320,48,0.566067,0.376250,0.299440,0.367269,0.658950,0.248950,0.084770,0.623750,0.700560,0.632731,0.341050,0.659490,0.298303,0.000000,0.153291,0.025903,1.000000,BAAI_bge_base_en_v1.5_recursive_token_c320_o48/results/BAAI__bge-base-en-v1.5_a5beb1e3e68b9ab74eb54cfd186867f64f240e1a/BAAI__bge-base-en-v1.5/a5beb1e3e68b9ab74eb54cfd186867f64f240e1a
BAAI_bge_base_en_v1.5,fixed_token,320,32,0.566864,0.367980,0.285450,0.352833,0.675540,0.225840,0.085190,0.632020,0.714550,0.647167,0.324460,0.622786,0.224860,0.000000,0.165169,0.020282,1.000000,BAAI_bge_base_en_v1.5_fixed_token_c320_o32/results/BAAI__bge-base-en-v1.5_a5beb1e3e68b9ab74eb54cfd186867f64f240e1a/BAAI__bge-base-en-v1.5/a5beb1e3e68b9ab74eb54cfd186867f64f240e1a
nomic_ai_nomic_embed_text_v1,recursive_token,128,0,0.567360,0.377860,0.311240,0.382009,0.604780,0.280460,0.078470,0.622140,0.688760,0.617991,0.395220,0.720210,0.246267,0.000000,0.174868,-0.048243,1.000000,nomic_ai_nomic_embed_text_v1_recursive_token_c128_o0/results/nomic-ai__nomic-embed-text-v1_0759316f275aa0cb93a5b830973843ca66babcf5/nomic-ai__nomic-embed-text-v1/0759316f275aa0cb93a5b830973843ca66babcf5
BAAI_bge_base_en_v1.5,semantic_fixed,256,0,0.567485,0.370030,0.292080,0.365661,0.652120,0.253150,0.085710,0.629970,0.707920,0.634339,0.347880,0.661426,0.222430,0.000000,0.185326,0.059624,1.000000,BAAI_bge_base_en_v1.5_semantic_fixed_c256_o0/results/BAAI__bge-base-en-v1.5_a5beb1e3e68b9ab74eb54cfd186867f64f240e1a/BAAI__bge-base-en-v1.5/a5beb1e3e68b9ab74eb54cfd186867f64f240e1a
BAAI_bge_base_en_v1.5,hierarchical_section,256,32,0.568302,0.367440,0.288330,0.353300,0.654060,0.232140,0.083190,0.632560,0.711670,0.646700,0.345940,0.641639,0.199408,0.000000,0.173667,0.027097,1.000000,BAAI_bge_base_en_v1.5_hierarchical_section_c256_o32/results/BAAI__bge-base-en-v1.5_a5beb1e3e68b9ab74eb54cfd186867f64f240e1a/BAAI__bge-base-en-v1.5/a5beb1e3e68b9ab74eb54cfd186867f64f240e1a
BAAI_bge_base_en_v1.5,semantic_recursive,320,32,0.568450,0.373520,0.296200,0.368601,0.650860,0.260500,0.086870,0.626480,0.703800,0.631399,0.349140,0.666526,0.287878,0.000000,0.145577,-0.006305,1.000000,BAAI_bge_base_en_v1.5_semantic_recursive_c320_o32/results/BAAI__bge-base-en-v1.5_a5beb1e3e68b9ab74eb54cfd186867f64f240e1a/BAAI__bge-base-en-v1.5/a5beb1e3e68b9ab74eb54cfd186867f64f240e1a
nomic_ai_nomic_embed_text_v1,semantic_recursive,128,32,0.568513,0.374480,0.307600,0.385671,0.595170,0.293070,0.080780,0.625520,0.692400,0.614329,0.404830,0.724366,0.208305,0.000000,0.167687,-0.018696,1.000000,nomic_ai_nomic_embed_text_v1_semantic_recursive_c128_o32/results/nomic-ai__nomic-embed-text-v1_0759316f275aa0cb93a5b830973843ca66babcf5/nomic-ai__nomic-embed-text-v1/0759316f275aa0cb93a5b830973843ca66babcf5
nomic_ai_nomic_embed_text_v1,semantic_recursive,192,48,0.569028,0.374630,0.301300,0.373378,0.642930,0.266810,0.084030,0.625370,0.698700,0.626622,0.357070,0.685057,0.304980,0.000000,0.151822,-0.025636,1.000000,nomic_ai_nomic_embed_text_v1_semantic_recursive_c192_o48/results/nomic-ai__nomic-embed-text-v1_0759316f275aa0cb93a5b830973843ca66babcf5/nomic-ai__nomic-embed-text-v1/0759316f275aa0cb93a5b830973843ca66babcf5
BAAI_bge_base_en_v1.5,semantic_recursive,384,64,0.569074,0.371130,0.291070,0.355946,0.668610,0.240550,0.087610,0.628870,0.708930,0.644054,0.331390,0.635793,0.299258,0.000000,0.147002,0.013707,1.000000,BAAI_bge_base_en_v1.5_semantic_recursive_c384_o64/results/BAAI__bge-base-en-v1.5_a5beb1e3e68b9ab74eb54cfd186867f64f240e1a/BAAI__bge-base-en-v1.5/a5beb1e3e68b9ab74eb54cfd186867f64f240e1a
BAAI_bge_base_en_v1.5,semantic_fixed,320,64,0.569381,0.363580,0.284450,0.358074,0.652220,0.244750,0.086030,0.636420,0.715550,0.641926,0.347780,0.648498,0.169733,0.000000,0.172477,0.012847,1.000000,BAAI_bge_base_en_v1.5_semantic_fixed_c320_o64/results/BAAI__bge-base-en-v1.5_a5beb1e3e68b9ab74eb54cfd186867f64f240e1a/BAAI__bge-base-en-v1.5/a5beb1e3e68b9ab74eb54cfd186867f64f240e1a
BAAI_bge_base_en_v1.5,semantic_recursive,320,16,0.570238,0.372270,0.295660,0.365869,0.655430,0.256300,0.084660,0.627730,0.704340,0.634131,0.344570,0.669684,0.310737,0.000000,0.138495,-0.001285,1.000000,BAAI_bge_base_en_v1.5_semantic_recursive_c320_o16/results/BAAI__bge-base-en-v1.5_a5beb1e3e68b9ab74eb54cfd186867f64f240e1a/BAAI__bge-base-en-v1.5/a5beb1e3e68b9ab74eb54cfd186867f64f240e1a
BAAI_bge_base_en_v1.5,semantic_recursive,320,0,0.571738,0.369900,0.292580,0.361778,0.651450,0.251050,0.084030,0.630100,0.707420,0.638222,0.348550,0.665286,0.295360,0.000000,0.143255,-0.004654,1.000000,BAAI_bge_base_en_v1.5_semantic_recursive_c320_o0/results/BAAI__bge-base-en-v1.5_a5beb1e3e68b9ab74eb54cfd186867f64f240e1a/BAAI__bge-base-en-v1.5/a5beb1e3e68b9ab74eb54cfd186867f64f240e1a
BAAI_bge_base_en_v1.5,recursive_token,256,0,0.572124,0.370040,0.293920,0.361803,0.649750,0.253150,0.082880,0.629960,0.706080,0.638197,0.350250,0.672605,0.299023,0.000000,0.143014,-0.005637,1.000000,BAAI_bge_base_en_v1.5_recursive_token_c256_o0/results/BAAI__bge-base-en-v1.5_a5beb1e3e68b9ab74eb54cfd186867f64f240e1a/BAAI__bge-base-en-v1.5/a5beb1e3e68b9ab74eb54cfd186867f64f240e1a
BAAI_bge_base_en_v1.5,semantic_recursive,320,48,0.572201,0.369550,0.292420,0.363402,0.647990,0.252100,0.084980,0.630450,0.707580,0.636598,0.352010,0.662912,0.299523,0.000000,0.160150,0.040109,1.000000,BAAI_bge_base_en_v1.5_semantic_recursive_c320_o48/results/BAAI__bge-base-en-v1.5_a5beb1e3e68b9ab74eb54cfd186867f64f240e1a/BAAI__bge-base-en-v1.5/a5beb1e3e68b9ab74eb54cfd186867f64f240e1a
nomic_ai_nomic_embed_text_v1,recursive_token,128,32,0.572400,0.380390,0.317380,0.391486,0.607720,0.299370,0.077940,0.619610,0.682620,0.608514,0.392280,0.739653,0.399798,0.000000,0.150930,-0.061779,1.000000,nomic_ai_nomic_embed_text_v1_recursive_token_c128_o32/results/nomic-ai__nomic-embed-text-v1_0759316f275aa0cb93a5b830973843ca66babcf5/nomic-ai__nomic-embed-text-v1/0759316f275aa0cb93a5b830973843ca66babcf5
BAAI_bge_base_en_v1.5,semantic_recursive,384,48,0.573110,0.370020,0.291110,0.349097,0.665460,0.234240,0.086130,0.629980,0.708890,0.650903,0.334540,0.632300,0.353637,0.000000,0.135822,-0.013099,1.000000,BAAI_bge_base_en_v1.5_semantic_recursive_c384_o48/results/BAAI__bge-base-en-v1.5_a5beb1e3e68b9ab74eb54cfd186867f64f240e1a/BAAI__bge-base-en-v1.5/a5beb1e3e68b9ab74eb54cfd186867f64f240e1a
BAAI_bge_base_en_v1.5,recursive_token,320,64,0.573629,0.368240,0.289600,0.363335,0.649460,0.248950,0.086550,0.631760,0.710400,0.636665,0.350540,0.652340,0.318395,0.000000,0.147577,0.022512,1.000000,BAAI_bge_base_en_v1.5_recursive_token_c320_o64/results/BAAI__bge-base-en-v1.5_a5beb1e3e68b9ab74eb54cfd186867f64f240e1a/BAAI__bge-base-en-v1.5/a5beb1e3e68b9ab74eb54cfd186867f64f240e1a
BAAI_bge_base_en_v1.5,hierarchical_section,320,64,0.574062,0.360680,0.280960,0.349752,0.662270,0.227940,0.083510,0.639320,0.719040,0.650248,0.337730,0.633632,0.241608,0.000000,0.171154,0.038951,1.000000,BAAI_bge_base_en_v1.5_hierarchical_section_c320_o64/results/BAAI__bge-base-en-v1.5_a5beb1e3e68b9ab74eb54cfd186867f64f240e1a/BAAI__bge-base-en-v1.5/a5beb1e3e68b9ab74eb54cfd186867f64f240e1a
nomic_ai_nomic_embed_text_v1,hierarchical_section,128,16,0.574209,0.366120,0.296950,0.368839,0.607300,0.264710,0.080460,0.633880,0.703050,0.631161,0.392700,0.696045,0.223285,0.000000,0.175426,-0.040166,1.000000,nomic_ai_nomic_embed_text_v1_hierarchical_section_c128_o16/results/nomic-ai__nomic-embed-text-v1_0759316f275aa0cb93a5b830973843ca66babcf5/nomic-ai__nomic-embed-text-v1/0759316f275aa0cb93a5b830973843ca66babcf5
BAAI_bge_base_en_v1.5,fixed_token,256,0,0.574611,0.363560,0.289080,0.358536,0.661900,0.245800,0.083090,0.636440,0.710920,0.641464,0.338100,0.661961,0.299485,0.000000,0.156698,0.033190,1.000000,BAAI_bge_base_en_v1.5_fixed_token_c256_o0/results/BAAI__bge-base-en-v1.5_a5beb1e3e68b9ab74eb54cfd186867f64f240e1a/BAAI__bge-base-en-v1.5/a5beb1e3e68b9ab74eb54cfd186867f64f240e1a
BAAI_bge_base_en_v1.5,hierarchical_section,256,64,0.574665,0.353410,0.275700,0.345265,0.644420,0.227940,0.083720,0.646590,0.724300,0.654735,0.355580,0.632710,0.123440,0.000000,0.187273,0.023922,1.000000,BAAI_bge_base_en_v1.5_hierarchical_section_c256_o64/results/BAAI__bge-base-en-v1.5_a5beb1e3e68b9ab74eb54cfd186867f64f240e1a/BAAI__bge-base-en-v1.5/a5beb1e3e68b9ab74eb54cfd186867f64f240e1a
BAAI_bge_base_en_v1.5,semantic_recursive,256,16,0.574671,0.355210,0.281620,0.346594,0.642790,0.234240,0.078360,0.644790,0.718380,0.653406,0.357210,0.665471,0.130090,0.000000,0.175205,-0.002446,1.000000,BAAI_bge_base_en_v1.5_semantic_recursive_c256_o16/results/BAAI__bge-base-en-v1.5_a5beb1e3e68b9ab74eb54cfd186867f64f240e1a/BAAI__bge-base-en-v1.5/a5beb1e3e68b9ab74eb54cfd186867f64f240e1a
BAAI_bge_base_en_v1.5,hierarchical_section,256,48,0.574995,0.357250,0.279780,0.346306,0.646830,0.234240,0.081930,0.642750,0.720220,0.653694,0.353170,0.650231,0.170318,0.000000,0.182011,0.032149,1.000000,BAAI_bge_base_en_v1.5_hierarchical_section_c256_o48/results/BAAI__bge-base-en-v1.5_a5beb1e3e68b9ab74eb54cfd186867f64f240e1a/BAAI__bge-base-en-v1.5/a5beb1e3e68b9ab74eb54cfd186867f64f240e1a
BAAI_bge_large_en_v1.5,recursive_token,256,64,0.575409,0.374590,0.293210,0.361683,0.662520,0.239500,0.088240,0.625410,0.706790,0.638317,0.337480,0.631566,0.469180,0.000000,0.124906,-0.037484,1.000000,BAAI_bge_large_en_v1.5_recursive_token_c256_o64/results/BAAI__bge-large-en-v1.5_d4aa6901d3a41ba39fb536a557fa166f842b0e09/BAAI__bge-large-en-v1.5/d4aa6901d3a41ba39fb536a557fa166f842b0e09
BAAI_bge_base_en_v1.5,semantic_fixed,320,32,0.575556,0.368250,0.287050,0.350336,0.682860,0.228990,0.086450,0.631750,0.712950,0.649664,0.317140,0.622473,0.417488,0.000000,0.125082,0.017159,1.000000,BAAI_bge_base_en_v1.5_semantic_fixed_c320_o32/results/BAAI__bge-base-en-v1.5_a5beb1e3e68b9ab74eb54cfd186867f64f240e1a/BAAI__bge-base-en-v1.5/a5beb1e3e68b9ab74eb54cfd186867f64f240e1a
BAAI_bge_large_en_v1.5,recursive_token,192,16,0.576038,0.373950,0.297520,0.369127,0.631830,0.251050,0.085610,0.626050,0.702480,0.630873,0.368170,0.658992,0.419308,0.000000,0.122674,-0.013071,1.000000,BAAI_bge_large_en_v1.5_recursive_token_c192_o16/results/BAAI__bge-large-en-v1.5_d4aa6901d3a41ba39fb536a557fa166f842b0e09/BAAI__bge-large-en-v1.5/d4aa6901d3a41ba39fb536a557fa166f842b0e09
BAAI_bge_base_en_v1.5,recursive_token,256,16,0.577067,0.365820,0.289100,0.349753,0.650000,0.235290,0.082140,0.634180,0.710900,0.650247,0.350000,0.650899,0.338728,0.000000,0.140799,0.017089,1.000000,BAAI_bge_base_en_v1.5_recursive_token_c256_o16/results/BAAI__bge-base-en-v1.5_a5beb1e3e68b9ab74eb54cfd186867f64f240e1a/BAAI__bge-base-en-v1.5/a5beb1e3e68b9ab74eb54cfd186867f64f240e1a
BAAI_bge_large_en_v1.5,recursive_token,192,0,0.577112,0.372720,0.298710,0.372123,0.629950,0.262610,0.083300,0.627280,0.701290,0.627877,0.370050,0.682800,0.412900,0.000000,0.125233,-0.015626,1.000000,BAAI_bge_large_en_v1.5_recursive_token_c192_o0/results/BAAI__bge-large-en-v1.5_d4aa6901d3a41ba39fb536a557fa166f842b0e09/BAAI__bge-large-en-v1.5/d4aa6901d3a41ba39fb536a557fa166f842b0e09
nomic_ai_nomic_embed_text_v1,semantic_recursive,128,0,0.577925,0.373400,0.304360,0.377808,0.592820,0.274160,0.081510,0.626600,0.695640,0.622192,0.407180,0.702692,0.375110,0.000000,0.144846,-0.039736,1.000000,nomic_ai_nomic_embed_text_v1_semantic_recursive_c128_o0/results/nomic-ai__nomic-embed-text-v1_0759316f275aa0cb93a5b830973843ca66babcf5/nomic-ai__nomic-embed-text-v1/0759316f275aa0cb93a5b830973843ca66babcf5
BAAI_bge_large_en_v1.5,recursive_token,192,32,0.578502,0.368930,0.299150,0.371461,0.618490,0.271010,0.080990,0.631070,0.700850,0.628539,0.381510,0.701155,0.365760,0.000000,0.137976,-0.022256,1.000000,BAAI_bge_large_en_v1.5_recursive_token_c192_o32/results/BAAI__bge-large-en-v1.5_d4aa6901d3a41ba39fb536a557fa166f842b0e09/BAAI__bge-large-en-v1.5/d4aa6901d3a41ba39fb536a557fa166f842b0e09
BAAI_bge_base_en_v1.5,hierarchical_section,192,0,0.578882,0.354950,0.281690,0.345329,0.634440,0.237390,0.078780,0.645050,0.718310,0.654671,0.365560,0.668141,0.190348,0.000000,0.177978,0.032095,1.000000,BAAI_bge_base_en_v1.5_hierarchical_section_c192_o0/results/BAAI__bge-base-en-v1.5_a5beb1e3e68b9ab74eb54cfd186867f64f240e1a/BAAI__bge-base-en-v1.5/a5beb1e3e68b9ab74eb54cfd186867f64f240e1a
BAAI_bge_base_en_v1.5,semantic_recursive,256,0,0.578908,0.355640,0.284520,0.348847,0.639920,0.237390,0.077000,0.644360,0.715480,0.651153,0.360080,0.675639,0.218893,0.000000,0.164462,-0.016481,1.000000,BAAI_bge_base_en_v1.5_semantic_recursive_c256_o0/results/BAAI__bge-base-en-v1.5_a5beb1e3e68b9ab74eb54cfd186867f64f240e1a/BAAI__bge-base-en-v1.5/a5beb1e3e68b9ab74eb54cfd186867f64f240e1a
nomic_ai_nomic_embed_text_v1,recursive_token,192,48,0.579212,0.360640,0.288140,0.359835,0.633880,0.251050,0.084350,0.639360,0.711860,0.640165,0.366120,0.664011,0.305970,0.000000,0.156253,-0.034894,1.000000,nomic_ai_nomic_embed_text_v1_recursive_token_c192_o48/results/nomic-ai__nomic-embed-text-v1_0759316f275aa0cb93a5b830973843ca66babcf5/nomic-ai__nomic-embed-text-v1/0759316f275aa0cb93a5b830973843ca66babcf5
nomic_ai_nomic_embed_text_v1,semantic_recursive,128,16,0.579817,0.371950,0.303210,0.374593,0.599140,0.272060,0.080360,0.628050,0.696790,0.625407,0.400860,0.704624,0.399565,0.000000,0.144845,-0.049516,1.000000,nomic_ai_nomic_embed_text_v1_semantic_recursive_c128_o16/results/nomic-ai__nomic-embed-text-v1_0759316f275aa0cb93a5b830973843ca66babcf5/nomic-ai__nomic-embed-text-v1/0759316f275aa0cb93a5b830973843ca66babcf5
BAAI_bge_base_en_v1.5,semantic_fixed,256,16,0.580389,0.360690,0.282220,0.354624,0.647110,0.242650,0.083510,0.639310,0.717780,0.645376,0.352890,0.655842,0.330488,0.000000,0.141391,-0.014977,1.000000,BAAI_bge_base_en_v1.5_semantic_fixed_c256_o16/results/BAAI__bge-base-en-v1.5_a5beb1e3e68b9ab74eb54cfd186867f64f240e1a/BAAI__bge-base-en-v1.5/a5beb1e3e68b9ab74eb54cfd186867f64f240e1a
BAAI_bge_base_en_v1.5,hierarchical_section,256,16,0.580739,0.355250,0.278570,0.340859,0.662520,0.224790,0.080880,0.644750,0.721430,0.659141,0.337480,0.640198,0.292875,0.000000,0.164810,0.046770,1.000000,BAAI_bge_base_en_v1.5_hierarchical_section_c256_o16/results/BAAI__bge-base-en-v1.5_a5beb1e3e68b9ab74eb54cfd186867f64f240e1a/BAAI__bge-base-en-v1.5/a5beb1e3e68b9ab74eb54cfd186867f64f240e1a
nomic_ai_nomic_embed_text_v1,semantic_fixed,192,48,0.581130,0.370940,0.296400,0.367632,0.627330,0.255250,0.086030,0.629060,0.703600,0.632368,0.372670,0.662958,0.473622,0.000000,0.128784,-0.047017,1.000000,nomic_ai_nomic_embed_text_v1_semantic_fixed_c192_o48/results/nomic-ai__nomic-embed-text-v1_0759316f275aa0cb93a5b830973843ca66babcf5/nomic-ai__nomic-embed-text-v1/0759316f275aa0cb93a5b830973843ca66babcf5
nomic_ai_nomic_embed_text_v1,semantic_fixed,128,32,0.581487,0.361770,0.293280,0.373073,0.585100,0.265760,0.081620,0.638230,0.706720,0.626927,0.414900,0.692881,0.282258,0.000000,0.157507,-0.027917,1.000000,nomic_ai_nomic_embed_text_v1_semantic_fixed_c128_o32/results/nomic-ai__nomic-embed-text-v1_0759316f275aa0cb93a5b830973843ca66babcf5/nomic-ai__nomic-embed-text-v1/0759316f275aa0cb93a5b830973843ca66babcf5
BAAI_bge_base_en_v1.5,hierarchical_section,192,16,0.581735,0.352510,0.281310,0.342085,0.623490,0.238450,0.078470,0.647490,0.718690,0.657915,0.376510,0.670916,0.192758,0.000000,0.165298,-0.007699,1.000000,BAAI_bge_base_en_v1.5_hierarchical_section_c192_o16/results/BAAI__bge-base-en-v1.5_a5beb1e3e68b9ab74eb54cfd186867f64f240e1a/BAAI__bge-base-en-v1.5/a5beb1e3e68b9ab74eb54cfd186867f64f240e1a
BAAI_bge_base_en_v1.5,fixed_token,192,0,0.581948,0.361510,0.286750,0.358451,0.638110,0.252100,0.083930,0.638490,0.713250,0.641549,0.361890,0.667077,0.365605,0.000000,0.132825,-0.011892,1.000000,BAAI_bge_base_en_v1.5_fixed_token_c192_o0/results/BAAI__bge-base-en-v1.5_a5beb1e3e68b9ab74eb54cfd186867f64f240e1a/BAAI__bge-base-en-v1.5/a5beb1e3e68b9ab74eb54cfd186867f64f240e1a
BAAI_bge_base_en_v1.5,semantic_recursive,320,64,0.582195,0.359480,0.284010,0.353822,0.646290,0.248950,0.082770,0.640520,0.715990,0.646178,0.353710,0.667524,0.347955,0.000000,0.144695,0.028572,1.000000,BAAI_bge_base_en_v1.5_semantic_recursive_c320_o64/results/BAAI__bge-base-en-v1.5_a5beb1e3e68b9ab74eb54cfd186867f64f240e1a/BAAI__bge-base-en-v1.5/a5beb1e3e68b9ab74eb54cfd186867f64f240e1a
BAAI_bge_base_en_v1.5,recursive_token,256,32,0.582677,0.360800,0.283320,0.343426,0.651560,0.226890,0.082670,0.639200,0.716680,0.656574,0.348440,0.635638,0.388345,0.000000,0.134607,-0.024552,1.000000,BAAI_bge_base_en_v1.5_recursive_token_c256_o32/results/BAAI__bge-base-en-v1.5_a5beb1e3e68b9ab74eb54cfd186867f64f240e1a/BAAI__bge-base-en-v1.5/a5beb1e3e68b9ab74eb54cfd186867f64f240e1a
BAAI_bge_base_en_v1.5,semantic_recursive,256,32,0.583099,0.355570,0.280980,0.347697,0.644850,0.240550,0.078990,0.644430,0.719020,0.652303,0.355150,0.671628,0.299488,0.000000,0.150867,-0.021529,1.000000,BAAI_bge_base_en_v1.5_semantic_recursive_c256_o32/results/BAAI__bge-base-en-v1.5_a5beb1e3e68b9ab74eb54cfd186867f64f240e1a/BAAI__bge-base-en-v1.5/a5beb1e3e68b9ab74eb54cfd186867f64f240e1a
nomic_ai_nomic_embed_text_v1,fixed_token,128,32,0.583604,0.359770,0.290860,0.369292,0.581920,0.263660,0.081830,0.640230,0.709140,0.630708,0.418080,0.689638,0.286233,0.000000,0.156931,-0.028355,1.000000,nomic_ai_nomic_embed_text_v1_fixed_token_c128_o32/results/nomic-ai__nomic-embed-text-v1_0759316f275aa0cb93a5b830973843ca66babcf5/nomic-ai__nomic-embed-text-v1/0759316f275aa0cb93a5b830973843ca66babcf5
BAAI_bge_base_en_v1.5,semantic_fixed,256,32,0.583911,0.358090,0.283600,0.360966,0.616960,0.257350,0.081930,0.641910,0.716400,0.639034,0.383040,0.681640,0.309645,0.000000,0.144399,0.012656,1.000000,BAAI_bge_base_en_v1.5_semantic_fixed_c256_o32/results/BAAI__bge-base-en-v1.5_a5beb1e3e68b9ab74eb54cfd186867f64f240e1a/BAAI__bge-base-en-v1.5/a5beb1e3e68b9ab74eb54cfd186867f64f240e1a
BAAI_bge_base_en_v1.5,semantic_fixed,192,0,0.584009,0.363200,0.289220,0.361735,0.628920,0.258400,0.082880,0.636800,0.710780,0.638265,0.371080,0.679257,0.407918,0.000000,0.126092,-0.015351,1.000000,BAAI_bge_base_en_v1.5_semantic_fixed_c192_o0/results/BAAI__bge-base-en-v1.5_a5beb1e3e68b9ab74eb54cfd186867f64f240e1a/BAAI__bge-base-en-v1.5/a5beb1e3e68b9ab74eb54cfd186867f64f240e1a
BAAI_bge_base_en_v1.5,fixed_token,320,64,0.584288,0.348390,0.269930,0.340556,0.651490,0.222690,0.084030,0.651610,0.730070,0.659444,0.348510,0.622659,0.262425,0.000000,0.157339,0.019648,1.000000,BAAI_bge_base_en_v1.5_fixed_token_c320_o64/results/BAAI__bge-base-en-v1.5_a5beb1e3e68b9ab74eb54cfd186867f64f240e1a/BAAI__bge-base-en-v1.5/a5beb1e3e68b9ab74eb54cfd186867f64f240e1a
BAAI_bge_large_en_v1.5,fixed_token,192,32,0.584599,0.355620,0.279180,0.360237,0.615930,0.248950,0.083820,0.644380,0.720820,0.639763,0.384070,0.663306,0.298312,0.000000,0.144854,-0.009033,1.000000,BAAI_bge_large_en_v1.5_fixed_token_c192_o32/results/BAAI__bge-large-en-v1.5_d4aa6901d3a41ba39fb536a557fa166f842b0e09/BAAI__bge-large-en-v1.5/d4aa6901d3a41ba39fb536a557fa166f842b0e09
BAAI_bge_base_en_v1.5,recursive_token,192,0,0.585153,0.358400,0.287760,0.359215,0.605230,0.257350,0.080150,0.641600,0.712240,0.640785,0.394770,0.688556,0.320027,0.000000,0.140715,0.009441,1.000000,BAAI_bge_base_en_v1.5_recursive_token_c192_o0/results/BAAI__bge-base-en-v1.5_a5beb1e3e68b9ab74eb54cfd186867f64f240e1a/BAAI__bge-base-en-v1.5/a5beb1e3e68b9ab74eb54cfd186867f64f240e1a
BAAI_bge_base_en_v1.5,semantic_recursive,256,48,0.586401,0.354450,0.278630,0.354982,0.633020,0.239500,0.079940,0.645550,0.721370,0.645018,0.366980,0.666221,0.342367,0.000000,0.143132,-0.023211,1.000000,BAAI_bge_base_en_v1.5_semantic_recursive_c256_o48/results/BAAI__bge-base-en-v1.5_a5beb1e3e68b9ab74eb54cfd186867f64f240e1a/BAAI__bge-base-en-v1.5/a5beb1e3e68b9ab74eb54cfd186867f64f240e1a
BAAI_bge_base_en_v1.5,fixed_token,256,64,0.586953,0.349230,0.272010,0.351537,0.631930,0.242650,0.085610,0.650770,0.727990,0.648463,0.368070,0.647187,0.289908,0.000000,0.144037,-0.004037,1.000000,BAAI_bge_base_en_v1.5_fixed_token_c256_o64/results/BAAI__bge-base-en-v1.5_a5beb1e3e68b9ab74eb54cfd186867f64f240e1a/BAAI__bge-base-en-v1.5/a5beb1e3e68b9ab74eb54cfd186867f64f240e1a
BAAI_bge_base_en_v1.5,hierarchical_section,128,0,0.587058,0.348000,0.281520,0.346069,0.584910,0.247900,0.075110,0.652000,0.718480,0.653931,0.415090,0.697015,0.164185,0.000000,0.179448,0.024570,1.000000,BAAI_bge_base_en_v1.5_hierarchical_section_c128_o0/results/BAAI__bge-base-en-v1.5_a5beb1e3e68b9ab74eb54cfd186867f64f240e1a/BAAI__bge-base-en-v1.5/a5beb1e3e68b9ab74eb54cfd186867f64f240e1a
nomic_ai_nomic_embed_text_v1,semantic_fixed,128,16,0.587557,0.361930,0.293650,0.375173,0.594610,0.283610,0.082250,0.638070,0.706350,0.624827,0.405390,0.709989,0.412695,0.000000,0.146099,-0.057276,1.000000,nomic_ai_nomic_embed_text_v1_semantic_fixed_c128_o16/results/nomic-ai__nomic-embed-text-v1_0759316f275aa0cb93a5b830973843ca66babcf5/nomic-ai__nomic-embed-text-v1/0759316f275aa0cb93a5b830973843ca66babcf5
nomic_ai_nomic_embed_text_v1,fixed_token,192,48,0.587795,0.363530,0.289820,0.363793,0.625580,0.253150,0.084240,0.636470,0.710180,0.636207,0.374420,0.667233,0.498458,0.000000,0.119002,-0.037387,1.000000,nomic_ai_nomic_embed_text_v1_fixed_token_c192_o48/results/nomic-ai__nomic-embed-text-v1_0759316f275aa0cb93a5b830973843ca66babcf5/nomic-ai__nomic-embed-text-v1/0759316f275aa0cb93a5b830973843ca66babcf5
BAAI_bge_base_en_v1.5,fixed_token,256,32,0.588643,0.352270,0.278780,0.351923,0.633650,0.248950,0.080570,0.647730,0.721220,0.648077,0.366350,0.676361,0.353193,0.000000,0.137378,0.016033,1.000000,BAAI_bge_base_en_v1.5_fixed_token_c256_o32/results/BAAI__bge-base-en-v1.5_a5beb1e3e68b9ab74eb54cfd186867f64f240e1a/BAAI__bge-base-en-v1.5/a5beb1e3e68b9ab74eb54cfd186867f64f240e1a
BAAI_bge_base_en_v1.5,semantic_recursive,192,0,0.589117,0.355910,0.282310,0.350144,0.602380,0.240550,0.080040,0.644090,0.717690,0.649856,0.397620,0.667263,0.352555,0.000000,0.140876,-0.022774,1.000000,BAAI_bge_base_en_v1.5_semantic_recursive_c192_o0/results/BAAI__bge-base-en-v1.5_a5beb1e3e68b9ab74eb54cfd186867f64f240e1a/BAAI__bge-base-en-v1.5/a5beb1e3e68b9ab74eb54cfd186867f64f240e1a
BAAI_bge_large_en_v1.5,recursive_token,128,32,0.589285,0.358340,0.294450,0.367021,0.573300,0.275210,0.073740,0.641660,0.705550,0.632979,0.426700,0.732059,0.337148,0.000000,0.159645,-0.054149,1.000000,BAAI_bge_large_en_v1.5_recursive_token_c128_o32/results/BAAI__bge-large-en-v1.5_d4aa6901d3a41ba39fb536a557fa166f842b0e09/BAAI__bge-large-en-v1.5/d4aa6901d3a41ba39fb536a557fa166f842b0e09
BAAI_bge_base_en_v1.5,recursive_token,192,32,0.589644,0.351560,0.283310,0.357285,0.600350,0.259450,0.077520,0.648440,0.716690,0.642715,0.399650,0.701214,0.304223,0.000000,0.146417,-0.014523,1.000000,BAAI_bge_base_en_v1.5_recursive_token_c192_o32/results/BAAI__bge-base-en-v1.5_a5beb1e3e68b9ab74eb54cfd186867f64f240e1a/BAAI__bge-base-en-v1.5/a5beb1e3e68b9ab74eb54cfd186867f64f240e1a
BAAI_bge_base_en_v1.5,semantic_recursive,256,64,0.589800,0.346970,0.271900,0.341861,0.628450,0.224790,0.079200,0.653030,0.728100,0.658139,0.371550,0.647671,0.299273,0.000000,0.146578,0.012865,1.000000,BAAI_bge_base_en_v1.5_semantic_recursive_c256_o64/results/BAAI__bge-base-en-v1.5_a5beb1e3e68b9ab74eb54cfd186867f64f240e1a/BAAI__bge-base-en-v1.5/a5beb1e3e68b9ab74eb54cfd186867f64f240e1a
BAAI_bge_large_en_v1.5,fixed_token,128,0,0.589893,0.341760,0.277750,0.344622,0.581690,0.250000,0.071950,0.658240,0.722250,0.655378,0.418310,0.712200,0.125128,0.000000,0.192491,-0.035033,1.000000,BAAI_bge_large_en_v1.5_fixed_token_c128_o0/results/BAAI__bge-large-en-v1.5_d4aa6901d3a41ba39fb536a557fa166f842b0e09/BAAI__bge-large-en-v1.5/d4aa6901d3a41ba39fb536a557fa166f842b0e09
BAAI_bge_large_en_v1.5,recursive_token,128,0,0.590365,0.348140,0.284300,0.352062,0.575600,0.257350,0.072480,0.651860,0.715700,0.647938,0.424400,0.718360,0.214730,0.000000,0.179019,-0.043930,1.000000,BAAI_bge_large_en_v1.5_recursive_token_c128_o0/results/BAAI__bge-large-en-v1.5_d4aa6901d3a41ba39fb536a557fa166f842b0e09/BAAI__bge-large-en-v1.5/d4aa6901d3a41ba39fb536a557fa166f842b0e09
BAAI_bge_base_en_v1.5,semantic_fixed,256,64,0.590520,0.346850,0.271240,0.344892,0.619660,0.238450,0.085190,0.653150,0.728760,0.655108,0.380340,0.642734,0.303370,0.000000,0.142517,0.006382,1.000000,BAAI_bge_base_en_v1.5_semantic_fixed_c256_o64/results/BAAI__bge-base-en-v1.5_a5beb1e3e68b9ab74eb54cfd186867f64f240e1a/BAAI__bge-base-en-v1.5/a5beb1e3e68b9ab74eb54cfd186867f64f240e1a
BAAI_bge_base_en_v1.5,semantic_recursive,192,16,0.590536,0.350040,0.276710,0.341513,0.595620,0.230040,0.079410,0.649960,0.723290,0.658487,0.404380,0.654799,0.287383,0.000000,0.149912,-0.014777,1.000000,BAAI_bge_base_en_v1.5_semantic_recursive_c192_o16/results/BAAI__bge-base-en-v1.5_a5beb1e3e68b9ab74eb54cfd186867f64f240e1a/BAAI__bge-base-en-v1.5/a5beb1e3e68b9ab74eb54cfd186867f64f240e1a
BAAI_bge_large_en_v1.5,recursive_token,128,16,0.590831,0.347960,0.281720,0.353696,0.584940,0.254200,0.073000,0.652040,0.718280,0.646304,0.415060,0.712825,0.239595,0.000000,0.173809,-0.043456,1.000000,BAAI_bge_large_en_v1.5_recursive_token_c128_o16/results/BAAI__bge-large-en-v1.5_d4aa6901d3a41ba39fb536a557fa166f842b0e09/BAAI__bge-large-en-v1.5/d4aa6901d3a41ba39fb536a557fa166f842b0e09
BAAI_bge_base_en_v1.5,recursive_token,192,16,0.591152,0.355480,0.283720,0.355626,0.609140,0.251050,0.080040,0.644520,0.716280,0.644374,0.390860,0.681179,0.405587,0.000000,0.126314,0.014863,1.000000,BAAI_bge_base_en_v1.5_recursive_token_c192_o16/results/BAAI__bge-base-en-v1.5_a5beb1e3e68b9ab74eb54cfd186867f64f240e1a/BAAI__bge-base-en-v1.5/a5beb1e3e68b9ab74eb54cfd186867f64f240e1a
nomic_ai_nomic_embed_text_v1,fixed_token,128,16,0.591234,0.363530,0.295300,0.376175,0.593470,0.282560,0.081930,0.636470,0.704700,0.623825,0.406530,0.710044,0.506895,0.000000,0.129026,-0.060810,1.000000,nomic_ai_nomic_embed_text_v1_fixed_token_c128_o16/results/nomic-ai__nomic-embed-text-v1_0759316f275aa0cb93a5b830973843ca66babcf5/nomic-ai__nomic-embed-text-v1/0759316f275aa0cb93a5b830973843ca66babcf5
BAAI_bge_base_en_v1.5,recursive_token,256,48,0.591493,0.360680,0.285560,0.355176,0.638030,0.243700,0.081620,0.639320,0.714440,0.644824,0.361970,0.665080,0.539550,0.000000,0.107121,-0.030062,1.000000,BAAI_bge_base_en_v1.5_recursive_token_c256_o48/results/BAAI__bge-base-en-v1.5_a5beb1e3e68b9ab74eb54cfd186867f64f240e1a/BAAI__bge-base-en-v1.5/a5beb1e3e68b9ab74eb54cfd186867f64f240e1a
BAAI_bge_base_en_v1.5,semantic_fixed,128,0,0.592019,0.348160,0.286720,0.353046,0.564360,0.265760,0.071530,0.651840,0.713280,0.646954,0.435640,0.730847,0.224660,0.000000,0.158924,-0.007712,1.000000,BAAI_bge_base_en_v1.5_semantic_fixed_c128_o0/results/BAAI__bge-base-en-v1.5_a5beb1e3e68b9ab74eb54cfd186867f64f240e1a/BAAI__bge-base-en-v1.5/a5beb1e3e68b9ab74eb54cfd186867f64f240e1a
BAAI_bge_large_en_v1.5,recursive_token,192,48,0.592895,0.355520,0.281530,0.356947,0.612110,0.252100,0.082250,0.644480,0.718470,0.643053,0.387890,0.673741,0.448073,0.000000,0.126584,-0.032397,1.000000,BAAI_bge_large_en_v1.5_recursive_token_c192_o48/results/BAAI__bge-large-en-v1.5_d4aa6901d3a41ba39fb536a557fa166f842b0e09/BAAI__bge-large-en-v1.5/d4aa6901d3a41ba39fb536a557fa166f842b0e09
BAAI_bge_base_en_v1.5,semantic_fixed,192,16,0.593444,0.342550,0.270960,0.338988,0.607020,0.234240,0.078470,0.657450,0.729040,0.661012,0.392980,0.665002,0.262680,0.000000,0.148814,-0.002700,1.000000,BAAI_bge_base_en_v1.5_semantic_fixed_c192_o16/results/BAAI__bge-base-en-v1.5_a5beb1e3e68b9ab74eb54cfd186867f64f240e1a/BAAI__bge-base-en-v1.5/a5beb1e3e68b9ab74eb54cfd186867f64f240e1a
BAAI_bge_large_en_v1.5,fixed_token,192,16,0.594338,0.360520,0.288130,0.356341,0.628620,0.247900,0.080460,0.639480,0.711870,0.643659,0.371380,0.675434,0.578442,0.000000,0.108057,-0.047491,1.000000,BAAI_bge_large_en_v1.5_fixed_token_c192_o16/results/BAAI__bge-large-en-v1.5_d4aa6901d3a41ba39fb536a557fa166f842b0e09/BAAI__bge-large-en-v1.5/d4aa6901d3a41ba39fb536a557fa166f842b0e09
BAAI_bge_base_en_v1.5,semantic_recursive,192,32,0.595542,0.352970,0.281290,0.345602,0.602770,0.239500,0.078050,0.647030,0.718710,0.654398,0.397230,0.674113,0.435358,0.000000,0.130827,-0.035797,1.000000,BAAI_bge_base_en_v1.5_semantic_recursive_c192_o32/results/BAAI__bge-base-en-v1.5_a5beb1e3e68b9ab74eb54cfd186867f64f240e1a/BAAI__bge-base-en-v1.5/a5beb1e3e68b9ab74eb54cfd186867f64f240e1a
BAAI_bge_base_en_v1.5,semantic_fixed,256,48,0.597137,0.349820,0.268580,0.343271,0.637640,0.228990,0.086550,0.650180,0.731420,0.656729,0.362360,0.622036,0.505232,0.000000,0.101434,0.004961,1.000000,BAAI_bge_base_en_v1.5_semantic_fixed_c256_o48/results/BAAI__bge-base-en-v1.5_a5beb1e3e68b9ab74eb54cfd186867f64f240e1a/BAAI__bge-base-en-v1.5/a5beb1e3e68b9ab74eb54cfd186867f64f240e1a
BAAI_bge_base_en_v1.5,hierarchical_section,192,32,0.597303,0.345630,0.271950,0.335215,0.624190,0.227940,0.077940,0.654370,0.728050,0.664785,0.375810,0.658068,0.405270,0.000000,0.135763,0.033634,1.000000,BAAI_bge_base_en_v1.5_hierarchical_section_c192_o32/results/BAAI__bge-base-en-v1.5_a5beb1e3e68b9ab74eb54cfd186867f64f240e1a/BAAI__bge-base-en-v1.5/a5beb1e3e68b9ab74eb54cfd186867f64f240e1a
BAAI_bge_base_en_v1.5,hierarchical_section,128,16,0.597591,0.332030,0.266340,0.337513,0.566680,0.242650,0.073420,0.667970,0.733660,0.662487,0.433320,0.697424,0.116418,0.000000,0.190651,-0.027869,1.000000,BAAI_bge_base_en_v1.5_hierarchical_section_c128_o16/results/BAAI__bge-base-en-v1.5_a5beb1e3e68b9ab74eb54cfd186867f64f240e1a/BAAI__bge-base-en-v1.5/a5beb1e3e68b9ab74eb54cfd186867f64f240e1a
BAAI_bge_base_en_v1.5,fixed_token,192,16,0.597649,0.341300,0.268860,0.334155,0.610610,0.223740,0.078990,0.658700,0.731140,0.665845,0.389390,0.646956,0.342695,0.000000,0.140093,-0.017264,1.000000,BAAI_bge_base_en_v1.5_fixed_token_c192_o16/results/BAAI__bge-base-en-v1.5_a5beb1e3e68b9ab74eb54cfd186867f64f240e1a/BAAI__bge-base-en-v1.5/a5beb1e3e68b9ab74eb54cfd186867f64f240e1a
BAAI_bge_base_en_v1.5,hierarchical_section,192,48,0.597670,0.346650,0.274800,0.348436,0.609440,0.245800,0.080570,0.653350,0.725200,0.651564,0.390560,0.672213,0.415997,0.000000,0.133337,0.033073,1.000000,BAAI_bge_base_en_v1.5_hierarchical_section_c192_o48/results/BAAI__bge-base-en-v1.5_a5beb1e3e68b9ab74eb54cfd186867f64f240e1a/BAAI__bge-base-en-v1.5/a5beb1e3e68b9ab74eb54cfd186867f64f240e1a
BAAI_bge_base_en_v1.5,hierarchical_section,128,32,0.597927,0.331370,0.262270,0.335264,0.557440,0.232140,0.075740,0.668630,0.737730,0.664736,0.442560,0.673731,0.101625,0.000000,0.181907,-0.004464,1.000000,BAAI_bge_base_en_v1.5_hierarchical_section_c128_o32/results/BAAI__bge-base-en-v1.5_a5beb1e3e68b9ab74eb54cfd186867f64f240e1a/BAAI__bge-base-en-v1.5/a5beb1e3e68b9ab74eb54cfd186867f64f240e1a
BAAI_bge_base_en_v1.5,fixed_token,256,48,0.597938,0.346740,0.270640,0.346836,0.629460,0.239500,0.082770,0.653260,0.729360,0.653164,0.370540,0.654405,0.460175,0.000000,0.116736,0.017542,1.000000,BAAI_bge_base_en_v1.5_fixed_token_c256_o48/results/BAAI__bge-base-en-v1.5_a5beb1e3e68b9ab74eb54cfd186867f64f240e1a/BAAI__bge-base-en-v1.5/a5beb1e3e68b9ab74eb54cfd186867f64f240e1a
BAAI_bge_base_en_v1.5,semantic_fixed,192,32,0.599526,0.344170,0.268860,0.344351,0.607700,0.238450,0.082250,0.655830,0.731140,0.655649,0.392300,0.655064,0.412538,0.000000,0.131917,0.028849,1.000000,BAAI_bge_base_en_v1.5_semantic_fixed_c192_o32/results/BAAI__bge-base-en-v1.5_a5beb1e3e68b9ab74eb54cfd186867f64f240e1a/BAAI__bge-base-en-v1.5/a5beb1e3e68b9ab74eb54cfd186867f64f240e1a
BAAI_bge_base_en_v1.5,recursive_token,128,0,0.599568,0.340220,0.277360,0.339756,0.558960,0.250000,0.071740,0.659780,0.722640,0.660244,0.441040,0.713040,0.247168,0.000000,0.162682,-0.024231,1.000000,BAAI_bge_base_en_v1.5_recursive_token_c128_o0/results/BAAI__bge-base-en-v1.5_a5beb1e3e68b9ab74eb54cfd186867f64f240e1a/BAAI__bge-base-en-v1.5/a5beb1e3e68b9ab74eb54cfd186867f64f240e1a
BAAI_bge_base_en_v1.5,recursive_token,128,16,0.599582,0.341590,0.275610,0.341846,0.566680,0.250000,0.073110,0.658410,0.724390,0.658154,0.433320,0.707560,0.277873,0.000000,0.158015,-0.027179,1.000000,BAAI_bge_base_en_v1.5_recursive_token_c128_o16/results/BAAI__bge-base-en-v1.5_a5beb1e3e68b9ab74eb54cfd186867f64f240e1a/BAAI__bge-base-en-v1.5/a5beb1e3e68b9ab74eb54cfd186867f64f240e1a
BAAI_bge_base_en_v1.5,fixed_token,192,32,0.599844,0.340280,0.264610,0.345466,0.603960,0.240550,0.081090,0.659720,0.735390,0.654534,0.396040,0.662898,0.353803,0.000000,0.145291,0.032103,1.000000,BAAI_bge_base_en_v1.5_fixed_token_c192_o32/results/BAAI__bge-base-en-v1.5_a5beb1e3e68b9ab74eb54cfd186867f64f240e1a/BAAI__bge-base-en-v1.5/a5beb1e3e68b9ab74eb54cfd186867f64f240e1a
BAAI_bge_base_en_v1.5,fixed_token,128,0,0.599995,0.340210,0.278300,0.345527,0.567860,0.255250,0.070800,0.659790,0.721700,0.654473,0.432140,0.722625,0.279135,0.000000,0.147452,0.006558,1.000000,BAAI_bge_base_en_v1.5_fixed_token_c128_o0/results/BAAI__bge-base-en-v1.5_a5beb1e3e68b9ab74eb54cfd186867f64f240e1a/BAAI__bge-base-en-v1.5/a5beb1e3e68b9ab74eb54cfd186867f64f240e1a
BAAI_bge_base_en_v1.5,recursive_token,256,64,0.600086,0.345340,0.273670,0.341225,0.638310,0.230040,0.078990,0.654660,0.726330,0.658775,0.361690,0.656625,0.506898,0.000000,0.099717,-0.002193,1.000000,BAAI_bge_base_en_v1.5_recursive_token_c256_o64/results/BAAI__bge-base-en-v1.5_a5beb1e3e68b9ab74eb54cfd186867f64f240e1a/BAAI__bge-base-en-v1.5/a5beb1e3e68b9ab74eb54cfd186867f64f240e1a
BAAI_bge_base_en_v1.5,recursive_token,128,32,0.601632,0.340110,0.279070,0.350554,0.554870,0.259450,0.070060,0.659890,0.720930,0.649446,0.445130,0.729967,0.290795,0.000000,0.157279,-0.030876,1.000000,BAAI_bge_base_en_v1.5_recursive_token_c128_o32/results/BAAI__bge-base-en-v1.5_a5beb1e3e68b9ab74eb54cfd186867f64f240e1a/BAAI__bge-base-en-v1.5/a5beb1e3e68b9ab74eb54cfd186867f64f240e1a
BAAI_bge_large_en_v1.5,fixed_token,192,48,0.602547,0.333730,0.261410,0.334207,0.597430,0.226890,0.079310,0.666270,0.738590,0.665793,0.402570,0.650447,0.312968,0.000000,0.155331,-0.035849,1.000000,BAAI_bge_large_en_v1.5_fixed_token_c192_o48/results/BAAI__bge-large-en-v1.5_d4aa6901d3a41ba39fb536a557fa166f842b0e09/BAAI__bge-large-en-v1.5/d4aa6901d3a41ba39fb536a557fa166f842b0e09
BAAI_bge_base_en_v1.5,semantic_recursive,192,48,0.603280,0.343540,0.273640,0.346917,0.587390,0.241600,0.077310,0.656460,0.726360,0.653083,0.412610,0.680008,0.440630,0.000000,0.123364,-0.022980,1.000000,BAAI_bge_base_en_v1.5_semantic_recursive_c192_o48/results/BAAI__bge-base-en-v1.5_a5beb1e3e68b9ab74eb54cfd186867f64f240e1a/BAAI__bge-base-en-v1.5/a5beb1e3e68b9ab74eb54cfd186867f64f240e1a
BAAI_bge_base_en_v1.5,recursive_token,192,48,0.603353,0.337770,0.265860,0.340311,0.587610,0.238450,0.078570,0.662230,0.734140,0.659689,0.412390,0.670497,0.355778,0.000000,0.132245,0.006801,1.000000,BAAI_bge_base_en_v1.5_recursive_token_c192_o48/results/BAAI__bge-base-en-v1.5_a5beb1e3e68b9ab74eb54cfd186867f64f240e1a/BAAI__bge-base-en-v1.5/a5beb1e3e68b9ab74eb54cfd186867f64f240e1a
BAAI_bge_base_en_v1.5,semantic_recursive,128,32,0.605947,0.341990,0.277870,0.352676,0.554940,0.263660,0.074160,0.658010,0.722130,0.647324,0.445060,0.718729,0.404830,0.000000,0.137725,-0.037382,1.000000,BAAI_bge_base_en_v1.5_semantic_recursive_c128_o32/results/BAAI__bge-base-en-v1.5_a5beb1e3e68b9ab74eb54cfd186867f64f240e1a/BAAI__bge-base-en-v1.5/a5beb1e3e68b9ab74eb54cfd186867f64f240e1a
BAAI_bge_base_en_v1.5,semantic_fixed,192,48,0.606603,0.332370,0.259540,0.334908,0.585450,0.224790,0.079730,0.667630,0.740460,0.665092,0.414550,0.645313,0.356963,0.000000,0.141000,0.024785,1.000000,BAAI_bge_base_en_v1.5_semantic_fixed_c192_o48/results/BAAI__bge-base-en-v1.5_a5beb1e3e68b9ab74eb54cfd186867f64f240e1a/BAAI__bge-base-en-v1.5/a5beb1e3e68b9ab74eb54cfd186867f64f240e1a
BAAI_bge_large_en_v1.5,fixed_token,128,16,0.608928,0.341580,0.272530,0.349012,0.574860,0.251050,0.077520,0.658420,0.727470,0.650988,0.425140,0.691217,0.499423,0.000000,0.121998,-0.043765,1.000000,BAAI_bge_large_en_v1.5_fixed_token_c128_o16/results/BAAI__bge-large-en-v1.5_d4aa6901d3a41ba39fb536a557fa166f842b0e09/BAAI__bge-large-en-v1.5/d4aa6901d3a41ba39fb536a557fa166f842b0e09
BAAI_bge_large_en_v1.5,fixed_token,128,32,0.609108,0.323490,0.257150,0.328528,0.558560,0.231090,0.075210,0.676510,0.742850,0.671472,0.441440,0.674542,0.221810,0.000000,0.177250,-0.043224,1.000000,BAAI_bge_large_en_v1.5_fixed_token_c128_o32/results/BAAI__bge-large-en-v1.5_d4aa6901d3a41ba39fb536a557fa166f842b0e09/BAAI__bge-large-en-v1.5/d4aa6901d3a41ba39fb536a557fa166f842b0e09
BAAI_bge_base_en_v1.5,semantic_recursive,128,16,0.612830,0.340820,0.274570,0.339149,0.574420,0.245800,0.075110,0.659180,0.725430,0.660851,0.425580,0.694426,0.554965,0.000000,0.115518,-0.053022,1.000000,BAAI_bge_base_en_v1.5_semantic_recursive_c128_o16/results/BAAI__bge-base-en-v1.5_a5beb1e3e68b9ab74eb54cfd186867f64f240e1a/BAAI__bge-base-en-v1.5/a5beb1e3e68b9ab74eb54cfd186867f64f240e1a
BAAI_bge_base_en_v1.5,fixed_token,192,48,0.613948,0.329090,0.258700,0.334233,0.581570,0.231090,0.076680,0.670910,0.741300,0.665767,0.418430,0.668181,0.438988,0.000000,0.113940,0.003475,1.000000,BAAI_bge_base_en_v1.5_fixed_token_c192_o48/results/BAAI__bge-base-en-v1.5_a5beb1e3e68b9ab74eb54cfd186867f64f240e1a/BAAI__bge-base-en-v1.5/a5beb1e3e68b9ab74eb54cfd186867f64f240e1a
BAAI_bge_base_en_v1.5,semantic_fixed,128,16,0.614459,0.329620,0.262570,0.342648,0.553890,0.246850,0.075630,0.670380,0.737430,0.657352,0.446110,0.693620,0.405495,0.000000,0.131423,-0.025044,1.000000,BAAI_bge_base_en_v1.5_semantic_fixed_c128_o16/results/BAAI__bge-base-en-v1.5_a5beb1e3e68b9ab74eb54cfd186867f64f240e1a/BAAI__bge-base-en-v1.5/a5beb1e3e68b9ab74eb54cfd186867f64f240e1a
BAAI_bge_base_en_v1.5,semantic_fixed,128,32,0.616313,0.327100,0.260200,0.337015,0.538180,0.236340,0.075000,0.672900,0.739800,0.662985,0.461820,0.682661,0.378680,0.000000,0.133061,0.017594,1.000000,BAAI_bge_base_en_v1.5_semantic_fixed_c128_o32/results/BAAI__bge-base-en-v1.5_a5beb1e3e68b9ab74eb54cfd186867f64f240e1a/BAAI__bge-base-en-v1.5/a5beb1e3e68b9ab74eb54cfd186867f64f240e1a
BAAI_bge_base_en_v1.5,semantic_recursive,128,0,0.620684,0.333150,0.267610,0.340055,0.561890,0.251050,0.073740,0.666850,0.732390,0.659945,0.438110,0.706274,0.580095,0.000000,0.115233,-0.062504,1.000000,BAAI_bge_base_en_v1.5_semantic_recursive_c128_o0/results/BAAI__bge-base-en-v1.5_a5beb1e3e68b9ab74eb54cfd186867f64f240e1a/BAAI__bge-base-en-v1.5/a5beb1e3e68b9ab74eb54cfd186867f64f240e1a
BAAI_bge_base_en_v1.5,fixed_token,128,16,0.622879,0.325220,0.256390,0.333931,0.556950,0.226890,0.075420,0.674780,0.743610,0.666069,0.443050,0.667592,0.524285,0.000000,0.111961,-0.033636,1.000000,BAAI_bge_base_en_v1.5_fixed_token_c128_o16/results/BAAI__bge-base-en-v1.5_a5beb1e3e68b9ab74eb54cfd186867f64f240e1a/BAAI__bge-base-en-v1.5/a5beb1e3e68b9ab74eb54cfd186867f64f240e1a
BAAI_bge_base_en_v1.5,fixed_token,128,32,0.624133,0.314490,0.250390,0.319855,0.532790,0.218490,0.072790,0.685510,0.749610,0.680145,0.467210,0.666850,0.353068,0.000000,0.130653,0.002533,1.000000,BAAI_bge_base_en_v1.5_fixed_token_c128_o32/results/BAAI__bge-base-en-v1.5_a5beb1e3e68b9ab74eb54cfd186867f64f240e1a/BAAI__bge-base-en-v1.5/a5beb1e3e68b9ab74eb54cfd186867f64f240e1a
